3.270796e-15
6.806167e-16
1.246009e-17
1.997346e-12
3.975466e-12
4.000869e-13
1.307675e-13
1.045390e-12
5.622951e-12
2.083544e-11
3.935134e-10
2.113231e-10
1.576519e-11
1.464182e-11
2.783189e-11
2.533473e-10
4.394415e-11
6.250092e-12
1.398945e-11
1.447184e-12
1.851217e-11
2.635395e-12
8.109444e-13
2.723085e-13
2.613014e-13
3.034998e-12
1.005827e-10
3.079975e-11
2.425124e-12
8.008889e-12
5.535465e-13
4.229604e-13
4.929303e-13
2.302157e-13
4.787690e-12
4.789777e-12
4.048455e-11
1.683228e-11
2.025534e-11
1.204578e-12
8.408036e-13
5.888250e-13
6.795734e-12
4.803389e-12
4.048612e-11
1.683216e-11
2.025638e-11
1.204660e-12
8.408395e-13
5.888251e-13
6.795734e-12
4.803389e-12
4.048612e-11
1.683216e-11
2.025638e-11
1.204660e-12
8.408395e-13
5.888251e-13
6.795734e-12
4.803389e-12
4.048612e-11
1.683216e-11
2.025638e-11
1.204661e-12
8.413444e-13
5.908902e-13
7.365248e-12
4.913290e-12
4.065338e-11
2.974938e-11
3.709546e-12
2.086508e-12
1.403869e-11
4.176259e-11
3.656383e-10
1.827289e-09
5.618992e-09
1.203692e-09
4.784111e-10
5.195291e-11
2.898404e-11
9.367536e-12
1.848980e-12
1.767716e-11
2.438936e-11
2.356619e-11
9.891181e-11
2.133419e-10
3.167899e-10
2.901050e-10
4.947857e-11
9.947632e-12
8.369512e-12
1.982234e-12
2.519494e-12
5.067395e-12
8.542392e-12
1.338444e-11
1.550003e-11
1.413507e-10
6.983138e-11
2.260246e-11
1.362959e-11
2.140921e-12
8.228352e-12
2.959669e-11
4.997399e-11
2.274006e-10
7.644351e-11
1.847333e-10
3.741639e-11
2.467280e-11
1.572028e-10
1.563273e-10
2.396008e-11
5.225818e-11
4.523216e-11
1.189179e-10
1.088054e-09
1.380457e-10
1.667004e-10
4.319950e-10
5.061454e-10
4.979181e-09
1.928280e-09
3.990892e-09
1.436395e-09
2.553676e-09
2.551118e-09
2.358973e-08
3.948861e-09
5.173213e-10
9.140225e-11
2.722139e-10
2.828612e-09
7.321817e-11
2.779169e-11
7.621042e-11
1.022899e-10
2.800175e-09
1.229960e-08
1.874986e-08
5.910222e-10
1.419503e-10
2.771546e-11
8.792462e-11
8.586224e-09
2.366232e-09
8.304452e-10
2.530206e-09
2.282294e-10
1.094200e-10
5.070719e-11
3.374070e-10
9.014416e-10
4.198491e-09
1.321661e-09
1.515753e-09
1.318922e-10
2.102483e-10
2.414271e-09
4.002116e-09
2.068735e-09
2.233469e-09
1.043350e-09
1.358832e-09
3.132907e-09
1.017217e-08
1.919737e-08
4.570479e-08
2.538522e-08
9.150289e-09
3.108175e-10
2.395389e-10
5.777828e-11
1.918876e-10
2.967802e-10
8.537549e-09
4.595578e-08
6.612404e-09
2.040562e-09
2.592955e-09
3.190119e-10
3.767967e-10
4.688683e-10
1.177293e-09
3.208328e-09
5.832432e-10
6.169784e-09
1.212031e-08
5.341598e-09
5.373836e-10
1.005442e-09
7.682484e-09
1.191382e-08
1.195750e-08
2.242256e-08
5.979677e-09
2.095097e-08
1.641968e-09
2.867716e-09
8.413476e-11
1.281582e-09
2.637269e-09
6.370706e-09
8.147090e-09
4.408520e-10
6.952119e-11
6.806167e-16
6.332044e-15
1.997652e-12
6.871706e-12
4.815550e-12
5.824906e-13
1.444842e-13
2.795329e-12
2.474296e-11
4.098976e-10
4.199169e-10
2.463872e-10
1.955545e-11
8.634830e-11
2.595385e-10
1.202684e-10
6.578386e-11
1.992864e-11
2.322357e-11
1.939144e-11
7.176724e-12
7.318613e-12
3.139135e-13
1.268601e-12
3.436269e-12
1.027636e-10
8.376382e-11
1.811479e-11
1.095089e-11
8.480575e-12
8.149228e-13
6.346154e-13
1.720920e-12
5.789071e-12
9.503870e-12
4.339007e-11
4.588052e-11
4.738613e-11
2.933549e-12
6.497705e-12
9.397586e-13
8.860453e-12
9.827444e-12
4.339430e-11
4.587571e-11
4.738934e-11
2.935511e-12
6.498558e-12
9.397601e-13
8.860453e-12
9.827445e-12
4.339430e-11
4.587571e-11
4.738934e-11
2.935511e-12
6.498558e-12
9.397601e-13
8.860453e-12
9.827445e-12
4.339430e-11
4.587571e-11
4.738934e-11
2.935520e-12
6.498585e-12
9.397801e-13
8.875495e-12
9.888961e-12
4.407693e-11
5.895258e-11
5.225538e-11
1.121689e-12
8.819202e-12
4.869143e-11
3.981052e-10
1.963913e-09
7.344107e-09
3.472781e-09
1.051360e-09
8.742358e-10
5.598709e-11
1.476021e-11
2.333441e-11
7.837563e-12
3.154281e-11
7.918906e-11
1.049231e-10
3.628844e-10
6.999937e-10
4.383737e-10
1.660478e-10
7.635895e-11
3.145183e-11
6.069266e-12
5.200597e-12
5.487844e-12
5.647294e-12
1.157126e-11
2.594020e-11
1.759691e-10
1.446092e-10
7.802779e-11
3.636168e-11
2.015023e-11
1.514114e-12
2.925560e-11
9.731311e-11
2.678852e-10
1.500182e-10
3.556019e-10
1.492419e-10
4.441604e-11
1.679166e-10
3.894585e-10
1.329614e-10
3.057956e-11
5.790152e-11
2.108769e-10
1.162951e-09
1.474825e-09
2.712249e-10
8.575130e-10
5.888635e-10
5.191832e-09
4.163201e-09
8.064503e-09
1.927256e-09
3.451742e-09
5.093394e-09
2.711511e-08
1.798225e-08
1.581021e-09
1.539126e-10
8.726319e-10
3.068329e-09
8.749435e-10
6.841969e-11
9.505040e-11
1.933020e-10
2.869253e-09
1.331605e-08
4.413933e-08
1.215610e-08
4.105105e-10
5.661670e-11
1.201635e-10
8.717312e-09
3.245316e-09
2.130983e-09
5.100967e-09
1.030289e-09
4.001056e-10
8.028564e-11
4.794025e-10
1.124969e-09
6.084527e-09
2.497505e-09
2.424619e-09
4.828621e-10
3.149593e-10
2.973329e-09
6.565132e-09
3.093159e-09
3.607348e-09
1.982151e-09
2.076303e-09
4.139697e-09
1.324116e-08
2.466985e-08
6.636556e-08
3.507383e-08
2.472621e-08
4.760397e-09
3.277833e-10
3.056154e-10
2.897632e-10
2.569959e-10
1.154875e-08
5.162837e-08
1.303093e-08
3.458668e-09
7.108470e-09
8.929635e-10
6.652696e-10
5.257145e-10
2.545179e-09
4.275834e-09
7.157880e-10
8.784773e-09
1.687892e-08
1.258884e-08
1.008797e-09
1.851001e-09
1.004793e-08
1.745927e-08
1.446184e-08
2.993447e-08
1.893196e-08
2.724633e-08
3.231411e-09
6.215708e-09
2.525696e-10
1.680153e-09
3.212327e-09
1.054569e-08
1.130573e-08
7.159660e-09
1.412764e-10
6.760898e-11
1.246009e-17
1.997652e-12
6.878024e-12
5.092949e-12
1.064747e-12
1.238968e-13
2.411415e-12
2.292570e-11
4.066816e-10
4.219714e-10
3.578600e-10
5.086598e-11
9.328697e-11
2.628272e-10
1.213110e-10
1.167645e-10
2.929626e-11
2.442670e-11
2.556013e-11
7.258443e-12
1.231218e-11
5.325222e-13
1.128679e-12
3.435026e-12
1.032509e-10
8.437003e-11
3.094483e-11
1.762667e-11
8.750664e-12
2.584209e-12
6.252174e-13
2.014313e-12
5.303217e-12
9.604116e-12
4.566342e-11
4.695864e-11
7.062114e-11
3.687171e-12
1.049365e-11
1.523508e-12
8.684908e-12
1.009183e-11
4.572797e-11
4.694595e-11
7.071129e-11
3.693035e-12
1.051311e-11
1.523542e-12
8.684909e-12
1.009183e-11
4.572797e-11
4.694595e-11
7.071130e-11
3.693035e-12
1.051311e-11
1.523542e-12
8.684909e-12
1.009183e-11
4.572797e-11
4.694595e-11
7.071130e-11
3.693035e-12
1.051314e-11
1.523587e-12
8.685568e-12
1.009240e-11
4.616149e-11
5.987139e-11
7.559139e-11
3.623058e-12
8.969744e-12
4.165150e-11
3.908322e-10
1.970888e-09
7.416550e-09
3.629349e-09
1.368013e-09
1.061250e-09
1.145632e-10
1.707842e-11
2.869595e-11
8.495581e-12
3.145085e-11
6.077177e-11
1.055615e-10
3.860310e-10
7.230147e-10
4.653182e-10
1.875867e-10
1.522523e-10
4.907043e-11
8.783792e-12
8.036462e-12
5.808928e-12
5.952206e-12
5.625664e-12
1.426721e-11
1.713902e-10
1.586952e-10
1.225052e-10
5.911416e-11
3.055360e-11
6.554418e-12
2.953820e-11
8.293920e-11
2.780970e-10
1.715605e-10
4.454174e-10
1.936265e-10
7.512678e-11
1.753992e-10
4.007479e-10
1.657163e-10
4.152885e-11
5.506564e-11
2.011247e-10
1.155951e-09
1.526522e-09
5.239944e-10
9.298062e-10
6.249985e-10
5.243658e-09
4.204312e-09
9.014272e-09
1.988409e-09
3.591483e-09
5.180681e-09
2.735543e-08
1.823842e-08
3.182208e-09
2.511939e-10
1.004648e-09
3.112763e-09
8.963566e-10
2.821800e-10
9.836826e-11
1.657788e-10
2.882543e-09
1.334572e-08
4.480089e-08
1.410579e-08
2.309374e-09
1.014309e-10
1.447913e-10
8.717231e-09
3.257952e-09
2.344831e-09
5.403577e-09
1.086391e-09
8.254156e-10
7.778218e-11
4.980955e-10
1.149752e-09
6.290821e-09
2.579555e-09
3.093676e-09
4.752542e-10
3.842471e-10
3.106759e-09
6.619451e-09
3.377659e-09
3.962982e-09
2.167499e-09
1.469915e-09
3.797434e-09
1.365630e-08
2.460398e-08
6.802962e-08
3.681805e-08
2.749682e-08
7.654339e-09
6.996237e-10
2.690551e-10
3.576187e-10
3.128001e-10
1.153060e-08
5.171266e-08
1.293935e-08
4.569898e-09
8.379221e-09
9.234165e-10
7.760745e-10
5.845425e-10
2.590472e-09
4.315669e-09
8.303276e-10
9.335197e-09
1.700699e-08
1.296033e-08
1.250424e-09
2.226623e-09
1.050033e-08
1.763437e-08
1.503373e-08
3.097013e-08
2.030527e-08
3.339855e-08
3.371648e-09
7.791386e-09
2.673523e-10
1.807796e-09
3.228192e-09
1.069107e-08
1.158804e-08
7.955888e-09
6.445478e-10
1.107635e-10
1.983135e-11
1.997346e-12
6.871706e-12
5.092949e-12
1.143271e-12
1.390591e-13
2.436320e-12
2.290921e-11
4.060725e-10
4.203203e-10
3.648761e-10
1.110065e-10
1.423925e-10
2.659929e-10
1.220665e-10
1.204617e-10
8.364707e-11
2.778567e-11
2.626915e-11
7.634763e-12
1.334428e-11
1.526674e-12
1.733723e-12
3.719368e-12
1.029658e-10
8.429517e-11
3.198649e-11
5.689875e-11
1.005384e-11
2.698982e-12
7.338839e-13
2.126563e-12
5.295592e-12
9.837324e-12
4.547077e-11
4.948499e-11
7.654127e-11
9.522893e-12
1.275084e-11
2.802642e-12
9.125404e-12
1.037248e-11
4.578151e-11
4.937048e-11
7.674010e-11
9.667978e-12
1.279182e-11
2.803087e-12
9.125413e-12
1.037249e-11
4.578151e-11
4.937049e-11
7.674011e-11
9.667978e-12
1.279182e-11
2.803087e-12
9.125413e-12
1.037249e-11
4.578151e-11
4.937049e-11
7.674011e-11
9.667978e-12
1.279182e-11
2.803100e-12
9.125600e-12
1.037362e-11
4.580052e-11
6.224335e-11
8.144047e-11
9.425827e-12
1.627029e-11
4.217762e-11
3.906891e-10
1.964546e-09
7.427084e-09
3.665718e-09
1.416995e-09
1.263094e-09
1.550918e-10
3.357841e-11
3.338462e-11
9.143054e-12
3.179196e-11
6.079277e-11
1.055014e-10
3.662413e-10
7.236219e-10
4.922047e-10
1.893741e-10
1.688150e-10
7.107471e-11
1.713354e-11
1.213590e-11
6.367096e-12
6.543464e-12
6.145738e-12
1.390135e-11
1.664373e-10
1.464741e-10
1.247589e-10
1.100717e-10
7.159348e-11
1.808904e-11
3.613079e-11
8.662358e-11
2.851829e-10
1.614685e-10
4.882214e-10
3.279736e-10
1.063294e-10
1.803625e-10
4.112813e-10
1.838771e-10
5.118764e-11
7.507729e-11
1.855236e-10
1.155855e-09
1.514483e-09
5.182776e-10
1.397394e-09
6.764905e-10
5.262343e-09
4.213373e-09
9.176176e-09
1.994218e-09
3.622995e-09
5.213335e-09
2.737088e-08
1.833093e-08
3.264439e-09
3.580398e-10
1.253192e-09
3.157030e-09
9.046685e-10
2.899332e-10
2.180836e-10
1.696237e-10
2.869298e-09
1.331617e-08
4.481699e-08
1.418424e-08
3.262197e-09
9.194024e-10
2.123495e-10
8.732016e-09
3.247367e-09
2.336544e-09
5.531351e-09
1.120581e-09
8.661823e-10
9.936548e-11
5.147259e-10
1.138105e-09
6.313275e-09
2.603709e-09
3.198982e-09
4.401938e-10
4.231696e-10
3.100921e-09
6.609141e-09
3.501019e-09
4.138175e-09
2.325986e-09
1.534373e-09
3.813853e-09
1.292001e-08
2.416290e-08
6.843968e-08
3.681020e-08
2.826474e-08
9.609326e-09
1.544422e-09
4.107118e-10
3.929192e-10
2.540733e-10
1.151773e-08
5.178466e-08
1.288111e-08
4.559359e-09
8.669597e-09
1.013622e-09
1.257286e-09
5.397771e-10
2.638456e-09
4.411670e-09
7.402601e-10
9.262922e-09
1.714512e-08
1.315619e-08
1.225297e-09
2.675436e-09
1.092319e-08
1.769061e-08
1.510279e-08
3.125062e-08
2.053645e-08
3.574673e-08
3.681332e-09
8.049523e-09
2.824467e-10
1.838137e-09
3.232306e-09
1.070021e-08
1.160978e-08
8.131335e-09
9.056124e-10
4.285056e-10
4.751735e-11
3.090279e-12
3.975466e-12
4.815550e-12
1.064747e-12
1.390591e-13
1.842988e-12
3.329499e-12
2.990907e-11
2.185945e-10
3.709204e-10
1.913743e-10
6.944291e-10
4.563483e-11
8.529115e-11
1.496527e-10
9.882861e-11
1.967258e-10
1.903868e-11
6.178980e-12
3.985886e-11
3.038819e-12
2.440637e-11
3.891502e-12
7.484295e-12
5.510650e-11
3.035122e-11
7.209884e-11
6.054244e-11
6.388676e-12
9.205794e-13
9.869520e-12
1.662717e-12
5.722343e-12
7.960455e-12
3.581937e-11
1.396792e-10
3.773061e-11
1.054830e-10
1.217225e-11
3.009168e-11
6.856747e-12
7.320033e-12
3.560387e-11
1.459901e-10
4.090395e-11
1.092035e-10
1.217745e-11
3.009214e-11
6.857103e-12
7.320056e-12
3.560391e-11
1.459904e-10
4.090395e-11
1.092035e-10
1.217745e-11
3.009214e-11
6.857103e-12
7.320056e-12
3.560391e-11
1.459904e-10
4.090395e-11
1.092035e-10
1.217745e-11
3.009689e-11
6.858111e-12
7.327927e-12
3.621135e-11
1.567773e-10
4.141847e-11
1.101597e-10
2.383472e-11
4.589935e-11
2.178892e-10
5.166035e-09
3.009931e-09
1.339500e-09
1.414593e-09
3.424282e-10
2.598175e-10
2.987066e-10
9.314052e-12
2.489405e-11
4.526482e-11
1.073003e-11
2.194924e-10
5.940484e-10
2.353639e-10
1.651604e-10
2.953645e-10
8.374195e-11
3.799685e-11
5.267101e-11
1.776412e-11
1.598187e-11
2.400866e-11
1.389955e-11
7.420902e-11
9.572827e-11
1.212058e-10
1.564874e-10
3.819085e-10
9.734487e-11
5.926119e-11
1.616821e-10
9.441291e-11
1.083313e-10
5.995870e-10
7.219105e-10
4.173346e-10
1.110580e-10
5.643818e-10
2.289472e-10
8.164331e-11
2.539658e-10
1.520030e-10
9.499048e-11
1.544292e-09
4.403331e-10
1.219800e-09
1.255977e-09
9.790147e-10
3.464511e-09
6.582843e-09
1.920056e-09
3.632551e-09
3.446890e-09
9.076210e-09
1.709915e-08
3.437404e-09
5.994920e-10
5.093966e-09
8.754902e-10
8.737760e-10
3.518346e-10
2.118398e-10
4.000268e-10
1.932197e-10
2.998116e-09
3.352773e-08
1.387486e-08
3.544114e-09
6.124839e-09
8.584725e-09
4.806312e-10
1.544804e-09
1.777768e-09
4.557865e-09
1.161123e-09
1.011253e-09
8.506374e-11
5.688082e-10
4.767929e-10
2.831365e-09
1.773904e-09
2.839121e-09
6.545464e-10
1.387975e-09
1.726481e-09
4.610892e-09
1.710922e-09
3.144853e-09
2.516287e-09
1.723562e-09
2.275047e-09
7.509166e-09
1.149933e-08
4.968730e-08
2.489831e-08
2.705464e-08
1.440068e-08
3.668767e-09
4.374242e-09
5.278850e-10
2.661211e-11
8.344798e-09
1.333349e-08
8.577338e-09
4.142591e-09
8.267134e-09
1.299093e-09
8.884849e-10
3.899313e-10
2.033590e-09
2.073221e-09
4.406634e-10
7.665541e-09
7.874964e-09
1.032079e-08
1.205071e-09
3.715803e-09
8.857277e-09
9.185632e-09
8.180935e-09
2.073607e-08
2.076048e-08
2.882337e-08
1.058195e-08
1.240677e-08
2.909720e-10
1.813551e-09
1.821194e-09
6.840556e-09
4.368763e-09
8.108142e-09
2.273220e-09
4.723563e-09
9.328098e-10
4.005105e-11
4.690827e-11
4.000869e-13
5.824906e-13
1.238968e-13
2.436320e-12
3.329499e-12
1.943354e-12
1.093149e-11
1.429639e-10
3.377614e-10
8.147402e-10
2.629197e-10
9.531529e-11
1.009958e-10
1.155761e-10
2.290762e-10
2.533611e-10
1.075082e-11
6.868059e-11
3.609938e-11
3.709035e-11
6.186995e-11
1.290207e-11
5.332037e-12
1.728094e-11
9.529473e-11
6.426838e-11
7.980352e-11
5.887443e-12
1.688016e-11
3.804023e-12
3.319336e-12
3.604333e-11
3.875999e-11
1.219000e-10
3.549694e-10
1.707751e-10
1.937590e-10
5.386002e-11
1.288735e-11
3.923370e-11
2.321163e-11
1.315202e-10
4.271038e-10
1.806761e-10
1.939549e-10
5.386142e-11
1.289565e-11
3.923422e-11
2.321234e-11
1.315207e-10
4.271038e-10
1.806761e-10
1.939549e-10
5.386142e-11
1.289565e-11
3.923422e-11
2.321234e-11
1.315207e-10
4.271038e-10
1.806761e-10
1.939549e-10
5.386142e-11
1.289572e-11
3.925960e-11
2.325372e-11
1.319589e-10
4.300515e-10
1.845932e-10
2.010817e-10
1.134784e-10
3.208445e-11
2.914520e-10
8.020137e-10
8.592224e-10
7.781606e-10
3.208388e-10
1.071784e-09
7.652797e-10
2.441805e-10
1.655823e-11
7.385672e-12
1.005877e-11
6.525679e-12
4.349195e-11
9.106968e-11
5.574015e-11
4.516804e-10
6.222931e-11
8.384756e-11
3.456370e-10
2.080525e-10
7.161801e-11
1.685679e-10
4.905966e-11
3.915587e-11
7.391529e-11
5.227168e-10
2.375863e-10
5.908448e-10
8.809058e-10
5.476924e-10
4.062206e-10
3.984396e-10
9.986199e-11
5.125561e-10
1.593301e-09
9.655032e-10
8.354064e-10
5.513291e-10
5.958373e-10
1.778377e-10
3.484227e-10
1.534441e-10
1.237581e-10
5.024372e-11
1.409277e-09
1.090552e-09
1.739693e-09
6.844168e-09
9.223269e-10
2.248459e-09
6.970960e-10
2.076804e-09
4.468903e-10
4.222290e-10
9.973736e-10
2.467397e-09
7.220381e-10
6.300101e-09
6.771489e-10
1.673812e-10
3.760664e-10
2.390266e-10
3.339458e-10
1.009298e-09
6.881721e-11
2.452135e-09
2.690969e-09
3.716772e-09
6.778867e-09
2.858865e-08
3.312280e-09
1.512751e-10
4.730860e-10
5.581214e-10
2.711798e-10
9.703081e-10
8.149418e-11
4.571935e-10
2.182043e-10
4.227679e-10
2.953832e-10
1.843332e-09
6.558431e-10
2.294142e-09
1.287875e-09
4.352179e-10
8.335617e-10
9.931407e-10
1.094842e-09
1.784152e-09
1.049062e-09
2.116534e-09
8.911836e-10
6.687881e-09
6.422989e-09
1.073167e-08
1.337272e-08
3.848796e-09
6.034314e-09
6.127517e-10
6.953706e-11
2.778882e-10
7.529978e-10
9.612800e-10
2.192379e-09
3.239224e-09
7.269851e-10
8.782276e-10
5.012796e-11
9.265779e-10
3.958992e-10
2.524127e-10
2.260147e-09
1.110645e-09
9.535306e-10
7.100780e-10
2.610041e-09
7.233330e-09
1.879284e-09
2.096367e-09
7.144214e-09
8.242098e-09
2.427819e-08
1.170461e-08
1.169121e-08
1.906670e-10
9.207023e-10
3.111247e-10
6.368369e-10
6.150332e-10
1.415398e-09
2.550892e-09
1.015547e-08
2.907504e-09
7.284873e-10
1.004383e-10
1.083706e-10
1.307675e-13
1.444842e-13
2.411415e-12
2.290921e-11
2.990907e-11
1.093149e-11
2.579476e-09
4.730284e-10
1.233232e-09
4.293636e-10
5.542351e-10
2.899626e-10
2.035682e-10
1.267587e-09
4.589707e-10
1.700419e-10
8.564877e-10
3.379652e-10
4.260730e-10
1.478236e-10
1.942593e-10
7.463546e-11
2.668215e-11
3.267882e-10
1.125003e-10
9.470376e-11
8.712858e-11
4.002088e-10
2.484094e-11
4.777333e-11
5.205563e-11
1.372208e-10
5.702881e-10
5.230276e-10
5.402488e-10
5.657015e-10
5.983891e-10
5.210526e-11
4.566965e-11
3.409022e-10
4.095548e-10
7.908676e-10
8.959414e-10
5.700480e-10
5.985511e-10
5.220520e-11
4.569783e-11
3.409406e-10
4.095631e-10
7.908676e-10
8.959417e-10
5.700480e-10
5.985513e-10
5.220520e-11
4.569783e-11
3.409406e-10
4.095631e-10
7.908676e-10
8.959417e-10
5.700480e-10
5.985513e-10
5.220524e-11
4.569894e-11
3.409483e-10
4.106575e-10
7.925609e-10
9.106793e-10
5.814439e-10
6.658046e-10
4.081793e-10
3.296663e-10
8.588977e-10
8.151248e-10
8.346964e-10
2.964032e-09
2.070165e-09
8.106855e-09
5.908091e-09
8.341764e-10
1.326211e-11
9.332361e-11
5.768367e-11
2.166795e-11
6.892198e-11
1.635706e-10
6.753720e-10
1.235926e-10
3.316495e-10
1.950560e-09
1.883975e-09
7.684887e-10
2.752953e-09
4.841715e-10
2.199564e-10
2.084850e-10
3.573167e-10
8.624006e-10
2.881383e-09
2.022065e-09
3.415099e-09
1.968656e-09
1.480668e-09
1.459346e-09
8.738312e-10
1.840305e-09
2.562565e-09
2.696252e-09
2.076086e-09
2.896111e-09
1.421222e-09
6.364902e-10
3.037260e-10
1.379581e-09
4.176159e-10
9.103870e-10
2.450909e-09
7.710248e-09
9.336239e-09
3.962665e-09
2.780967e-09
6.788637e-09
1.715930e-09
6.143085e-10
2.381886e-10
5.903718e-10
7.494761e-10
9.539978e-10
2.265002e-08
3.946384e-09
8.179705e-10
5.449580e-10
7.336629e-10
1.509808e-09
1.823343e-09
9.081531e-10
1.271172e-09
7.311367e-10
2.505322e-09
8.356869e-09
4.187210e-08
4.755131e-08
6.851717e-09
4.001610e-10
8.865581e-10
6.083943e-10
7.396818e-10
1.643849e-10
1.092934e-09
1.152480e-09
3.941193e-10
5.212517e-10
2.266862e-09
1.551737e-09
7.582861e-09
1.521857e-08
2.409650e-09
6.253308e-10
2.318010e-08
1.417795e-09
3.827710e-09
1.882704e-09
1.785765e-08
2.761289e-10
3.145000e-09
1.724176e-08
1.093448e-08
2.894583e-08
6.891771e-09
1.778158e-08
1.943821e-09
1.782447e-09
1.026945e-09
6.389520e-10
3.638089e-09
8.093551e-10
2.740361e-09
1.366260e-09
1.928472e-09
2.073334e-10
9.439006e-10
2.047407e-09
6.598741e-10
3.264327e-09
3.466640e-09
1.333981e-09
7.975542e-10
3.233766e-09
3.372460e-08
3.652917e-09
3.171259e-09
2.738592e-08
1.390189e-08
6.038505e-08
3.794434e-08
1.205799e-08
7.004869e-10
7.188948e-09
2.954927e-09
1.784927e-10
7.262760e-10
1.039597e-09
2.913226e-09
1.782416e-08
2.454258e-08
5.695669e-09
1.250834e-09
9.167465e-10
3.504668e-09
1.045390e-12
2.795329e-12
2.292570e-11
4.060725e-10
2.185945e-10
1.429639e-10
4.730284e-10
2.424047e-08
9.198623e-10
8.863211e-10
6.618068e-10
4.422834e-10
4.212308e-09
2.733666e-09
2.089408e-10
1.206748e-08
1.500333e-09
1.989442e-09
4.807112e-10
3.732354e-10
6.767401e-10
8.817211e-11
1.158473e-09
5.280792e-10
1.314819e-10
1.080716e-10
5.389456e-09
4.768031e-10
2.009905e-10
2.050459e-10
2.460371e-10
6.876034e-10
1.152271e-09
1.085768e-09
1.137704e-09
1.406720e-09
5.463089e-10
6.514341e-11
1.017495e-09
9.997963e-10
1.080703e-09
1.904832e-09
1.168412e-09
1.407881e-09
5.515365e-10
6.529031e-11
1.017774e-09
9.998550e-10
1.080703e-09
1.904833e-09
1.168412e-09
1.407882e-09
5.515365e-10
6.529031e-11
1.017774e-09
9.998550e-10
1.080703e-09
1.904833e-09
1.168412e-09
1.407882e-09
5.515365e-10
6.529037e-11
1.017776e-09
9.998705e-10
1.080847e-09
1.921587e-09
1.197618e-09
1.482264e-09
8.636076e-10
6.014930e-10
2.223347e-09
1.550124e-09
8.617276e-10
4.342535e-10
3.682674e-09
3.529384e-08
5.338548e-08
1.282668e-08
4.113832e-10
2.104985e-10
6.432099e-10
8.800678e-11
2.538057e-10
6.253389e-10
2.257117e-09
3.812254e-10
4.021407e-09
6.461908e-09
4.285197e-09
3.387363e-09
1.341761e-08
2.094442e-09
5.872687e-10
4.687638e-10
5.266133e-10
8.549714e-10
2.073887e-09
3.470457e-09
8.919760e-09
5.240150e-09
3.744766e-09
4.497110e-09
4.174555e-09
2.527968e-09
1.837064e-09
3.463373e-09
5.217830e-09
7.868214e-09
4.821961e-09
1.444267e-09
1.824678e-09
3.454728e-09
2.970745e-09
2.237104e-10
3.364716e-09
2.827440e-08
1.590682e-08
7.639917e-09
8.729637e-09
2.900907e-08
5.159533e-09
7.220650e-10
1.671063e-09
3.150581e-09
8.118707e-10
8.979770e-10
3.546277e-08
1.743150e-08
8.418411e-09
3.007400e-09
1.829347e-09
5.897262e-09
7.390704e-09
1.256264e-09
2.460826e-08
1.696500e-09
2.089943e-09
8.002386e-09
4.731660e-08
7.009089e-08
6.247535e-08
1.220825e-08
2.196851e-09
4.286669e-09
2.528073e-09
3.366797e-10
3.078617e-09
4.712575e-09
2.206887e-09
3.073909e-09
4.645115e-09
3.498444e-09
1.525950e-08
4.060247e-08
5.095755e-09
1.548740e-09
2.284511e-08
6.604318e-09
4.303277e-08
4.634806e-09
3.819659e-08
2.556732e-09
6.775372e-09
2.100636e-08
1.369997e-08
7.222660e-08
2.573713e-08
5.132079e-08
7.885379e-09
6.712864e-09
2.055340e-08
3.296989e-09
5.194770e-08
3.168547e-09
2.692076e-09
2.069858e-09
1.335674e-08
4.580202e-10
3.924583e-09
3.835664e-09
4.790579e-09
4.997671e-09
7.406414e-09
1.640847e-08
4.208277e-09
2.472035e-09
5.060866e-08
3.200625e-08
3.934753e-09
6.026354e-09
4.137525e-08
1.462089e-07
1.051763e-07
1.997645e-08
1.159665e-09
9.404785e-08
3.455846e-08
1.603122e-09
2.326428e-09
2.639088e-09
4.194559e-09
2.181736e-08
4.221348e-08
2.698856e-08
6.377127e-09
4.106534e-09
1.712168e-08
6.133864e-09
5.622951e-12
2.474296e-11
4.066816e-10
4.203203e-10
3.709204e-10
3.377614e-10
1.233232e-09
9.198623e-10
4.424863e-08
1.115294e-09
4.345317e-10
1.293983e-08
5.018877e-09
3.892309e-10
1.529919e-08
1.483759e-08
3.804922e-09
6.477937e-10
9.453763e-10
8.599104e-10
5.675216e-10
1.009660e-09
8.617336e-10
3.022870e-09
1.672654e-10
6.277765e-09
4.433064e-09
9.427611e-10
2.657613e-10
5.688024e-10
7.215736e-10
1.209882e-09
7.273336e-10
1.282767e-09
2.795077e-09
1.056806e-09
3.265564e-10
2.334341e-09
1.993169e-09
1.384318e-09
1.528345e-09
1.347974e-09
2.807508e-09
1.093891e-09
3.333462e-10
2.335648e-09
1.993548e-09
1.384318e-09
1.528348e-09
1.347974e-09
2.807516e-09
1.093891e-09
3.333462e-10
2.335648e-09
1.993548e-09
1.384318e-09
1.528348e-09
1.347974e-09
2.807516e-09
1.093891e-09
3.333462e-10
2.335648e-09
1.993556e-09
1.384360e-09
1.528798e-09
1.352429e-09
3.096398e-09
1.418020e-09
8.030799e-10
4.545843e-09
2.733553e-09
1.706630e-09
4.526802e-10
4.925219e-09
2.459446e-08
6.848612e-08
7.046481e-08
2.451568e-09
1.653149e-09
2.344823e-09
4.377804e-10
3.733927e-10
3.374702e-10
5.310574e-09
9.013342e-10
3.929428e-09
1.275305e-08
7.211783e-09
3.543167e-09
3.190963e-08
3.579530e-09
1.095592e-09
1.006103e-09
5.718415e-10
8.052240e-10
1.848049e-09
3.105569e-09
6.918346e-09
7.352724e-09
1.134314e-08
8.453712e-09
8.817341e-09
5.462138e-09
2.329654e-09
4.110902e-09
5.227599e-09
8.901801e-09
1.046592e-08
5.199906e-09
1.150422e-09
5.702043e-09
8.176273e-09
8.141607e-10
7.856001e-09
1.021147e-08
4.377790e-08
2.557243e-08
8.954311e-09
8.567960e-08
1.503496e-08
1.696309e-09
1.925385e-09
2.561965e-08
2.210805e-09
7.791433e-10
4.158033e-08
1.916969e-08
1.732747e-08
7.156917e-09
7.271219e-09
1.569032e-08
1.446519e-08
2.025377e-09
2.788842e-08
2.105836e-08
8.302025e-09
4.302738e-09
4.448402e-08
7.213832e-08
7.033036e-08
3.763230e-08
4.452912e-08
1.279106e-08
2.014028e-08
1.433615e-10
2.196686e-09
1.065371e-08
2.732374e-09
2.275919e-09
3.265666e-08
1.007424e-08
1.268811e-08
4.904588e-08
1.091272e-08
3.559666e-09
5.613323e-09
4.681583e-09
1.155005e-07
7.926520e-09
9.803123e-08
4.642293e-09
2.342615e-08
5.612294e-08
2.334043e-08
6.180125e-08
1.488165e-08
1.256627e-07
2.527254e-08
1.734966e-08
6.942183e-08
3.861708e-08
1.671487e-07
2.221937e-08
4.333803e-09
1.805313e-09
2.340210e-08
5.218964e-10
5.596225e-09
1.212486e-08
6.355594e-09
1.312349e-08
9.341438e-09
2.179361e-08
3.953252e-08
4.968282e-09
5.379267e-08
4.502904e-08
9.423664e-09
5.175384e-09
6.176464e-08
2.472060e-07
1.336861e-07
7.342411e-08
3.005664e-09
1.584394e-07
3.260882e-07
9.506400e-09
9.262799e-09
9.626021e-09
6.755803e-09
2.318097e-08
4.219440e-08
3.245652e-08
1.341228e-08
1.462864e-08
6.229289e-08
2.735235e-08
1.231814e-09
2.083544e-11
4.098976e-10
4.219714e-10
3.648761e-10
1.913743e-10
8.147402e-10
4.293636e-10
8.863211e-10
1.115294e-09
4.404422e-08
1.501870e-08
5.206594e-09
4.480470e-10
1.674423e-08
1.620488e-08
4.841949e-09
6.168046e-10
9.587471e-10
9.909149e-10
6.383891e-10
1.263701e-09
8.836747e-10
1.404911e-10
1.739580e-10
9.352243e-09
4.641718e-09
1.286471e-09
2.733753e-10
5.486401e-10
7.212125e-10
9.244348e-10
6.267929e-10
1.117113e-09
2.271178e-09
1.198935e-09
8.669839e-10
2.951535e-09
2.380682e-09
1.160723e-09
1.428100e-09
1.183007e-09
2.288344e-09
1.278116e-09
8.783395e-10
2.955762e-09
2.381348e-09
1.160723e-09
1.428107e-09
1.183007e-09
2.288353e-09
1.278116e-09
8.783395e-10
2.955762e-09
2.381348e-09
1.160723e-09
1.428107e-09
1.183007e-09
2.288353e-09
1.278116e-09
8.783395e-10
2.955762e-09
2.381348e-09
1.160733e-09
1.428192e-09
1.183373e-09
2.294209e-09
1.577758e-09
1.481658e-09
5.032575e-09
3.086150e-09
6.307262e-10
4.921346e-10
5.724734e-09
2.734175e-08
6.982949e-08
5.022102e-08
5.000146e-09
2.396019e-08
3.918719e-09
8.428552e-10
3.998412e-10
3.479859e-10
2.715014e-09
1.982529e-10
6.612195e-09
1.225571e-08
7.348977e-09
5.436225e-09
3.410030e-08
3.426255e-09
1.219434e-09
1.782477e-09
6.766521e-10
8.275224e-10
7.753175e-10
1.214653e-09
5.890437e-09
6.133927e-09
8.225895e-09
1.085663e-08
1.477057e-08
5.746295e-09
1.511295e-09
3.458962e-09
5.514118e-09
9.321601e-09
9.058571e-09
4.056822e-09
3.625711e-09
8.408848e-09
7.479025e-09
9.787598e-10
1.002045e-08
1.083489e-08
1.154192e-08
6.547030e-09
3.473392e-08
1.036161e-07
1.974565e-08
4.721850e-09
4.599400e-09
3.040735e-08
2.316157e-09
8.317791e-10
4.024299e-08
1.889340e-08
1.712589e-08
7.365983e-09
9.281282e-09
3.625298e-08
1.338951e-08
2.273221e-09
3.130874e-08
2.210708e-08
1.931919e-08
7.277533e-10
2.947758e-08
7.321901e-08
6.846356e-08
3.886160e-08
5.137411e-08
2.920487e-08
2.416795e-08
4.078941e-10
2.933993e-09
1.004924e-08
2.253816e-09
3.131875e-09
2.438393e-08
5.750514e-09
3.935315e-08
6.030865e-08
8.183003e-09
6.411004e-09
1.336405e-08
1.195230e-08
8.447997e-09
4.406541e-09
1.675722e-07
8.793636e-09
7.639403e-08
5.943196e-08
2.387190e-08
6.649633e-08
1.976133e-08
7.191744e-08
1.960609e-08
8.220250e-08
1.711644e-07
1.468793e-07
2.035473e-07
3.863430e-08
8.399705e-09
1.765807e-09
2.127123e-08
7.478760e-10
7.954653e-09
1.505383e-08
1.700889e-08
1.083992e-08
1.213612e-08
2.676784e-08
4.410860e-08
1.828679e-09
5.218683e-08
4.803206e-08
8.471998e-09
6.599806e-09
6.201362e-08
2.844583e-07
1.183598e-07
2.561330e-08
1.744540e-08
2.374801e-07
3.602080e-07
2.142672e-08
1.078125e-08
1.993736e-08
1.096282e-08
1.903712e-08
4.156335e-08
3.236845e-08
1.249285e-08
1.768535e-08
6.971325e-08
4.343079e-08
2.710572e-09
5.743231e-10
3.935134e-10
4.199169e-10
3.578600e-10
1.110065e-10
6.944291e-10
2.629197e-10
5.542351e-10
6.618068e-10
4.345317e-10
1.501870e-08
4.986992e-08
6.982678e-10
1.643058e-08
2.029200e-08
6.432995e-09
7.780875e-10
1.032131e-09
1.132852e-09
9.244296e-10
1.302893e-09
1.204012e-09
2.348078e-10
7.145069e-11
6.004781e-09
4.720209e-09
4.473958e-09
3.705188e-10
6.426743e-10
4.551126e-10
8.629117e-10
3.452382e-10
8.248351e-10
2.027986e-09
1.258513e-09
4.086930e-10
3.034315e-09
4.390514e-09
8.217520e-10
1.297259e-09
8.917080e-10
1.916275e-09
1.485065e-09
4.743754e-10
3.045719e-09
4.397239e-09
8.217514e-10
1.297309e-09
8.917080e-10
1.916299e-09
1.485066e-09
4.743754e-10
3.045719e-09
4.397239e-09
8.217514e-10
1.297309e-09
8.917080e-10
1.916299e-09
1.485066e-09
4.743754e-10
3.045719e-09
4.397240e-09
8.217527e-10
1.297347e-09
8.917834e-10
1.917893e-09
1.555701e-09
7.425816e-10
4.948860e-09
5.242979e-09
6.430251e-10
4.759519e-10
3.825762e-09
2.846748e-08
6.945617e-08
5.091052e-08
9.358338e-09
2.965805e-09
9.676042e-09
2.647534e-08
3.785192e-10
4.291571e-10
2.934245e-09
5.449583e-11
3.440780e-09
1.151305e-08
8.946544e-09
4.979256e-09
3.617923e-08
7.261835e-09
2.161747e-09
2.336633e-09
1.407541e-09
1.927389e-09
8.494835e-10
9.460921e-10
2.721877e-09
3.936241e-09
7.362858e-09
1.058839e-08
1.500092e-08
8.636694e-09
6.420212e-09
5.235228e-09
4.432441e-09
7.630726e-09
1.016336e-08
6.022262e-09
3.110848e-09
6.951965e-09
1.700687e-08
2.882406e-09
8.182395e-09
1.146541e-08
1.379328e-08
2.136997e-09
1.427617e-08
8.452701e-08
4.890910e-08
2.662966e-08
6.296885e-09
6.522575e-08
4.742485e-09
1.238035e-09
3.378045e-08
1.671412e-08
2.073977e-08
7.761124e-09
1.558442e-08
8.738990e-08
1.513034e-08
4.137727e-09
3.062901e-08
2.420057e-08
4.772578e-08
1.385922e-09
8.960336e-09
4.206373e-08
7.190549e-08
4.632798e-08
5.316169e-08
5.878735e-08
9.798914e-08
1.707284e-09
2.673170e-09
1.068916e-08
3.211720e-09
2.347904e-09
2.397588e-08
9.812241e-09
1.335608e-08
3.905652e-08
4.238574e-08
2.083900e-08
1.538052e-08
3.808371e-08
1.195181e-08
4.248272e-09
5.453418e-08
8.836694e-09
1.465288e-07
7.556529e-08
7.735111e-08
7.394554e-08
2.132257e-08
7.005353e-08
4.384621e-08
3.981763e-08
2.773563e-07
3.418376e-07
2.634519e-07
1.181764e-07
6.929781e-08
1.850755e-09
2.127278e-08
1.779113e-09
5.708016e-09
1.997844e-08
3.099854e-08
1.277086e-08
8.416083e-09
3.285944e-08
7.952133e-08
6.097054e-09
3.689590e-08
4.844452e-08
1.438152e-08
9.224976e-09
6.403393e-08
3.657602e-07
1.120546e-07
2.469080e-08
1.693547e-08
2.421178e-07
4.195344e-07
7.255009e-08
1.562203e-08
5.820411e-08
2.969592e-08
1.311985e-08
3.265716e-08
3.626732e-08
1.305452e-08
2.474957e-08
7.617445e-08
6.680642e-08
1.457116e-08
1.738712e-09
8.833503e-09
2.113231e-10
2.463872e-10
5.086598e-11
1.423925e-10
4.563483e-11
9.531529e-11
2.899626e-10
4.422834e-10
1.293983e-08
5.206594e-09
6.982678e-10
3.316865e-08
2.090071e-08
4.714709e-09
4.514875e-10
1.829460e-09
9.145540e-10
9.314021e-10
1.811060e-09
8.661907e-10
2.958236e-10
7.359474e-11
1.657831e-09
4.359196e-09
1.246840e-09
2.250170e-10
3.473635e-09
3.524115e-10
1.284342e-10
2.594816e-10
2.752955e-10
1.257062e-09
1.007105e-09
3.951541e-10
2.739319e-09
3.454708e-09
6.484558e-10
4.863767e-10
3.848030e-10
1.311366e-09
1.056421e-09
6.491393e-10
2.781266e-09
3.465179e-09
6.484512e-10
4.864570e-10
3.848027e-10
1.311448e-09
1.056421e-09
6.491393e-10
2.781266e-09
3.465179e-09
6.484512e-10
4.864570e-10
3.848027e-10
1.311448e-09
1.056421e-09
6.491393e-10
2.781266e-09
3.465179e-09
6.484514e-10
4.864579e-10
3.848174e-10
1.311666e-09
1.068280e-09
6.935100e-10
4.493404e-09
3.926011e-09
5.046076e-10
1.406535e-09
2.493249e-09
1.607848e-08
2.934180e-08
4.144540e-08
9.999026e-09
5.688247e-09
1.581978e-08
8.360972e-09
4.986511e-10
3.670868e-09
1.638160e-09
4.164981e-11
3.484882e-10
5.313885e-09
2.979015e-09
2.311420e-09
2.985902e-08
5.468466e-09
2.489521e-09
5.081721e-09
2.677548e-09
2.420326e-09
8.208846e-10
7.765621e-10
8.396261e-10
1.399993e-09
3.483022e-09
5.932644e-09
1.340668e-08
9.090315e-09
5.908350e-09
7.099165e-09
8.680581e-09
3.704004e-09
5.335151e-09
6.015267e-09
4.465151e-09
6.870475e-09
1.784338e-08
2.397793e-09
8.761108e-09
8.068536e-09
6.080826e-09
5.514932e-10
1.489807e-09
7.101383e-08
2.713478e-08
9.369840e-09
3.792361e-08
8.604457e-08
8.016563e-09
1.553219e-09
2.309550e-08
4.318629e-09
1.049893e-08
5.573321e-09
2.383172e-08
1.066981e-07
1.036509e-08
4.375242e-09
1.127435e-08
2.542150e-08
6.158289e-08
1.173038e-09
9.477035e-09
5.809530e-09
1.037671e-08
2.961299e-08
5.869706e-08
7.057944e-08
1.219420e-07
8.994870e-09
2.802343e-09
1.061482e-08
1.844238e-09
1.035784e-09
2.299232e-08
1.256645e-08
7.198394e-09
1.608753e-08
4.405679e-09
3.066632e-09
5.117616e-08
5.799477e-08
1.095180e-08
4.016092e-09
2.430132e-08
1.439725e-08
2.844750e-08
6.361896e-08
1.374989e-07
6.774978e-08
2.940633e-08
3.295474e-08
3.425035e-08
3.909096e-08
2.980521e-07
3.120794e-07
2.284931e-07
1.570478e-07
1.114067e-07
4.088035e-09
1.345397e-08
1.900885e-09
1.890779e-09
1.911442e-08
3.846656e-08
8.952086e-09
7.652402e-09
2.385280e-08
9.248715e-08
4.103923e-09
2.072195e-08
3.767599e-08
6.427080e-09
2.318269e-09
5.759464e-08
4.422352e-07
3.776874e-08
1.588951e-08
2.329193e-08
2.410928e-07
4.016101e-07
4.952533e-08
2.076966e-08
1.178784e-07
4.014980e-08
4.412032e-09
5.070900e-09
1.975735e-08
7.923888e-09
2.735369e-08
7.347162e-08
7.393984e-08
1.558826e-08
4.921757e-09
1.506483e-08
4.868418e-09
1.576519e-11
1.955545e-11
9.328697e-11
2.659929e-10
8.529115e-11
1.009958e-10
2.035682e-10
4.212308e-09
5.018877e-09
4.480470e-10
1.643058e-08
2.090071e-08
6.281339e-09
4.406055e-10
7.539051e-10
1.036524e-08
7.913800e-10
5.456196e-09
6.776359e-10
4.132232e-10
9.396925e-10
1.319666e-10
1.156867e-09
7.700733e-10
1.299121e-10
5.052327e-10
4.119718e-09
4.377733e-10
5.791317e-10
1.588604e-10
5.173555e-10
8.728824e-10
2.540552e-10
1.354556e-09
3.154347e-09
5.752470e-10
2.293968e-09
2.667871e-10
1.106121e-09
7.160302e-10
8.370990e-10
1.433250e-09
3.187515e-09
5.754573e-10
2.295668e-09
2.667859e-10
1.106576e-09
7.160308e-10
8.370991e-10
1.433250e-09
3.187515e-09
5.754573e-10
2.295668e-09
2.667859e-10
1.106576e-09
7.160308e-10
8.370991e-10
1.433250e-09
3.187515e-09
5.754574e-10
2.295668e-09
2.667864e-10
1.106622e-09
7.187509e-10
8.447969e-10
1.707860e-09
3.582419e-09
5.940667e-10
3.009744e-09
2.450573e-09
8.479330e-09
6.612709e-09
1.213622e-08
9.104912e-09
1.202858e-08
1.955505e-08
2.548850e-08
1.953362e-09
1.989455e-09
9.968472e-10
3.536964e-10
1.672444e-10
6.151635e-10
3.963495e-10
1.713436e-09
8.986741e-09
2.201167e-08
2.596516e-09
4.546842e-09
8.863536e-09
8.272875e-09
1.300952e-09
8.928465e-10
5.073653e-10
6.926112e-10
1.442420e-09
3.723368e-09
7.264963e-09
7.152991e-09
1.174934e-08
1.669525e-08
1.564449e-08
3.142788e-09
2.141434e-09
3.899543e-09
4.217304e-09
5.557003e-09
3.032827e-08
7.368989e-09
4.107252e-09
5.486508e-09
5.762801e-09
1.330996e-09
1.260616e-09
5.417531e-09
2.156990e-08
1.432730e-08
1.977127e-08
1.908389e-07
3.010984e-08
2.920689e-09
7.721462e-09
7.304215e-09
4.229438e-09
3.151788e-09
2.135016e-08
1.172828e-07
1.358587e-08
3.196730e-08
2.798746e-08
1.062457e-08
1.220141e-07
3.368659e-09
3.330942e-09
3.632624e-08
1.479659e-09
8.593281e-09
1.979198e-08
6.280703e-08
1.318290e-07
5.954030e-08
5.723753e-08
1.344868e-08
7.366562e-09
7.550725e-10
3.111998e-09
2.655079e-08
8.692391e-09
1.363988e-08
1.381036e-08
2.516166e-09
1.154467e-08
4.165089e-08
4.435072e-08
2.176235e-08
3.864189e-08
1.281716e-08
2.298960e-08
3.500583e-08
3.932987e-08
5.293181e-08
8.805202e-08
1.954684e-08
5.005989e-08
3.745170e-08
2.754494e-07
3.477764e-07
1.975325e-07
1.560151e-07
2.424273e-07
4.090036e-08
1.240532e-08
1.147778e-08
6.622272e-10
1.008177e-08
5.776866e-08
7.918231e-09
5.166265e-09
5.430979e-08
8.613071e-08
1.546236e-08
5.039487e-09
2.577443e-08
2.047861e-08
4.030909e-09
1.527788e-08
4.749217e-07
4.538679e-08
1.903025e-08
4.434322e-08
3.063224e-07
2.339226e-07
6.233076e-08
2.604587e-08
1.365050e-07
2.310328e-07
5.568440e-09
6.754277e-09
2.607815e-08
4.545991e-09
4.796123e-08
3.587212e-08
6.912769e-08
2.304442e-08
2.849479e-08
4.711418e-08
2.795665e-08
6.667077e-10
1.464182e-11
8.634830e-11
2.628272e-10
1.220665e-10
1.496527e-10
1.155761e-10
1.267587e-09
2.733666e-09
3.892309e-10
1.674423e-08
2.029200e-08
4.714709e-09
4.406055e-10
1.703458e-09
1.055253e-08
1.023686e-09
7.171039e-09
6.114215e-10
7.040556e-10
1.008029e-09
1.463640e-10
5.443017e-10
2.580895e-10
1.170940e-10
6.019071e-10
4.130645e-09
2.489828e-10
1.904955e-09
1.221192e-10
4.866578e-10
7.447717e-10
1.820337e-10
6.441881e-10
2.310973e-09
4.930083e-10
2.522439e-09
4.263843e-10
1.579702e-09
6.042681e-10
9.176419e-10
7.035835e-10
2.389864e-09
4.933161e-10
2.534074e-09
4.263766e-10
1.581753e-09
6.042723e-10
9.176429e-10
7.035835e-10
2.389864e-09
4.933161e-10
2.534074e-09
4.263766e-10
1.581753e-09
6.042723e-10
9.176429e-10
7.035835e-10
2.389864e-09
4.933161e-10
2.534074e-09
4.263769e-10
1.581760e-09
6.055544e-10
9.198727e-10
7.526130e-10
2.454437e-09
5.543363e-10
3.269924e-09
2.288432e-09
7.131427e-09
1.691789e-09
2.963650e-09
7.692754e-09
1.271449e-08
1.941273e-08
2.807166e-08
4.170033e-09
6.244959e-09
2.573515e-09
2.435072e-10
3.094977e-10
7.061761e-10
1.046363e-10
1.338873e-09
7.281508e-09
2.075663e-08
8.754184e-10
5.787483e-09
1.008374e-08
1.238254e-08
1.896295e-09
1.376384e-09
5.333517e-10
5.737165e-10
8.367531e-10
1.596582e-09
4.541583e-09
5.646108e-09
1.144004e-08
1.806438e-08
1.797548e-08
2.988986e-09
1.568569e-09
2.764557e-09
3.110951e-09
4.767376e-09
2.970187e-08
7.728693e-09
5.873219e-09
6.164966e-09
4.546010e-09
1.218971e-09
2.903824e-09
5.068506e-09
4.789128e-09
6.586809e-09
1.986875e-08
1.927480e-07
4.484720e-08
4.617081e-09
1.020334e-08
7.343565e-09
4.512128e-09
3.468290e-09
2.193131e-08
1.111552e-07
8.361697e-09
3.857843e-08
4.150804e-08
2.043644e-08
2.166026e-07
2.304770e-09
5.921780e-09
3.856607e-08
3.230079e-09
8.452376e-09
1.030840e-08
5.108876e-08
1.212993e-07
5.697167e-08
9.388618e-08
9.799905e-08
6.867409e-09
2.048524e-09
5.283283e-09
2.462667e-08
9.588131e-09
1.489860e-08
1.573537e-08
3.951346e-09
1.063194e-08
3.654924e-08
9.060273e-09
7.117260e-09
7.167642e-08
3.458147e-08
1.426908e-08
2.421256e-08
2.764418e-08
5.127715e-08
4.266210e-08
3.464003e-08
4.674626e-08
4.003172e-08
2.676278e-07
3.107923e-07
1.703969e-07
1.704752e-07
3.232385e-07
6.493543e-08
5.536687e-08
2.177201e-08
1.178742e-09
7.886098e-09
5.367250e-08
6.044421e-09
5.999226e-09
5.996145e-08
1.308755e-07
1.516015e-08
5.750675e-09
2.326557e-08
1.266236e-08
6.645431e-09
1.704711e-08
4.429912e-07
3.298013e-08
2.654346e-08
5.152929e-08
3.468250e-07
1.665863e-07
5.189848e-08
2.643354e-08
1.772250e-07
2.946502e-07
1.158507e-08
1.902262e-08
4.179926e-08
6.768791e-09
5.985806e-08
2.784497e-08
5.026713e-08
2.157300e-08
3.662091e-08
6.293371e-08
7.458532e-08
2.085844e-09
7.675190e-10
2.783189e-11
2.595385e-10
1.213110e-10
1.204617e-10
9.882861e-11
2.290762e-10
4.589707e-10
2.089408e-10
1.529919e-08
1.620488e-08
6.432995e-09
4.514875e-10
7.539051e-10
1.055253e-08
1.201557e-09
1.170474e-08
3.369708e-10
6.445177e-10
1.237942e-09
9.388909e-11
6.181388e-10
6.327157e-11
6.826866e-11
3.035203e-10
4.051459e-09
3.669757e-10
4.931914e-09
1.091730e-10
2.284392e-10
7.691221e-10
1.238629e-10
2.821099e-10
7.168686e-10
3.771585e-10
2.715059e-09
4.144289e-10
3.205185e-09
2.442352e-10
1.119622e-09
3.568643e-10
7.872116e-10
3.784108e-10
2.783796e-09
4.143308e-10
3.230565e-09
2.442439e-10
1.119627e-09
3.568643e-10
7.872117e-10
3.784108e-10
2.783797e-09
4.143308e-10
3.230565e-09
2.442439e-10
1.119627e-09
3.568643e-10
7.872117e-10
3.784108e-10
2.783797e-09
4.143309e-10
3.230570e-09
2.443085e-10
1.120845e-09
3.640945e-10
7.953402e-10
3.859953e-10
3.474678e-09
1.895816e-09
7.438932e-09
4.029773e-10
6.128799e-10
2.004763e-09
1.226356e-08
1.689438e-08
2.652120e-08
5.206220e-09
9.522754e-09
2.969828e-09
7.710968e-10
3.924542e-10
5.429445e-10
8.186339e-11
6.594013e-10
2.846831e-09
2.006821e-08
7.162833e-10
3.649752e-09
8.570082e-09
1.490365e-08
2.263586e-09
1.139872e-09
6.527602e-10
5.938938e-10
6.413280e-10
9.520282e-10
1.986915e-09
2.202601e-09
8.839538e-09
1.831732e-08
2.037048e-08
3.299131e-09
1.393224e-09
2.387057e-09
1.939025e-09
2.202695e-09
2.829716e-08
7.945607e-09
7.176513e-09
4.230447e-09
5.150647e-09
1.385627e-09
2.481747e-09
4.191531e-09
3.354557e-09
2.385614e-09
1.108938e-08
1.782524e-07
4.554720e-08
1.309464e-08
7.106048e-09
9.998802e-09
5.549980e-09
3.304824e-09
2.265766e-08
8.337878e-08
4.480140e-09
3.921053e-08
4.111717e-08
2.150214e-08
3.337366e-07
2.257815e-09
2.342471e-09
3.708099e-08
5.910049e-09
2.121488e-08
2.444923e-09
2.119064e-08
8.094227e-08
5.551063e-08
9.549903e-08
1.193804e-07
3.965312e-08
4.083489e-09
1.148147e-09
2.236511e-08
1.191969e-08
1.462896e-08
1.588834e-08
4.109280e-09
7.282444e-09
1.709363e-08
6.786721e-09
6.397718e-09
5.216014e-08
3.240767e-08
2.343509e-08
1.856245e-08
1.886177e-08
3.473147e-08
3.281983e-08
5.513545e-08
3.817635e-08
3.998102e-08
1.983736e-07
2.179943e-07
1.518699e-07
1.385305e-07
3.248622e-07
7.553990e-08
8.322387e-08
2.960114e-08
3.784863e-09
3.151299e-09
5.030005e-08
3.462179e-09
3.846023e-09
5.865381e-08
1.258092e-07
2.122405e-08
6.384692e-09
1.655588e-08
1.202820e-08
8.350573e-09
8.535673e-09
4.043948e-07
2.701441e-08
2.823123e-08
4.620374e-08
3.432988e-07
1.260978e-07
3.331826e-08
2.371154e-08
1.686380e-07
3.242937e-07
1.891330e-08
3.432471e-08
4.979788e-08
9.626233e-09
6.996736e-08
1.835907e-08
3.708010e-08
1.300789e-08
3.759527e-08
6.642386e-08
9.060075e-08
6.279355e-09
1.483299e-09
2.373924e-10
2.533473e-10
1.202684e-10
1.167645e-10
8.364707e-11
1.967258e-10
2.533611e-10
1.700419e-10
1.206748e-08
1.483759e-08
4.841949e-09
7.780875e-10
1.829460e-09
1.036524e-08
1.023686e-09
1.170474e-08
8.103622e-10
9.073830e-10
1.347261e-09
9.044898e-11
5.516083e-10
7.767238e-11
1.683081e-10
2.087698e-10
3.950130e-09
2.249178e-10
5.042235e-09
3.220981e-10
4.054561e-10
6.146963e-10
1.040280e-10
1.887948e-10
5.384966e-10
3.834767e-10
2.597837e-09
4.937583e-10
3.440285e-09
2.993364e-10
1.098449e-09
2.633269e-10
6.390204e-10
3.493935e-10
2.695967e-09
4.933827e-10
3.495856e-09
2.994966e-10
1.098458e-09
2.633272e-10
6.390208e-10
3.493937e-10
2.695967e-09
4.933827e-10
3.495856e-09
2.994966e-10
1.098458e-09
2.633272e-10
6.390208e-10
3.493937e-10
2.695967e-09
4.933828e-10
3.495858e-09
2.995271e-10
1.098801e-09
2.673202e-10
6.427862e-10
3.527231e-10
3.004398e-09
1.909224e-09
6.512672e-09
3.518404e-10
8.633610e-10
1.444675e-09
1.011964e-08
1.183116e-08
2.418795e-08
5.100013e-09
1.066958e-08
3.912343e-09
1.704468e-09
2.653376e-09
4.755869e-10
7.474677e-11
6.880699e-10
1.260704e-09
1.893660e-08
5.258741e-10
2.279183e-09
8.636866e-09
1.463541e-08
1.494196e-09
2.239420e-09
2.162711e-09
7.019026e-10
6.764642e-10
8.027121e-10
1.277211e-09
1.582663e-09
7.058406e-09
1.474537e-08
1.902536e-08
5.643042e-09
3.340934e-09
2.449503e-09
2.490979e-09
1.914632e-09
2.093565e-08
7.564111e-09
7.481986e-09
6.321579e-09
5.280532e-09
1.335577e-09
2.907157e-09
3.550175e-09
2.949500e-09
2.607480e-09
4.760542e-09
1.671624e-07
3.779743e-08
6.628457e-09
2.067536e-08
1.518872e-08
4.153053e-09
2.139849e-09
2.173405e-08
5.851526e-08
2.321442e-09
3.832576e-08
4.047498e-08
2.283042e-08
3.554421e-07
2.888928e-09
1.542226e-09
3.649353e-08
3.144965e-09
2.134432e-08
5.564228e-09
1.006430e-08
3.012929e-08
5.045631e-08
9.424725e-08
1.208280e-07
8.028672e-08
4.703195e-08
1.427845e-09
1.971530e-08
4.562645e-09
1.156912e-08
1.942742e-08
4.105504e-09
4.107036e-09
1.037492e-08
3.331598e-09
4.533493e-09
5.173533e-08
3.485081e-08
1.806222e-08
3.867702e-09
7.110850e-09
3.558371e-08
2.444105e-08
5.033208e-08
2.690168e-08
5.705292e-08
1.496255e-07
1.287904e-07
8.699257e-08
9.900120e-08
3.285751e-07
6.632953e-08
8.794123e-08
3.542181e-08
1.441742e-08
1.027635e-08
3.591405e-08
2.601615e-09
2.717752e-09
5.614592e-08
1.020548e-07
2.119748e-08
6.203911e-09
5.570744e-09
1.314676e-08
8.530840e-09
6.981318e-09
3.019834e-07
2.092413e-08
2.675459e-08
4.739571e-08
3.200070e-07
8.600738e-08
2.453769e-08
2.105543e-08
1.528189e-07
3.276081e-07
1.556651e-08
3.663309e-08
5.582892e-08
1.795533e-08
6.851975e-08
1.077690e-08
2.237990e-08
1.005725e-08
3.526210e-08
6.477697e-08
9.844077e-08
7.899223e-09
6.346290e-09
7.223368e-10
1.021142e-10
4.394415e-11
6.578386e-11
2.929626e-11
2.778567e-11
1.903868e-11
1.075082e-11
8.564877e-10
1.500333e-09
3.804922e-09
6.168046e-10
1.032131e-09
9.145540e-10
7.913800e-10
7.171039e-09
3.369708e-10
9.073830e-10
4.902038e-10
5.151839e-11
2.841706e-10
3.041945e-11
1.916326e-10
2.117002e-11
1.722853e-10
1.370735e-10
4.528053e-09
1.186040e-10
4.379776e-10
2.122294e-10
8.037360e-12
3.531449e-11
3.424211e-11
1.107888e-10
5.535738e-10
3.198141e-10
3.001143e-09
1.578797e-10
7.409469e-10
3.079759e-11
1.358288e-10
6.507954e-11
6.475831e-10
3.262632e-10
3.092734e-09
1.582204e-10
7.409782e-10
3.079780e-11
1.358295e-10
6.507985e-11
6.475831e-10
3.262632e-10
3.092734e-09
1.582204e-10
7.409782e-10
3.079780e-11
1.358295e-10
6.507985e-11
6.475831e-10
3.262632e-10
3.092735e-09
1.582214e-10
7.409997e-10
3.082586e-11
1.361379e-10
6.515135e-11
6.542387e-10
3.557277e-10
4.855035e-09
1.833905e-10
6.256666e-10
1.600914e-10
1.382031e-09
1.045427e-09
6.279460e-09
3.430654e-09
8.996420e-09
3.021933e-09
2.519939e-09
2.853415e-09
3.493571e-10
2.660062e-11
2.157150e-10
2.257708e-10
5.296007e-10
1.767726e-10
7.784661e-10
2.558491e-09
8.622922e-09
6.692402e-10
6.169568e-10
1.847541e-09
3.691673e-10
3.363512e-10
2.285762e-10
2.050632e-10
1.497831e-10
5.108065e-10
1.937793e-09
4.593586e-09
3.147109e-09
2.517207e-09
1.792427e-09
1.160826e-09
8.774320e-10
2.230185e-09
1.440329e-09
6.042255e-09
4.643454e-09
3.209444e-09
6.731300e-10
1.750243e-09
1.437135e-09
1.591032e-09
8.612045e-10
6.530472e-10
2.468721e-09
1.530649e-08
5.749967e-09
1.107904e-08
1.005815e-08
2.618783e-09
1.447053e-09
3.751495e-09
2.324582e-08
5.204650e-10
7.979371e-09
1.479157e-08
1.761932e-08
3.017191e-07
1.714215e-09
5.499132e-10
4.947603e-09
2.666188e-09
1.727599e-08
8.419461e-10
4.199805e-09
8.893853e-10
4.966835e-09
3.921328e-08
1.097885e-07
7.817680e-08
4.912859e-08
2.373899e-09
4.300547e-10
2.050361e-09
2.519892e-09
3.903137e-09
3.507376e-09
2.418346e-09
1.303046e-09
5.300583e-10
1.220380e-09
1.799340e-08
2.683613e-08
1.300435e-08
2.431733e-09
6.233434e-10
1.769742e-09
8.871885e-09
3.281540e-08
8.287971e-09
3.412567e-08
3.073655e-08
1.744384e-08
7.630290e-09
2.511266e-08
1.223626e-07
3.843022e-08
8.648904e-08
2.023655e-08
1.588391e-08
9.185604e-09
5.287358e-09
4.645869e-10
1.314474e-09
9.827316e-09
6.383166e-08
1.200178e-08
2.647126e-09
2.335729e-09
1.766002e-09
7.117609e-09
2.393927e-09
4.746791e-08
8.522370e-09
1.225251e-08
6.529283e-09
1.052474e-07
4.164617e-08
5.653591e-09
4.109068e-09
5.677959e-08
1.646629e-07
1.095392e-08
3.329581e-08
2.840646e-08
2.162581e-08
3.194364e-08
9.821793e-10
1.443757e-09
1.416568e-09
1.077346e-08
2.180442e-08
7.969151e-08
7.901826e-09
6.448838e-09
6.397960e-10
1.549034e-10
1.436585e-10
6.250092e-12
1.992864e-11
2.442670e-11
2.626915e-11
6.178980e-12
6.868059e-11
3.379652e-10
1.989442e-09
6.477937e-10
9.587471e-10
1.132852e-09
9.314021e-10
5.456196e-09
6.114215e-10
6.445177e-10
1.347261e-09
5.151839e-11
3.619845e-10
4.687948e-11
2.314566e-10
4.939000e-11
7.311257e-11
4.867643e-11
3.394637e-09
1.202663e-10
3.532904e-10
5.740364e-10
2.999792e-11
2.440517e-11
2.254724e-11
7.980642e-11
3.038861e-10
2.787102e-10
2.266291e-09
2.948715e-10
9.136879e-10
1.763299e-10
9.390852e-11
4.976678e-11
4.165281e-10
1.871207e-10
2.468192e-09
3.060878e-10
9.140147e-10
1.763473e-10
9.391392e-11
4.977633e-11
4.165283e-10
1.871208e-10
2.468192e-09
3.060878e-10
9.140147e-10
1.763473e-10
9.391392e-11
4.977633e-11
4.165283e-10
1.871208e-10
2.468192e-09
3.060883e-10
9.140214e-10
1.763522e-10
9.392313e-11
4.979051e-11
4.177852e-10
1.917833e-10
2.749909e-09
3.339477e-10
8.896725e-10
2.315102e-10
8.760723e-10
3.834517e-10
1.910925e-09
1.736058e-09
6.894875e-09
1.918380e-09
3.794401e-09
5.898865e-09
8.200644e-10
4.109295e-10
9.687294e-11
6.847855e-11
1.108698e-10
4.065521e-11
8.009178e-11
1.579017e-09
4.090247e-09
1.629240e-09
3.510859e-10
2.605868e-09
4.575859e-10
6.109969e-10
3.936234e-10
2.588491e-10
1.233112e-10
1.699813e-10
6.120967e-10
2.480906e-09
2.145627e-09
1.956798e-09
2.663810e-09
2.469000e-09
1.557402e-09
1.710795e-09
8.129971e-10
3.751002e-09
4.034979e-09
2.974860e-09
1.422083e-09
1.563007e-09
9.179956e-10
1.567220e-09
7.050910e-10
5.818356e-10
6.810484e-10
1.736311e-09
5.596771e-09
9.391465e-09
9.018551e-09
7.058802e-09
1.725330e-09
3.119685e-09
5.565856e-09
7.820913e-10
1.586595e-09
3.922586e-09
5.406799e-09
2.430685e-07
2.020392e-09
1.652719e-09
3.182480e-09
6.763821e-10
1.520417e-08
8.464832e-10
1.314762e-09
3.530534e-09
3.429095e-10
5.776939e-09
4.266482e-08
7.606337e-08
5.111576e-08
1.876315e-08
2.358778e-09
9.026228e-10
1.147706e-09
1.159628e-09
8.410306e-10
2.118302e-09
7.575110e-10
1.040500e-09
1.004299e-09
4.474494e-09
1.292904e-08
1.046912e-08
3.192819e-09
4.649769e-09
1.736308e-09
1.643096e-09
2.666595e-08
2.703610e-09
2.724780e-08
1.299932e-08
2.966821e-08
1.130678e-09
1.365524e-08
4.775076e-08
1.685546e-08
7.917127e-08
1.576851e-08
3.832315e-08
1.319906e-08
1.157265e-08
1.532692e-09
2.228537e-09
1.636266e-09
9.441658e-09
9.769568e-09
1.917432e-09
2.372187e-09
1.526262e-09
4.871873e-09
3.807524e-09
6.370292e-09
6.682325e-09
6.312590e-09
1.788401e-09
1.804315e-08
3.102409e-08
6.457932e-09
3.036038e-09
1.916397e-08
8.195996e-08
6.112781e-09
3.106899e-08
1.825229e-08
2.755821e-08
2.889771e-08
8.030477e-10
8.948056e-10
4.145322e-10
3.424671e-09
9.254494e-09
3.650004e-08
7.601842e-09
9.136631e-09
1.730828e-09
1.656616e-09
1.365111e-09
1.089094e-10
1.398945e-11
2.322357e-11
2.556013e-11
7.634763e-12
3.985886e-11
3.609938e-11
4.260730e-10
4.807112e-10
9.453763e-10
9.909149e-10
9.244296e-10
1.811060e-09
6.776359e-10
7.040556e-10
1.237942e-09
9.044898e-11
2.841706e-10
4.687948e-11
3.161477e-10
4.796237e-11
1.202826e-10
1.926958e-11
6.242313e-10
1.079553e-10
3.392201e-10
5.248198e-10
5.724796e-11
7.262313e-11
1.178176e-11
7.821514e-11
7.687983e-11
2.167820e-10
7.387357e-10
2.672837e-10
8.556030e-10
1.994232e-10
1.355613e-10
5.200695e-11
1.982292e-10
1.313647e-10
9.298497e-10
2.916715e-10
8.591083e-10
1.996877e-10
1.358174e-10
5.205614e-11
1.982306e-10
1.313649e-10
9.298497e-10
2.916715e-10
8.591083e-10
1.996877e-10
1.358174e-10
5.205614e-11
1.982306e-10
1.313649e-10
9.298497e-10
2.916716e-10
8.591127e-10
1.996889e-10
1.358213e-10
5.205688e-11
1.986385e-10
1.321459e-10
9.782986e-10
2.953325e-10
9.275515e-10
2.352165e-10
6.527363e-10
2.094544e-10
6.214381e-10
5.358525e-10
5.170847e-09
1.418409e-09
3.731099e-09
6.271942e-09
1.600272e-09
1.133588e-09
1.605818e-10
3.498451e-11
9.656614e-11
3.904155e-11
1.087090e-11
1.012265e-09
3.068828e-09
1.323146e-09
3.001541e-10
3.101783e-09
3.738858e-10
8.636882e-10
3.925819e-10
2.299869e-10
1.265785e-10
1.068950e-10
1.405468e-10
5.521365e-10
1.497604e-09
1.420827e-09
2.188981e-09
2.195006e-09
1.816232e-09
1.185259e-09
6.444441e-10
1.676473e-09
2.539023e-09
2.447678e-09
1.238257e-09
1.338288e-09
1.147898e-09
1.690041e-09
6.210706e-10
4.695276e-10
6.152201e-10
1.087793e-09
4.225654e-10
8.057703e-09
7.830763e-09
5.820810e-09
3.144333e-09
2.496257e-09
3.878062e-09
7.958110e-10
9.773196e-10
1.706310e-09
2.591917e-09
1.336195e-07
1.678225e-09
1.944687e-09
3.603272e-09
6.673152e-10
6.315756e-09
7.828709e-10
1.145161e-09
3.462896e-09
5.250313e-10
8.178425e-10
1.438252e-08
5.372174e-08
4.962963e-08
1.964217e-08
3.822201e-09
6.659285e-09
2.514852e-10
6.730774e-10
5.234982e-10
9.586485e-10
6.094478e-10
1.241537e-09
8.979738e-10
2.649263e-09
6.581258e-09
5.697944e-09
2.860720e-09
4.709497e-09
2.207504e-09
2.014785e-09
8.618691e-09
1.732121e-09
2.034158e-08
6.691111e-09
2.900225e-08
1.083183e-09
1.395851e-08
2.061021e-08
8.195429e-09
6.248514e-08
1.198190e-08
4.441815e-08
1.554613e-08
1.711224e-08
8.130408e-09
3.911685e-09
4.212866e-10
2.952584e-09
4.014724e-09
1.366953e-09
3.185521e-09
1.149322e-09
6.021633e-09
2.446102e-09
4.060982e-09
6.427188e-09
2.254104e-09
1.561451e-09
5.850801e-09
1.784353e-08
4.495646e-09
3.660601e-09
1.021825e-08
3.769344e-08
3.219601e-09
2.218433e-08
1.061824e-08
3.261171e-08
1.845943e-08
2.739556e-09
1.906210e-09
4.490869e-10
1.064017e-09
4.451974e-09
2.063201e-08
3.665734e-09
8.979650e-09
2.057043e-09
2.313195e-09
3.898688e-09
3.549323e-10
3.000439e-10
1.447184e-12
1.939144e-11
7.258443e-12
1.334428e-11
3.038819e-12
3.709035e-11
1.478236e-10
3.732354e-10
8.599104e-10
6.383891e-10
1.302893e-09
8.661907e-10
4.132232e-10
1.008029e-09
9.388909e-11
5.516083e-10
3.041945e-11
2.314566e-10
4.796237e-11
1.128914e-10
2.686766e-11
3.661306e-11
3.223358e-11
1.642309e-10
4.145743e-10
6.152027e-11
2.470422e-10
9.017258e-12
2.217169e-11
2.654256e-11
1.374378e-10
2.096513e-10
1.850666e-10
4.986717e-10
2.044779e-10
1.241448e-10
1.247939e-10
6.007876e-11
5.752355e-11
4.071139e-10
2.095336e-10
5.016644e-10
2.055054e-10
1.249372e-10
1.257205e-10
6.008263e-11
5.752492e-11
4.071139e-10
2.095336e-10
5.016644e-10
2.055054e-10
1.249372e-10
1.257205e-10
6.008263e-11
5.752492e-11
4.071139e-10
2.095336e-10
5.016651e-10
2.055059e-10
1.249380e-10
1.257207e-10
6.009457e-11
5.768161e-11
4.180491e-10
2.101159e-10
5.119582e-10
2.256334e-10
4.779761e-10
2.264949e-10
3.252736e-10
1.759100e-10
1.397616e-09
5.549161e-10
2.978774e-09
4.720353e-09
1.642296e-09
1.541243e-09
1.287807e-10
1.030190e-10
7.958889e-11
2.267461e-11
4.411894e-12
1.444767e-10
1.879880e-10
1.064701e-09
1.547628e-10
2.155667e-09
1.983158e-10
1.084031e-09
4.625943e-10
1.734099e-10
1.450307e-10
8.782815e-11
6.678391e-11
1.531610e-10
2.961087e-10
5.553110e-10
1.439404e-09
1.965307e-09
1.699181e-09
8.813106e-10
6.070257e-10
8.243015e-10
8.197651e-10
9.976464e-10
1.022269e-09
1.168470e-09
1.284611e-09
1.266584e-09
3.197257e-10
4.403818e-10
4.659625e-10
3.953519e-10
1.893066e-10
4.556148e-10
3.152718e-09
5.517212e-09
3.693784e-09
3.736471e-09
2.102302e-09
8.995628e-10
3.316277e-10
1.227034e-09
3.655298e-10
1.859120e-08
6.404748e-10
1.924946e-09
3.245006e-09
5.918216e-10
1.766509e-09
3.061567e-10
8.829251e-10
3.213733e-09
4.754436e-10
1.132402e-09
6.051967e-10
5.080694e-09
1.408535e-08
1.852479e-08
3.880020e-09
8.095617e-09
1.397394e-09
5.195397e-10
2.387648e-10
4.391269e-10
1.969198e-10
1.227866e-09
7.880857e-10
1.011077e-09
1.825328e-09
1.532731e-09
1.734203e-09
4.477877e-09
2.302769e-09
1.974592e-09
2.718206e-09
5.181986e-10
1.099025e-08
1.472079e-09
2.459528e-08
1.108507e-09
1.151833e-08
1.851964e-09
3.647896e-09
2.606766e-08
6.422333e-09
4.196212e-08
1.135913e-08
1.654612e-08
1.054568e-08
5.228602e-09
2.493276e-10
1.236571e-09
4.502710e-10
4.839003e-10
2.971935e-09
7.920046e-10
3.165322e-09
2.185524e-09
1.261852e-09
4.353190e-09
3.849726e-10
1.990250e-09
2.134167e-09
2.655596e-09
2.065846e-09
3.490614e-09
7.004436e-09
4.863945e-09
2.020198e-09
1.191315e-08
4.470639e-09
2.855885e-08
1.045097e-08
3.572153e-09
4.090110e-09
3.467949e-10
4.607021e-10
6.749638e-10
4.955031e-09
1.608978e-09
4.643362e-09
1.843899e-09
2.654127e-09
4.657289e-09
1.121245e-09
5.869525e-10
1.409766e-11
1.851217e-11
7.176724e-12
1.231218e-11
1.526674e-12
2.440637e-11
6.186995e-11
1.942593e-10
6.767401e-10
5.675216e-10
1.263701e-09
1.204012e-09
2.958236e-10
9.396925e-10
1.463640e-10
6.181388e-10
7.767238e-11
1.916326e-10
4.939000e-11
1.202826e-10
2.686766e-11
4.727990e-11
2.352992e-11
6.332413e-11
3.892427e-10
6.309114e-11
2.763229e-10
2.777881e-11
2.718722e-11
1.636121e-11
1.262296e-10
6.842721e-11
1.584274e-10
3.731722e-10
1.954467e-10
1.186215e-10
1.931000e-10
1.258024e-10
5.033883e-11
2.781768e-10
1.825480e-10
3.728746e-10
2.003045e-10
1.220182e-10
1.993831e-10
1.259634e-10
5.034529e-11
2.781769e-10
1.825480e-10
3.728746e-10
2.003045e-10
1.220182e-10
1.993831e-10
1.259634e-10
5.034529e-11
2.781769e-10
1.825480e-10
3.728747e-10
2.003046e-10
1.220185e-10
1.993831e-10
1.259683e-10
5.035584e-11
2.832080e-10
1.826482e-10
3.745084e-10
2.035216e-10
4.401802e-10
2.839779e-10
3.274558e-10
1.450580e-10
6.441269e-10
2.570741e-10
2.439325e-09
4.388434e-09
1.723323e-09
1.673132e-09
2.195060e-10
6.304023e-10
5.005599e-10
2.569424e-11
6.721408e-12
1.257902e-10
3.335577e-11
9.734301e-10
1.369556e-10
1.643949e-09
1.756310e-10
1.026850e-09
4.502751e-10
4.039835e-10
1.844819e-10
8.933439e-11
8.046196e-11
9.436208e-11
1.064170e-10
2.894676e-10
1.088463e-09
1.518552e-09
1.544184e-09
1.183426e-09
7.851127e-10
3.794029e-10
5.779068e-10
6.315895e-10
8.244435e-10
1.013927e-09
1.307812e-09
1.395191e-09
4.992639e-10
5.361769e-10
4.338524e-10
2.890216e-10
3.101115e-10
4.319042e-10
4.692387e-10
4.546475e-09
1.504840e-09
3.765365e-09
4.436114e-09
1.404014e-09
4.352731e-10
8.630583e-10
2.765890e-10
8.295425e-09
5.513922e-10
1.791807e-09
2.812796e-09
7.866908e-10
2.849368e-09
7.596455e-10
6.135919e-10
3.110092e-09
6.228020e-10
1.005546e-09
7.134310e-10
6.525907e-10
6.531829e-09
1.785327e-08
3.596502e-09
7.408974e-09
4.247313e-09
1.032860e-08
1.543871e-10
3.819074e-10
1.516214e-10
1.084678e-09
8.042721e-10
8.948328e-10
1.036484e-09
1.383917e-09
1.431077e-09
4.380683e-09
1.874853e-09
1.721711e-09
2.882232e-09
1.182708e-09
3.368519e-09
1.011458e-09
1.996170e-08
1.102906e-09
1.098481e-08
1.252425e-09
3.684758e-09
1.628595e-08
5.292867e-09
3.681962e-08
9.908178e-09
1.768160e-08
1.408253e-08
9.215624e-09
1.313743e-09
1.740606e-09
2.774555e-10
3.964924e-10
2.505886e-09
6.976431e-10
2.994782e-09
2.083241e-09
1.801592e-09
2.228225e-09
3.292183e-10
1.727105e-09
1.038822e-09
2.273188e-09
1.834226e-09
3.107498e-09
4.315568e-09
2.996751e-09
1.878280e-09
1.020335e-08
2.442339e-09
2.213359e-08
8.836654e-09
8.600218e-09
5.068840e-09
1.043601e-09
8.311426e-10
1.010344e-09
1.926136e-09
1.015491e-09
3.866644e-09
1.532767e-09
2.464266e-09
6.496756e-09
3.526238e-09
1.543140e-09
5.728279e-11
3.533964e-11
2.635395e-12
7.318613e-12
5.325222e-13
1.733723e-12
3.891502e-12
1.290207e-11
7.463546e-11
8.817211e-11
1.009660e-09
8.836747e-10
2.348078e-10
7.359474e-11
1.319666e-10
5.443017e-10
6.327157e-11
1.683081e-10
2.117002e-11
7.311257e-11
1.926958e-11
3.661306e-11
2.352992e-11
1.032988e-11
1.729626e-11
3.638222e-11
2.580633e-10
2.263492e-11
3.104392e-11
8.487257e-12
9.807586e-12
1.297297e-11
1.376171e-11
5.587893e-11
5.554745e-11
7.529787e-11
2.087742e-10
8.795291e-11
5.203310e-11
2.295171e-11
3.829785e-11
6.021620e-11
5.352318e-11
8.392825e-11
2.440405e-10
8.830474e-11
5.211203e-11
2.295198e-11
3.829799e-11
6.021620e-11
5.352319e-11
8.392825e-11
2.440405e-10
8.830474e-11
5.211203e-11
2.295198e-11
3.829799e-11
6.021620e-11
5.352319e-11
8.392826e-11
2.440406e-10
8.830489e-11
5.211262e-11
2.298691e-11
3.830590e-11
6.025179e-11
5.363342e-11
9.060388e-11
3.099129e-10
1.668731e-10
9.484671e-11
7.759655e-11
4.563018e-11
3.329686e-10
1.244955e-09
1.104701e-09
1.325240e-09
2.236976e-10
1.240873e-09
8.198480e-10
7.863612e-11
2.499244e-12
3.456406e-11
8.878403e-12
2.829481e-11
4.649036e-11
6.068269e-10
5.558567e-11
5.894621e-10
1.908467e-10
2.179045e-10
1.356695e-10
7.644214e-11
8.123865e-11
5.005594e-11
3.441054e-11
3.907332e-11
9.178886e-11
2.665533e-10
4.681532e-10
7.767621e-10
7.811484e-10
3.401226e-10
1.648772e-10
3.250779e-10
1.698040e-10
2.410337e-10
1.134414e-09
1.092692e-09
4.175450e-10
2.209678e-10
4.325556e-10
1.758146e-10
2.163039e-10
2.590266e-10
8.221001e-11
8.143163e-11
7.434146e-10
2.411151e-09
1.940100e-09
1.678617e-09
3.509615e-10
1.417705e-09
1.075626e-10
2.898711e-09
1.913769e-10
4.091330e-10
9.758557e-10
7.610578e-10
3.840263e-09
1.002088e-09
2.972807e-10
4.050304e-10
5.676155e-10
8.347586e-10
6.176094e-10
3.276835e-10
1.440852e-10
1.842149e-09
1.543607e-09
7.323173e-09
4.539954e-09
1.487853e-08
5.328643e-10
4.634555e-11
1.251471e-10
3.277292e-10
2.464600e-10
6.858801e-10
5.212209e-10
6.374326e-10
2.068272e-10
1.218069e-09
7.945654e-10
1.628026e-09
1.728216e-09
1.414510e-09
3.306166e-10
1.267395e-10
7.574631e-09
9.473248e-10
4.512088e-09
6.747874e-10
2.293350e-09
1.438243e-09
8.884780e-10
1.114075e-08
4.736844e-09
1.075234e-08
1.439953e-08
8.919417e-09
1.555631e-09
2.221500e-09
5.605959e-10
7.222333e-11
1.128763e-09
1.748005e-10
2.267586e-09
1.065023e-09
1.424611e-09
7.659986e-10
6.955673e-11
1.718989e-09
6.360425e-10
6.711968e-10
5.575683e-10
1.632338e-09
5.196456e-10
8.748975e-10
1.542807e-09
5.754017e-09
4.931208e-10
9.491859e-09
5.714878e-09
9.529583e-09
4.948261e-09
8.431655e-10
1.068727e-09
1.429315e-09
4.896296e-10
9.469399e-11
5.533522e-10
5.555334e-10
1.006910e-09
7.102552e-09
4.852910e-09
1.682496e-09
1.449431e-10
5.846735e-11
2.639639e-10
8.109444e-13
3.139135e-13
1.128679e-12
3.719368e-12
7.484295e-12
5.332037e-12
2.668215e-11
1.158473e-09
8.617336e-10
1.404911e-10
7.145069e-11
1.657831e-09
1.156867e-09
2.580895e-10
6.826866e-11
2.087698e-10
1.722853e-10
4.867643e-11
6.242313e-10
3.223358e-11
6.332413e-11
1.729626e-11
7.035748e-11
2.752246e-10
2.151121e-11
1.914503e-11
9.570395e-11
6.594603e-11
4.278251e-12
7.324929e-11
2.503550e-11
5.726988e-11
1.225947e-10
2.010189e-10
1.367623e-10
9.938041e-11
6.487493e-11
4.408829e-11
4.538451e-11
1.530391e-10
6.950089e-11
3.188791e-10
1.489082e-10
1.010428e-10
6.489780e-11
4.408981e-11
4.538457e-11
1.530395e-10
6.950091e-11
3.188791e-10
1.489082e-10
1.010428e-10
6.489780e-11
4.408981e-11
4.538457e-11
1.530395e-10
6.950091e-11
3.188791e-10
1.489083e-10
1.010429e-10
6.490352e-11
4.408998e-11
4.539142e-11
1.530507e-10
7.058071e-11
3.311961e-10
2.187909e-10
1.391058e-10
7.375095e-11
3.387020e-10
3.303585e-10
5.861516e-10
5.413254e-10
7.665041e-10
3.115786e-10
2.533090e-09
5.568840e-09
1.468778e-09
7.923903e-11
3.904055e-11
3.391857e-11
1.279735e-11
1.269457e-11
1.752886e-10
4.740545e-11
2.900532e-10
4.388215e-10
6.803307e-10
1.401801e-10
4.237450e-10
6.622246e-10
5.318973e-10
1.170694e-10
7.267210e-11
9.074418e-11
1.873327e-10
3.828240e-10
6.001924e-10
9.865579e-10
7.709326e-10
6.871699e-10
1.075667e-09
1.715382e-09
2.254775e-10
7.685647e-10
1.161430e-09
8.475229e-10
4.850090e-10
2.160662e-09
3.809461e-10
4.036574e-10
5.035482e-10
2.402170e-10
7.079210e-11
2.020023e-10
3.479903e-09
2.211117e-09
1.286724e-09
1.861467e-09
1.156353e-08
1.447042e-09
5.837815e-10
8.845537e-10
3.853712e-10
2.624191e-10
6.450422e-10
7.316503e-09
9.192113e-09
5.719857e-10
9.042574e-10
1.143788e-09
1.494760e-09
7.688522e-09
1.889496e-10
9.542954e-10
5.334031e-10
3.278579e-10
2.604707e-09
4.879891e-09
1.918464e-08
7.765306e-09
2.774770e-09
5.975657e-10
1.221378e-09
2.269666e-10
1.878312e-10
6.645334e-10
2.770674e-09
7.567189e-10
2.350135e-09
7.739771e-10
6.848278e-10
2.619948e-09
5.885086e-09
9.199755e-10
3.184123e-10
3.927811e-09
6.107108e-09
4.001602e-09
8.479454e-10
4.558660e-09
2.390374e-09
1.378774e-09
3.404105e-09
2.748845e-09
1.084041e-08
2.516720e-08
1.674512e-08
3.853682e-09
7.484778e-09
1.680869e-08
9.694422e-10
8.735744e-10
3.154724e-10
7.973490e-10
9.703312e-10
7.185424e-09
2.467814e-10
4.471038e-10
2.981126e-09
8.401254e-09
9.055292e-10
6.130157e-10
2.496398e-09
3.677863e-10
3.011898e-10
2.141384e-09
4.270520e-08
5.564827e-10
3.141146e-09
9.344161e-09
3.338495e-08
6.933599e-09
2.114722e-09
1.598016e-09
1.761760e-08
7.467860e-09
1.693657e-10
3.245824e-10
1.420147e-09
6.203927e-10
8.606385e-09
7.224358e-09
4.999983e-09
9.815724e-10
1.318793e-09
3.926834e-09
1.844542e-09
2.723085e-13
1.268601e-12
3.435026e-12
1.029658e-10
5.510650e-11
1.728094e-11
3.267882e-10
5.280792e-10
3.022870e-09
1.739580e-10
6.004781e-09
4.359196e-09
7.700733e-10
1.170940e-10
3.035203e-10
3.950130e-09
1.370735e-10
3.394637e-09
1.079553e-10
1.642309e-10
3.892427e-10
3.638222e-11
2.752246e-10
6.018379e-10
3.461661e-11
1.389050e-10
1.569074e-09
3.970154e-11
3.778801e-10
6.630475e-11
7.376524e-11
2.553163e-10
1.817817e-10
1.637552e-10
2.490712e-10
1.877324e-10
8.919422e-10
1.204304e-10
5.260697e-10
1.193957e-10
4.291332e-10
1.936421e-10
2.608520e-10
1.879016e-10
8.920216e-10
1.204307e-10
5.260726e-10
1.193958e-10
4.291331e-10
1.936421e-10
2.608520e-10
1.879016e-10
8.920216e-10
1.204307e-10
5.260726e-10
1.193958e-10
4.291331e-10
1.936421e-10
2.608520e-10
1.879026e-10
8.920216e-10
1.204309e-10
5.260749e-10
1.195934e-10
4.307328e-10
2.036719e-10
3.239766e-10
1.970441e-10
1.169860e-09
9.988151e-10
8.704356e-10
4.099312e-10
4.265058e-10
8.653740e-10
5.961757e-09
9.090367e-09
1.175341e-08
1.009242e-09
8.948047e-10
1.652224e-10
6.444725e-11
5.580826e-11
4.491266e-11
2.465190e-10
1.250572e-09
4.778233e-10
9.124019e-09
3.104232e-10
7.144770e-10
3.254661e-09
2.714558e-09
3.614029e-10
2.861737e-10
1.068771e-10
1.456670e-10
5.123034e-10
9.776624e-10
1.276020e-09
1.102428e-09
2.469283e-09
3.854302e-09
5.790871e-09
8.192990e-10
5.192277e-10
1.115320e-09
1.305879e-09
7.069360e-10
7.797111e-09
1.790385e-09
8.676718e-10
1.174102e-09
8.368125e-10
3.873531e-10
7.872543e-10
6.089302e-10
7.277384e-09
3.329623e-09
2.277630e-09
6.477467e-08
8.048823e-09
1.038416e-09
1.558167e-09
2.945363e-09
7.527380e-10
1.072475e-09
9.945263e-09
1.509854e-08
1.608094e-09
1.160176e-08
9.870597e-09
2.468501e-09
3.388423e-08
7.998361e-10
7.930624e-10
1.301743e-08
8.959557e-10
2.616303e-09
4.838949e-09
2.068613e-08
1.053280e-08
1.996861e-08
2.157881e-08
4.223512e-09
4.476967e-09
1.833642e-10
2.761880e-10
1.061306e-08
1.667261e-09
6.287853e-09
7.798375e-09
4.195013e-09
1.907364e-09
5.488233e-09
2.461643e-09
5.005104e-09
1.282408e-08
6.064090e-09
1.679898e-08
6.539561e-09
1.236686e-08
4.064215e-09
8.166637e-09
2.573703e-09
6.096542e-09
1.300967e-08
2.546188e-08
4.233877e-08
1.487276e-08
2.132982e-08
7.067213e-08
1.357581e-08
2.712395e-09
2.686541e-09
4.240574e-10
6.248195e-10
1.911536e-08
7.572498e-10
2.519622e-09
2.163486e-08
1.404147e-08
8.024017e-09
7.046481e-10
2.486038e-09
4.187154e-09
1.509121e-09
1.826466e-09
7.273959e-08
3.837738e-09
4.004302e-09
2.074518e-08
8.917448e-08
8.897537e-09
1.387706e-08
4.361479e-09
3.401378e-08
1.170582e-07
1.199474e-09
2.371505e-09
6.709838e-09
1.152149e-09
2.658827e-08
7.944851e-09
7.127142e-09
3.710720e-09
1.024953e-08
2.350949e-08
1.057082e-08
2.436476e-10
2.613014e-13
3.436269e-12
1.032509e-10
8.429517e-11
3.035122e-11
9.529473e-11
1.125003e-10
1.314819e-10
1.672654e-10
9.352243e-09
4.720209e-09
1.246840e-09
1.299121e-10
6.019071e-10
4.051459e-09
2.249178e-10
4.528053e-09
1.202663e-10
3.392201e-10
4.145743e-10
6.309114e-11
2.580633e-10
2.151121e-11
3.461661e-11
7.105911e-10
1.610307e-09
7.532270e-11
1.181356e-09
6.435470e-11
1.295378e-10
2.526682e-10
8.994467e-11
1.134111e-10
2.503970e-10
2.005569e-10
9.897551e-10
2.077840e-10
9.416823e-10
1.150584e-10
3.930171e-10
1.358080e-10
2.751278e-10
2.020121e-10
9.903209e-10
2.077987e-10
9.416958e-10
1.150590e-10
3.930166e-10
1.358080e-10
2.751278e-10
2.020121e-10
9.903209e-10
2.077987e-10
9.416958e-10
1.150590e-10
3.930166e-10
1.358080e-10
2.751278e-10
2.020124e-10
9.903209e-10
2.077987e-10
9.416961e-10
1.151189e-10
3.932527e-10
1.366493e-10
2.778003e-10
2.078938e-10
1.294431e-09
1.056533e-09
1.335575e-09
8.984262e-11
2.606935e-10
7.852477e-10
6.149544e-09
9.516909e-09
1.318933e-08
2.117658e-09
2.481593e-09
5.250437e-10
1.450289e-10
1.397678e-10
8.588653e-11
4.342884e-11
2.083091e-10
6.981023e-10
9.970524e-09
2.392173e-10
1.115501e-09
3.844611e-09
4.417259e-09
4.234831e-10
4.327464e-10
1.245941e-10
1.672844e-10
2.145908e-10
2.550362e-10
9.235347e-10
1.408773e-09
2.823849e-09
4.292564e-09
6.847053e-09
9.444264e-10
1.878987e-10
7.454876e-10
9.689789e-10
9.973684e-10
7.985135e-09
1.783152e-09
2.033347e-09
1.854309e-09
9.396936e-10
4.567323e-10
1.492159e-09
8.091667e-10
1.131340e-09
1.089417e-09
7.395687e-09
6.703313e-08
1.140712e-08
1.386868e-09
2.912981e-09
3.808692e-09
9.415722e-10
1.103668e-09
1.031785e-08
1.695999e-08
1.123816e-09
1.410794e-08
1.405157e-08
8.133475e-09
6.678106e-08
6.858363e-10
1.798709e-09
1.397452e-08
9.521152e-10
3.614881e-09
3.116453e-09
1.533877e-08
1.128406e-08
2.098301e-08
3.432619e-08
3.218867e-08
2.953479e-09
5.231484e-10
3.222665e-09
1.029474e-08
2.009642e-09
7.520185e-09
7.209333e-09
2.194895e-09
5.442210e-09
8.893593e-09
1.742353e-09
1.591006e-09
2.008079e-08
1.763627e-08
5.451310e-09
1.525803e-09
1.723558e-08
9.786816e-09
1.652964e-08
4.740841e-09
4.198488e-09
1.223840e-08
2.886700e-08
3.095473e-08
1.031236e-08
3.596497e-08
1.013341e-07
2.436611e-08
1.018541e-08
4.658270e-09
3.194198e-10
6.421564e-10
1.689965e-08
8.291718e-10
3.712121e-09
2.469065e-08
3.387514e-08
8.694987e-09
9.773509e-10
2.779435e-09
4.000419e-09
1.992463e-09
2.250119e-09
7.582930e-08
3.940219e-09
6.384624e-09
2.194727e-08
1.178468e-07
8.477395e-09
5.989984e-09
6.067716e-09
5.533444e-08
1.493608e-07
3.495596e-09
5.797978e-09
1.191653e-08
2.245727e-09
3.275622e-08
6.928760e-09
6.388311e-09
3.767888e-09
1.301034e-08
3.128104e-08
2.597976e-08
6.971197e-10
3.652210e-10
3.034998e-12
1.027636e-10
8.437003e-11
3.198649e-11
7.209884e-11
6.426838e-11
9.470376e-11
1.080716e-10
6.277765e-09
4.641718e-09
4.473958e-09
2.250170e-10
5.052327e-10
4.130645e-09
3.669757e-10
5.042235e-09
1.186040e-10
3.532904e-10
5.248198e-10
6.152027e-11
2.763229e-10
2.263492e-11
1.914503e-11
1.389050e-10
1.610307e-09
6.457751e-10
1.533353e-09
7.220070e-11
1.231418e-10
2.919162e-10
5.420111e-11
1.029937e-10
2.152771e-10
1.968469e-10
1.030623e-09
2.143724e-10
1.134332e-09
1.064539e-10
3.797278e-10
1.229358e-10
2.479596e-10
2.026355e-10
1.037200e-09
2.144373e-10
1.134569e-09
1.064559e-10
3.797220e-10
1.229360e-10
2.479596e-10
2.026356e-10
1.037200e-09
2.144373e-10
1.134569e-09
1.064559e-10
3.797220e-10
1.229360e-10
2.479596e-10
2.026356e-10
1.037200e-09
2.144373e-10
1.134569e-09
1.064589e-10
3.798508e-10
1.230601e-10
2.482912e-10
2.031623e-10
1.306451e-09
1.038283e-09
1.538528e-09
9.145775e-11
1.079815e-10
5.121893e-10
5.956138e-09
9.272371e-09
1.330435e-08
2.722746e-09
3.696880e-09
7.651018e-10
3.186703e-10
2.021556e-10
1.155715e-10
4.521732e-11
1.617876e-10
4.759771e-10
8.933628e-09
4.050003e-10
1.820154e-09
3.874041e-09
5.762488e-09
6.308083e-10
4.837268e-10
2.214778e-10
2.414955e-10
2.009090e-10
2.383819e-10
4.107587e-10
6.824067e-10
2.613560e-09
4.784968e-09
7.416425e-09
1.188513e-09
5.193185e-10
6.846315e-10
6.898988e-10
7.761608e-10
8.011254e-09
2.086368e-09
2.139963e-09
2.007510e-09
1.795530e-09
5.810028e-10
1.443868e-09
9.191158e-10
1.185396e-09
5.444170e-10
2.144486e-09
6.509678e-08
1.673620e-08
3.827052e-09
2.600116e-09
4.962557e-09
1.766653e-09
1.099939e-09
1.060664e-08
1.680149e-08
1.210078e-09
1.467934e-08
1.400492e-08
8.995791e-09
1.208035e-07
7.882256e-10
1.444401e-09
1.411185e-08
1.985649e-09
9.058347e-09
7.251038e-10
8.475073e-09
1.151558e-08
2.109031e-08
3.669992e-08
3.948996e-08
1.002757e-08
1.480521e-09
3.647076e-10
1.020103e-08
5.001818e-09
7.576090e-09
7.115978e-09
2.470339e-09
1.980213e-09
4.373805e-09
5.290647e-09
5.323303e-09
2.043112e-08
1.865243e-08
8.632359e-09
4.458559e-09
4.652619e-09
4.826990e-09
2.196043e-08
1.340191e-08
1.120966e-08
1.273849e-08
2.519425e-08
2.651798e-08
1.283396e-08
2.597992e-08
1.017892e-07
3.752816e-08
2.056972e-08
9.265768e-09
1.307324e-09
8.206717e-10
1.707909e-08
7.075235e-10
1.378366e-09
2.527526e-08
3.655562e-08
1.153169e-08
2.815160e-09
2.480463e-09
4.135591e-09
2.448911e-09
1.828764e-09
7.564860e-08
4.764418e-09
7.501259e-09
2.195664e-08
1.204889e-07
9.005213e-09
4.772141e-09
5.724478e-09
4.891219e-08
1.642750e-07
1.422884e-08
8.652592e-09
1.581473e-08
3.052941e-09
3.783744e-08
5.669874e-09
6.109316e-09
3.702997e-09
1.357814e-08
3.252274e-08
2.903551e-08
2.612145e-09
6.918643e-10
6.826469e-11
1.005827e-10
8.376382e-11
3.094483e-11
5.689875e-11
6.054244e-11
7.980352e-11
8.712858e-11
5.389456e-09
4.433064e-09
1.286471e-09
3.705188e-10
3.473635e-09
4.119718e-09
2.489828e-10
4.931914e-09
3.220981e-10
4.379776e-10
5.740364e-10
5.724796e-11
2.470422e-10
2.777881e-11
3.104392e-11
9.570395e-11
1.569074e-09
7.532270e-11
1.533353e-09
6.768636e-10
1.863255e-10
2.536248e-10
4.405170e-11
6.915308e-11
1.852926e-10
1.783087e-10
9.933596e-10
2.176746e-10
1.129751e-09
1.395029e-10
3.045897e-10
9.509172e-11
2.213300e-10
1.773771e-10
1.010892e-09
2.189651e-10
1.130251e-09
1.395559e-10
3.045778e-10
9.509352e-11
2.213299e-10
1.773774e-10
1.010892e-09
2.189651e-10
1.130251e-09
1.395559e-10
3.045778e-10
9.509352e-11
2.213299e-10
1.773774e-10
1.010892e-09
2.189651e-10
1.130251e-09
1.395573e-10
3.046134e-10
9.516202e-11
2.214837e-10
1.776123e-10
1.130823e-09
1.014040e-09
1.478317e-09
1.196831e-10
1.716577e-10
4.439731e-10
4.759446e-09
6.787845e-09
1.275861e-08
2.686856e-09
4.126065e-09
1.213003e-09
5.081090e-10
1.192563e-09
1.525687e-10
4.300889e-11
1.776901e-10
3.218161e-10
8.725179e-09
1.874913e-10
5.671662e-10
4.083365e-09
7.009364e-09
5.333480e-10
7.967118e-10
6.620616e-10
2.861192e-10
2.155474e-10
2.346068e-10
2.952829e-10
5.042925e-10
1.841742e-09
3.693032e-09
7.109469e-09
1.907797e-09
1.009994e-09
7.353659e-10
9.366666e-10
5.751076e-10
6.697254e-09
1.897838e-09
2.053851e-09
3.031317e-09
1.945938e-09
4.678825e-10
1.701402e-09
9.459062e-10
9.943848e-10
7.116044e-10
1.080908e-09
6.295159e-08
1.137017e-08
1.952295e-09
8.859902e-09
6.660523e-09
1.397626e-09
8.176776e-10
1.029595e-08
1.333352e-08
7.951489e-10
1.436254e-08
1.400138e-08
9.673834e-09
1.327413e-07
1.145385e-09
6.719736e-10
1.419617e-08
1.682777e-09
9.311551e-09
1.750912e-09
4.453697e-09
4.854487e-09
1.905839e-08
3.701606e-08
4.012841e-08
1.917911e-08
2.024148e-08
5.394031e-10
9.386594e-09
1.562705e-09
6.750291e-09
1.003639e-08
2.442287e-09
1.354083e-09
3.178061e-09
1.070976e-09
1.165501e-09
2.403293e-08
2.367004e-08
8.906977e-09
6.646606e-10
2.247014e-09
7.200445e-09
8.943210e-09
8.914464e-09
1.582469e-08
1.950582e-08
2.726306e-08
2.087008e-08
7.834939e-09
2.041831e-08
1.035672e-07
2.708695e-08
1.752127e-08
1.844512e-08
6.834953e-09
5.239840e-09
1.395784e-08
6.715403e-10
8.734009e-10
2.483404e-08
3.139936e-08
1.192374e-08
3.527135e-09
1.210314e-09
5.837036e-09
2.437583e-09
1.606263e-09
6.279725e-08
4.771924e-09
6.988993e-09
2.156523e-08
1.170855e-07
8.289439e-09
4.515718e-09
4.659726e-09
4.486295e-08
1.664608e-07
7.020177e-09
9.549835e-09
2.513344e-08
4.970458e-09
3.754583e-08
3.789878e-09
4.341608e-09
3.249350e-09
1.285489e-08
3.206609e-08
3.034319e-08
3.305050e-09
2.794769e-09
2.530452e-10
3.971226e-11
3.079975e-11
1.811479e-11
1.762667e-11
1.005384e-11
6.388676e-12
5.887443e-12
4.002088e-10
4.768031e-10
9.427611e-10
2.733753e-10
6.426743e-10
3.524115e-10
4.377733e-10
1.904955e-09
1.091730e-10
4.054561e-10
2.122294e-10
2.999792e-11
7.262313e-11
9.017258e-12
2.718722e-11
8.487257e-12
6.594603e-11
3.970154e-11
1.181356e-09
7.220070e-11
1.863255e-10
9.291510e-11
2.875244e-12
1.336083e-11
1.093861e-11
2.713292e-11
1.415035e-10
1.076971e-10
7.906266e-10
6.981463e-11
1.223124e-10
9.277165e-12
4.973029e-11
2.821670e-11
1.513414e-10
1.096131e-10
7.917281e-10
6.993443e-11
1.222835e-10
9.280307e-12
4.973007e-11
2.821727e-11
1.513414e-10
1.096131e-10
7.917281e-10
6.993443e-11
1.222835e-10
9.280307e-12
4.973007e-11
2.821727e-11
1.513414e-10
1.096131e-10
7.917281e-10
6.993446e-11
1.222851e-10
9.280728e-12
4.974239e-11
2.822191e-11
1.535039e-10
1.238815e-10
1.090629e-09
7.769032e-11
8.049234e-11
5.193715e-11
4.651923e-10
5.299944e-10
2.773850e-09
1.644616e-09
3.334041e-09
8.904803e-10
6.012996e-10
1.195490e-09
1.283118e-10
1.348364e-11
6.129689e-11
7.830218e-11
2.561451e-10
6.650479e-11
2.065190e-10
1.078343e-09
3.888531e-09
2.405387e-10
3.288243e-10
5.884027e-10
1.376153e-10
7.287223e-11
4.644722e-11
4.975057e-11
3.742642e-11
1.198054e-10
4.346433e-10
1.158803e-09
7.553447e-10
7.358199e-10
4.763979e-10
1.869419e-10
1.987499e-10
6.959204e-10
2.493377e-10
1.380326e-09
2.082657e-09
1.250108e-09
2.194835e-10
7.504130e-10
4.867494e-10
4.126119e-10
3.009198e-10
1.620109e-10
9.727828e-10
4.787654e-09
1.062748e-09
2.412625e-09
4.224512e-09
1.119813e-09
4.073988e-10
1.664538e-09
5.540636e-09
1.915565e-10
3.174163e-09
4.952429e-09
7.871751e-09
1.136730e-07
7.101955e-10
1.907802e-10
2.114188e-09
1.052391e-09
7.648694e-09
3.527467e-10
1.808531e-09
1.933728e-10
1.848851e-09
1.516271e-08
3.612202e-08
1.801242e-08
2.091319e-08
8.514315e-10
1.771148e-10
7.395219e-10
1.446967e-09
1.562198e-09
2.121291e-09
9.713742e-10
4.190551e-10
1.984895e-10
2.958549e-10
8.477402e-09
1.604525e-08
7.743863e-09
9.500597e-10
1.932908e-10
3.244850e-10
3.032763e-09
5.824287e-09
2.344538e-09
7.696920e-09
8.765687e-09
1.966559e-09
1.465500e-09
6.161006e-09
3.967169e-08
1.372031e-08
1.595875e-08
6.188130e-09
4.789001e-09
4.616839e-09
1.812239e-09
2.916168e-10
3.403920e-10
5.056911e-09
2.319114e-08
6.038802e-09
8.238494e-10
7.762589e-10
6.955928e-10
1.788790e-09
5.591565e-10
1.187834e-08
2.342105e-09
3.385735e-09
3.420010e-09
4.687408e-08
5.143839e-09
8.412422e-10
1.285951e-09
1.767087e-08
7.636466e-08
4.916539e-09
7.267313e-09
1.046383e-08
5.283889e-09
1.529501e-08
4.926844e-10
3.497097e-10
5.380107e-10
3.665812e-09
9.791138e-09
2.272655e-08
3.237033e-09
2.803908e-09
1.799076e-10
5.423964e-11
1.940736e-11
2.425124e-12
1.095089e-11
8.750664e-12
2.698982e-12
9.205794e-13
1.688016e-11
2.484094e-11
2.009905e-10
2.657613e-10
5.486401e-10
4.551126e-10
1.284342e-10
5.791317e-10
1.221192e-10
2.284392e-10
6.146963e-10
8.037360e-12
2.440517e-11
1.178176e-11
2.217169e-11
1.636121e-11
9.807586e-12
4.278251e-12
3.778801e-10
6.435470e-11
1.231418e-10
2.536248e-10
2.875244e-12
2.658745e-12
5.177208e-12
8.632566e-12
3.176811e-11
2.282247e-11
2.541280e-10
1.290387e-10
1.012708e-10
4.947323e-11
3.733968e-11
1.715303e-11
4.148661e-11
2.080817e-11
2.577261e-10
1.322445e-10
1.008814e-10
4.970704e-11
3.733809e-11
1.717075e-11
4.148677e-11
2.080830e-11
2.577261e-10
1.322445e-10
1.008814e-10
4.970704e-11
3.733809e-11
1.717075e-11
4.148677e-11
2.080830e-11
2.577261e-10
1.322445e-10
1.008815e-10
4.970707e-11
3.733822e-11
1.717116e-11
4.154383e-11
2.111565e-11
2.640476e-10
1.441562e-10
1.009608e-10
6.055915e-11
1.091799e-10
4.124104e-11
1.657317e-10
6.726245e-10
2.208793e-09
6.056935e-10
5.898598e-10
1.609700e-09
2.088020e-10
7.078092e-11
3.488123e-11
1.432891e-11
4.443991e-11
9.751287e-12
2.724747e-11
5.475463e-10
2.104826e-09
2.519224e-10
1.248506e-10
5.945093e-10
1.422511e-10
3.321859e-11
2.972129e-11
3.568541e-11
2.014721e-11
2.283375e-11
8.253577e-11
2.960725e-10
3.674871e-10
3.785386e-10
5.473007e-10
3.579641e-10
2.161190e-10
4.484968e-10
1.318978e-10
4.793175e-10
1.669001e-09
1.126594e-09
3.498331e-10
1.995410e-10
2.592306e-10
2.975438e-10
2.708696e-10
1.134854e-10
1.790581e-10
3.820970e-10
7.651245e-10
1.567229e-09
2.677888e-09
2.960689e-09
2.520163e-10
8.907338e-10
7.691877e-10
4.024028e-10
7.071378e-10
6.025062e-10
1.717335e-09
8.682868e-08
7.230886e-10
1.519855e-10
1.622006e-09
3.175431e-10
6.118153e-09
2.373244e-10
2.947531e-10
1.021920e-09
6.339893e-11
2.293892e-09
9.482128e-09
1.585544e-08
2.071306e-08
2.665982e-09
8.274611e-10
3.320179e-10
4.454111e-10
1.911291e-10
4.966919e-10
7.498018e-10
2.087868e-10
1.823177e-10
2.100145e-10
1.988954e-09
6.980143e-09
4.440904e-09
3.289308e-10
3.807385e-10
3.172016e-10
2.402151e-10
4.053354e-09
1.036617e-09
4.013474e-09
3.147029e-09
1.833009e-09
3.643421e-10
1.672658e-09
1.094910e-08
4.644104e-09
1.035878e-08
4.373717e-09
7.190900e-09
6.154413e-09
2.399539e-09
2.384581e-10
8.955025e-11
8.601843e-10
3.351802e-09
4.587379e-09
5.457589e-10
6.007497e-10
6.120393e-10
7.586595e-10
6.566691e-10
1.666105e-09
1.849789e-09
1.724016e-09
7.940488e-10
4.753083e-09
3.592606e-09
7.751340e-10
8.063283e-10
3.546766e-09
2.760720e-08
2.934700e-09
4.154694e-09
6.352580e-09
4.791230e-09
1.244114e-08
2.585581e-10
2.162203e-10
2.237242e-10
8.267849e-10
2.159127e-09
5.314641e-09
2.903048e-09
2.956879e-09
4.096348e-10
5.322626e-10
1.737017e-10
1.724510e-11
8.008889e-12
8.480575e-12
2.584209e-12
7.338839e-13
9.869520e-12
3.804023e-12
4.777333e-11
2.050459e-10
5.688024e-10
7.212125e-10
8.629117e-10
2.594816e-10
1.588604e-10
4.866578e-10
7.691221e-10
1.040280e-10
3.531449e-11
2.254724e-11
7.821514e-11
2.654256e-11
1.262296e-10
1.297297e-11
7.324929e-11
6.630475e-11
1.295378e-10
2.919162e-10
4.405170e-11
1.336083e-11
5.177208e-12
1.454994e-11
1.008080e-11
2.191098e-11
1.138975e-10
1.575625e-10
4.461216e-10
2.085529e-10
6.006311e-10
5.770597e-11
4.143536e-11
2.589575e-11
9.458782e-11
1.699448e-10
4.256700e-10
2.138061e-10
6.003959e-10
5.792169e-11
4.144396e-11
2.590206e-11
9.458784e-11
1.699448e-10
4.256699e-10
2.138061e-10
6.003959e-10
5.792169e-11
4.144396e-11
2.590206e-11
9.458784e-11
1.699448e-10
4.256699e-10
2.138062e-10
6.003960e-10
5.792173e-11
4.146323e-11
2.595583e-11
9.567043e-11
1.721449e-10
4.390844e-10
2.224315e-10
6.497774e-10
1.789836e-10
1.251930e-10
2.866421e-10
2.045675e-09
6.657731e-10
8.580850e-10
1.892320e-09
8.590596e-10
5.465513e-10
3.654968e-10
9.088503e-12
2.864790e-11
1.390977e-11
4.536488e-12
4.037167e-10
1.647458e-09
1.983764e-10
1.534489e-10
8.782282e-10
2.219452e-10
9.006140e-11
5.212703e-11
1.288195e-10
1.141821e-10
6.657984e-11
9.058023e-11
1.541425e-10
8.333286e-10
5.264422e-10
7.070528e-10
1.291304e-09
1.121216e-09
1.261129e-09
8.066758e-10
5.514620e-10
1.997912e-09
1.633970e-09
7.974998e-10
8.407881e-10
7.898089e-10
1.258201e-09
3.770292e-10
2.450584e-10
4.917450e-10
7.307125e-10
1.480655e-10
3.538108e-09
2.347632e-09
2.856474e-09
3.107629e-09
1.437720e-09
2.717747e-09
8.276769e-10
6.562057e-10
4.941522e-10
9.539584e-10
4.825409e-08
6.354664e-10
3.709477e-10
3.261721e-09
7.566770e-10
2.497891e-09
2.734957e-10
2.667090e-10
1.211121e-09
2.467115e-10
2.709058e-10
3.633655e-09
1.175755e-08
2.034882e-08
2.980234e-09
5.009979e-09
2.047462e-08
3.687092e-10
1.675109e-10
3.442365e-10
3.571134e-10
2.229673e-10
3.153926e-10
3.489629e-10
1.273550e-09
3.694172e-09
2.843335e-09
4.253129e-10
5.134093e-10
1.305743e-09
1.622096e-09
1.927954e-09
1.371975e-09
3.833693e-09
2.112540e-09
4.255151e-09
8.657775e-10
4.088719e-09
5.546073e-09
2.502647e-09
8.362314e-09
3.667331e-09
1.329885e-08
1.204480e-08
8.229912e-09
2.709667e-09
1.029777e-09
2.186747e-10
1.004395e-09
1.936486e-09
4.193668e-10
8.716256e-10
6.245313e-10
1.364558e-09
3.804475e-10
1.344222e-09
2.414680e-09
7.841570e-10
5.303960e-10
1.704513e-09
2.676252e-09
7.716928e-10
1.077311e-09
2.850685e-09
1.475251e-08
2.144896e-09
2.999515e-09
4.373077e-09
9.519381e-09
9.887464e-09
2.174966e-09
3.030410e-09
7.357892e-10
2.625302e-10
1.146790e-09
3.201930e-09
1.412868e-09
2.943164e-09
1.232893e-09
3.295349e-09
4.839656e-09
1.857202e-10
2.919940e-10
5.535465e-13
8.149228e-13
6.252174e-13
2.126563e-12
1.662717e-12
3.319336e-12
5.205563e-11
2.460371e-10
7.215736e-10
9.244348e-10
3.452382e-10
2.752955e-10
5.173555e-10
7.447717e-10
1.238629e-10
1.887948e-10
3.424211e-11
7.980642e-11
7.687983e-11
1.374378e-10
6.842721e-11
1.376171e-11
2.503550e-11
7.376524e-11
2.526682e-10
5.420111e-11
6.915308e-11
1.093861e-11
8.632566e-12
1.008080e-11
1.785034e-11
5.857265e-11
1.537955e-10
4.767950e-10
4.323597e-10
8.231829e-10
2.873238e-10
5.027642e-11
6.693719e-11
4.650360e-11
1.447036e-10
4.430624e-10
4.688544e-10
8.225712e-10
2.918468e-10
5.030312e-11
6.698199e-11
4.650370e-11
1.447036e-10
4.430622e-10
4.688545e-10
8.225712e-10
2.918468e-10
5.030312e-11
6.698199e-11
4.650370e-11
1.447036e-10
4.430622e-10
4.688545e-10
8.225712e-10
2.918468e-10
5.030351e-11
6.699347e-11
4.667487e-11
1.450259e-10
4.452363e-10
4.782000e-10
8.678063e-10
4.056210e-10
3.066298e-10
3.119344e-10
9.013353e-10
5.937644e-10
7.726076e-10
1.254717e-09
9.644355e-10
8.209239e-10
5.210099e-10
4.034798e-11
1.254408e-11
1.134925e-11
2.020003e-12
1.717706e-11
1.036681e-10
1.140814e-10
9.010559e-11
6.353371e-10
1.984824e-10
3.492133e-10
2.407405e-10
1.998182e-10
3.507363e-10
1.995014e-10
1.826066e-10
2.110446e-10
4.668127e-10
5.968672e-10
1.430755e-09
1.889798e-09
2.531758e-09
2.380158e-09
2.150496e-09
1.527907e-09
9.062411e-10
1.502378e-09
2.450179e-09
2.053770e-09
1.651324e-09
1.911156e-09
8.430887e-10
5.937761e-10
6.551538e-10
5.627950e-10
9.448189e-11
5.403849e-10
4.762094e-09
5.153276e-09
3.617244e-09
4.230911e-09
4.680403e-09
1.829805e-09
5.402065e-10
9.136144e-10
2.340689e-10
4.711417e-09
2.311500e-10
4.677986e-10
3.334783e-09
7.850421e-10
7.846459e-10
1.746011e-10
3.217271e-10
1.250829e-09
2.468853e-10
4.051781e-10
2.091737e-10
1.230532e-09
5.272638e-09
3.453948e-09
5.757805e-09
2.493924e-08
4.738510e-09
2.314355e-10
2.980303e-10
1.755747e-10
9.915686e-11
3.562414e-10
4.099912e-10
4.560863e-10
8.419108e-10
5.280584e-10
5.903760e-10
1.158717e-09
1.863013e-09
2.152581e-09
1.220910e-09
9.836170e-10
4.101240e-09
1.373543e-09
4.755394e-09
1.313904e-09
4.760401e-09
1.131399e-09
1.036696e-09
2.986526e-09
2.201481e-09
1.412307e-08
1.156745e-08
9.092229e-09
3.502294e-09
1.917777e-09
1.066267e-10
2.235425e-10
2.348276e-10
1.239939e-10
8.632782e-10
5.224800e-10
8.396826e-10
3.504175e-10
4.366457e-10
2.133945e-09
4.861977e-10
8.588060e-10
8.456239e-10
6.241174e-10
4.477929e-10
1.315846e-09
3.054249e-09
3.464613e-09
2.481259e-09
2.928422e-09
2.774775e-09
9.225222e-09
8.099910e-09
3.409679e-09
1.317213e-08
1.038289e-09
1.023791e-10
1.194204e-10
6.339849e-10
7.399991e-10
1.335406e-09
1.523835e-09
4.319829e-09
6.651760e-09
8.367489e-10
6.520834e-10
1.217047e-10
4.229604e-13
6.346154e-13
2.014313e-12
5.295592e-12
5.722343e-12
3.604333e-11
1.372208e-10
6.876034e-10
1.209882e-09
6.267929e-10
8.248351e-10
1.257062e-09
8.728824e-10
1.820337e-10
2.821099e-10
5.384966e-10
1.107888e-10
3.038861e-10
2.167820e-10
2.096513e-10
1.584274e-10
5.587893e-11
5.726988e-11
2.553163e-10
8.994467e-11
1.029937e-10
1.852926e-10
2.713292e-11
3.176811e-11
2.191098e-11
5.857265e-11
2.855890e-10
7.179143e-10
5.743728e-10
1.529264e-09
9.583067e-10
7.394493e-10
1.582119e-10
7.452280e-11
2.944414e-10
5.301058e-10
6.518395e-10
1.526040e-09
9.895937e-10
7.404913e-10
1.584219e-10
7.452347e-11
2.944418e-10
5.301053e-10
6.518396e-10
1.526040e-09
9.895937e-10
7.404913e-10
1.584219e-10
7.452347e-11
2.944418e-10
5.301053e-10
6.518396e-10
1.526040e-09
9.895937e-10
7.404914e-10
1.584221e-10
7.455546e-11
2.944980e-10
5.304248e-10
6.532480e-10
1.576573e-09
1.109351e-09
9.929380e-10
1.253410e-09
8.616443e-10
7.798344e-10
8.690234e-10
1.911311e-09
1.376318e-09
9.340046e-10
1.842429e-09
4.004317e-10
2.273112e-10
2.657731e-11
6.271244e-12
2.083733e-11
1.146794e-11
4.905138e-11
1.170591e-10
3.167396e-10
8.683366e-10
4.067053e-10
4.451820e-10
9.188329e-10
1.613497e-09
5.405103e-10
7.206353e-10
3.653592e-10
3.306547e-10
9.241196e-10
2.436880e-09
2.829049e-09
4.564877e-09
6.570694e-09
6.663497e-09
3.997911e-09
2.377164e-09
1.625784e-09
2.232711e-09
5.318264e-09
4.436090e-09
4.915628e-09
3.384509e-09
2.147830e-09
1.285135e-09
9.540393e-10
3.167816e-10
3.300154e-10
2.605417e-10
1.550730e-08
8.283910e-09
7.931896e-09
1.596621e-08
6.454749e-09
2.132611e-09
1.397506e-09
9.590009e-10
8.046330e-10
1.854674e-10
5.091262e-10
3.336205e-09
1.107127e-09
5.134350e-09
6.787836e-10
3.879260e-10
1.649446e-09
4.759604e-10
3.974308e-10
1.613328e-09
2.200433e-10
9.640552e-10
3.781431e-09
8.596819e-09
2.695968e-08
4.081673e-08
6.713500e-09
5.739628e-10
3.344642e-10
2.064131e-10
3.107178e-10
7.805612e-10
4.457190e-10
4.968661e-10
6.834899e-10
6.835070e-10
6.988639e-10
2.550256e-09
3.471016e-09
3.257816e-09
3.875386e-09
1.934322e-09
2.533737e-09
7.214269e-09
2.835446e-09
6.712156e-09
3.404890e-09
1.504276e-09
1.983080e-09
2.120790e-09
1.435485e-08
1.490452e-08
1.255583e-08
4.456522e-09
4.674465e-09
7.668349e-10
1.297690e-10
1.446385e-10
8.328572e-11
6.974605e-10
6.286402e-10
1.111232e-09
4.625852e-10
1.048784e-09
1.052711e-09
1.527137e-09
8.744661e-10
9.179339e-10
1.682997e-09
1.334885e-09
8.442121e-10
3.172483e-09
4.467793e-09
5.526667e-09
5.285278e-09
4.589965e-09
9.810653e-09
1.191265e-08
9.607946e-09
2.521932e-08
6.982499e-09
2.519381e-10
3.820853e-10
1.393647e-10
2.255912e-10
1.130275e-09
2.115012e-09
5.255803e-09
1.425676e-08
5.267874e-09
2.551312e-09
7.005231e-10
3.605566e-10
4.929303e-13
1.720920e-12
5.303217e-12
9.837324e-12
7.960455e-12
3.875999e-11
5.702881e-10
1.152271e-09
7.273336e-10
1.117113e-09
2.027986e-09
1.007105e-09
2.540552e-10
6.441881e-10
7.168686e-10
3.834767e-10
5.535738e-10
2.787102e-10
7.387357e-10
1.850666e-10
3.731722e-10
5.554745e-11
1.225947e-10
1.817817e-10
1.134111e-10
2.152771e-10
1.783087e-10
1.415035e-10
2.282247e-11
1.138975e-10
1.537955e-10
7.179143e-10
8.254388e-10
1.707258e-09
1.623187e-09
1.398093e-09
1.119923e-09
1.415228e-10
2.541328e-10
6.074175e-10
8.255311e-10
1.702586e-09
1.824433e-09
1.405421e-09
1.129372e-09
1.415259e-10
2.541357e-10
6.074147e-10
8.255314e-10
1.702586e-09
1.824434e-09
1.405421e-09
1.129372e-09
1.415259e-10
2.541357e-10
6.074147e-10
8.255314e-10
1.702586e-09
1.824434e-09
1.405421e-09
1.129372e-09
1.415267e-10
2.541454e-10
6.074563e-10
8.258042e-10
1.710732e-09
1.945582e-09
1.662218e-09
2.208890e-09
1.367057e-09
1.362601e-09
8.600577e-10
1.351883e-09
1.656157e-09
1.605644e-09
2.268646e-09
2.166522e-09
1.323640e-09
2.382904e-10
2.049103e-11
7.240310e-11
1.514698e-11
7.096599e-12
7.911534e-11
2.472374e-10
7.325286e-10
2.145126e-10
5.702628e-10
1.208072e-09
4.031866e-09
1.008763e-09
1.704888e-09
7.805993e-10
5.059034e-10
5.299482e-10
9.102107e-10
3.795764e-09
6.545107e-09
8.245899e-09
1.237948e-08
6.941038e-09
4.838155e-09
3.870172e-09
2.044046e-09
4.931895e-09
5.804496e-09
7.730265e-09
7.198101e-09
6.646226e-09
2.586680e-09
1.328691e-09
6.141430e-10
6.631827e-10
5.749455e-10
1.218993e-09
5.832571e-09
2.016516e-08
2.052263e-08
2.000304e-08
6.557703e-09
3.312814e-09
1.374676e-09
1.027659e-09
1.738025e-10
4.980127e-10
2.502855e-09
1.195378e-09
1.119558e-08
1.666953e-09
1.219149e-09
1.217168e-09
1.102070e-09
6.723330e-10
1.832321e-09
1.330593e-09
6.340257e-10
1.458888e-09
7.143528e-09
2.795229e-08
4.688405e-08
2.278147e-08
1.329692e-08
5.547929e-10
9.497592e-10
3.481743e-10
6.940363e-10
5.102593e-10
7.521025e-10
6.658608e-10
4.513333e-10
8.081282e-10
3.609792e-09
3.221814e-09
4.450354e-09
8.199654e-09
3.352658e-09
1.885710e-09
6.683202e-09
3.242821e-09
1.055659e-08
6.806602e-09
5.211039e-09
8.096168e-10
1.780882e-09
1.842180e-08
1.319592e-08
1.529467e-08
5.883010e-09
7.962849e-09
2.636857e-09
6.982887e-10
1.841066e-10
1.202137e-10
1.159680e-09
3.855311e-10
1.382115e-09
5.753667e-10
1.203304e-09
9.131668e-10
1.083893e-09
1.342159e-09
1.255255e-09
1.749039e-09
8.536124e-09
1.422390e-09
2.498413e-09
4.016645e-09
1.019506e-08
2.891288e-09
7.032616e-09
1.566176e-08
1.259064e-08
1.558717e-08
4.980435e-08
9.720474e-09
2.047169e-09
1.747919e-09
4.156478e-10
1.702884e-10
6.291163e-10
1.538759e-09
4.971093e-09
1.662616e-08
1.165696e-08
7.564271e-09
2.488675e-09
1.533590e-09
9.107053e-10
2.302157e-13
5.789071e-12
9.604116e-12
4.547077e-11
3.581937e-11
1.219000e-10
5.230276e-10
1.085768e-09
1.282767e-09
2.271178e-09
1.258513e-09
3.951541e-10
1.354556e-09
2.310973e-09
3.771585e-10
2.597837e-09
3.198141e-10
2.266291e-09
2.672837e-10
4.986717e-10
1.954467e-10
7.529787e-11
2.010189e-10
1.637552e-10
2.503970e-10
1.968469e-10
9.933596e-10
1.076971e-10
2.541280e-10
1.575625e-10
4.767950e-10
5.743728e-10
1.707258e-09
1.934128e-09
1.989933e-09
1.968828e-09
7.415876e-10
4.821182e-10
4.817047e-10
6.053764e-10
1.327448e-09
2.377319e-09
2.037578e-09
2.035673e-09
7.417261e-10
4.821313e-10
4.816878e-10
6.053782e-10
1.327448e-09
2.377320e-09
2.037578e-09
2.035673e-09
7.417261e-10
4.821313e-10
4.816878e-10
6.053782e-10
1.327448e-09
2.377320e-09
2.037578e-09
2.035673e-09
7.417263e-10
4.821318e-10
4.816983e-10
6.054188e-10
1.329076e-09
2.405473e-09
2.282940e-09
3.088870e-09
1.697437e-09
3.807104e-09
7.896045e-10
1.437911e-09
1.331584e-09
7.380280e-10
2.428150e-09
4.473628e-09
6.130918e-09
2.422125e-09
3.798174e-10
2.551185e-10
8.523082e-11
1.475525e-11
4.845172e-11
7.529694e-11
9.144108e-10
1.069651e-10
1.136356e-09
1.250520e-09
6.526159e-09
1.362014e-09
4.175420e-09
1.665120e-09
8.259337e-10
7.657124e-10
6.921508e-10
1.117730e-09
3.335398e-09
1.046908e-08
1.548036e-08
1.035107e-08
7.869339e-09
7.799428e-09
3.586564e-09
4.127597e-09
4.530142e-09
8.854553e-09
8.719483e-09
1.163199e-08
6.341633e-09
2.266499e-09
8.732724e-10
1.025785e-09
2.263473e-09
2.079920e-10
2.155339e-09
1.597275e-08
1.857483e-08
3.235960e-08
2.077664e-08
7.781069e-09
3.442577e-09
1.021556e-09
6.226732e-10
7.861989e-10
1.247629e-09
6.225585e-10
1.325326e-08
4.431798e-09
8.979793e-09
4.311044e-09
5.190773e-10
7.965183e-10
2.826403e-09
1.857938e-09
6.660350e-09
2.966338e-10
2.852922e-09
1.269552e-08
4.724208e-08
2.950562e-08
7.728884e-08
1.087090e-08
2.141643e-09
7.681932e-10
8.553623e-10
2.262673e-10
1.142114e-09
1.125005e-09
7.586204e-10
5.524609e-10
1.501695e-09
3.091018e-09
7.225911e-09
1.257570e-08
1.054905e-08
4.418686e-09
1.483509e-09
3.074775e-09
8.419282e-09
9.908845e-09
1.108409e-08
4.004580e-09
2.193834e-09
2.630152e-08
9.446503e-09
1.483195e-08
6.625600e-09
1.179172e-08
7.418861e-09
2.167951e-09
2.076925e-09
3.669454e-10
8.492004e-09
4.103081e-10
9.755820e-10
6.336937e-10
2.084321e-09
5.125953e-10
1.861285e-09
5.596608e-10
1.659113e-09
2.616927e-09
1.445154e-08
2.429977e-09
3.118775e-09
3.232930e-09
1.169306e-08
4.685218e-09
7.768608e-09
7.846120e-09
1.884587e-08
2.170144e-08
8.777355e-08
1.561670e-08
3.462651e-09
1.327833e-08
3.166597e-09
9.479905e-10
5.854801e-10
6.787450e-10
2.693179e-09
1.341688e-08
1.491135e-08
1.990214e-08
6.027071e-09
5.114558e-09
3.733204e-09
4.743476e-10
4.787690e-12
9.503870e-12
4.566342e-11
4.948499e-11
1.396792e-10
3.549694e-10
5.402488e-10
1.137704e-09
2.795077e-09
1.198935e-09
4.086930e-10
2.739319e-09
3.154347e-09
4.930083e-10
2.715059e-09
4.937583e-10
3.001143e-09
2.948715e-10
8.556030e-10
2.044779e-10
1.186215e-10
2.087742e-10
1.367623e-10
2.490712e-10
2.005569e-10
1.030623e-09
2.176746e-10
7.906266e-10
1.290387e-10
4.461216e-10
4.323597e-10
1.529264e-09
1.623187e-09
1.989933e-09
2.305953e-09
8.270793e-10
8.575054e-10
5.356384e-10
4.653913e-10
1.157752e-09
2.038467e-09
2.097374e-09
2.752099e-09
8.281209e-10
8.580919e-10
5.355605e-10
4.654026e-10
1.157752e-09
2.038472e-09
2.097374e-09
2.752101e-09
8.281209e-10
8.580919e-10
5.355605e-10
4.654026e-10
1.157752e-09
2.038472e-09
2.097374e-09
2.752101e-09
8.281211e-10
8.580923e-10
5.355635e-10
4.654229e-10
1.158533e-09
2.051228e-09
2.204865e-09
3.795422e-09
1.723900e-09
4.120385e-09
1.031212e-09
1.379075e-09
1.211229e-09
4.145718e-10
2.283102e-09
3.848728e-09
7.009845e-09
8.633503e-09
2.857846e-09
1.190256e-09
2.236424e-10
4.171391e-11
7.472880e-11
5.449923e-11
8.341927e-10
3.748465e-11
9.042722e-10
1.531235e-09
7.835532e-09
9.209192e-10
6.686587e-09
1.949964e-09
1.199168e-09
1.284420e-09
6.757238e-10
8.989022e-10
2.062029e-09
5.432166e-09
1.111989e-08
1.340565e-08
1.131302e-08
9.624436e-09
5.172795e-09
4.862918e-09
3.851848e-09
6.205530e-09
7.898499e-09
1.218669e-08
7.675103e-09
4.768007e-09
1.343877e-09
1.480439e-09
2.557807e-09
2.929888e-10
1.647205e-09
3.568990e-09
1.821850e-08
2.839843e-08
1.843913e-08
2.417373e-08
6.891792e-09
1.846421e-09
1.036666e-09
1.182161e-09
1.248848e-09
3.640058e-10
1.404537e-08
4.598506e-09
1.216489e-08
6.642637e-09
1.199491e-09
1.143328e-09
2.456880e-09
2.340355e-09
7.738858e-09
1.398354e-09
3.294560e-09
3.627185e-09
4.323561e-08
3.105544e-08
8.167786e-08
2.019089e-08
1.888166e-08
1.625922e-09
2.418930e-09
1.618883e-10
1.082228e-09
1.422294e-09
8.692633e-10
6.152193e-10
3.070708e-09
1.325715e-09
3.643253e-09
1.407482e-08
1.524844e-08
6.562414e-09
1.350147e-09
8.324349e-10
5.373129e-09
9.137830e-09
1.126010e-08
5.833064e-09
8.066479e-09
4.010149e-08
7.789354e-09
1.167659e-08
4.928354e-09
1.522359e-08
9.944430e-09
4.598536e-09
4.832786e-09
2.105823e-09
2.469130e-08
1.205154e-09
1.351920e-09
4.681137e-10
2.262852e-09
6.089489e-10
2.103608e-09
8.504739e-10
6.863513e-10
3.804902e-09
1.762456e-08
2.917763e-09
7.695641e-09
2.308842e-09
1.148474e-08
5.612083e-09
1.249294e-08
6.764226e-09
1.048323e-08
1.634278e-08
1.007890e-07
2.237986e-08
6.085531e-09
1.875763e-08
1.260408e-08
3.510537e-09
1.302180e-09
5.809113e-10
1.468465e-09
1.211563e-08
1.445054e-08
2.086173e-08
7.836547e-09
7.564012e-09
1.036281e-08
1.705220e-09
4.538485e-10
4.789777e-12
4.339007e-11
4.695864e-11
7.654127e-11
3.773061e-11
1.707751e-10
5.657015e-10
1.406720e-09
1.056806e-09
8.669839e-10
3.034315e-09
3.454708e-09
5.752470e-10
2.522439e-09
4.144289e-10
3.440285e-09
1.578797e-10
9.136879e-10
1.994232e-10
1.241448e-10
1.931000e-10
8.795291e-11
9.938041e-11
1.877324e-10
9.897551e-10
2.143724e-10
1.129751e-09
6.981463e-11
1.012708e-10
2.085529e-10
8.231829e-10
9.583067e-10
1.398093e-09
1.968828e-09
8.270793e-10
9.957508e-10
5.257596e-10
1.546696e-10
4.526223e-10
1.366673e-09
1.507895e-09
2.478311e-09
8.304201e-10
9.976951e-10
5.255152e-10
1.546894e-10
4.526218e-10
1.366683e-09
1.507895e-09
2.478313e-09
8.304201e-10
9.976951e-10
5.255152e-10
1.546894e-10
4.526218e-10
1.366683e-09
1.507895e-09
2.478313e-09
8.304201e-10
9.976952e-10
5.255157e-10
1.546899e-10
4.527759e-10
1.369075e-09
1.524655e-09
2.637500e-09
1.558121e-09
3.976522e-09
8.687193e-10
1.089255e-09
7.366634e-10
2.221817e-10
1.186834e-09
3.663552e-09
6.881051e-09
8.463699e-09
9.256353e-09
1.844057e-09
3.728631e-10
7.163679e-11
6.274828e-11
3.910479e-11
3.493788e-10
1.822711e-11
7.410800e-10
1.144521e-09
7.050852e-09
5.775249e-10
6.426712e-09
1.552606e-09
1.137300e-09
1.661734e-09
5.593812e-10
4.449600e-10
6.455560e-10
1.683152e-09
5.969732e-09
5.778318e-09
6.946049e-09
1.283859e-08
7.071964e-09
3.177498e-09
2.912687e-09
3.371946e-09
4.955933e-09
9.323425e-09
6.021189e-09
5.537634e-09
2.260846e-09
1.407249e-09
2.523509e-09
4.941108e-10
1.007880e-09
1.729701e-09
2.434320e-09
1.449101e-08
1.801160e-08
1.955272e-08
8.611945e-09
4.898782e-09
4.287569e-09
1.118462e-09
1.310588e-09
1.384681e-10
9.771709e-09
3.976265e-09
1.248976e-08
6.738562e-09
2.036382e-09
1.908616e-09
9.964092e-10
2.707966e-09
7.196165e-09
1.261611e-09
4.939093e-09
3.634454e-10
7.239966e-09
2.252038e-08
7.915359e-08
2.232882e-08
2.227438e-08
3.570603e-09
2.553441e-09
1.710396e-10
7.860564e-10
9.901512e-10
9.901626e-10
6.752789e-10
2.884324e-09
8.054912e-10
1.836989e-09
9.468562e-09
1.202116e-08
8.210618e-09
5.268841e-09
8.774994e-10
2.039353e-09
8.044457e-09
6.823542e-09
5.743240e-09
7.956848e-09
4.192231e-08
2.861495e-09
8.718016e-09
3.728032e-09
9.273050e-09
1.237875e-08
1.263103e-08
1.092722e-08
6.420578e-09
3.122892e-08
1.918891e-09
2.039116e-09
2.776469e-10
1.333887e-09
6.478594e-10
2.120326e-09
1.355613e-09
1.003235e-09
3.642935e-09
1.727900e-08
1.807063e-09
7.477394e-09
2.270694e-09
7.464625e-09
3.338334e-09
1.248632e-08
7.218805e-09
5.022248e-09
9.696096e-09
7.707537e-08
1.157994e-08
1.403787e-08
2.298416e-08
1.406742e-08
8.199094e-09
1.403776e-09
6.117150e-10
5.903187e-10
4.304955e-09
1.047285e-08
1.871856e-08
7.322051e-09
7.677683e-09
1.158709e-08
2.754979e-09
1.066981e-09
4.491378e-11
4.048455e-11
4.588052e-11
7.062114e-11
9.522893e-12
1.054830e-10
1.937590e-10
5.983891e-10
5.463089e-10
3.265564e-10
2.951535e-09
4.390514e-09
6.484558e-10
2.293968e-09
4.263843e-10
3.205185e-09
2.993364e-10
7.409469e-10
1.763299e-10
1.355613e-10
1.247939e-10
1.258024e-10
5.203310e-11
6.487493e-11
8.919422e-10
2.077840e-10
1.134332e-09
1.395029e-10
1.223124e-10
4.947323e-11
6.006311e-10
2.873238e-10
7.394493e-10
1.119923e-09
7.415876e-10
8.575054e-10
5.257596e-10
2.778705e-10
1.203392e-10
7.224408e-10
8.555219e-10
1.621992e-09
7.554580e-10
8.624041e-10
5.245633e-10
2.784197e-10
1.203374e-10
7.224855e-10
8.555236e-10
1.621996e-09
7.554580e-10
8.624041e-10
5.245633e-10
2.784197e-10
1.203374e-10
7.224855e-10
8.555236e-10
1.621996e-09
7.554580e-10
8.624042e-10
5.245634e-10
2.784199e-10
1.203445e-10
7.232516e-10
8.580405e-10
1.645773e-09
8.582712e-10
3.564619e-09
7.838757e-10
9.887088e-10
4.385698e-10
1.665696e-10
5.469111e-10
2.973916e-09
6.268761e-09
8.985995e-09
1.121738e-08
2.227001e-09
1.042598e-09
5.915384e-10
6.612859e-11
4.511462e-11
3.183878e-10
5.940168e-12
6.971485e-10
1.045810e-09
5.163075e-09
4.655812e-10
6.026416e-09
1.260458e-09
1.139969e-09
1.431363e-09
4.764946e-10
2.887125e-10
2.571961e-10
3.744839e-10
1.495642e-09
3.110990e-09
3.189586e-09
7.138925e-09
5.378714e-09
5.247851e-09
2.131698e-09
2.059488e-09
2.583319e-09
4.885359e-09
4.851782e-09
3.563963e-09
1.796749e-09
2.438177e-09
2.749558e-09
3.228545e-10
7.653172e-10
1.715214e-09
2.148384e-09
1.669614e-09
1.305166e-08
7.948602e-09
8.518838e-09
1.397948e-08
1.274648e-08
1.911270e-09
1.258905e-09
3.056092e-10
5.431206e-09
3.263772e-09
1.207404e-08
6.286843e-09
3.032038e-09
3.035627e-09
1.082792e-09
2.615764e-09
6.848160e-09
1.359929e-09
4.197775e-09
1.550502e-09
1.273844e-09
1.071336e-08
7.102445e-08
1.899964e-08
1.986541e-08
8.915563e-09
1.787994e-08
1.708938e-10
7.802067e-10
8.694381e-10
6.662469e-10
7.946651e-10
3.342786e-09
6.421596e-10
1.896371e-09
6.588414e-09
1.033867e-08
6.492744e-09
2.977718e-09
2.245195e-09
3.823808e-09
5.844200e-09
4.610222e-09
4.590877e-09
4.903494e-09
4.095845e-08
4.006766e-09
9.760325e-09
2.566933e-09
7.215205e-09
1.135040e-08
1.313275e-08
1.613393e-08
1.200991e-08
4.501920e-08
9.137201e-09
3.625824e-09
2.413031e-10
1.105617e-09
4.783804e-10
1.893455e-09
1.869097e-09
1.147884e-09
6.077941e-09
1.180511e-08
1.651334e-09
7.037116e-09
8.626781e-10
5.240635e-09
3.065789e-09
1.145041e-08
5.377014e-09
4.649778e-09
6.266455e-09
5.858976e-08
7.977199e-09
5.051507e-09
1.902847e-08
2.146754e-08
9.202568e-09
3.966799e-09
1.742116e-09
1.275652e-09
1.596465e-09
6.520181e-09
1.548040e-08
5.162153e-09
6.714951e-09
1.207898e-08
4.654711e-09
2.926435e-09
2.158059e-10
2.266248e-10
1.683228e-11
4.738613e-11
3.687171e-12
1.275084e-11
1.217225e-11
5.386002e-11
5.210526e-11
6.514341e-11
2.334341e-09
2.380682e-09
8.217520e-10
4.863767e-10
2.667871e-10
1.579702e-09
2.442352e-10
1.098449e-09
3.079759e-11
9.390852e-11
5.200695e-11
6.007876e-11
5.033883e-11
2.295171e-11
4.408829e-11
1.204304e-10
9.416823e-10
1.064539e-10
3.045897e-10
9.277165e-12
3.733968e-11
5.770597e-11
5.027642e-11
1.582119e-10
1.415228e-10
4.821182e-10
5.356384e-10
1.546696e-10
1.203392e-10
7.056117e-11
1.776687e-10
6.851617e-10
1.449413e-10
4.861972e-10
5.280152e-10
1.560283e-10
1.203108e-10
7.067883e-11
1.776780e-10
6.851778e-10
1.449413e-10
4.861972e-10
5.280151e-10
1.560283e-10
1.203108e-10
7.067883e-11
1.776780e-10
6.851778e-10
1.449413e-10
4.861972e-10
5.280152e-10
1.560284e-10
1.203113e-10
7.068598e-11
1.778976e-10
6.871909e-10
1.473040e-10
5.465691e-10
7.386759e-10
3.504072e-10
2.216421e-10
1.197191e-10
9.668829e-11
4.668649e-10
1.806832e-09
7.324330e-09
1.156289e-08
2.103135e-09
1.401174e-09
3.946858e-10
1.262699e-10
2.908745e-11
9.024924e-11
4.688818e-12
5.806510e-11
3.626935e-10
2.386398e-09
2.169137e-10
3.664624e-09
3.700720e-10
7.681920e-10
1.570687e-09
1.419866e-10
1.023137e-10
1.031560e-10
9.664266e-11
1.491758e-10
3.256685e-10
6.399628e-10
1.679594e-09
3.209288e-09
2.435831e-09
8.846190e-10
8.681859e-10
1.259091e-09
6.221440e-10
1.088420e-09
3.069844e-09
1.454502e-09
1.326664e-09
7.560814e-10
3.868731e-10
7.003742e-10
9.557111e-10
7.492837e-10
4.019956e-10
4.659606e-10
3.699376e-09
4.982935e-09
3.922479e-09
3.355752e-08
1.639392e-09
1.226218e-09
4.032476e-10
3.386578e-09
6.628581e-10
4.090542e-09
2.817722e-09
2.954416e-09
2.916662e-09
6.744081e-10
2.725103e-09
1.398204e-09
1.251800e-09
3.052218e-09
1.587208e-09
1.779757e-09
2.802204e-10
7.908412e-09
9.452348e-09
1.842487e-08
6.351983e-09
1.926362e-08
1.386682e-09
6.705851e-10
5.441610e-10
2.355564e-10
4.181611e-10
3.204912e-09
5.001837e-10
1.194643e-09
1.052809e-09
2.944455e-09
3.256750e-09
2.831126e-09
1.115353e-09
2.301043e-09
5.224808e-09
7.804393e-10
2.748179e-09
3.113142e-09
2.380151e-08
2.216090e-09
7.126668e-09
1.003114e-09
2.525893e-09
5.460561e-09
1.244748e-08
1.523901e-08
1.100622e-08
4.230093e-08
1.197662e-08
4.420715e-09
3.624565e-10
2.232553e-10
2.556269e-10
7.434771e-10
1.733399e-09
7.214763e-10
5.266667e-09
6.105014e-09
4.197637e-10
6.389438e-09
4.084595e-10
2.432115e-09
1.151285e-09
6.208261e-09
1.864239e-09
3.385149e-09
3.812069e-09
1.549828e-08
3.901718e-09
3.612849e-09
9.984632e-09
1.358991e-08
9.024868e-09
4.469699e-09
3.945713e-09
1.683379e-09
6.053398e-10
9.951385e-10
2.949203e-09
2.058782e-09
2.695276e-09
9.830782e-09
4.854304e-09
3.072944e-09
6.661605e-10
4.376494e-10
4.500970e-11
2.025534e-11
2.933549e-12
1.049365e-11
2.802642e-12
3.009168e-11
1.288735e-11
4.566965e-11
1.017495e-09
1.993169e-09
1.160723e-09
1.297259e-09
3.848030e-10
1.106121e-09
6.042681e-10
1.119622e-09
2.633269e-10
1.358288e-10
4.976678e-11
1.982292e-10
5.752355e-11
2.781768e-10
3.829785e-11
4.538451e-11
5.260697e-10
1.150584e-10
3.797278e-10
9.509172e-11
4.973029e-11
1.715303e-11
4.143536e-11
6.693719e-11
7.452280e-11
2.541328e-10
4.817047e-10
4.653913e-10
4.526223e-10
7.224408e-10
1.776687e-10
1.174268e-09
8.069222e-11
2.285211e-10
4.589986e-10
5.126782e-10
4.520740e-10
7.350472e-10
1.777657e-10
1.174957e-09
8.069235e-11
2.285212e-10
4.589985e-10
5.126782e-10
4.520740e-10
7.350473e-10
1.777657e-10
1.174957e-09
8.069235e-11
2.285212e-10
4.589985e-10
5.126782e-10
4.520741e-10
7.350500e-10
1.777867e-10
1.176584e-09
8.123008e-11
2.417964e-10
5.067026e-10
6.572456e-10
5.235181e-10
7.680323e-10
3.848990e-10
5.042261e-10
7.185401e-10
6.614449e-09
1.322549e-08
2.340142e-09
1.704679e-09
7.930211e-10
1.021612e-09
3.839706e-10
4.722183e-11
2.121103e-11
4.901977e-11
5.022880e-11
1.057064e-09
2.565887e-10
1.809052e-09
6.303300e-10
1.212677e-09
2.005415e-09
4.283771e-10
2.936415e-10
4.881193e-10
3.827197e-10
3.787250e-10
3.950789e-10
7.272051e-10
1.931153e-09
2.562565e-09
2.830649e-09
3.251875e-09
2.380116e-09
2.858083e-09
1.694696e-09
1.116251e-09
3.434570e-09
3.115457e-09
3.119670e-09
1.407409e-09
1.625225e-09
3.426316e-09
1.601706e-09
1.037607e-09
9.276308e-10
9.254751e-10
6.538588e-10
7.513664e-09
4.275043e-09
3.615774e-08
5.869082e-09
4.753331e-09
5.398860e-09
2.790563e-09
1.283093e-09
2.900535e-09
1.362057e-09
2.717025e-09
2.755194e-09
1.072648e-09
4.420495e-09
4.030674e-09
8.688453e-10
2.461647e-09
2.870927e-09
1.786322e-09
5.954732e-10
1.520586e-09
3.799438e-09
9.963548e-09
6.619437e-09
1.978675e-08
8.215537e-09
4.972569e-08
9.316600e-10
4.718636e-10
4.289624e-10
1.927035e-09
5.451695e-10
1.583263e-09
7.163289e-10
1.672003e-09
2.027122e-09
2.944942e-09
1.102335e-09
3.054063e-09
1.493292e-08
3.473427e-09
4.386937e-09
6.501568e-09
1.504897e-08
1.998700e-09
9.692125e-09
3.504473e-09
4.943304e-09
4.585873e-09
1.382358e-08
1.501411e-08
1.423269e-08
4.669639e-08
1.963273e-08
9.359050e-09
5.806709e-09
8.119382e-10
1.981577e-10
6.354599e-10
1.361675e-09
7.829084e-10
5.084818e-09
3.795935e-09
1.278958e-09
3.735315e-09
1.461863e-09
3.018394e-09
1.028778e-09
4.185616e-09
1.802392e-09
3.237849e-09
3.425517e-09
1.376842e-08
5.493388e-09
6.269690e-09
8.524271e-09
9.837683e-09
9.592452e-09
1.431312e-08
7.591844e-09
1.748913e-08
3.984645e-09
1.036791e-09
1.402459e-09
1.475333e-09
1.765425e-09
5.170085e-09
4.670514e-09
4.479194e-09
5.921933e-09
7.706550e-09
5.804962e-10
5.682127e-10
1.204578e-12
6.497705e-12
1.523508e-12
9.125404e-12
6.856747e-12
3.923370e-11
3.409022e-10
9.997963e-10
1.384318e-09
1.428100e-09
8.917080e-10
1.311366e-09
7.160302e-10
9.176419e-10
3.568643e-10
6.390204e-10
6.507954e-11
4.165281e-10
1.313647e-10
4.071139e-10
1.825480e-10
6.021620e-11
1.530391e-10
1.193957e-10
3.930171e-10
1.229358e-10
2.213300e-10
2.821670e-11
4.148661e-11
2.589575e-11
4.650360e-11
2.944414e-10
6.074175e-10
6.053764e-10
1.157752e-09
1.366673e-09
8.555219e-10
6.851617e-10
8.069222e-11
3.293551e-10
4.233894e-10
6.957840e-10
1.155262e-09
1.406024e-09
8.566396e-10
6.860152e-10
8.069292e-11
3.293556e-10
4.233889e-10
6.957841e-10
1.155262e-09
1.406024e-09
8.566396e-10
6.860152e-10
8.069292e-11
3.293556e-10
4.233889e-10
6.957841e-10
1.155262e-09
1.406025e-09
8.566434e-10
6.860532e-10
8.079305e-11
3.315271e-10
4.307456e-10
7.191688e-10
1.223664e-09
1.446139e-09
1.057340e-09
1.345084e-09
5.378688e-10
2.734069e-09
6.957473e-09
3.119624e-09
2.007815e-09
9.092556e-10
2.326789e-09
7.381539e-10
2.540722e-10
3.514557e-11
2.751067e-11
2.610689e-11
4.644167e-11
7.609771e-11
8.105432e-10
2.008556e-10
1.479845e-09
1.198258e-09
7.919353e-10
1.092928e-09
1.706369e-09
6.966938e-10
9.342323e-10
4.566108e-10
3.998474e-10
1.029656e-09
3.012107e-09
3.509266e-09
4.656260e-09
6.609159e-09
7.215434e-09
4.068164e-09
2.437332e-09
1.777752e-09
2.777251e-09
7.527371e-09
3.968490e-09
4.403919e-09
5.503722e-09
3.078275e-09
1.689064e-09
1.086194e-09
8.503089e-10
4.753214e-10
4.333177e-10
1.549771e-08
3.913880e-08
7.552896e-09
1.595018e-08
9.694412e-09
3.697086e-09
1.611397e-09
2.610657e-09
3.851177e-10
1.449848e-09
1.838886e-09
1.240343e-09
4.370045e-09
8.026266e-09
1.044619e-09
7.895325e-10
3.174353e-09
1.805331e-09
5.118749e-10
2.355465e-09
3.392697e-10
1.335268e-09
5.596988e-09
2.238907e-08
1.027566e-08
8.577248e-08
7.369160e-09
6.896034e-10
4.677600e-10
1.040928e-09
2.895636e-10
1.829563e-09
5.357884e-10
7.548369e-10
1.067972e-09
1.416633e-09
8.662296e-10
3.441468e-09
1.462201e-08
5.326288e-09
5.456142e-09
2.315579e-09
1.128580e-08
6.712295e-09
9.129498e-09
4.673379e-09
7.213276e-09
2.272491e-09
7.053902e-09
8.652554e-09
1.322860e-08
4.096855e-08
2.229470e-08
9.505131e-09
8.324982e-09
1.549913e-09
1.552638e-10
3.143093e-10
7.234749e-10
5.241407e-10
3.969704e-09
2.225474e-09
1.174821e-09
2.295001e-09
5.509467e-10
3.733779e-09
1.416255e-09
2.437500e-09
1.945291e-09
2.949290e-09
1.200157e-09
8.594631e-09
5.940057e-09
7.961693e-09
7.635686e-09
8.168864e-09
8.975026e-09
1.848757e-08
1.338891e-08
2.951118e-08
9.915146e-09
7.699973e-10
7.262207e-10
2.044806e-10
4.230617e-10
2.695715e-09
3.975687e-09
4.984313e-09
1.346731e-08
1.210562e-08
2.477009e-09
1.136691e-09
3.607399e-10
8.408036e-13
9.397586e-13
8.684908e-12
1.037248e-11
7.320033e-12
2.321163e-11
4.095548e-10
1.080703e-09
1.528345e-09
1.183007e-09
1.916275e-09
1.056421e-09
8.370990e-10
7.035835e-10
7.872116e-10
3.493935e-10
6.475831e-10
1.871207e-10
9.298497e-10
2.095336e-10
3.728746e-10
5.352318e-11
6.950089e-11
4.291332e-10
1.358080e-10
2.479596e-10
1.773771e-10
1.513414e-10
2.080817e-11
9.458782e-11
1.447036e-10
5.301058e-10
8.255311e-10
1.327448e-09
2.038467e-09
1.507895e-09
1.621992e-09
1.449413e-10
2.285211e-10
4.233894e-10
8.798162e-10
1.320407e-09
2.248124e-09
1.515345e-09
1.632083e-09
1.449446e-10
2.285240e-10
4.233867e-10
8.798165e-10
1.320407e-09
2.248125e-09
1.515345e-09
1.632083e-09
1.449446e-10
2.285240e-10
4.233867e-10
8.798165e-10
1.320407e-09
2.248125e-09
1.515346e-09
1.632093e-09
1.449471e-10
2.289513e-10
4.246453e-10
8.839025e-10
1.331337e-09
2.290478e-09
1.731260e-09
2.253495e-09
1.075988e-09
2.248439e-09
3.678228e-09
1.752268e-09
1.843523e-09
1.878392e-09
2.775840e-09
2.529527e-09
1.334971e-09
2.452962e-10
2.520983e-11
7.199538e-11
1.948713e-11
9.766491e-12
1.266793e-10
1.183091e-10
1.167775e-09
7.333254e-10
6.453032e-10
1.426285e-09
4.359432e-09
1.281875e-09
1.859823e-09
8.500705e-10
6.064380e-10
5.377954e-10
9.718012e-10
3.331798e-09
6.866370e-09
8.939250e-09
1.243605e-08
7.069984e-09
4.979032e-09
3.927928e-09
2.179875e-09
5.580166e-09
5.687352e-09
8.502848e-09
9.087385e-09
7.132970e-09
2.574963e-09
1.531092e-09
1.251654e-09
6.493782e-10
5.906019e-10
1.250503e-09
2.986969e-08
2.126539e-08
2.068828e-08
2.149081e-08
7.695488e-09
3.406526e-09
2.014978e-09
8.465245e-10
5.085549e-10
5.744398e-10
9.364089e-10
3.955275e-09
1.410026e-08
1.924999e-09
1.259256e-09
2.384417e-09
2.264286e-09
7.673935e-10
2.100751e-09
1.398504e-09
6.962228e-10
1.515247e-09
8.250060e-09
1.158420e-08
9.245455e-08
2.346928e-08
1.336505e-08
6.092438e-10
1.293126e-09
2.654521e-10
1.029922e-09
5.551350e-10
9.470227e-10
8.446433e-10
6.329963e-10
7.166510e-10
3.374848e-09
1.359840e-08
6.625376e-09
9.038129e-09
3.472922e-09
3.008189e-09
4.717228e-09
6.896525e-09
1.087990e-08
1.007151e-08
5.262329e-09
2.267555e-09
3.181077e-09
1.515479e-08
2.312947e-08
2.290337e-08
9.981578e-09
1.150228e-08
3.641217e-09
7.477871e-10
2.586776e-10
2.463130e-10
9.473667e-10
8.839530e-10
1.969425e-09
1.164797e-09
1.537221e-09
5.425359e-10
1.945238e-09
1.523079e-09
1.917238e-09
2.441011e-09
1.014079e-08
1.419881e-09
2.983220e-09
5.383727e-09
1.232616e-08
3.588562e-09
7.999638e-09
1.356966e-08
1.969494e-08
1.988357e-08
5.393830e-08
1.242414e-08
2.622917e-09
1.956220e-09
4.448451e-10
1.955657e-10
9.339117e-10
1.704633e-09
3.655957e-09
1.598780e-08
1.843515e-08
7.447071e-09
2.906781e-09
1.531682e-09
9.107930e-10
5.888250e-13
8.860453e-12
1.009183e-11
4.578151e-11
3.560387e-11
1.315202e-10
7.908676e-10
1.904832e-09
1.347974e-09
2.288344e-09
1.485065e-09
6.491393e-10
1.433250e-09
2.389864e-09
3.784108e-10
2.695967e-09
3.262632e-10
2.468192e-09
2.916715e-10
5.016644e-10
2.003045e-10
8.392825e-11
3.188791e-10
1.936421e-10
2.751278e-10
2.026355e-10
1.010892e-09
1.096131e-10
2.577261e-10
1.699448e-10
4.430624e-10
6.518395e-10
1.702586e-09
2.377319e-09
2.097374e-09
2.478311e-09
7.554580e-10
4.861972e-10
4.589986e-10
6.957840e-10
1.320407e-09
2.871761e-09
2.144653e-09
2.545827e-09
7.556020e-10
4.862103e-10
4.589818e-10
6.957858e-10
1.320407e-09
2.871762e-09
2.144653e-09
2.545828e-09
7.556020e-10
4.862103e-10
4.589818e-10
6.957858e-10
1.320407e-09
2.871762e-09
2.144653e-09
2.545833e-09
7.556027e-10
4.862338e-10
4.592953e-10
6.967888e-10
1.322684e-09
2.881537e-09
2.369124e-09
3.164980e-09
1.648462e-09
4.517780e-09
2.891990e-09
1.904669e-09
1.567906e-09
8.081738e-10
3.105353e-09
5.291407e-09
6.187136e-09
2.467884e-09
3.862547e-10
2.561628e-10
8.911605e-11
1.774025e-11
5.937884e-11
8.354031e-11
1.248574e-09
3.300973e-10
1.255288e-09
1.434577e-09
6.658683e-09
1.688605e-09
4.572045e-09
1.996953e-09
9.538449e-10
7.886660e-10
8.150691e-10
1.145588e-09
4.118586e-09
1.091222e-08
1.601696e-08
1.124708e-08
8.042076e-09
8.106720e-09
3.898541e-09
4.956895e-09
4.577432e-09
8.749538e-09
1.102149e-08
1.339974e-08
6.757509e-09
2.709164e-09
1.303276e-09
1.100121e-09
2.426194e-09
2.325091e-10
6.771745e-09
1.778698e-08
1.857407e-08
3.564269e-08
2.261897e-08
7.910342e-09
4.051311e-09
1.060696e-09
8.584326e-10
8.527632e-10
1.196485e-09
2.433460e-09
1.609126e-08
4.826064e-09
9.084640e-09
5.508864e-09
8.595633e-10
9.277541e-10
3.094220e-09
1.933277e-09
6.805109e-09
3.364391e-10
3.303799e-09
1.176328e-08
9.200633e-08
3.044697e-08
7.830355e-08
1.121791e-08
2.226281e-09
7.716444e-10
1.187035e-09
3.448371e-10
1.364407e-09
1.314903e-09
8.267700e-10
5.621884e-10
1.687183e-09
1.231125e-08
9.289420e-09
1.394604e-08
1.107284e-08
4.873832e-09
1.539195e-09
5.544546e-09
9.177086e-09
1.360206e-08
1.345117e-08
5.649465e-09
2.836185e-09
2.544346e-08
1.736308e-08
2.186251e-08
1.022986e-08
1.629800e-08
9.158533e-09
2.372958e-09
2.361003e-09
4.259218e-10
8.452310e-09
6.961976e-10
1.353184e-09
1.252461e-09
2.446488e-09
5.356362e-10
2.458168e-09
6.821537e-10
1.893324e-09
3.044648e-09
1.588066e-08
2.959255e-09
3.684335e-09
4.801563e-09
1.361519e-08
5.335200e-09
8.507252e-09
7.985311e-09
2.643342e-08
2.547599e-08
9.248919e-08
1.954844e-08
4.211881e-09
1.352274e-08
3.312332e-09
9.712977e-10
6.824056e-10
8.019268e-10
2.791595e-09
1.556757e-08
2.194638e-08
2.005477e-08
6.510860e-09
5.137790e-09
3.735477e-09
4.748845e-10
6.795734e-12
9.827444e-12
4.572797e-11
4.937048e-11
1.459901e-10
4.271038e-10
8.959414e-10
1.168412e-09
2.807508e-09
1.278116e-09
4.743754e-10
2.781266e-09
3.187515e-09
4.933161e-10
2.783796e-09
4.933827e-10
3.092734e-09
3.060878e-10
8.591083e-10
2.055054e-10
1.220182e-10
2.440405e-10
1.489082e-10
2.608520e-10
2.020121e-10
1.037200e-09
2.189651e-10
7.917281e-10
1.322445e-10
4.256700e-10
4.688544e-10
1.526040e-09
1.824433e-09
2.037578e-09
2.752099e-09
8.304201e-10
8.624041e-10
5.280152e-10
5.126782e-10
1.155262e-09
2.248124e-09
2.144653e-09
3.236312e-09
8.313868e-10
8.629965e-10
5.279375e-10
5.126895e-10
1.155262e-09
2.248130e-09
2.144653e-09
3.236314e-09
8.313868e-10
8.629965e-10
5.279375e-10
5.126895e-10
1.155262e-09
2.248130e-09
2.144653e-09
3.236318e-09
8.313872e-10
8.630128e-10
5.280305e-10
5.132241e-10
1.156357e-09
2.252026e-09
2.242269e-09
3.906239e-09
1.689352e-09
4.616356e-09
2.030162e-09
1.604600e-09
1.320758e-09
4.269794e-10
2.672669e-09
4.009726e-09
7.029249e-09
9.069446e-09
2.865818e-09
1.196100e-09
2.247182e-10
4.268463e-11
8.233671e-11
5.659733e-11
1.054076e-09
8.712783e-11
9.207274e-10
1.614767e-09
7.913209e-09
1.017770e-09
6.831332e-09
2.052258e-09
1.274382e-09
1.381775e-09
7.348791e-10
9.099155e-10
2.467405e-09
5.631062e-09
1.135746e-08
1.343419e-08
1.144589e-08
9.805290e-09
5.293119e-09
5.552478e-09
3.875828e-09
6.176401e-09
9.610576e-09
1.264097e-08
7.895053e-09
5.157625e-09
1.566663e-09
1.527196e-09
2.565081e-09
3.095740e-10
5.003820e-09
4.067255e-09
1.814066e-08
3.132840e-08
1.914927e-08
2.422823e-08
7.367606e-09
1.854718e-09
1.072517e-09
1.217150e-09
1.217722e-09
5.869857e-10
1.602577e-08
4.820887e-09
1.220986e-08
7.660657e-09
1.319111e-09
1.177002e-09
2.577647e-09
2.367875e-09
7.801969e-09
1.436631e-09
3.505714e-09
3.390862e-09
7.163771e-08
3.155772e-08
8.177453e-08
2.036406e-08
1.909968e-08
1.639800e-09
2.653337e-09
1.789733e-10
1.144610e-09
1.558892e-09
8.995644e-10
6.199436e-10
3.185517e-09
3.971395e-09
4.185875e-09
1.510813e-08
1.541690e-08
6.932476e-09
1.363388e-09
1.129337e-09
5.841216e-09
1.024312e-08
1.185056e-08
6.589412e-09
1.011214e-08
3.934358e-08
1.280167e-08
1.573049e-08
5.860808e-09
1.838646e-08
1.027969e-08
4.794264e-09
5.153900e-09
2.158303e-09
2.468185e-08
1.342482e-09
1.485224e-09
6.255335e-10
2.525215e-09
6.139915e-10
2.341773e-09
8.669237e-10
7.099617e-10
4.067983e-09
1.839147e-08
3.032046e-09
8.242310e-09
2.884314e-09
1.278064e-08
6.089249e-09
1.298614e-08
6.680095e-09
1.522958e-08
1.872420e-08
1.047788e-07
2.541506e-08
6.393821e-09
1.920919e-08
1.279402e-08
3.523728e-09
1.387646e-09
6.204053e-10
1.505533e-09
1.353167e-08
1.796507e-08
2.084525e-08
8.350292e-09
7.604154e-09
1.037157e-08
1.709043e-09
4.541393e-10
4.803389e-12
4.339430e-11
4.694595e-11
7.674010e-11
4.090395e-11
1.806761e-10
5.700480e-10
1.407881e-09
1.093891e-09
8.783395e-10
3.045719e-09
3.465179e-09
5.754573e-10
2.534074e-09
4.143308e-10
3.495856e-09
1.582204e-10
9.140147e-10
1.996877e-10
1.249372e-10
1.993831e-10
8.830474e-11
1.010428e-10
1.879016e-10
9.903209e-10
2.144373e-10
1.130251e-09
6.993443e-11
1.008814e-10
2.138061e-10
8.225712e-10
9.895937e-10
1.405421e-09
2.035673e-09
8.281209e-10
9.976951e-10
5.245633e-10
1.560283e-10
4.520740e-10
1.406024e-09
1.515345e-09
2.545827e-09
8.313868e-10
1.002192e-09
5.243112e-10
1.560483e-10
4.520735e-10
1.406035e-09
1.515346e-09
2.545829e-09
8.313868e-10
1.002192e-09
5.243112e-10
1.560483e-10
4.520735e-10
1.406035e-09
1.515346e-09
2.545830e-09
8.313870e-10
1.002197e-09
5.243266e-10
1.560632e-10
4.522894e-10
1.406761e-09
1.530563e-09
2.646700e-09
1.541383e-09
4.124951e-09
1.033984e-09
1.134876e-09
7.537387e-10
2.239847e-10
1.277629e-09
3.724135e-09
6.884237e-09
8.466247e-09
9.258397e-09
1.876248e-09
3.731338e-10
7.178306e-11
6.398513e-11
3.924687e-11
3.556403e-10
2.040502e-11
7.458441e-10
1.159102e-09
7.070710e-09
5.824481e-10
6.463941e-09
1.571288e-09
1.146676e-09
1.667352e-09
5.717333e-10
4.599653e-10
7.066697e-10
1.712626e-09
6.006900e-09
5.779841e-09
6.985143e-09
1.286874e-08
7.102757e-09
3.282295e-09
2.920886e-09
3.374293e-09
5.222896e-09
9.553118e-09
6.069098e-09
5.591746e-09
2.302406e-09
1.421837e-09
2.532917e-09
5.106912e-10
1.687372e-09
1.790573e-09
2.432283e-09
1.557941e-08
1.834974e-08
1.961480e-08
8.789347e-09
4.894224e-09
4.303283e-09
1.122285e-09
1.295739e-09
1.594898e-10
9.977151e-09
3.996331e-09
1.251539e-08
7.337966e-09
2.054898e-09
1.913337e-09
1.007796e-09
2.716587e-09
7.206281e-09
1.264333e-09
5.071883e-09
3.554485e-10
9.475338e-09
2.261183e-08
7.921212e-08
2.236335e-08
2.231476e-08
3.574760e-09
2.568074e-09
1.804312e-10
7.925850e-10
9.993225e-10
1.003450e-09
6.755428e-10
2.899939e-09
1.311901e-09
1.899398e-09
9.573033e-09
1.207951e-08
8.432030e-09
5.275305e-09
9.146700e-10
2.078307e-09
8.604947e-09
6.884335e-09
5.933069e-09
8.154738e-09
4.157231e-08
3.274637e-09
9.641610e-09
3.984491e-09
1.012366e-08
1.257943e-08
1.266030e-08
1.094363e-08
6.455687e-09
3.125540e-08
1.937071e-09
2.070855e-09
2.874960e-10
1.357382e-09
6.492927e-10
2.198443e-09
1.357695e-09
1.010082e-09
3.682658e-09
1.767037e-08
1.810401e-09
7.582315e-09
2.462877e-09
7.568589e-09
3.371935e-09
1.275187e-08
7.216938e-09
5.561273e-09
1.009135e-08
7.832800e-08
1.238582e-08
1.423434e-08
2.313305e-08
1.410038e-08
8.307036e-09
1.417629e-09
6.156775e-10
5.946993e-10
4.573465e-09
1.123247e-08
1.871364e-08
7.505505e-09
7.680477e-09
1.160209e-08
2.756462e-09
1.067655e-09
4.512917e-11
4.048612e-11
4.587571e-11
7.071129e-11
9.667978e-12
1.092035e-10
1.939549e-10
5.985511e-10
5.515365e-10
3.333462e-10
2.955762e-09
4.397239e-09
6.484512e-10
2.295668e-09
4.263766e-10
3.230565e-09
2.994966e-10
7.409782e-10
1.763473e-10
1.358174e-10
1.257205e-10
1.259634e-10
5.211203e-11
6.489780e-11
8.920216e-10
2.077987e-10
1.134569e-09
1.395559e-10
1.222835e-10
4.970704e-11
6.003959e-10
2.918468e-10
7.404913e-10
1.129372e-09
7.417261e-10
8.580919e-10
5.255152e-10
2.784197e-10
1.203108e-10
7.350472e-10
8.566396e-10
1.632083e-09
7.556020e-10
8.629965e-10
5.243112e-10
2.791062e-10
1.203090e-10
7.350919e-10
8.566413e-10
1.632087e-09
7.556020e-10
8.629965e-10
5.243112e-10
2.791062e-10
1.203090e-10
7.350919e-10
8.566413e-10
1.632087e-09
7.556021e-10
8.629995e-10
5.243141e-10
2.791118e-10
1.203190e-10
7.353249e-10
8.589269e-10
1.647145e-09
8.559122e-10
3.654511e-09
8.151207e-10
1.006005e-09
4.410644e-10
1.668434e-10
5.597436e-10
3.011652e-09
6.269886e-09
8.986992e-09
1.121791e-08
2.227182e-09
1.042715e-09
5.951319e-10
6.618668e-11
4.519204e-11
3.208312e-10
6.040104e-12
6.989369e-10
1.054920e-09
5.169462e-09
4.670075e-10
6.040737e-09
1.264986e-09
1.142119e-09
1.432112e-09
4.777037e-10
2.892564e-10
2.653646e-10
3.795460e-10
1.500683e-09
3.111185e-09
3.194608e-09
7.149442e-09
5.394104e-09
5.266837e-09
2.132333e-09
2.059722e-09
2.624843e-09
4.918537e-09
4.870790e-09
3.585703e-09
1.807740e-09
2.437812e-09
2.752074e-09
3.243339e-10
9.549081e-10
1.744397e-09
2.147014e-09
1.720193e-09
1.317702e-08
7.967429e-09
8.582138e-09
1.398492e-08
1.275001e-08
1.911571e-09
1.255932e-09
3.154217e-10
5.488434e-09
3.268175e-09
1.208489e-08
6.570534e-09
3.043374e-09
3.037924e-09
1.085140e-09
2.618248e-09
6.851019e-09
1.361056e-09
4.257795e-09
1.546333e-09
1.443055e-09
1.073999e-08
7.104613e-08
1.901564e-08
1.988744e-08
8.916403e-09
1.788692e-08
1.711203e-10
7.825647e-10
8.719361e-10
6.689155e-10
7.948040e-10
3.350641e-09
8.039503e-10
1.920827e-09
6.620101e-09
1.035594e-08
6.596104e-09
2.975764e-09
2.260257e-09
3.833990e-09
5.976336e-09
4.636384e-09
4.650649e-09
4.968102e-09
4.061099e-08
4.177311e-09
1.019161e-08
2.667289e-09
7.502410e-09
1.148046e-08
1.313452e-08
1.613961e-08
1.201738e-08
4.500592e-08
9.155180e-09
3.644413e-09
2.428931e-10
1.110591e-09
4.787004e-10
1.930411e-09
1.870556e-09
1.149392e-09
6.103507e-09
1.189831e-08
1.651916e-09
7.079404e-09
9.051750e-10
5.270233e-09
3.076553e-09
1.156076e-08
5.344560e-09
4.964824e-09
6.376164e-09
5.907201e-08
8.192797e-09
5.091441e-09
1.906971e-08
2.149980e-08
9.210720e-09
3.975271e-09
1.751919e-09
1.278073e-09
1.652362e-09
6.836780e-09
1.547846e-08
5.187134e-09
6.714960e-09
1.207911e-08
4.654862e-09
2.928124e-09
2.159592e-10
2.267397e-10
1.683216e-11
4.738934e-11
3.693035e-12
1.279182e-11
1.217745e-11
5.386142e-11
5.220520e-11
6.529031e-11
2.335648e-09
2.381348e-09
8.217514e-10
4.864570e-10
2.667859e-10
1.581753e-09
2.442439e-10
1.098458e-09
3.079780e-11
9.391392e-11
5.205614e-11
6.008263e-11
5.034529e-11
2.295198e-11
4.408981e-11
1.204307e-10
9.416958e-10
1.064559e-10
3.045778e-10
9.280307e-12
3.733809e-11
5.792169e-11
5.030312e-11
1.584219e-10
1.415259e-10
4.821313e-10
5.355605e-10
1.546894e-10
1.203374e-10
7.067883e-11
1.777657e-10
6.860152e-10
1.449446e-10
4.862103e-10
5.279375e-10
1.560483e-10
1.203090e-10
7.079655e-11
1.777749e-10
6.860313e-10
1.449446e-10
4.862104e-10
5.279375e-10
1.560483e-10
1.203090e-10
7.079656e-11
1.777750e-10
6.860313e-10
1.449446e-10
4.862104e-10
5.279384e-10
1.560485e-10
1.203096e-10
7.079873e-11
1.779744e-10
6.873071e-10
1.472510e-10
5.485776e-10
7.483736e-10
3.510907e-10
2.217967e-10
1.197312e-10
9.697638e-11
4.677111e-10
1.806978e-09
7.324519e-09
1.156304e-08
2.103144e-09
1.401184e-09
3.946872e-10
1.262725e-10
2.908908e-11
9.041899e-11
4.693270e-12
5.808140e-11
3.629344e-10
2.387362e-09
2.170694e-10
3.666886e-09
3.702527e-10
7.683995e-10
1.570813e-09
1.420361e-10
1.023295e-10
1.034326e-10
9.680864e-11
1.493826e-10
3.257017e-10
6.400988e-10
1.679961e-09
3.212468e-09
2.441642e-09
8.846437e-10
8.681730e-10
1.263756e-09
6.230032e-10
1.088886e-09
3.076755e-09
1.456793e-09
1.326751e-09
7.561514e-10
3.868944e-10
7.110164e-10
9.600338e-10
7.491557e-10
4.048761e-10
4.674660e-10
3.701344e-09
4.994773e-09
3.922917e-09
3.355972e-08
1.639574e-09
1.225889e-09
4.035890e-10
3.406814e-09
6.632139e-10
4.090884e-09
2.828657e-09
2.958975e-09
2.917705e-09
6.746077e-10
2.725352e-09
1.398405e-09
1.251949e-09
3.059762e-09
1.586576e-09
1.853930e-09
2.805812e-10
7.909559e-09
9.453331e-09
1.842944e-08
6.351993e-09
1.926759e-08
1.386707e-09
6.706274e-10
5.444154e-10
2.356320e-10
4.181708e-10
3.207725e-09
5.221931e-10
1.197320e-09
1.054919e-09
2.945625e-09
3.263642e-09
2.830347e-09
1.119389e-09
2.303205e-09
5.245368e-09
7.811388e-10
2.760548e-09
3.119821e-09
2.374525e-08
2.249905e-09
7.238534e-09
1.009251e-09
2.549208e-09
5.475710e-09
1.244795e-08
1.524101e-08
1.100670e-08
4.229587e-08
1.198033e-08
4.424333e-09
3.625671e-10
2.235258e-10
2.556402e-10
7.460543e-10
1.733844e-09
7.217822e-10
5.269642e-09
6.120718e-09
4.197852e-10
6.398359e-09
4.109972e-10
2.437569e-09
1.152535e-09
6.215075e-09
1.862842e-09
3.464321e-09
3.844632e-09
1.555690e-08
3.922054e-09
3.618459e-09
9.991370e-09
1.359198e-08
9.026322e-09
4.470562e-09
3.946331e-09
1.683558e-09
6.083909e-10
1.016640e-09
2.949020e-09
2.060788e-09
2.695276e-09
9.830782e-09
4.854304e-09
3.072945e-09
6.661617e-10
4.377002e-10
4.501101e-11
2.025638e-11
2.935511e-12
1.051311e-11
2.803087e-12
3.009214e-11
1.289565e-11
4.569783e-11
1.017774e-09
1.993548e-09
1.160723e-09
1.297309e-09
3.848027e-10
1.106576e-09
6.042723e-10
1.119627e-09
2.633272e-10
1.358295e-10
4.977633e-11
1.982306e-10
5.752492e-11
2.781769e-10
3.829799e-11
4.538457e-11
5.260726e-10
1.150590e-10
3.797220e-10
9.509352e-11
4.973007e-11
1.717075e-11
4.144396e-11
6.698199e-11
7.452347e-11
2.541357e-10
4.816878e-10
4.654026e-10
4.526218e-10
7.224855e-10
1.776780e-10
1.174957e-09
8.069292e-11
2.285240e-10
4.589818e-10
5.126895e-10
4.520735e-10
7.350919e-10
1.777749e-10
1.175645e-09
8.069306e-11
2.285241e-10
4.589817e-10
5.126895e-10
4.520735e-10
7.350920e-10
1.777750e-10
1.175645e-09
8.069306e-11
2.285241e-10
4.589819e-10
5.126897e-10
4.520737e-10
7.350928e-10
1.777940e-10
1.176678e-09
8.121815e-11
2.422343e-10
5.088086e-10
6.576356e-10
5.235658e-10
7.680351e-10
3.849628e-10
5.044133e-10
7.185718e-10
6.614570e-09
1.322562e-08
2.340146e-09
1.704682e-09
7.930218e-10
1.021613e-09
3.839708e-10
4.723604e-11
2.121348e-11
4.902571e-11
5.024892e-11
1.057381e-09
2.566836e-10
1.809831e-09
6.304024e-10
1.212758e-09
2.005517e-09
4.283944e-10
2.936434e-10
4.881816e-10
3.827750e-10
3.787916e-10
3.950828e-10
7.272496e-10
1.931238e-09
2.563613e-09
2.834288e-09
3.251911e-09
2.380102e-09
2.859292e-09
1.694953e-09
1.116361e-09
3.436109e-09
3.116826e-09
3.119752e-09
1.407427e-09
1.625236e-09
3.431845e-09
1.603175e-09
1.037578e-09
9.291873e-10
9.262604e-10
6.540306e-10
7.520053e-09
4.275327e-09
3.615968e-08
5.869134e-09
4.753226e-09
5.399090e-09
2.797269e-09
1.283292e-09
2.900702e-09
1.365348e-09
2.719240e-09
2.755790e-09
1.072785e-09
4.420665e-09
4.030752e-09
8.688890e-10
2.464648e-09
2.870396e-09
1.825705e-09
5.956814e-10
1.520748e-09
3.799732e-09
9.965084e-09
6.619442e-09
1.978955e-08
8.215553e-09
4.972572e-08
9.316865e-10
4.718910e-10
4.289655e-10
1.928018e-09
5.576171e-10
1.584896e-09
7.170812e-10
1.672402e-09
2.029387e-09
2.944698e-09
1.104544e-09
3.055593e-09
1.495158e-08
3.473693e-09
4.390865e-09
6.505654e-09
1.502410e-08
2.017884e-09
9.771835e-09
3.508440e-09
4.954288e-09
4.590972e-09
1.382397e-08
1.501545e-08
1.423309e-08
4.669257e-08
1.963512e-08
9.361457e-09
5.807001e-09
8.120065e-10
1.981621e-10
6.364162e-10
1.361810e-09
7.830756e-10
5.086955e-09
3.802405e-09
1.278971e-09
3.738305e-09
1.463417e-09
3.021024e-09
1.029265e-09
4.188640e-09
1.801800e-09
3.276104e-09
3.445302e-09
1.381160e-08
5.504671e-09
6.271733e-09
8.527181e-09
9.838362e-09
9.592853e-09
1.431396e-08
7.592245e-09
1.748938e-08
3.986184e-09
1.047327e-09
1.402409e-09
1.476283e-09
1.765425e-09
5.170085e-09
4.670514e-09
4.479194e-09
5.921933e-09
7.706551e-09
5.804964e-10
5.682308e-10
1.204660e-12
6.498558e-12
1.523542e-12
9.125413e-12
6.857103e-12
3.923422e-11
3.409406e-10
9.998550e-10
1.384318e-09
1.428107e-09
8.917080e-10
1.311448e-09
7.160308e-10
9.176429e-10
3.568643e-10
6.390208e-10
6.507985e-11
4.165283e-10
1.313649e-10
4.071139e-10
1.825480e-10
6.021620e-11
1.530395e-10
1.193958e-10
3.930166e-10
1.229360e-10
2.213299e-10
2.821727e-11
4.148677e-11
2.590206e-11
4.650370e-11
2.944418e-10
6.074147e-10
6.053782e-10
1.157752e-09
1.366683e-09
8.555236e-10
6.851778e-10
8.069235e-11
3.293556e-10
4.233867e-10
6.957858e-10
1.155262e-09
1.406035e-09
8.566413e-10
6.860313e-10
8.069306e-11
3.293561e-10
4.233862e-10
6.957859e-10
1.155262e-09
1.406035e-09
8.566413e-10
6.860313e-10
8.069306e-11
3.293561e-10
4.233862e-10
6.957859e-10
1.155262e-09
1.406035e-09
8.566447e-10
6.860554e-10
8.079075e-11
3.315989e-10
4.310824e-10
7.192312e-10
1.223687e-09
1.446140e-09
1.057352e-09
1.345116e-09
5.378739e-10
2.734089e-09
6.957505e-09
3.119625e-09
2.007815e-09
9.092557e-10
2.326789e-09
7.381539e-10
2.540729e-10
3.514560e-11
2.751161e-11
2.610791e-11
4.644754e-11
7.610178e-11
8.107105e-10
2.008622e-10
1.479865e-09
1.198263e-09
7.919387e-10
1.092929e-09
1.706380e-09
6.967025e-10
9.342430e-10
4.566116e-10
3.998542e-10
1.029668e-09
3.012273e-09
3.509829e-09
4.656266e-09
6.609149e-09
7.215840e-09
4.068217e-09
2.437363e-09
1.778036e-09
2.777474e-09
7.527398e-09
3.968504e-09
4.403938e-09
5.504938e-09
3.078581e-09
1.689058e-09
1.086590e-09
8.504687e-10
4.753381e-10
4.334447e-10
1.549781e-08
3.913973e-08
7.552912e-09
1.595013e-08
9.694466e-09
3.698528e-09
1.611421e-09
2.610734e-09
3.854319e-10
1.450036e-09
1.838933e-09
1.240406e-09
4.370146e-09
8.026284e-09
1.044622e-09
7.897725e-10
3.174223e-09
1.814618e-09
5.118944e-10
2.355542e-09
3.392796e-10
1.335388e-09
5.596988e-09
2.239046e-08
1.027567e-08
8.577250e-08
7.369167e-09
6.896043e-10
4.677607e-10
1.041026e-09
2.902892e-10
1.830313e-09
5.359800e-10
7.548767e-10
1.068327e-09
1.416612e-09
8.664057e-10
3.442103e-09
1.463298e-08
5.326387e-09
5.456785e-09
2.315954e-09
1.127388e-08
6.714813e-09
9.161575e-09
4.674593e-09
7.218402e-09
2.272957e-09
7.053942e-09
8.652828e-09
1.322872e-08
4.096649e-08
2.229561e-08
9.505835e-09
8.325010e-09
1.549928e-09
1.552719e-10
3.144432e-10
7.234832e-10
5.241568e-10
3.970587e-09
2.227484e-09
1.174822e-09
2.295685e-09
5.510974e-10
3.735043e-09
1.416293e-09
2.438226e-09
1.945124e-09
2.952588e-09
1.201720e-09
8.615030e-09
5.947017e-09
7.962083e-09
7.636163e-09
8.169045e-09
8.975175e-09
1.848776e-08
1.338898e-08
2.951128e-08
9.916004e-09
7.710501e-10
7.262166e-10
2.045355e-10
4.230626e-10
2.695715e-09
3.975687e-09
4.984313e-09
1.346731e-08
1.210562e-08
2.477009e-09
1.136691e-09
3.607399e-10
8.408395e-13
9.397601e-13
8.684909e-12
1.037249e-11
7.320056e-12
2.321234e-11
4.095631e-10
1.080703e-09
1.528348e-09
1.183007e-09
1.916299e-09
1.056421e-09
8.370991e-10
7.035835e-10
7.872117e-10
3.493937e-10
6.475831e-10
1.871208e-10
9.298497e-10
2.095336e-10
3.728746e-10
5.352319e-11
6.950091e-11
4.291331e-10
1.358080e-10
2.479596e-10
1.773774e-10
1.513414e-10
2.080830e-11
9.458784e-11
1.447036e-10
5.301053e-10
8.255314e-10
1.327448e-09
2.038472e-09
1.507895e-09
1.621996e-09
1.449413e-10
2.285212e-10
4.233889e-10
8.798165e-10
1.320407e-09
2.248130e-09
1.515346e-09
1.632087e-09
1.449446e-10
2.285241e-10
4.233862e-10
8.798168e-10
1.320407e-09
2.248130e-09
1.515346e-09
1.632087e-09
1.449446e-10
2.285241e-10
4.233862e-10
8.798168e-10
1.320407e-09
2.248130e-09
1.515346e-09
1.632093e-09
1.449470e-10
2.289655e-10
4.247036e-10
8.839134e-10
1.331341e-09
2.290478e-09
1.731263e-09
2.253504e-09
1.075989e-09
2.248443e-09
3.678233e-09
1.752268e-09
1.843523e-09
1.878392e-09
2.775840e-09
2.529527e-09
1.334971e-09
2.452962e-10
2.520985e-11
7.199555e-11
1.948743e-11
9.766567e-12
1.266868e-10
1.183105e-10
1.167778e-09
7.333268e-10
6.453034e-10
1.426286e-09
4.359436e-09
1.281877e-09
1.859825e-09
8.500705e-10
6.064391e-10
5.377975e-10
9.718286e-10
3.331894e-09
6.866371e-09
8.939246e-09
1.243633e-08
7.070006e-09
4.979040e-09
3.928016e-09
2.179920e-09
5.580170e-09
5.687354e-09
8.502853e-09
9.087928e-09
7.133062e-09
2.574961e-09
1.531161e-09
1.251697e-09
6.493817e-10
5.906169e-10
1.250505e-09
2.987004e-08
2.126540e-08
2.068826e-08
2.149085e-08
7.695956e-09
3.406532e-09
2.014986e-09
8.466751e-10
5.085730e-10
5.744444e-10
9.364141e-10
3.955322e-09
1.410027e-08
1.925000e-09
1.259278e-09
2.384404e-09
2.266559e-09
7.673982e-10
2.100761e-09
1.398509e-09
6.962308e-10
1.515247e-09
8.250277e-09
1.158421e-08
9.245457e-08
2.346928e-08
1.336505e-08
6.092439e-10
1.293150e-09
2.655288e-10
1.029972e-09
5.552226e-10
9.470341e-10
8.446907e-10
6.329929e-10
7.166666e-10
3.374904e-09
1.360299e-08
6.625436e-09
9.038497e-09
3.472985e-09
3.006999e-09
4.718428e-09
6.900801e-09
1.088043e-08
1.007326e-08
5.262587e-09
2.267557e-09
3.181123e-09
1.515481e-08
2.312884e-08
2.290390e-08
9.981834e-09
1.150229e-08
3.641222e-09
7.477883e-10
2.586853e-10
2.463147e-10
9.473679e-10
8.840238e-10
1.970273e-09
1.164797e-09
1.537303e-09
5.425692e-10
1.945373e-09
1.523097e-09
1.917295e-09
2.440968e-09
1.014215e-08
1.420039e-09
2.985018e-09
5.387068e-09
1.232645e-08
3.588654e-09
7.999675e-09
1.356970e-08
1.969501e-08
1.988363e-08
5.393832e-08
1.242436e-08
2.623460e-09
1.956222e-09
4.448506e-10
1.955658e-10
9.339117e-10
1.704633e-09
3.655957e-09
1.598780e-08
1.843515e-08
7.447071e-09
2.906781e-09
1.531682e-09
9.107930e-10
5.888251e-13
8.860453e-12
1.009183e-11
4.578151e-11
3.560391e-11
1.315207e-10
7.908676e-10
1.904833e-09
1.347974e-09
2.288353e-09
1.485066e-09
6.491393e-10
1.433250e-09
2.389864e-09
3.784108e-10
2.695967e-09
3.262632e-10
2.468192e-09
2.916715e-10
5.016644e-10
2.003045e-10
8.392825e-11
3.188791e-10
1.936421e-10
2.751278e-10
2.026356e-10
1.010892e-09
1.096131e-10
2.577261e-10
1.699448e-10
4.430622e-10
6.518396e-10
1.702586e-09
2.377320e-09
2.097374e-09
2.478313e-09
7.554580e-10
4.861972e-10
4.589985e-10
6.957841e-10
1.320407e-09
2.871762e-09
2.144653e-09
2.545829e-09
7.556020e-10
4.862104e-10
4.589817e-10
6.957859e-10
1.320407e-09
2.871763e-09
2.144653e-09
2.545830e-09
7.556020e-10
4.862104e-10
4.589817e-10
6.957859e-10
1.320407e-09
2.871763e-09
2.144654e-09
2.545833e-09
7.556027e-10
4.862346e-10
4.593098e-10
6.967915e-10
1.322685e-09
2.881537e-09
2.369126e-09
3.164984e-09
1.648462e-09
4.517781e-09
2.891991e-09
1.904669e-09
1.567906e-09
8.081738e-10
3.105353e-09
5.291407e-09
6.187136e-09
2.467884e-09
3.862547e-10
2.561628e-10
8.911611e-11
1.774025e-11
5.937925e-11
8.354039e-11
1.248575e-09
3.300974e-10
1.255288e-09
1.434577e-09
6.658684e-09
1.688605e-09
4.572046e-09
1.996953e-09
9.538451e-10
7.886665e-10
8.150755e-10
1.145611e-09
4.118586e-09
1.091222e-08
1.601714e-08
1.124710e-08
8.042080e-09
8.106749e-09
3.898558e-09
4.956896e-09
4.577432e-09
8.749539e-09
1.102182e-08
1.339980e-08
6.757508e-09
2.709183e-09
1.303284e-09
1.100122e-09
2.426200e-09
2.325094e-10
6.771767e-09
1.778698e-08
1.857405e-08
3.564271e-08
2.261928e-08
7.910345e-09
4.051314e-09
1.060715e-09
8.584413e-10
8.527643e-10
1.196485e-09
2.433464e-09
1.609127e-08
4.826065e-09
9.084650e-09
5.508860e-09
8.598050e-10
9.277555e-10
3.094225e-09
1.933278e-09
6.805115e-09
3.364391e-10
3.303827e-09
1.176328e-08
9.200634e-08
3.044697e-08
7.830355e-08
1.121791e-08
2.226284e-09
7.716668e-10
1.187046e-09
3.448424e-10
1.364413e-09
1.314926e-09
8.267695e-10
5.621914e-10
1.687194e-09
1.231170e-08
9.289448e-09
1.394635e-08
1.107288e-08
4.873540e-09
1.539305e-09
5.546627e-09
9.177213e-09
1.360293e-08
1.345131e-08
5.649466e-09
2.836194e-09
2.544347e-08
1.736284e-08
2.186271e-08
1.022999e-08
1.629801e-08
9.158535e-09
2.372959e-09
2.361005e-09
4.259219e-10
8.452310e-09
6.962042e-10
1.353276e-09
1.252461e-09
2.446537e-09
5.356388e-10
2.458208e-09
6.821555e-10
1.893353e-09
3.044641e-09
1.588146e-08
2.959335e-09
3.684694e-09
4.801930e-09
1.361539e-08
5.335269e-09
8.507263e-09
7.985320e-09
2.643346e-08
2.547602e-08
9.248921e-08
1.954858e-08
4.211987e-09
1.352274e-08
3.312335e-09
9.712978e-10
6.824056e-10
8.019268e-10
2.791595e-09
1.556757e-08
2.194638e-08
2.005477e-08
6.510860e-09
5.137790e-09
3.735477e-09
4.748845e-10
6.795734e-12
9.827445e-12
4.572797e-11
4.937049e-11
1.459904e-10
4.271038e-10
8.959417e-10
1.168412e-09
2.807516e-09
1.278116e-09
4.743754e-10
2.781266e-09
3.187515e-09
4.933161e-10
2.783797e-09
4.933827e-10
3.092734e-09
3.060878e-10
8.591083e-10
2.055054e-10
1.220182e-10
2.440405e-10
1.489082e-10
2.608520e-10
2.020121e-10
1.037200e-09
2.189651e-10
7.917281e-10
1.322445e-10
4.256699e-10
4.688545e-10
1.526040e-09
1.824434e-09
2.037578e-09
2.752101e-09
8.304201e-10
8.624041e-10
5.280151e-10
5.126782e-10
1.155262e-09
2.248125e-09
2.144653e-09
3.236314e-09
8.313868e-10
8.629965e-10
5.279375e-10
5.126895e-10
1.155262e-09
2.248130e-09
2.144653e-09
3.236316e-09
8.313868e-10
8.629965e-10
5.279375e-10
5.126895e-10
1.155262e-09
2.248130e-09
2.144653e-09
3.236318e-09
8.313872e-10
8.630133e-10
5.280348e-10
5.132256e-10
1.156358e-09
2.252026e-09
2.242270e-09
3.906243e-09
1.689352e-09
4.616357e-09
2.030163e-09
1.604600e-09
1.320758e-09
4.269794e-10
2.672669e-09
4.009726e-09
7.029249e-09
9.069446e-09
2.865818e-09
1.196100e-09
2.247182e-10
4.268463e-11
8.233700e-11
5.659735e-11
1.054076e-09
8.712785e-11
9.207274e-10
1.614767e-09
7.913211e-09
1.017771e-09
6.831333e-09
2.052258e-09
1.274382e-09
1.381775e-09
7.348822e-10
9.099266e-10
2.467405e-09
5.631062e-09
1.135755e-08
1.343420e-08
1.144590e-08
9.805309e-09
5.293128e-09
5.552479e-09
3.875828e-09
6.176402e-09
9.610849e-09
1.264102e-08
7.895052e-09
5.157635e-09
1.566666e-09
1.527197e-09
2.565086e-09
3.095741e-10
5.003836e-09
4.067256e-09
1.814064e-08
3.132842e-08
1.914948e-08
2.422823e-08
7.367608e-09
1.854727e-09
1.072518e-09
1.217151e-09
1.217722e-09
5.869862e-10
1.602578e-08
4.820888e-09
1.220987e-08
7.660655e-09
1.319193e-09
1.177002e-09
2.577650e-09
2.367876e-09
7.801974e-09
1.436631e-09
3.505727e-09
3.390863e-09
7.163771e-08
3.155772e-08
8.177453e-08
2.036406e-08
1.909968e-08
1.639807e-09
2.653345e-09
1.789741e-10
1.144612e-09
1.558910e-09
8.995641e-10
6.199445e-10
3.185523e-09
3.971527e-09
4.185882e-09
1.510839e-08
1.541693e-08
6.932259e-09
1.363406e-09
1.129599e-09
5.841311e-09
1.024347e-08
1.185067e-08
6.589413e-09
1.011214e-08
3.934359e-08
1.280151e-08
1.573061e-08
5.860844e-09
1.838646e-08
1.027969e-08
4.794265e-09
5.153901e-09
2.158303e-09
2.468185e-08
1.342485e-09
1.485256e-09
6.255336e-10
2.525255e-09
6.139924e-10
2.341789e-09
8.669241e-10
7.099659e-10
4.067978e-09
1.839211e-08
3.032102e-09
8.242589e-09
2.884451e-09
1.278078e-08
6.089301e-09
1.298615e-08
6.680100e-09
1.522960e-08
1.872422e-08
1.047789e-07
2.541516e-08
6.393860e-09
1.920919e-08
1.279402e-08
3.523728e-09
1.387646e-09
6.204053e-10
1.505533e-09
1.353167e-08
1.796507e-08
2.084525e-08
8.350292e-09
7.604154e-09
1.037157e-08
1.709044e-09
4.541393e-10
4.803389e-12
4.339430e-11
4.694595e-11
7.674011e-11
4.090395e-11
1.806761e-10
5.700480e-10
1.407882e-09
1.093891e-09
8.783395e-10
3.045719e-09
3.465179e-09
5.754573e-10
2.534074e-09
4.143308e-10
3.495856e-09
1.582204e-10
9.140147e-10
1.996877e-10
1.249372e-10
1.993831e-10
8.830474e-11
1.010428e-10
1.879016e-10
9.903209e-10
2.144373e-10
1.130251e-09
6.993443e-11
1.008814e-10
2.138061e-10
8.225712e-10
9.895937e-10
1.405421e-09
2.035673e-09
8.281209e-10
9.976951e-10
5.245633e-10
1.560283e-10
4.520740e-10
1.406024e-09
1.515345e-09
2.545828e-09
8.313868e-10
1.002192e-09
5.243112e-10
1.560483e-10
4.520735e-10
1.406035e-09
1.515346e-09
2.545830e-09
8.313868e-10
1.002192e-09
5.243112e-10
1.560483e-10
4.520735e-10
1.406035e-09
1.515346e-09
2.545830e-09
8.313870e-10
1.002197e-09
5.243273e-10
1.560632e-10
4.522894e-10
1.406761e-09
1.530563e-09
2.646701e-09
1.541383e-09
4.124951e-09
1.033984e-09
1.134876e-09
7.537387e-10
2.239847e-10
1.277629e-09
3.724135e-09
6.884237e-09
8.466247e-09
9.258397e-09
1.876248e-09
3.731338e-10
7.178306e-11
6.398518e-11
3.924687e-11
3.556404e-10
2.040502e-11
7.458441e-10
1.159102e-09
7.070711e-09
5.824481e-10
6.463941e-09
1.571288e-09
1.146676e-09
1.667352e-09
5.717338e-10
4.599670e-10
7.066697e-10
1.712626e-09
6.006913e-09
5.779843e-09
6.985145e-09
1.286875e-08
7.102759e-09
3.282295e-09
2.920886e-09
3.374293e-09
5.222939e-09
9.553140e-09
6.069098e-09
5.591749e-09
2.302406e-09
1.421837e-09
2.532918e-09
5.106913e-10
1.687376e-09
1.790573e-09
2.432282e-09
1.557942e-08
1.834984e-08
1.961480e-08
8.789348e-09
4.894226e-09
4.303284e-09
1.122285e-09
1.295740e-09
1.594898e-10
9.977152e-09
3.996331e-09
1.251540e-08
7.337964e-09
2.054911e-09
1.913337e-09
1.007796e-09
2.716587e-09
7.206282e-09
1.264333e-09
5.071891e-09
3.554485e-10
9.475339e-09
2.261183e-08
7.921212e-08
2.236335e-08
2.231476e-08
3.574761e-09
2.568074e-09
1.804314e-10
7.925852e-10
9.993238e-10
1.003450e-09
6.755430e-10
2.899940e-09
1.311926e-09
1.899399e-09
9.573059e-09
1.207952e-08
8.431898e-09
5.275311e-09
9.147017e-10
2.078317e-09
8.605129e-09
6.884350e-09
5.933069e-09
8.154740e-09
4.157231e-08
3.274626e-09
9.641637e-09
3.984501e-09
1.012366e-08
1.257943e-08
1.266030e-08
1.094363e-08
6.455688e-09
3.125540e-08
1.937072e-09
2.070862e-09
2.874960e-10
1.357386e-09
6.492931e-10
2.198449e-09
1.357695e-09
1.010083e-09
3.682657e-09
1.767070e-08
1.810406e-09
7.582409e-09
2.462917e-09
7.568599e-09
3.371940e-09
1.275188e-08
7.216941e-09
5.561276e-09
1.009135e-08
7.832800e-08
1.238586e-08
1.423436e-08
2.313305e-08
1.410038e-08
8.307036e-09
1.417629e-09
6.156775e-10
5.946996e-10
4.573465e-09
1.123247e-08
1.871364e-08
7.505505e-09
7.680477e-09
1.160209e-08
2.756462e-09
1.067656e-09
4.512917e-11
4.048612e-11
4.587571e-11
7.071130e-11
9.667978e-12
1.092035e-10
1.939549e-10
5.985513e-10
5.515365e-10
3.333462e-10
2.955762e-09
4.397239e-09
6.484512e-10
2.295668e-09
4.263766e-10
3.230565e-09
2.994966e-10
7.409782e-10
1.763473e-10
1.358174e-10
1.257205e-10
1.259634e-10
5.211203e-11
6.489780e-11
8.920216e-10
2.077987e-10
1.134569e-09
1.395559e-10
1.222835e-10
4.970704e-11
6.003959e-10
2.918468e-10
7.404913e-10
1.129372e-09
7.417261e-10
8.580919e-10
5.255152e-10
2.784197e-10
1.203108e-10
7.350473e-10
8.566396e-10
1.632083e-09
7.556020e-10
8.629965e-10
5.243112e-10
2.791062e-10
1.203090e-10
7.350920e-10
8.566413e-10
1.632087e-09
7.556020e-10
8.629965e-10
5.243112e-10
2.791062e-10
1.203090e-10
7.350920e-10
8.566413e-10
1.632087e-09
7.556021e-10
8.629996e-10
5.243142e-10
2.791119e-10
1.203190e-10
7.353249e-10
8.589269e-10
1.647145e-09
8.559122e-10
3.654511e-09
8.151207e-10
1.006005e-09
4.410644e-10
1.668434e-10
5.597436e-10
3.011652e-09
6.269886e-09
8.986992e-09
1.121791e-08
2.227182e-09
1.042715e-09
5.951319e-10
6.618668e-11
4.519204e-11
3.208312e-10
6.040104e-12
6.989369e-10
1.054920e-09
5.169462e-09
4.670075e-10
6.040737e-09
1.264986e-09
1.142119e-09
1.432112e-09
4.777037e-10
2.892566e-10
2.653646e-10
3.795460e-10
1.500685e-09
3.111185e-09
3.194608e-09
7.149448e-09
5.394105e-09
5.266837e-09
2.132333e-09
2.059722e-09
2.624850e-09
4.918540e-09
4.870790e-09
3.585704e-09
1.807740e-09
2.437812e-09
2.752074e-09
3.243339e-10
9.549090e-10
1.744397e-09
2.147014e-09
1.720193e-09
1.317706e-08
7.967429e-09
8.582138e-09
1.398492e-08
1.275001e-08
1.911571e-09
1.255932e-09
3.154217e-10
5.488434e-09
3.268175e-09
1.208489e-08
6.570533e-09
3.043382e-09
3.037924e-09
1.085140e-09
2.618248e-09
6.851020e-09
1.361056e-09
4.257799e-09
1.546333e-09
1.443055e-09
1.073999e-08
7.104613e-08
1.901564e-08
1.988744e-08
8.916404e-09
1.788692e-08
1.711203e-10
7.825648e-10
8.719363e-10
6.689155e-10
7.948041e-10
3.350642e-09
8.039584e-10
1.920827e-09
6.620109e-09
1.035594e-08
6.596041e-09
2.975768e-09
2.260269e-09
3.833992e-09
5.976379e-09
4.636392e-09
4.650649e-09
4.968103e-09
4.061099e-08
4.177307e-09
1.019162e-08
2.667293e-09
7.502410e-09
1.148046e-08
1.313452e-08
1.613961e-08
1.201738e-08
4.500592e-08
9.155182e-09
3.644416e-09
2.428931e-10
1.110591e-09
4.787005e-10
1.930413e-09
1.870556e-09
1.149392e-09
6.103507e-09
1.189839e-08
1.651919e-09
7.079445e-09
9.051859e-10
5.270236e-09
3.076554e-09
1.156077e-08
5.344562e-09
4.964826e-09
6.376165e-09
5.907201e-08
8.192807e-09
5.091451e-09
1.906971e-08
2.149980e-08
9.210720e-09
3.975272e-09
1.751919e-09
1.278076e-09
1.652362e-09
6.836780e-09
1.547846e-08
5.187134e-09
6.714960e-09
1.207912e-08
4.654862e-09
2.928124e-09
2.159592e-10
2.267397e-10
1.683216e-11
4.738934e-11
3.693035e-12
1.279182e-11
1.217745e-11
5.386142e-11
5.220520e-11
6.529031e-11
2.335648e-09
2.381348e-09
8.217514e-10
4.864570e-10
2.667859e-10
1.581753e-09
2.442439e-10
1.098458e-09
3.079780e-11
9.391392e-11
5.205614e-11
6.008263e-11
5.034529e-11
2.295198e-11
4.408981e-11
1.204307e-10
9.416958e-10
1.064559e-10
3.045778e-10
9.280307e-12
3.733809e-11
5.792169e-11
5.030312e-11
1.584219e-10
1.415259e-10
4.821313e-10
5.355605e-10
1.546894e-10
1.203374e-10
7.067883e-11
1.777657e-10
6.860152e-10
1.449446e-10
4.862103e-10
5.279375e-10
1.560483e-10
1.203090e-10
7.079656e-11
1.777750e-10
6.860313e-10
1.449446e-10
4.862104e-10
5.279375e-10
1.560483e-10
1.203090e-10
7.079656e-11
1.777750e-10
6.860313e-10
1.449446e-10
4.862104e-10
5.279385e-10
1.560485e-10
1.203096e-10
7.079873e-11
1.779744e-10
6.873071e-10
1.472510e-10
5.485776e-10
7.483736e-10
3.510907e-10
2.217967e-10
1.197312e-10
9.697638e-11
4.677111e-10
1.806978e-09
7.324519e-09
1.156304e-08
2.103144e-09
1.401184e-09
3.946872e-10
1.262725e-10
2.908908e-11
9.041899e-11
4.693271e-12
5.808140e-11
3.629344e-10
2.387362e-09
2.170694e-10
3.666886e-09
3.702527e-10
7.683995e-10
1.570813e-09
1.420361e-10
1.023295e-10
1.034326e-10
9.680864e-11
1.493827e-10
3.257017e-10
6.400988e-10
1.679961e-09
3.212468e-09
2.441642e-09
8.846437e-10
8.681730e-10
1.263756e-09
6.230032e-10
1.088886e-09
3.076755e-09
1.456793e-09
1.326751e-09
7.561514e-10
3.868944e-10
7.110164e-10
9.600338e-10
7.491557e-10
4.048762e-10
4.674664e-10
3.701344e-09
4.994773e-09
3.922918e-09
3.355972e-08
1.639574e-09
1.225889e-09
4.035891e-10
3.406815e-09
6.632139e-10
4.090884e-09
2.828657e-09
2.958978e-09
2.917705e-09
6.746077e-10
2.725352e-09
1.398405e-09
1.251949e-09
3.059763e-09
1.586576e-09
1.853930e-09
2.805812e-10
7.909559e-09
9.453331e-09
1.842944e-08
6.351993e-09
1.926759e-08
1.386707e-09
6.706274e-10
5.444155e-10
2.356320e-10
4.181708e-10
3.207726e-09
5.221942e-10
1.197320e-09
1.054919e-09
2.945625e-09
3.263638e-09
2.830349e-09
1.119392e-09
2.303206e-09
5.245375e-09
7.811390e-10
2.760548e-09
3.119821e-09
2.374525e-08
2.249904e-09
7.238537e-09
1.009251e-09
2.549208e-09
5.475710e-09
1.244795e-08
1.524101e-08
1.100670e-08
4.229587e-08
1.198033e-08
4.424334e-09
3.625671e-10
2.235258e-10
2.556402e-10
7.460545e-10
1.733845e-09
7.217825e-10
5.269643e-09
6.120731e-09
4.197853e-10
6.398367e-09
4.109978e-10
2.437569e-09
1.152535e-09
6.215075e-09
1.862842e-09
3.464321e-09
3.844632e-09
1.555690e-08
3.922055e-09
3.618461e-09
9.991370e-09
1.359198e-08
9.026322e-09
4.470562e-09
3.946331e-09
1.683564e-09
6.083909e-10
1.016640e-09
2.949020e-09
2.060788e-09
2.695276e-09
9.830783e-09
4.854305e-09
3.072946e-09
6.661617e-10
4.377003e-10
4.501102e-11
2.025638e-11
2.935511e-12
1.051311e-11
2.803087e-12
3.009214e-11
1.289565e-11
4.569783e-11
1.017774e-09
1.993548e-09
1.160723e-09
1.297309e-09
3.848027e-10
1.106576e-09
6.042723e-10
1.119627e-09
2.633272e-10
1.358295e-10
4.977633e-11
1.982306e-10
5.752492e-11
2.781769e-10
3.829799e-11
4.538457e-11
5.260726e-10
1.150590e-10
3.797220e-10
9.509352e-11
4.973007e-11
1.717075e-11
4.144396e-11
6.698199e-11
7.452347e-11
2.541357e-10
4.816878e-10
4.654026e-10
4.526218e-10
7.224855e-10
1.776780e-10
1.174957e-09
8.069292e-11
2.285240e-10
4.589818e-10
5.126895e-10
4.520735e-10
7.350919e-10
1.777750e-10
1.175645e-09
8.069306e-11
2.285241e-10
4.589817e-10
5.126895e-10
4.520735e-10
7.350920e-10
1.777750e-10
1.175645e-09
8.069306e-11
2.285241e-10
4.589819e-10
5.126897e-10
4.520737e-10
7.350928e-10
1.777940e-10
1.176678e-09
8.121815e-11
2.422343e-10
5.088086e-10
6.576356e-10
5.235658e-10
7.680351e-10
3.849628e-10
5.044133e-10
7.185718e-10
6.614570e-09
1.322562e-08
2.340146e-09
1.704682e-09
7.930218e-10
1.021613e-09
3.839708e-10
4.723604e-11
2.121352e-11
4.902572e-11
5.024892e-11
1.057381e-09
2.566836e-10
1.809831e-09
6.304024e-10
1.212758e-09
2.005517e-09
4.283944e-10
2.936434e-10
4.881816e-10
3.827750e-10
3.787916e-10
3.950828e-10
7.272496e-10
1.931238e-09
2.563613e-09
2.834288e-09
3.251911e-09
2.380102e-09
2.859293e-09
1.694953e-09
1.116361e-09
3.436109e-09
3.116826e-09
3.119753e-09
1.407427e-09
1.625236e-09
3.431846e-09
1.603175e-09
1.037578e-09
9.291886e-10
9.262615e-10
6.540306e-10
7.520053e-09
4.275328e-09
3.615968e-08
5.869136e-09
4.753226e-09
5.399091e-09
2.797269e-09
1.283293e-09
2.900702e-09
1.365348e-09
2.719242e-09
2.755790e-09
1.072785e-09
4.420665e-09
4.030752e-09
8.688892e-10
2.464649e-09
2.870396e-09
1.825705e-09
5.956814e-10
1.520748e-09
3.799732e-09
9.965084e-09
6.619442e-09
1.978955e-08
8.215554e-09
4.972572e-08
9.316865e-10
4.718910e-10
4.289655e-10
1.928018e-09
5.576178e-10
1.584897e-09
7.170813e-10
1.672402e-09
2.029386e-09
2.944699e-09
1.104546e-09
3.055595e-09
1.495159e-08
3.473693e-09
4.390865e-09
6.505654e-09
1.502410e-08
2.017884e-09
9.771838e-09
3.508440e-09
4.954289e-09
4.590972e-09
1.382398e-08
1.501545e-08
1.423309e-08
4.669257e-08
1.963513e-08
9.361459e-09
5.806999e-09
8.120072e-10
1.981623e-10
6.364163e-10
1.361812e-09
7.830776e-10
5.086961e-09
3.802411e-09
1.278971e-09
3.738308e-09
1.463417e-09
3.021024e-09
1.029265e-09
4.188641e-09
1.801801e-09
3.276106e-09
3.445303e-09
1.381160e-08
5.504672e-09
6.271734e-09
8.527181e-09
9.838362e-09
9.592852e-09
1.431396e-08
7.592245e-09
1.748948e-08
3.986185e-09
1.047328e-09
1.402409e-09
1.476283e-09
1.765425e-09
5.170086e-09
4.670517e-09
4.479198e-09
5.921935e-09
7.706552e-09
5.804965e-10
5.682311e-10
1.204660e-12
6.498558e-12
1.523542e-12
9.125413e-12
6.857103e-12
3.923422e-11
3.409406e-10
9.998550e-10
1.384318e-09
1.428107e-09
8.917080e-10
1.311448e-09
7.160308e-10
9.176429e-10
3.568643e-10
6.390208e-10
6.507985e-11
4.165283e-10
1.313649e-10
4.071139e-10
1.825480e-10
6.021620e-11
1.530395e-10
1.193958e-10
3.930166e-10
1.229360e-10
2.213299e-10
2.821727e-11
4.148677e-11
2.590206e-11
4.650370e-11
2.944418e-10
6.074147e-10
6.053782e-10
1.157752e-09
1.366683e-09
8.555236e-10
6.851778e-10
8.069235e-11
3.293556e-10
4.233867e-10
6.957858e-10
1.155262e-09
1.406035e-09
8.566413e-10
6.860313e-10
8.069306e-11
3.293561e-10
4.233862e-10
6.957859e-10
1.155262e-09
1.406035e-09
8.566413e-10
6.860313e-10
8.069306e-11
3.293561e-10
4.233862e-10
6.957859e-10
1.155262e-09
1.406035e-09
8.566447e-10
6.860554e-10
8.079075e-11
3.315989e-10
4.310824e-10
7.192312e-10
1.223687e-09
1.446140e-09
1.057352e-09
1.345116e-09
5.378739e-10
2.734089e-09
6.957505e-09
3.119625e-09
2.007815e-09
9.092557e-10
2.326789e-09
7.381540e-10
2.540729e-10
3.514569e-11
2.751163e-11
2.610792e-11
4.644754e-11
7.610178e-11
8.107105e-10
2.008622e-10
1.479865e-09
1.198263e-09
7.919387e-10
1.092929e-09
1.706380e-09
6.967025e-10
9.342430e-10
4.566116e-10
3.998542e-10
1.029668e-09
3.012273e-09
3.509829e-09
4.656266e-09
6.609149e-09
7.215841e-09
4.068217e-09
2.437363e-09
1.778036e-09
2.777474e-09
7.527398e-09
3.968504e-09
4.403938e-09
5.504938e-09
3.078582e-09
1.689058e-09
1.086593e-09
8.504704e-10
4.753384e-10
4.334447e-10
1.549781e-08
3.913973e-08
7.552916e-09
1.595013e-08
9.694468e-09
3.698528e-09
1.611421e-09
2.610735e-09
3.854319e-10
1.450036e-09
1.838933e-09
1.240407e-09
4.370146e-09
8.026285e-09
1.044622e-09
7.897734e-10
3.174223e-09
1.814618e-09
5.118945e-10
2.355542e-09
3.392796e-10
1.335388e-09
5.596988e-09
2.239046e-08
1.027567e-08
8.577250e-08
7.369167e-09
6.896044e-10
4.677606e-10
1.041026e-09
2.902892e-10
1.830315e-09
5.359801e-10
7.548767e-10
1.068327e-09
1.416612e-09
8.664059e-10
3.442106e-09
1.463298e-08
5.326388e-09
5.456785e-09
2.315954e-09
1.127388e-08
6.714813e-09
9.161576e-09
4.674594e-09
7.218406e-09
2.272957e-09
7.053943e-09
8.652828e-09
1.322873e-08
4.096649e-08
2.229563e-08
9.505837e-09
8.325007e-09
1.549930e-09
1.552728e-10
3.144434e-10
7.234882e-10
5.241603e-10
3.970597e-09
2.227487e-09
1.174822e-09
2.295686e-09
5.510975e-10
3.735044e-09
1.416293e-09
2.438228e-09
1.945124e-09
2.952591e-09
1.201720e-09
8.615031e-09
5.947017e-09
7.962083e-09
7.636163e-09
8.169045e-09
8.975175e-09
1.848778e-08
1.338898e-08
2.951144e-08
9.916006e-09
7.710508e-10
7.262171e-10
2.045357e-10
4.230628e-10
2.695717e-09
3.975691e-09
4.984321e-09
1.346732e-08
1.210563e-08
2.477009e-09
1.136691e-09
3.607399e-10
8.408395e-13
9.397601e-13
8.684909e-12
1.037249e-11
7.320056e-12
2.321234e-11
4.095631e-10
1.080703e-09
1.528348e-09
1.183007e-09
1.916299e-09
1.056421e-09
8.370991e-10
7.035835e-10
7.872117e-10
3.493937e-10
6.475831e-10
1.871208e-10
9.298497e-10
2.095336e-10
3.728747e-10
5.352319e-11
6.950091e-11
4.291331e-10
1.358080e-10
2.479596e-10
1.773774e-10
1.513414e-10
2.080830e-11
9.458784e-11
1.447036e-10
5.301053e-10
8.255314e-10
1.327448e-09
2.038472e-09
1.507895e-09
1.621996e-09
1.449413e-10
2.285212e-10
4.233889e-10
8.798165e-10
1.320407e-09
2.248130e-09
1.515346e-09
1.632087e-09
1.449446e-10
2.285241e-10
4.233862e-10
8.798168e-10
1.320407e-09
2.248130e-09
1.515346e-09
1.632087e-09
1.449446e-10
2.285241e-10
4.233862e-10
8.798168e-10
1.320407e-09
2.248130e-09
1.515347e-09
1.632093e-09
1.449470e-10
2.289655e-10
4.247037e-10
8.839134e-10
1.331341e-09
2.290478e-09
1.731263e-09
2.253504e-09
1.075989e-09
2.248443e-09
3.678233e-09
1.752269e-09
1.843523e-09
1.878392e-09
2.775840e-09
2.529527e-09
1.334971e-09
2.452990e-10
2.520994e-11
7.199577e-11
1.948744e-11
9.766567e-12
1.266868e-10
1.183105e-10
1.167778e-09
7.333268e-10
6.453034e-10
1.426286e-09
4.359436e-09
1.281877e-09
1.859825e-09
8.500705e-10
6.064392e-10
5.377975e-10
9.718286e-10
3.331894e-09
6.866371e-09
8.939246e-09
1.243634e-08
7.070006e-09
4.979040e-09
3.928016e-09
2.179921e-09
5.580170e-09
5.687355e-09
8.502853e-09
9.087931e-09
7.133063e-09
2.574962e-09
1.531169e-09
1.251704e-09
6.493859e-10
5.906173e-10
1.250505e-09
2.987005e-08
2.126541e-08
2.068826e-08
2.149085e-08
7.695957e-09
3.406533e-09
2.014986e-09
8.466752e-10
5.085743e-10
5.744446e-10
9.364147e-10
3.955322e-09
1.410028e-08
1.925007e-09
1.259286e-09
2.384405e-09
2.266559e-09
7.673987e-10
2.100761e-09
1.398509e-09
6.962327e-10
1.515247e-09
8.250278e-09
1.158421e-08
9.245457e-08
2.346928e-08
1.336506e-08
6.092438e-10
1.293150e-09
2.655289e-10
1.029975e-09
5.552226e-10
9.470342e-10
8.446908e-10
6.329930e-10
7.166667e-10
3.374908e-09
1.360299e-08
6.625441e-09
9.038497e-09
3.472985e-09
3.006999e-09
4.718428e-09
6.900801e-09
1.088043e-08
1.007327e-08
5.262587e-09
2.267559e-09
3.181124e-09
1.515483e-08
2.312884e-08
2.290396e-08
9.981839e-09
1.150228e-08
3.641229e-09
7.478060e-10
2.586860e-10
2.463704e-10
9.473909e-10
8.840402e-10
1.970275e-09
1.164798e-09
1.537304e-09
5.425692e-10
1.945374e-09
1.523097e-09
1.917302e-09
2.440969e-09
1.014218e-08
1.420039e-09
2.985019e-09
5.387068e-09
1.232645e-08
3.588654e-09
7.999675e-09
1.356970e-08
1.969503e-08
1.988363e-08
5.393894e-08
1.242437e-08
2.623468e-09
1.956227e-09
4.448529e-10
1.955670e-10
9.339218e-10
1.704648e-09
3.655969e-09
1.598782e-08
1.843517e-08
7.447076e-09
2.906784e-09
1.531683e-09
9.107939e-10
5.888251e-13
8.860453e-12
1.009183e-11
4.578151e-11
3.560391e-11
1.315207e-10
7.908676e-10
1.904833e-09
1.347974e-09
2.288353e-09
1.485066e-09
6.491393e-10
1.433250e-09
2.389864e-09
3.784108e-10
2.695967e-09
3.262632e-10
2.468192e-09
2.916716e-10
5.016651e-10
2.003046e-10
8.392826e-11
3.188791e-10
1.936421e-10
2.751278e-10
2.026356e-10
1.010892e-09
1.096131e-10
2.577261e-10
1.699448e-10
4.430622e-10
6.518396e-10
1.702586e-09
2.377320e-09
2.097374e-09
2.478313e-09
7.554580e-10
4.861972e-10
4.589985e-10
6.957841e-10
1.320407e-09
2.871762e-09
2.144653e-09
2.545830e-09
7.556021e-10
4.862104e-10
4.589819e-10
6.957859e-10
1.320407e-09
2.871763e-09
2.144653e-09
2.545830e-09
7.556021e-10
4.862104e-10
4.589819e-10
6.957859e-10
1.320407e-09
2.871763e-09
2.144654e-09
2.545833e-09
7.556027e-10
4.862347e-10
4.593100e-10
6.967915e-10
1.322685e-09
2.881537e-09
2.369126e-09
3.164985e-09
1.648462e-09
4.517782e-09
2.891991e-09
1.904669e-09
1.567906e-09
8.081738e-10
3.105353e-09
5.291408e-09
6.187143e-09
2.467948e-09
3.862589e-10
2.561642e-10
8.911636e-11
1.774025e-11
5.937927e-11
8.354041e-11
1.248576e-09
3.300974e-10
1.255288e-09
1.434577e-09
6.658684e-09
1.688605e-09
4.572046e-09
1.996953e-09
9.538453e-10
7.886665e-10
8.150756e-10
1.145611e-09
4.118587e-09
1.091222e-08
1.601714e-08
1.124710e-08
8.042080e-09
8.106748e-09
3.898560e-09
4.956898e-09
4.577433e-09
8.749541e-09
1.102183e-08
1.339980e-08
6.757515e-09
2.709227e-09
1.303308e-09
1.100147e-09
2.426206e-09
2.325102e-10
6.771770e-09
1.778700e-08
1.857408e-08
3.564272e-08
2.261929e-08
7.910346e-09
4.051317e-09
1.060715e-09
8.584603e-10
8.527667e-10
1.196489e-09
2.433464e-09
1.609129e-08
4.826147e-09
9.084782e-09
5.508863e-09
8.598039e-10
9.277577e-10
3.094226e-09
1.933278e-09
6.805208e-09
3.364392e-10
3.303830e-09
1.176328e-08
9.200635e-08
3.044697e-08
7.830359e-08
1.121791e-08
2.226284e-09
7.716675e-10
1.187071e-09
3.448424e-10
1.364414e-09
1.314927e-09
8.267699e-10
5.621922e-10
1.687219e-09
1.231171e-08
9.289457e-09
1.394635e-08
1.107288e-08
4.873541e-09
1.539305e-09
5.546629e-09
9.177217e-09
1.360296e-08
1.345131e-08
5.649493e-09
2.836196e-09
2.544352e-08
1.736285e-08
2.186280e-08
1.023001e-08
1.629799e-08
9.158561e-09
2.373041e-09
2.361020e-09
4.262995e-10
8.452685e-09
6.962969e-10
1.353279e-09
1.252464e-09
2.446545e-09
5.356386e-10
2.458213e-09
6.821559e-10
1.893454e-09
3.044643e-09
1.588157e-08
2.959335e-09
3.684699e-09
4.801930e-09
1.361540e-08
5.335272e-09
8.507264e-09
7.985317e-09
2.643350e-08
2.547602e-08
9.249153e-08
1.954859e-08
4.212004e-09
1.352284e-08
3.312364e-09
9.713165e-10
6.824579e-10
8.020015e-10
2.791634e-09
1.556759e-08
2.194641e-08
2.005480e-08
6.510888e-09
5.137792e-09
3.735483e-09
4.748862e-10
6.795734e-12
9.827445e-12
4.572797e-11
4.937049e-11
1.459904e-10
4.271038e-10
8.959417e-10
1.168412e-09
2.807516e-09
1.278116e-09
4.743754e-10
2.781266e-09
3.187515e-09
4.933161e-10
2.783797e-09
4.933828e-10
3.092735e-09
3.060883e-10
8.591127e-10
2.055059e-10
1.220185e-10
2.440406e-10
1.489083e-10
2.608520e-10
2.020124e-10
1.037200e-09
2.189651e-10
7.917281e-10
1.322445e-10
4.256699e-10
4.688545e-10
1.526040e-09
1.824434e-09
2.037578e-09
2.752101e-09
8.304201e-10
8.624042e-10
5.280152e-10
5.126782e-10
1.155262e-09
2.248125e-09
2.144653e-09
3.236318e-09
8.313870e-10
8.629995e-10
5.279384e-10
5.126897e-10
1.155262e-09
2.248130e-09
2.144654e-09
3.236318e-09
8.313870e-10
8.629996e-10
5.279385e-10
5.126897e-10
1.155262e-09
2.248130e-09
2.144654e-09
3.236321e-09
8.313874e-10
8.630164e-10
5.280357e-10
5.132257e-10
1.156358e-09
2.252026e-09
2.242271e-09
3.906246e-09
1.689352e-09
4.616360e-09
2.030165e-09
1.604601e-09
1.320758e-09
4.269795e-10
2.672670e-09
4.009729e-09
7.029266e-09
9.070274e-09
2.865916e-09
1.196165e-09
2.247198e-10
4.268474e-11
8.233817e-11
5.659779e-11
1.054077e-09
8.712786e-11
9.207274e-10
1.614768e-09
7.913211e-09
1.017771e-09
6.831333e-09
2.052258e-09
1.274384e-09
1.381775e-09
7.348823e-10
9.099270e-10
2.467406e-09
5.631062e-09
1.135755e-08
1.343420e-08
1.144590e-08
9.805305e-09
5.293135e-09
5.552487e-09
3.875831e-09
6.176405e-09
9.610885e-09
1.264103e-08
7.895094e-09
5.157873e-09
1.566802e-09
1.527294e-09
2.565122e-09
3.095847e-10
5.003889e-09
4.067296e-09
1.814069e-08
3.132845e-08
1.914949e-08
2.422824e-08
7.367625e-09
1.854728e-09
1.072559e-09
1.217192e-09
1.217756e-09
5.869865e-10
1.602581e-08
4.821067e-09
1.221161e-08
7.660698e-09
1.319182e-09
1.177011e-09
2.577657e-09
2.367881e-09
7.802183e-09
1.436633e-09
3.505755e-09
3.390865e-09
7.163772e-08
3.155773e-08
8.177461e-08
2.036405e-08
1.909969e-08
1.639810e-09
2.653631e-09
1.789740e-10
1.144614e-09
1.558916e-09
8.995682e-10
6.199492e-10
3.185809e-09
3.971530e-09
4.185896e-09
1.510839e-08
1.541693e-08
6.932273e-09
1.363408e-09
1.129599e-09
5.841345e-09
1.024354e-08
1.185067e-08
6.589482e-09
1.011218e-08
3.934387e-08
1.280153e-08
1.573084e-08
5.860870e-09
1.838638e-08
1.027979e-08
4.794595e-09
5.153969e-09
2.166010e-09
2.468446e-08
1.343954e-09
1.485273e-09
6.255404e-10
2.525293e-09
6.139908e-10
2.341811e-09
8.669266e-10
7.101810e-10
4.068002e-09
1.839249e-08
3.032105e-09
8.242671e-09
2.884453e-09
1.278079e-08
6.089307e-09
1.298618e-08
6.680086e-09
1.522973e-08
1.872424e-08
1.047841e-07
2.541523e-08
6.393933e-09
1.920940e-08
1.279454e-08
3.523972e-09
1.388462e-09
6.208065e-10
1.505743e-09
1.353175e-08
1.796512e-08
2.084531e-08
8.350478e-09
7.604179e-09
1.037161e-08
1.709055e-09
4.541523e-10
4.803389e-12
4.339430e-11
4.694595e-11
7.674011e-11
4.090395e-11
1.806761e-10
5.700480e-10
1.407882e-09
1.093891e-09
8.783395e-10
3.045719e-09
3.465179e-09
5.754574e-10
2.534074e-09
4.143309e-10
3.495858e-09
1.582214e-10
9.140214e-10
1.996889e-10
1.249380e-10
1.993831e-10
8.830489e-11
1.010429e-10
1.879026e-10
9.903209e-10
2.144373e-10
1.130251e-09
6.993446e-11
1.008815e-10
2.138062e-10
8.225712e-10
9.895937e-10
1.405421e-09
2.035673e-09
8.281211e-10
9.976952e-10
5.245634e-10
1.560284e-10
4.520741e-10
1.406025e-09
1.515346e-09
2.545833e-09
8.313872e-10
1.002197e-09
5.243141e-10
1.560485e-10
4.520737e-10
1.406035e-09
1.515346e-09
2.545833e-09
8.313872e-10
1.002197e-09
5.243142e-10
1.560485e-10
4.520737e-10
1.406035e-09
1.515347e-09
2.545833e-09
8.313874e-10
1.002202e-09
5.243303e-10
1.560634e-10
4.522896e-10
1.406762e-09
1.530564e-09
2.646704e-09
1.541384e-09
4.124957e-09
1.033988e-09
1.134878e-09
7.537392e-10
2.239848e-10
1.277630e-09
3.724141e-09
6.884260e-09
8.467222e-09
9.258784e-09
1.876346e-09
3.731390e-10
7.178334e-11
6.398696e-11
3.924850e-11
3.556409e-10
2.040503e-11
7.458441e-10
1.159103e-09
7.070711e-09
5.824481e-10
6.463942e-09
1.571288e-09
1.146679e-09
1.667352e-09
5.717343e-10
4.599672e-10
7.066725e-10
1.712627e-09
6.006920e-09
5.779846e-09
6.985148e-09
1.286875e-08
7.102775e-09
3.282306e-09
2.920893e-09
3.374298e-09
5.222981e-09
9.553164e-09
6.069156e-09
5.592243e-09
2.302737e-09
1.422019e-09
2.532967e-09
5.107189e-10
1.687454e-09
1.790667e-09
2.432343e-09
1.557946e-08
1.834986e-08
1.961481e-08
8.789385e-09
4.894228e-09
4.303503e-09
1.122336e-09
1.295846e-09
1.594922e-10
9.977193e-09
3.996536e-09
1.251755e-08
7.338027e-09
2.054878e-09
1.913364e-09
1.007806e-09
2.716596e-09
7.206547e-09
1.264335e-09
5.071988e-09
3.554570e-10
9.475346e-09
2.261184e-08
7.921221e-08
2.236333e-08
2.231477e-08
3.574771e-09
2.568473e-09
1.804307e-10
7.925891e-10
9.993307e-10
1.003461e-09
6.755601e-10
2.900388e-09
1.311933e-09
1.899431e-09
9.573068e-09
1.207953e-08
8.431934e-09
5.275327e-09
9.147026e-10
2.078359e-09
8.605292e-09
6.884351e-09
5.933311e-09
8.154791e-09
4.157273e-08
3.274644e-09
9.641988e-09
3.984570e-09
1.012355e-08
1.257980e-08
1.266154e-08
1.094389e-08
6.490347e-09
3.125920e-08
1.940363e-09
2.070914e-09
2.875144e-10
1.357428e-09
6.492860e-10
2.198512e-09
1.357705e-09
1.011203e-09
3.682689e-09
1.767124e-08
1.810407e-09
7.582514e-09
2.462922e-09
7.568623e-09
3.371952e-09
1.275192e-08
7.216901e-09
5.561460e-09
1.009137e-08
7.833360e-08
1.238593e-08
1.423464e-08
2.313332e-08
1.410102e-08
8.307809e-09
1.418812e-09
6.168468e-10
5.952036e-10
4.573581e-09
1.123254e-08
1.871371e-08
7.505731e-09
7.680515e-09
1.160214e-08
2.756486e-09
1.067691e-09
4.513682e-11
4.048612e-11
4.587571e-11
7.071130e-11
9.667978e-12
1.092035e-10
1.939549e-10
5.985513e-10
5.515365e-10
3.333462e-10
2.955762e-09
4.397240e-09
6.484514e-10
2.295668e-09
4.263769e-10
3.230570e-09
2.995271e-10
7.409997e-10
1.763522e-10
1.358213e-10
1.257207e-10
1.259683e-10
5.211262e-11
6.490352e-11
8.920216e-10
2.077987e-10
1.134569e-09
1.395573e-10
1.222851e-10
4.970707e-11
6.003960e-10
2.918468e-10
7.404914e-10
1.129372e-09
7.417263e-10
8.580923e-10
5.255157e-10
2.784199e-10
1.203113e-10
7.350500e-10
8.566434e-10
1.632093e-09
7.556027e-10
8.630128e-10
5.243266e-10
2.791118e-10
1.203096e-10
7.350928e-10
8.566447e-10
1.632093e-09
7.556027e-10
8.630133e-10
5.243273e-10
2.791119e-10
1.203096e-10
7.350928e-10
8.566447e-10
1.632093e-09
7.556027e-10
8.630164e-10
5.243303e-10
2.791175e-10
1.203196e-10
7.353258e-10
8.589304e-10
1.647151e-09
8.559128e-10
3.654529e-09
8.151378e-10
1.006012e-09
4.410664e-10
1.668444e-10
5.597459e-10
3.011672e-09
6.269940e-09
8.988882e-09
1.121868e-08
2.227705e-09
1.042803e-09
5.951419e-10
6.619176e-11
4.522070e-11
3.208398e-10
6.040198e-12
6.989371e-10
1.054921e-09
5.169463e-09
4.670077e-10
6.040738e-09
1.264987e-09
1.142130e-09
1.432113e-09
4.777043e-10
2.892583e-10
2.653779e-10
3.795460e-10
1.500703e-09
3.111190e-09
3.194620e-09
7.149450e-09
5.394166e-09
5.266870e-09
2.132353e-09
2.059743e-09
2.624933e-09
4.918573e-09
4.870904e-09
3.587039e-09
1.809308e-09
2.438448e-09
2.752211e-09
3.244205e-10
9.551184e-10
1.745195e-09
2.147593e-09
1.720251e-09
1.317708e-08
7.967444e-09
8.582204e-09
1.398493e-08
1.275120e-08
1.911741e-09
1.256129e-09
3.154620e-10
5.488554e-09
3.268703e-09
1.208757e-08
6.570619e-09
3.043054e-09
3.038289e-09
1.085183e-09
2.618271e-09
6.851524e-09
1.361065e-09
4.257983e-09
1.546661e-09
1.443076e-09
1.074000e-08
7.104623e-08
1.901562e-08
1.988745e-08
8.916496e-09
1.789361e-08
1.711173e-10
7.825938e-10
8.719653e-10
6.689343e-10
7.948880e-10
3.353150e-09
8.039931e-10
1.921085e-09
6.620111e-09
1.035595e-08
6.596182e-09
2.975843e-09
2.260286e-09
3.834158e-09
5.976675e-09
4.636392e-09
4.651146e-09
4.968206e-09
4.061164e-08
4.177447e-09
1.019274e-08
2.667547e-09
7.502227e-09
1.148115e-08
1.313924e-08
1.614061e-08
1.215529e-08
4.501425e-08
9.199968e-09
3.644689e-09
2.431183e-10
1.110718e-09
4.786860e-10
1.930626e-09
1.870705e-09
1.153982e-09
6.103639e-09
1.189911e-08
1.651924e-09
7.079654e-09
9.051922e-10
5.270277e-09
3.076579e-09
1.156096e-08
5.344640e-09
4.965978e-09
6.376211e-09
5.907884e-08
8.192929e-09
5.092080e-09
1.907025e-08
2.150122e-08
9.212162e-09
3.983088e-09
1.763010e-09
1.283900e-09
1.652671e-09
6.836970e-09
1.547859e-08
5.187411e-09
6.715016e-09
1.207926e-08
4.655044e-09
2.928303e-09
2.160081e-10
2.266976e-10
1.683216e-11
4.738934e-11
3.693035e-12
1.279182e-11
1.217745e-11
5.386142e-11
5.220524e-11
6.529037e-11
2.335648e-09
2.381348e-09
8.217527e-10
4.864579e-10
2.667864e-10
1.581760e-09
2.443085e-10
1.098801e-09
3.082586e-11
9.392313e-11
5.205688e-11
6.009457e-11
5.035584e-11
2.298691e-11
4.408998e-11
1.204309e-10
9.416961e-10
1.064589e-10
3.046134e-10
9.280728e-12
3.733822e-11
5.792173e-11
5.030351e-11
1.584221e-10
1.415267e-10
4.821318e-10
5.355635e-10
1.546899e-10
1.203445e-10
7.068598e-11
1.777867e-10
6.860532e-10
1.449471e-10
4.862338e-10
5.280305e-10
1.560632e-10
1.203190e-10
7.079873e-11
1.777940e-10
6.860554e-10
1.449470e-10
4.862346e-10
5.280348e-10
1.560632e-10
1.203190e-10
7.079873e-11
1.777940e-10
6.860554e-10
1.449470e-10
4.862347e-10
5.280357e-10
1.560634e-10
1.203196e-10
7.080090e-11
1.779934e-10
6.873312e-10
1.472534e-10
5.486024e-10
7.484719e-10
3.511071e-10
2.218081e-10
1.197363e-10
9.698740e-11
4.677427e-10
1.807100e-09
7.327784e-09
1.156447e-08
2.103933e-09
1.401478e-09
3.947134e-10
1.263492e-10
2.915834e-11
9.044125e-11
4.695279e-12
5.808061e-11
3.629357e-10
2.387369e-09
2.170700e-10
3.666892e-09
3.702532e-10
7.684340e-10
1.570816e-09
1.420405e-10
1.023430e-10
1.035033e-10
9.681542e-11
1.495002e-10
3.257099e-10
6.401153e-10
1.679969e-09
3.212665e-09
2.441842e-09
8.847264e-10
8.682365e-10
1.264117e-09
6.231017e-10
1.089071e-09
3.080422e-09
1.462248e-09
1.330214e-09
7.564215e-10
3.873823e-10
7.116032e-10
9.618949e-10
7.503823e-10
4.052427e-10
4.674997e-10
3.701373e-09
4.994903e-09
3.922942e-09
3.356688e-08
1.639925e-09
1.226438e-09
4.036730e-10
3.407253e-09
6.649868e-10
4.094220e-09
2.828772e-09
2.958312e-09
2.918492e-09
6.747823e-10
2.725409e-09
1.399569e-09
1.251973e-09
3.060059e-09
1.587273e-09
1.854253e-09
2.806082e-10
7.909686e-09
9.453302e-09
1.842946e-08
6.352180e-09
1.928215e-08
1.386655e-09
6.707257e-10
5.445297e-10
2.356831e-10
4.183317e-10
3.213334e-09
5.222990e-10
1.197970e-09
1.054925e-09
2.945625e-09
3.263697e-09
2.830552e-09
1.119844e-09
2.303855e-09
5.246163e-09
7.811493e-10
2.761850e-09
3.120002e-09
2.374602e-08
2.250267e-09
7.241032e-09
1.009825e-09
2.548851e-09
5.476595e-09
1.245616e-08
1.524247e-08
1.120815e-08
4.230699e-08
1.205065e-08
4.424978e-09
3.640775e-10
2.239912e-10
2.556032e-10
7.464448e-10
1.734092e-09
7.402856e-10
5.269835e-09
6.122186e-09
4.197975e-10
6.398817e-09
4.110142e-10
2.437703e-09
1.152616e-09
6.215164e-09
1.862776e-09
3.467631e-09
3.845294e-09
1.556586e-08
3.922307e-09
3.619543e-09
9.992350e-09
1.359390e-08
9.028919e-09
4.486049e-09
3.997294e-09
1.696036e-09
6.094723e-10
1.017018e-09
2.949236e-09
2.061419e-09
2.695353e-09
9.831032e-09
4.854761e-09
3.073303e-09
6.664671e-10
4.375949e-10
4.521916e-11
2.025638e-11
2.935520e-12
1.051314e-11
2.803100e-12
3.009689e-11
1.289572e-11
4.569894e-11
1.017776e-09
1.993556e-09
1.160733e-09
1.297347e-09
3.848174e-10
1.106622e-09
6.055544e-10
1.120845e-09
2.673202e-10
1.361379e-10
4.979051e-11
1.986385e-10
5.768161e-11
2.832080e-10
3.830590e-11
4.539142e-11
5.260749e-10
1.151189e-10
3.798508e-10
9.516202e-11
4.974239e-11
1.717116e-11
4.146323e-11
6.699347e-11
7.455546e-11
2.541454e-10
4.816983e-10
4.654229e-10
4.527759e-10
7.232516e-10
1.778976e-10
1.176584e-09
8.079305e-11
2.289513e-10
4.592953e-10
5.132241e-10
4.522894e-10
7.353249e-10
1.779744e-10
1.176678e-09
8.079075e-11
2.289655e-10
4.593098e-10
5.132256e-10
4.522894e-10
7.353249e-10
1.779744e-10
1.176678e-09
8.079075e-11
2.289655e-10
4.593100e-10
5.132257e-10
4.522896e-10
7.353258e-10
1.779934e-10
1.177718e-09
8.131657e-11
2.426763e-10
5.091402e-10
6.581751e-10
5.237841e-10
7.682765e-10
3.854589e-10
5.049572e-10
7.192628e-10
6.633803e-09
1.323672e-08
2.346718e-09
1.705560e-09
7.933872e-10
1.024570e-09
3.909844e-10
4.745715e-11
2.129253e-11
4.895532e-11
5.026829e-11
1.057480e-09
2.567155e-10
1.809967e-09
6.305414e-10
1.213180e-09
2.005817e-09
4.284942e-10
2.939655e-10
4.904173e-10
3.830797e-10
3.817378e-10
3.957152e-10
7.287711e-10
1.931158e-09
2.564368e-09
2.836547e-09
3.256231e-09
2.382692e-09
2.862392e-09
1.697781e-09
1.120728e-09
3.446989e-09
3.154055e-09
3.153125e-09
1.414872e-09
1.631595e-09
3.445390e-09
1.613662e-09
1.049039e-09
9.406673e-10
9.284833e-10
6.543151e-10
7.522299e-09
4.275518e-09
3.618475e-08
5.879533e-09
4.758918e-09
5.401761e-09
2.798589e-09
1.318556e-09
2.942774e-09
1.366542e-09
2.717669e-09
2.757752e-09
1.077702e-09
4.421636e-09
4.045683e-09
8.690245e-10
2.466233e-09
2.884329e-09
1.827022e-09
5.981999e-10
1.521363e-09
3.799629e-09
9.965198e-09
6.619934e-09
1.982563e-08
8.213735e-09
4.973769e-08
9.324908e-10
4.738570e-10
4.312079e-10
1.942112e-09
5.587777e-10
1.593823e-09
7.172231e-10
1.672576e-09
2.029876e-09
2.945121e-09
1.105639e-09
3.063494e-09
1.498291e-08
3.474450e-09
4.399610e-09
6.509595e-09
1.502718e-08
2.022047e-09
9.786512e-09
3.522127e-09
4.950933e-09
4.594614e-09
1.386173e-08
1.501980e-08
1.496762e-08
4.672714e-08
1.991970e-08
9.365222e-09
5.860142e-09
8.313675e-10
1.975581e-10
6.405670e-10
1.362312e-09
9.184607e-10
5.089079e-09
3.809606e-09
1.279439e-09
3.741308e-09
1.464525e-09
3.022264e-09
1.032802e-09
4.189635e-09
1.800771e-09
3.288204e-09
3.451495e-09
1.388647e-08
5.510745e-09
6.276909e-09
8.530439e-09
9.844847e-09
9.605153e-09
1.449634e-08
7.752068e-09
1.768081e-08
4.014849e-09
1.052775e-09
1.403988e-09
1.484681e-09
1.766239e-09
5.170626e-09
4.671721e-09
4.483441e-09
5.931388e-09
7.702906e-09
5.837471e-10
5.714885e-10
1.204661e-12
6.498585e-12
1.523587e-12
9.125600e-12
6.858111e-12
3.925960e-11
3.409483e-10
9.998705e-10
1.384360e-09
1.428192e-09
8.917834e-10
1.311666e-09
7.187509e-10
9.198727e-10
3.640945e-10
6.427862e-10
6.515135e-11
4.177852e-10
1.321459e-10
4.180491e-10
1.826482e-10
6.025179e-11
1.530507e-10
1.195934e-10
3.932527e-10
1.230601e-10
2.214837e-10
2.822191e-11
4.154383e-11
2.595583e-11
4.667487e-11
2.944980e-10
6.074563e-10
6.054188e-10
1.158533e-09
1.369075e-09
8.580405e-10
6.871909e-10
8.123008e-11
3.315271e-10
4.246453e-10
6.967888e-10
1.156357e-09
1.406761e-09
8.589269e-10
6.873071e-10
8.121815e-11
3.315989e-10
4.247036e-10
6.967915e-10
1.156358e-09
1.406761e-09
8.589269e-10
6.873071e-10
8.121815e-11
3.315989e-10
4.247037e-10
6.967915e-10
1.156358e-09
1.406762e-09
8.589304e-10
6.873312e-10
8.131657e-11
3.338570e-10
4.324045e-10
7.202389e-10
1.224796e-09
1.446887e-09
1.059939e-09
1.347852e-09
5.409876e-10
2.763910e-09
6.970993e-09
3.133193e-09
2.009944e-09
9.099273e-10
2.336721e-09
7.595881e-10
2.565909e-10
3.531548e-11
2.728071e-11
2.632111e-11
4.650544e-11
7.619968e-11
8.111949e-10
2.009226e-10
1.481575e-09
1.198511e-09
7.926758e-10
1.094468e-09
1.717219e-09
6.968495e-10
9.443365e-10
4.590985e-10
4.014432e-10
1.031267e-09
3.020146e-09
3.511763e-09
4.664574e-09
6.623335e-09
7.231422e-09
4.079521e-09
2.457402e-09
1.815824e-09
2.842782e-09
7.613835e-09
3.996963e-09
4.435826e-09
5.533204e-09
3.109473e-09
1.716119e-09
1.111164e-09
8.565112e-10
4.770436e-10
4.348980e-10
1.551002e-08
3.917223e-08
7.572377e-09
1.597788e-08
9.700180e-09
3.702097e-09
1.674019e-09
2.733034e-09
3.891478e-10
1.447380e-09
1.842068e-09
1.249237e-09
4.372227e-09
8.069802e-09
1.044993e-09
7.934409e-10
3.191414e-09
1.816765e-09
5.164463e-10
2.362672e-09
3.390656e-10
1.335821e-09
5.597824e-09
2.244441e-08
1.027248e-08
8.579823e-08
7.377941e-09
6.947358e-10
4.753482e-10
1.072591e-09
2.922609e-10
1.848942e-09
5.362790e-10
7.552138e-10
1.070092e-09
1.418189e-09
8.670343e-10
3.452868e-09
1.467150e-08
5.328989e-09
5.477066e-09
2.321768e-09
1.129236e-08
6.721736e-09
9.190677e-09
4.703195e-09
7.206537e-09
2.281581e-09
7.102657e-09
8.661148e-09
1.433782e-08
4.101727e-08
2.272366e-08
9.511729e-09
8.412749e-09
1.608516e-09
1.522233e-10
3.262779e-10
7.246165e-10
7.642829e-10
3.973589e-09
2.246891e-09
1.175683e-09
2.299833e-09
5.521204e-10
3.742637e-09
1.418677e-09
2.442045e-09
1.947032e-09
2.967355e-09
1.203960e-09
8.746492e-09
5.964110e-09
7.987507e-09
7.656165e-09
8.183437e-09
8.996751e-09
1.878199e-08
1.378220e-08
2.984874e-08
1.000176e-08
7.823255e-10
7.306308e-10
2.220365e-10
4.254281e-10
2.697168e-09
3.977603e-09
4.991734e-09
1.349638e-08
1.209789e-08
2.493315e-09
1.143798e-09
3.754476e-10
8.413444e-13
9.397801e-13
8.685568e-12
1.037362e-11
7.327927e-12
2.325372e-11
4.106575e-10
1.080847e-09
1.528798e-09
1.183373e-09
1.917893e-09
1.068280e-09
8.447969e-10
7.526130e-10
7.953402e-10
3.527231e-10
6.542387e-10
1.917833e-10
9.782986e-10
2.101159e-10
3.745084e-10
5.363342e-11
7.058071e-11
4.307328e-10
1.366493e-10
2.482912e-10
1.776123e-10
1.535039e-10
2.111565e-11
9.567043e-11
1.450259e-10
5.304248e-10
8.258042e-10
1.329076e-09
2.051228e-09
1.524655e-09
1.645773e-09
1.473040e-10
2.417964e-10
4.307456e-10
8.839025e-10
1.322684e-09
2.252026e-09
1.530563e-09
1.647145e-09
1.472510e-10
2.422343e-10
4.310824e-10
8.839134e-10
1.322685e-09
2.252026e-09
1.530563e-09
1.647145e-09
1.472510e-10
2.422343e-10
4.310824e-10
8.839134e-10
1.322685e-09
2.252026e-09
1.530564e-09
1.647151e-09
1.472534e-10
2.426763e-10
4.324045e-10
8.881410e-10
1.333666e-09
2.294385e-09
1.746843e-09
2.270244e-09
1.094593e-09
2.346179e-09
3.700825e-09
1.795550e-09
1.852534e-09
1.881426e-09
2.795006e-09
2.733600e-09
1.389788e-09
2.505518e-10
2.413045e-11
7.664468e-11
2.045594e-11
9.816227e-12
1.280612e-10
1.211119e-10
1.173361e-09
7.337366e-10
6.477199e-10
1.432734e-09
4.430036e-09
1.282273e-09
1.912466e-09
8.569936e-10
6.160162e-10
5.430991e-10
9.806810e-10
3.351626e-09
6.964126e-09
8.966433e-09
1.252858e-08
7.130369e-09
5.056439e-09
4.153254e-09
2.407394e-09
5.729817e-09
5.817722e-09
8.629009e-09
9.212207e-09
7.274876e-09
2.704329e-09
1.600457e-09
1.273605e-09
6.664980e-10
6.319609e-10
1.258829e-09
2.991641e-08
2.134986e-08
2.075490e-08
2.151611e-08
7.711578e-09
3.795372e-09
2.238939e-09
8.973278e-10
4.932071e-10
5.896025e-10
9.501496e-10
3.964287e-09
1.451207e-08
1.929943e-09
1.291018e-09
2.412729e-09
2.273143e-09
7.974800e-10
2.114144e-09
1.386171e-09
6.996012e-10
1.522116e-09
8.329941e-09
1.158087e-08
9.249829e-08
2.358113e-08
1.354626e-08
6.352069e-10
1.534667e-09
2.824676e-10
1.060635e-09
5.566881e-10
9.475783e-10
8.521526e-10
6.418663e-10
7.213543e-10
3.401651e-09
1.365401e-08
6.626982e-09
9.173506e-09
3.496459e-09
3.074941e-09
4.781837e-09
6.962795e-09
1.096724e-08
1.006056e-08
5.398513e-09
2.357201e-09
3.203058e-09
1.772812e-08
2.320905e-08
2.388457e-08
9.996562e-09
1.172250e-08
3.850237e-09
6.890767e-10
3.193758e-10
2.587857e-10
2.512813e-09
8.890591e-10
2.037683e-09
1.167640e-09
1.552626e-09
5.518887e-10
1.950669e-09
1.544244e-09
1.931568e-09
2.443184e-09
1.027597e-08
1.435880e-09
3.149993e-09
5.429991e-09
1.253142e-08
3.624766e-09
8.143616e-09
1.372774e-08
2.018590e-08
2.117354e-08
5.518306e-08
1.258226e-08
2.740483e-09
1.996949e-09
6.264907e-10
2.068904e-10
9.413851e-10
1.710924e-09
3.668840e-09
1.604221e-08
1.840200e-08
7.632029e-09
2.938347e-09
1.625761e-09
1.060860e-09
5.908902e-13
8.875495e-12
1.009240e-11
4.580052e-11
3.621135e-11
1.319589e-10
7.925609e-10
1.921587e-09
1.352429e-09
2.294209e-09
1.555701e-09
6.935100e-10
1.707860e-09
2.454437e-09
3.859953e-10
3.004398e-09
3.557277e-10
2.749909e-09
2.953325e-10
5.119582e-10
2.035216e-10
9.060388e-11
3.311961e-10
2.036719e-10
2.778003e-10
2.031623e-10
1.130823e-09
1.238815e-10
2.640476e-10
1.721449e-10
4.452363e-10
6.532480e-10
1.710732e-09
2.405473e-09
2.204865e-09
2.637500e-09
8.582712e-10
5.465691e-10
5.067026e-10
7.191688e-10
1.331337e-09
2.881537e-09
2.242269e-09
2.646700e-09
8.559122e-10
5.485776e-10
5.088086e-10
7.192312e-10
1.331341e-09
2.881537e-09
2.242270e-09
2.646701e-09
8.559122e-10
5.485776e-10
5.088086e-10
7.192312e-10
1.331341e-09
2.881537e-09
2.242271e-09
2.646704e-09
8.559128e-10
5.486024e-10
5.091402e-10
7.202389e-10
1.333666e-09
2.893105e-09
2.467700e-09
3.267333e-09
1.765870e-09
5.046620e-09
2.973549e-09
2.065528e-09
1.606230e-09
8.246115e-10
3.182471e-09
5.742928e-09
6.904297e-09
2.589024e-09
3.376960e-10
2.847375e-10
1.105067e-10
1.998864e-11
6.111092e-11
8.408683e-11
1.314700e-09
3.490293e-10
1.296991e-09
1.447772e-09
6.960425e-09
1.699821e-09
4.903192e-09
2.021458e-09
9.912725e-10
7.736073e-10
8.720994e-10
1.238623e-09
4.171675e-09
1.114752e-08
1.677079e-08
1.161080e-08
8.450462e-09
8.902221e-09
5.240636e-09
5.533871e-09
4.775346e-09
9.232294e-09
1.155087e-08
1.426612e-08
7.443295e-09
3.078706e-09
1.371553e-09
1.200089e-09
2.833520e-09
2.512328e-10
7.129640e-09
1.829174e-08
1.880233e-08
3.574189e-08
2.272400e-08
1.006019e-08
5.484329e-09
1.170380e-09
6.195140e-10
1.013474e-09
1.274303e-09
2.441042e-09
1.697289e-08
4.905539e-09
9.590958e-09
5.680641e-09
9.217722e-10
1.067596e-09
3.199538e-09
1.901440e-09
6.847204e-09
3.593850e-10
3.595054e-09
1.182949e-08
9.211633e-08
3.069234e-08
8.075948e-08
1.227264e-08
3.190311e-09
9.677474e-10
1.440084e-09
3.476550e-10
1.365678e-09
1.388413e-09
8.689072e-10
5.788783e-10
1.806009e-09
1.242705e-08
9.439268e-09
1.458877e-08
1.125576e-08
4.942482e-09
1.668169e-09
6.808430e-09
9.404664e-09
1.371617e-08
1.380145e-08
6.807611e-09
2.927701e-09
3.413431e-08
1.758457e-08
2.365497e-08
1.033749e-08
1.703147e-08
9.945854e-09
2.100875e-09
3.535228e-09
5.103129e-10
3.395878e-08
7.241469e-10
1.499091e-09
1.269784e-09
2.639722e-09
5.492414e-10
2.519440e-09
7.581505e-10
1.983104e-09
3.014619e-09
1.655714e-08
3.093161e-09
4.477501e-09
4.931891e-09
1.421885e-08
5.746760e-09
8.743314e-09
8.219048e-09
2.847003e-08
2.857015e-08
9.722691e-08
2.015921e-08
4.462905e-09
1.422029e-08
5.615238e-09
1.132295e-09
7.130275e-10
8.489258e-10
2.862354e-09
1.565660e-08
2.188998e-08
2.128914e-08
6.858372e-09
5.736116e-09
4.695387e-09
7.335311e-10
7.365248e-12
9.888961e-12
4.616149e-11
6.224335e-11
1.567773e-10
4.300515e-10
9.106793e-10
1.197618e-09
3.096398e-09
1.577758e-09
7.425816e-10
4.493404e-09
3.582419e-09
5.543363e-10
3.474678e-09
1.909224e-09
4.855035e-09
3.339477e-10
9.275515e-10
2.256334e-10
4.401802e-10
3.099129e-10
2.187909e-10
3.239766e-10
2.078938e-10
1.306451e-09
1.014040e-09
1.090629e-09
1.441562e-10
4.390844e-10
4.782000e-10
1.576573e-09
1.945582e-09
2.282940e-09
3.795422e-09
1.558121e-09
3.564619e-09
7.386759e-10
6.572456e-10
1.223664e-09
2.290478e-09
2.369124e-09
3.906239e-09
1.541383e-09
3.654511e-09
7.483736e-10
6.576356e-10
1.223687e-09
2.290478e-09
2.369126e-09
3.906243e-09
1.541383e-09
3.654511e-09
7.483736e-10
6.576356e-10
1.223687e-09
2.290478e-09
2.369126e-09
3.906246e-09
1.541384e-09
3.654529e-09
7.484719e-10
6.581751e-10
1.224796e-09
2.294385e-09
2.467700e-09
4.603376e-09
2.419572e-09
7.872654e-09
2.486884e-09
2.505700e-09
1.487295e-09
5.674901e-10
3.061996e-09
5.974193e-09
8.631416e-09
1.070862e-08
1.736162e-09
2.564416e-09
3.558303e-10
9.416701e-11
1.013554e-10
6.201637e-11
1.242593e-09
9.666266e-11
1.217652e-09
2.079080e-09
9.113707e-09
1.014457e-09
9.137890e-09
2.216453e-09
1.516674e-09
1.172307e-09
9.640716e-10
1.220837e-09
2.782606e-09
6.169449e-09
1.195407e-08
1.544024e-08
1.512428e-08
1.420406e-08
1.002071e-08
8.797425e-09
4.843893e-09
7.356629e-09
1.125084e-08
1.603242e-08
1.230096e-08
7.165452e-09
1.949117e-09
1.985090e-09
4.979152e-09
4.689913e-10
5.869803e-09
4.500227e-09
3.373860e-08
3.235021e-08
1.939402e-08
3.768078e-08
1.535426e-08
2.672562e-09
5.390068e-10
4.001495e-09
2.064616e-09
6.257910e-10
1.752106e-08
5.028036e-09
1.887488e-08
1.042822e-08
1.532851e-09
1.740867e-09
3.667445e-09
2.105283e-09
7.893397e-09
2.270656e-09
5.384820e-09
3.605825e-09
7.295723e-08
3.263552e-08
8.719451e-08
3.471299e-08
6.043275e-08
2.453574e-09
5.625828e-09
2.004198e-10
1.176275e-09
2.005681e-09
1.326776e-09
6.552068e-10
4.294881e-09
4.318423e-09
4.568145e-09
1.713999e-08
1.673575e-08
7.536186e-09
1.694720e-09
1.783346e-09
8.397773e-09
1.235112e-08
1.363065e-08
9.830167e-09
1.138601e-08
8.631385e-08
1.373178e-08
1.995575e-08
6.318245e-09
2.193176e-08
1.339652e-08
3.727224e-09
1.060423e-08
3.869140e-09
2.022910e-07
1.773717e-09
2.519515e-09
6.934540e-10
3.524756e-09
8.173950e-10
2.471265e-09
1.139700e-09
1.108243e-09
4.071230e-09
2.033898e-08
3.613278e-09
2.072973e-08
3.083290e-09
1.345963e-08
9.757837e-09
1.595843e-08
7.446769e-09
1.908059e-08
2.699087e-08
1.178697e-07
2.871992e-08
7.506527e-09
2.075341e-08
5.341873e-08
5.626278e-09
1.845601e-09
7.904498e-10
1.752868e-09
1.409632e-08
1.816278e-08
2.342594e-08
1.068556e-08
1.472009e-08
1.647648e-08
3.363486e-09
1.400751e-09
4.913290e-12
4.407693e-11
5.987139e-11
8.144047e-11
4.141847e-11
1.845932e-10
5.814439e-10
1.482264e-09
1.418020e-09
1.481658e-09
4.948860e-09
3.926011e-09
5.940667e-10
3.269924e-09
1.895816e-09
6.512672e-09
1.833905e-10
8.896725e-10
2.352165e-10
4.779761e-10
2.839779e-10
1.668731e-10
1.391058e-10
1.970441e-10
1.294431e-09
1.038283e-09
1.478317e-09
7.769032e-11
1.009608e-10
2.224315e-10
8.678063e-10
1.109351e-09
1.662218e-09
3.088870e-09
1.723900e-09
3.976522e-09
7.838757e-10
3.504072e-10
5.235181e-10
1.446139e-09
1.731260e-09
3.164980e-09
1.689352e-09
4.124951e-09
8.151207e-10
3.510907e-10
5.235658e-10
1.446140e-09
1.731263e-09
3.164984e-09
1.689352e-09
4.124951e-09
8.151207e-10
3.510907e-10
5.235658e-10
1.446140e-09
1.731263e-09
3.164985e-09
1.689352e-09
4.124957e-09
8.151378e-10
3.511071e-10
5.237841e-10
1.446887e-09
1.746843e-09
3.267333e-09
2.419572e-09
7.736993e-09
1.557613e-09
2.441156e-09
9.465884e-10
3.386782e-10
1.735710e-09
6.291698e-09
8.542736e-09
9.730698e-09
2.784170e-09
3.426459e-09
5.291049e-10
1.962334e-10
8.297088e-11
4.077652e-11
4.773164e-10
3.672342e-11
8.387350e-10
1.391485e-09
8.710901e-09
8.035183e-10
8.554869e-09
1.757594e-09
1.487385e-09
1.034613e-09
8.929369e-10
7.227547e-10
9.581487e-10
2.172584e-09
6.577713e-09
6.986613e-09
9.899059e-09
1.937837e-08
1.341213e-08
6.859021e-09
4.305333e-09
4.682413e-09
7.279558e-09
1.351835e-08
1.067084e-08
8.081639e-09
3.114981e-09
1.933824e-09
5.231740e-09
8.125634e-10
2.521388e-09
2.022296e-09
3.098194e-09
1.814103e-08
3.383344e-08
3.378619e-08
1.967881e-08
6.279756e-09
1.107696e-09
4.274975e-09
2.924488e-09
2.393863e-10
1.144751e-08
4.152409e-09
1.910210e-08
1.003272e-08
1.563394e-09
2.899734e-09
1.652467e-09
2.274952e-09
7.820210e-09
2.053969e-09
7.977285e-09
2.900487e-10
9.613829e-09
2.364755e-08
8.601655e-08
3.719701e-08
6.540773e-08
5.003924e-09
6.337872e-09
3.475868e-10
8.778617e-10
1.425216e-09
1.638775e-09
6.400042e-10
3.631250e-09
1.790567e-09
2.052472e-09
1.097675e-08
1.334606e-08
9.454164e-09
5.320732e-09
2.077407e-09
3.438954e-09
8.533939e-09
9.621846e-09
1.149941e-08
1.019350e-08
9.128335e-08
3.951482e-09
1.454438e-08
4.625328e-09
1.297471e-08
1.611448e-08
7.939625e-09
2.116979e-08
1.176925e-08
2.870176e-07
2.464828e-09
4.672011e-09
3.726767e-10
2.254333e-09
1.347736e-09
2.329152e-09
1.323174e-09
1.326715e-09
2.711086e-09
2.080509e-08
2.943554e-09
2.017257e-08
3.006715e-09
8.550000e-09
4.206782e-09
1.578460e-08
1.086787e-08
9.022285e-09
1.870740e-08
9.065193e-08
1.569911e-08
1.816703e-08
2.564319e-08
5.971074e-08
1.240258e-08
1.854627e-09
7.764303e-10
1.069886e-09
4.921565e-09
1.115069e-08
2.157268e-08
1.011361e-08
1.554418e-08
1.784185e-08
5.503409e-09
3.073425e-09
5.916564e-11
4.065338e-11
5.895258e-11
7.559139e-11
9.425827e-12
1.101597e-10
2.010817e-10
6.658046e-10
8.636076e-10
8.030799e-10
5.032575e-09
5.242979e-09
5.046076e-10
3.009744e-09
2.288432e-09
7.438932e-09
3.518404e-10
6.256666e-10
2.315102e-10
6.527363e-10
2.264949e-10
3.274558e-10
9.484671e-11
7.375095e-11
1.169860e-09
1.056533e-09
1.538528e-09
1.196831e-10
8.049234e-11
6.055915e-11
6.497774e-10
4.056210e-10
9.929380e-10
2.208890e-09
1.697437e-09
4.120385e-09
8.687193e-10
9.887088e-10
2.216421e-10
7.680323e-10
1.057340e-09
2.253495e-09
1.648462e-09
4.616356e-09
1.033984e-09
1.006005e-09
2.217967e-10
7.680351e-10
1.057352e-09
2.253504e-09
1.648462e-09
4.616357e-09
1.033984e-09
1.006005e-09
2.217967e-10
7.680351e-10
1.057352e-09
2.253504e-09
1.648462e-09
4.616360e-09
1.033988e-09
1.006012e-09
2.218081e-10
7.682765e-10
1.059939e-09
2.270244e-09
1.765870e-09
7.872654e-09
1.557613e-09
2.873830e-09
7.352725e-10
2.515880e-10
1.043510e-09
6.273958e-09
8.048677e-09
1.006936e-08
3.072530e-09
5.981242e-09
2.466452e-09
4.649311e-09
1.085511e-10
3.899129e-11
4.440802e-10
5.730655e-12
7.694545e-10
1.341175e-09
6.165337e-09
4.579601e-10
8.944229e-09
1.895019e-09
1.341210e-09
6.804279e-10
1.325782e-09
6.808708e-10
6.853535e-10
6.897892e-10
1.995413e-09
4.663974e-09
6.232228e-09
1.298276e-08
1.157226e-08
1.088108e-08
5.499066e-09
4.035929e-09
4.722592e-09
9.545157e-09
1.056765e-08
6.586670e-09
2.708190e-09
3.464185e-09
6.618916e-09
6.857020e-10
1.812548e-09
2.035436e-09
3.362921e-09
1.993319e-09
1.546806e-08
2.404073e-08
3.523167e-08
1.765525e-08
2.787841e-09
7.424446e-09
3.786432e-09
1.164397e-09
6.797350e-09
3.527047e-09
1.875303e-08
9.220375e-09
2.125742e-09
5.746862e-09
3.195003e-09
1.589357e-09
6.825127e-09
2.377426e-09
8.594618e-09
7.319874e-10
1.397092e-09
1.154214e-08
7.741586e-08
3.390356e-08
6.451381e-08
1.429907e-08
6.588387e-08
6.263773e-10
6.673823e-10
1.328943e-09
1.388812e-09
6.823913e-10
3.833817e-09
1.388799e-09
1.726161e-09
8.244850e-09
1.192536e-08
7.040955e-09
3.223553e-09
5.929947e-09
7.457690e-09
4.971160e-09
6.703881e-09
9.782108e-09
8.706750e-09
9.595770e-08
6.319975e-09
1.862897e-08
3.455020e-09
1.222658e-08
1.622748e-08
7.358123e-09
4.755948e-08
2.885836e-08
6.073405e-07
1.933200e-08
1.876687e-08
1.126366e-09
2.637688e-09
1.862284e-09
2.104656e-09
1.672464e-09
1.830993e-09
3.804575e-09
1.317955e-08
2.997942e-09
2.298408e-08
2.523621e-09
5.962435e-09
4.297346e-09
1.551586e-08
5.639813e-09
8.132199e-09
1.981118e-08
7.384166e-08
1.142603e-08
7.683807e-09
2.301952e-08
9.351834e-08
1.644530e-08
5.041630e-09
2.259128e-09
6.351735e-09
2.290964e-09
6.701686e-09
1.817536e-08
7.823779e-09
1.548090e-08
2.049484e-08
1.738477e-08
9.417693e-09
3.134232e-10
2.510047e-10
2.974938e-11
5.225538e-11
3.623058e-12
1.627029e-11
2.383472e-11
1.134784e-10
4.081793e-10
6.014930e-10
4.545843e-09
3.086150e-09
6.430251e-10
1.406535e-09
2.450573e-09
7.131427e-09
4.029773e-10
8.633610e-10
1.600914e-10
8.760723e-10
2.094544e-10
3.252736e-10
1.450580e-10
7.759655e-11
3.387020e-10
9.988151e-10
1.335575e-09
9.145775e-11
1.716577e-10
5.193715e-11
1.091799e-10
1.789836e-10
3.066298e-10
1.253410e-09
1.367057e-09
3.807104e-09
1.031212e-09
1.089255e-09
4.385698e-10
1.197191e-10
3.848990e-10
1.345084e-09
1.075988e-09
4.517780e-09
2.030162e-09
1.134876e-09
4.410644e-10
1.197312e-10
3.849628e-10
1.345116e-09
1.075989e-09
4.517781e-09
2.030163e-09
1.134876e-09
4.410644e-10
1.197312e-10
3.849628e-10
1.345116e-09
1.075989e-09
4.517782e-09
2.030165e-09
1.134878e-09
4.410664e-10
1.197363e-10
3.854589e-10
1.347852e-09
1.094593e-09
5.046620e-09
2.486884e-09
2.441156e-09
7.352725e-10
3.034297e-10
7.173784e-10
4.052544e-09
3.658017e-09
8.288050e-09
3.066745e-09
7.506703e-09
6.236569e-09
1.089275e-08
8.993322e-10
6.608943e-11
2.254557e-10
2.119756e-11
7.305787e-11
5.951430e-10
3.720859e-09
3.774804e-10
6.291425e-09
1.065869e-09
2.095111e-09
1.196790e-09
2.780197e-09
1.228051e-09
1.796280e-09
5.842846e-10
6.777306e-10
1.802190e-09
4.616972e-09
8.726036e-09
1.025537e-08
8.614079e-09
5.570712e-09
6.744606e-09
5.927197e-09
4.467279e-09
6.835072e-09
8.532250e-09
3.926389e-09
3.205617e-09
5.184339e-09
1.688603e-09
2.157466e-09
1.173624e-09
2.350174e-09
8.893995e-10
1.736294e-09
2.290151e-08
2.020103e-08
1.073219e-08
2.491399e-08
1.040072e-08
6.784818e-09
2.283860e-09
4.989638e-09
1.170864e-09
1.076574e-08
5.761358e-09
2.554377e-09
7.164800e-09
7.397691e-09
1.321140e-09
1.799238e-09
2.612659e-09
7.816046e-09
1.148624e-09
2.578129e-09
9.778510e-10
1.440783e-08
2.492427e-08
6.738395e-08
1.472332e-08
1.177302e-07
8.652315e-09
4.831433e-10
9.645300e-10
1.059740e-09
4.209737e-10
3.704763e-09
1.330996e-09
1.587626e-09
2.434893e-09
4.533662e-09
5.772993e-09
5.223527e-09
6.987152e-09
1.113726e-08
4.475968e-09
3.768011e-09
1.234419e-08
7.765385e-09
8.456342e-08
6.642657e-09
2.309067e-08
2.814607e-09
1.057314e-08
1.406784e-08
1.275462e-08
6.290052e-08
3.339418e-08
7.971860e-07
3.004845e-08
4.183649e-08
6.521174e-09
4.122717e-09
3.393112e-09
1.414457e-09
1.828774e-09
2.034439e-09
3.245602e-09
7.811933e-09
2.273077e-09
2.288523e-08
3.293209e-09
8.428531e-09
3.591529e-09
1.062859e-08
2.665292e-09
7.477547e-09
1.820997e-08
3.407513e-08
1.415043e-08
1.362588e-08
1.656187e-08
9.730019e-08
2.005836e-08
9.760071e-09
7.212076e-09
1.256295e-08
2.755420e-09
7.686655e-10
5.817350e-09
4.948420e-09
1.213197e-08
2.151256e-08
3.412092e-08
1.320194e-08
1.300289e-09
5.403138e-10
6.407181e-10
3.709546e-12
1.121689e-12
8.969744e-12
4.217762e-11
4.589935e-11
3.208445e-11
3.296663e-10
2.223347e-09
2.733553e-09
6.307262e-10
4.759519e-10
2.493249e-09
8.479330e-09
1.691789e-09
6.128799e-10
1.444675e-09
1.382031e-09
3.834517e-10
6.214381e-10
1.759100e-10
6.441269e-10
4.563018e-11
3.303585e-10
8.704356e-10
8.984262e-11
1.079815e-10
4.439731e-10
4.651923e-10
4.124104e-11
1.251930e-10
3.119344e-10
8.616443e-10
1.362601e-09
7.896045e-10
1.379075e-09
7.366634e-10
1.665696e-10
9.668829e-11
5.042261e-10
5.378688e-10
2.248439e-09
2.891990e-09
1.604600e-09
7.537387e-10
1.668434e-10
9.697638e-11
5.044133e-10
5.378739e-10
2.248443e-09
2.891991e-09
1.604600e-09
7.537387e-10
1.668434e-10
9.697638e-11
5.044133e-10
5.378739e-10
2.248443e-09
2.891991e-09
1.604601e-09
7.537392e-10
1.668444e-10
9.698740e-11
5.049572e-10
5.409876e-10
2.346179e-09
2.973549e-09
2.505700e-09
9.465884e-10
2.515880e-10
7.173784e-10
3.155060e-09
1.629890e-09
3.120936e-09
2.152185e-09
8.113273e-09
9.536609e-09
8.732558e-08
1.506462e-08
5.062078e-11
9.141388e-11
1.907235e-10
1.286170e-10
5.190840e-11
5.251829e-10
2.801703e-10
3.410763e-09
4.493129e-09
1.600458e-09
1.616502e-09
1.237796e-08
3.468461e-09
7.593322e-09
1.533600e-09
7.181403e-10
5.711624e-10
1.606248e-09
5.371298e-09
9.036142e-09
9.428367e-09
9.156769e-09
1.047923e-08
6.910407e-09
4.401435e-09
2.654993e-09
3.373879e-09
6.380218e-09
6.899560e-09
5.867647e-09
3.639443e-09
1.935794e-09
1.574487e-09
3.307735e-09
1.422015e-09
6.069968e-10
2.454440e-09
2.730081e-08
1.788644e-08
1.379657e-08
2.079216e-08
1.948953e-08
1.315505e-08
2.341667e-09
3.576576e-09
2.956546e-09
1.032427e-09
1.834644e-09
9.682827e-09
3.350613e-08
4.701569e-09
7.837236e-10
2.422406e-09
1.268471e-08
4.731579e-09
2.173761e-09
5.761972e-09
9.346246e-09
3.388053e-09
1.582379e-08
1.716932e-08
1.440173e-07
4.909411e-08
9.479536e-09
4.386688e-10
2.821736e-09
9.204974e-10
8.271283e-10
2.063807e-09
4.378992e-09
1.102378e-09
2.968332e-09
1.785042e-09
7.087813e-09
1.924823e-08
2.494965e-08
1.088624e-08
5.800343e-09
7.405145e-09
2.707269e-08
3.806064e-08
1.056572e-08
3.075595e-08
1.042265e-08
1.795941e-08
1.027768e-08
2.539164e-08
8.223786e-08
5.987259e-08
1.499293e-06
5.978384e-08
1.187339e-07
1.195455e-07
1.686433e-08
3.278432e-08
4.948913e-09
1.598667e-09
4.441109e-09
5.328427e-09
1.872478e-09
7.144151e-09
1.228733e-08
2.841247e-08
1.046983e-08
4.285304e-09
2.307790e-08
1.812826e-09
2.592234e-09
1.894393e-08
6.865906e-08
1.150732e-08
1.145022e-08
3.726710e-08
9.778252e-08
2.915418e-08
1.570955e-08
9.751398e-09
1.076385e-07
2.114028e-08
1.405287e-09
2.200915e-09
2.118227e-09
7.418718e-09
1.223272e-08
4.682152e-08
2.628865e-08
7.978570e-09
1.618840e-09
3.286871e-09
3.292859e-09
2.086508e-12
8.819202e-12
4.165150e-11
3.906891e-10
2.178892e-10
2.914520e-10
8.588977e-10
1.550124e-09
1.706630e-09
4.921346e-10
3.825762e-09
1.607848e-08
6.612709e-09
2.963650e-09
2.004763e-09
1.011964e-08
1.045427e-09
1.910925e-09
5.358525e-10
1.397616e-09
2.570741e-10
3.329686e-10
5.861516e-10
4.099312e-10
2.606935e-10
5.121893e-10
4.759446e-09
5.299944e-10
1.657317e-10
2.866421e-10
9.013353e-10
7.798344e-10
8.600577e-10
1.437911e-09
1.211229e-09
2.221817e-10
5.469111e-10
4.668649e-10
7.185401e-10
2.734069e-09
3.678228e-09
1.904669e-09
1.320758e-09
2.239847e-10
5.597436e-10
4.677111e-10
7.185718e-10
2.734089e-09
3.678233e-09
1.904669e-09
1.320758e-09
2.239847e-10
5.597436e-10
4.677111e-10
7.185718e-10
2.734089e-09
3.678233e-09
1.904669e-09
1.320758e-09
2.239848e-10
5.597459e-10
4.677427e-10
7.192628e-10
2.763910e-09
3.700825e-09
2.065528e-09
1.487295e-09
3.386782e-10
1.043510e-09
4.052544e-09
1.629890e-09
3.241847e-09
2.895586e-09
1.068180e-08
1.334137e-08
1.521896e-07
1.537145e-07
5.579075e-10
2.200641e-09
7.052469e-10
1.626406e-09
8.018416e-10
3.749467e-10
2.571895e-10
4.346612e-09
4.219679e-09
1.493578e-08
4.044230e-09
3.420870e-08
1.001103e-08
2.873770e-08
6.800442e-09
1.293509e-09
7.127585e-10
1.293913e-09
1.593796e-09
4.609854e-09
9.128701e-09
1.488538e-08
2.015472e-08
1.255810e-08
5.450470e-09
3.981469e-09
2.896544e-09
2.955456e-09
4.715424e-09
9.584975e-09
1.047716e-08
5.412064e-09
2.074442e-09
5.506092e-09
3.836016e-09
3.428222e-09
1.638715e-09
4.430338e-09
4.205157e-08
3.245427e-08
2.693684e-08
5.371278e-08
4.513089e-08
8.461721e-09
5.464430e-09
8.785672e-09
2.254135e-09
3.477718e-09
7.031762e-09
4.904397e-08
2.234015e-08
4.824845e-09
1.053317e-08
1.720028e-08
1.953955e-08
1.389047e-08
8.749472e-09
1.571553e-07
1.631493e-09
3.967789e-09
1.658558e-08
1.484318e-07
7.182664e-08
7.483690e-08
8.406187e-09
7.389432e-09
7.921314e-09
1.746451e-09
1.640154e-09
1.061382e-08
2.597933e-09
6.635578e-09
5.490815e-09
6.202300e-09
1.153445e-08
4.786850e-08
4.123893e-08
3.642695e-08
1.249430e-08
2.946576e-08
7.627642e-08
1.790974e-08
3.952242e-08
2.046164e-08
1.636363e-07
9.443710e-09
4.724235e-08
1.195448e-07
7.010042e-08
3.639356e-06
1.633795e-07
3.515901e-07
4.827137e-07
2.536559e-07
2.090183e-07
6.363874e-08
2.385450e-09
4.915303e-09
1.101209e-08
6.995775e-09
1.638391e-08
2.246919e-08
4.920461e-08
1.393180e-07
6.713575e-09
3.499759e-08
9.058596e-09
8.399413e-09
1.520744e-08
9.307836e-08
8.013260e-08
1.469277e-08
3.086654e-08
1.368203e-07
6.198027e-08
4.703466e-08
2.041334e-08
1.916969e-07
2.823686e-07
1.564001e-08
2.139555e-08
4.075811e-09
1.631731e-08
1.820430e-08
5.325091e-08
3.420761e-08
3.306150e-08
7.569753e-09
1.401247e-08
1.687374e-08
6.280149e-09
1.403869e-11
4.869143e-11
3.908322e-10
1.964546e-09
5.166035e-09
8.020137e-10
8.151248e-10
8.617276e-10
4.526802e-10
5.724734e-09
2.846748e-08
2.934180e-08
1.213622e-08
7.692754e-09
1.226356e-08
1.183116e-08
6.279460e-09
1.736058e-09
5.170847e-09
5.549161e-10
2.439325e-09
1.244955e-09
5.413254e-10
4.265058e-10
7.852477e-10
5.956138e-09
6.787845e-09
2.773850e-09
6.726245e-10
2.045675e-09
5.937644e-10
8.690234e-10
1.351883e-09
1.331584e-09
4.145718e-10
1.186834e-09
2.973916e-09
1.806832e-09
6.614449e-09
6.957473e-09
1.752268e-09
1.567906e-09
4.269794e-10
1.277629e-09
3.011652e-09
1.806978e-09
6.614570e-09
6.957505e-09
1.752268e-09
1.567906e-09
4.269794e-10
1.277629e-09
3.011652e-09
1.806978e-09
6.614570e-09
6.957505e-09
1.752269e-09
1.567906e-09
4.269795e-10
1.277630e-09
3.011672e-09
1.807100e-09
6.633803e-09
6.970993e-09
1.795550e-09
1.606230e-09
5.674901e-10
1.735710e-09
6.273958e-09
3.658017e-09
3.120936e-09
2.895586e-09
2.286445e-08
2.166097e-08
2.449874e-07
2.904836e-07
2.658146e-09
3.359555e-08
1.671373e-08
8.712194e-09
1.483652e-08
2.995298e-09
4.943244e-10
7.722552e-09
9.705022e-09
1.723287e-08
1.893496e-08
1.204602e-07
1.911915e-08
7.819384e-08
3.182660e-08
4.642069e-09
1.499384e-09
1.849746e-09
1.676275e-09
3.493679e-09
3.977466e-09
1.156496e-08
2.564058e-08
2.646996e-08
1.136654e-08
7.968905e-09
6.286980e-09
2.731912e-09
3.944835e-09
7.009712e-09
1.117904e-08
1.335324e-08
7.459645e-09
1.415575e-08
7.802646e-09
9.949732e-09
1.143414e-08
8.526478e-09
1.124225e-08
3.577687e-08
5.739168e-08
7.507862e-08
1.449476e-07
3.536204e-08
2.424468e-08
1.296741e-08
2.031104e-08
1.346997e-08
8.938304e-09
5.941534e-08
3.088045e-08
2.106518e-08
8.233951e-08
1.144795e-07
5.753080e-08
4.149357e-08
3.670785e-08
2.413083e-07
2.018387e-08
1.022104e-08
1.452004e-08
1.358996e-07
8.179781e-08
1.024906e-07
5.607730e-08
2.291004e-07
2.587136e-08
1.080021e-08
6.164335e-09
1.218534e-08
5.294971e-09
3.362853e-08
1.157376e-08
2.946687e-08
3.135185e-08
3.490701e-08
3.959578e-08
1.314871e-07
6.301123e-08
1.098622e-07
8.736480e-08
2.918253e-08
5.493033e-08
3.777798e-08
2.802334e-07
8.834969e-08
1.369109e-07
2.632463e-07
7.984388e-08
5.684485e-06
4.031800e-07
9.124485e-07
1.642707e-06
7.959890e-07
3.857341e-06
3.270286e-07
2.009711e-08
1.994157e-08
9.544919e-09
1.472899e-08
7.683448e-08
4.300033e-08
1.942871e-07
2.656655e-07
2.223445e-08
8.276756e-08
1.767041e-08
2.569431e-08
4.029974e-08
1.066267e-07
1.288931e-07
9.398505e-08
8.614818e-08
2.271084e-07
7.136500e-08
7.100540e-08
6.643747e-08
4.982490e-07
5.567175e-07
2.345208e-07
2.464422e-07
2.655695e-08
6.358541e-08
5.388733e-08
8.272040e-08
3.603058e-08
5.022318e-08
2.045757e-08
7.099857e-08
7.739231e-08
3.421965e-08
2.986422e-08
4.176259e-11
3.981052e-10
1.970888e-09
7.427084e-09
3.009931e-09
8.592224e-10
8.346964e-10
4.342535e-10
4.925219e-09
2.734175e-08
6.945617e-08
4.144540e-08
9.104912e-09
1.271449e-08
1.689438e-08
2.418795e-08
3.430654e-09
6.894875e-09
1.418409e-09
2.978774e-09
4.388434e-09
1.104701e-09
7.665041e-10
8.653740e-10
6.149544e-09
9.272371e-09
1.275861e-08
1.644616e-09
2.208793e-09
6.657731e-10
7.726076e-10
1.911311e-09
1.656157e-09
7.380280e-10
2.283102e-09
3.663552e-09
6.268761e-09
7.324330e-09
1.322549e-08
3.119624e-09
1.843523e-09
8.081738e-10
2.672669e-09
3.724135e-09
6.269886e-09
7.324519e-09
1.322562e-08
3.119625e-09
1.843523e-09
8.081738e-10
2.672669e-09
3.724135e-09
6.269886e-09
7.324519e-09
1.322562e-08
3.119625e-09
1.843523e-09
8.081738e-10
2.672670e-09
3.724141e-09
6.269940e-09
7.327784e-09
1.323672e-08
3.133193e-09
1.852534e-09
8.246115e-10
3.061996e-09
6.291698e-09
8.048677e-09
8.288050e-09
2.152185e-09
1.068180e-08
2.166097e-08
2.900874e-07
3.315893e-07
4.801839e-09
6.851224e-08
2.300239e-08
5.289160e-08
2.397730e-08
3.668779e-09
2.493495e-09
6.007624e-09
9.972634e-09
2.143991e-08
2.371167e-08
1.587798e-07
1.908650e-08
1.079987e-07
7.931931e-08
1.271752e-08
3.229235e-09
3.514590e-09
1.984379e-09
2.094825e-09
2.875850e-09
8.848427e-09
1.732255e-08
2.573433e-08
2.239320e-08
2.082973e-08
1.216261e-08
3.417221e-09
3.515224e-09
5.670405e-09
1.376712e-08
1.318896e-08
9.785635e-09
2.194452e-08
1.566851e-08
1.568782e-08
1.477101e-08
1.004813e-08
2.215691e-08
1.870011e-08
2.975935e-08
7.649666e-08
1.991947e-07
1.212825e-07
3.690075e-08
2.193250e-08
3.363263e-08
1.864992e-08
1.101147e-08
5.682273e-08
3.801901e-08
2.727141e-08
8.823957e-08
2.035111e-07
1.076125e-07
7.265615e-08
5.528030e-08
2.657435e-07
2.729481e-08
6.711846e-08
1.136695e-08
7.470639e-08
7.592587e-08
1.102637e-07
7.047079e-08
3.294667e-07
1.515850e-07
2.004926e-08
1.527909e-08
1.344080e-08
6.504133e-09
4.788858e-08
1.226954e-08
3.357200e-08
6.193303e-08
3.570800e-08
3.901857e-08
1.233160e-07
5.747135e-08
2.009580e-07
1.694643e-07
3.607590e-08
3.443355e-08
3.444455e-08
2.982120e-07
1.434555e-07
1.407235e-07
3.362319e-07
8.261929e-08
6.017864e-06
4.621660e-07
9.738096e-07
1.821760e-06
8.725464e-07
4.559166e-06
3.923125e-07
4.665224e-08
2.860606e-08
9.608187e-09
1.899341e-08
7.895912e-08
4.867529e-08
2.051572e-07
5.620738e-07
2.704096e-08
8.793208e-08
1.597333e-08
3.603735e-08
6.888036e-08
1.044750e-07
1.430830e-07
1.187873e-07
1.091264e-07
2.684031e-07
1.075905e-07
7.040933e-08
4.274886e-08
5.504582e-07
7.253230e-07
4.042838e-07
4.694897e-07
3.028635e-08
1.084911e-07
7.534533e-08
8.114196e-08
4.419332e-08
5.491839e-08
2.456248e-08
9.861707e-08
1.016229e-07
1.219209e-07
4.902644e-08
1.775352e-08
3.656383e-10
1.963913e-09
7.416550e-09
3.665718e-09
1.339500e-09
7.781606e-10
2.964032e-09
3.682674e-09
2.459446e-08
6.982949e-08
5.091052e-08
9.999026e-09
1.202858e-08
1.941273e-08
2.652120e-08
5.100013e-09
8.996420e-09
1.918380e-09
3.731099e-09
4.720353e-09
1.723323e-09
1.325240e-09
3.115786e-10
5.961757e-09
9.516909e-09
1.330435e-08
2.686856e-09
3.334041e-09
6.056935e-10
8.580850e-10
1.254717e-09
1.376318e-09
1.605644e-09
2.428150e-09
3.848728e-09
6.881051e-09
8.985995e-09
1.156289e-08
2.340142e-09
2.007815e-09
1.878392e-09
3.105353e-09
4.009726e-09
6.884237e-09
8.986992e-09
1.156304e-08
2.340146e-09
2.007815e-09
1.878392e-09
3.105353e-09
4.009726e-09
6.884237e-09
8.986992e-09
1.156304e-08
2.340146e-09
2.007815e-09
1.878392e-09
3.105353e-09
4.009729e-09
6.884260e-09
8.988882e-09
1.156447e-08
2.346718e-09
2.009944e-09
1.881426e-09
3.182471e-09
5.974193e-09
8.542736e-09
1.006936e-08
3.066745e-09
8.113273e-09
1.334137e-08
2.449874e-07
3.315893e-07
2.378388e-08
8.331031e-08
3.073923e-08
9.284602e-08
6.946736e-08
3.930670e-09
4.298424e-09
7.533157e-09
7.422582e-09
1.999709e-08
2.745761e-08
1.574745e-07
1.603707e-08
1.061022e-07
1.059637e-07
2.089853e-08
5.140733e-09
4.709433e-09
2.410891e-09
1.581576e-09
1.480228e-09
2.788846e-09
1.129423e-08
2.049402e-08
1.555607e-08
2.247264e-08
1.661125e-08
5.298095e-09
3.875771e-09
3.612067e-09
1.134820e-08
1.274900e-08
1.033866e-08
1.962269e-08
1.550336e-08
2.270840e-08
1.500542e-08
8.528004e-09
2.478595e-08
2.384769e-08
1.196103e-08
5.223644e-08
1.684562e-07
1.244569e-07
7.112558e-08
2.352558e-08
4.848186e-08
2.013017e-08
1.067683e-08
4.132389e-08
3.676798e-08
2.834899e-08
9.058277e-08
2.325136e-07
1.319445e-07
1.002260e-07
5.974095e-08
2.625073e-07
3.334782e-08
8.313799e-08
2.095330e-08
3.387405e-08
4.754115e-08
1.047227e-07
6.804251e-08
3.458618e-07
2.030031e-07
5.648309e-08
2.045153e-08
1.299906e-08
7.289770e-09
4.764793e-08
1.258282e-08
3.556744e-08
7.684047e-08
3.329189e-08
4.111825e-08
1.293196e-07
5.428140e-08
1.653206e-07
1.994056e-07
6.005837e-08
2.743147e-08
4.316375e-08
2.690290e-07
1.432707e-07
1.578753e-07
3.901770e-07
4.828517e-08
5.743634e-06
4.913660e-07
9.383700e-07
1.831668e-06
8.654146e-07
4.781457e-06
4.396003e-07
8.883140e-08
5.162118e-08
9.331084e-09
2.965542e-08
7.691400e-08
4.522496e-08
1.970619e-07
6.374445e-07
2.844415e-08
8.341140e-08
2.174322e-08
3.410663e-08
6.669713e-08
8.753427e-08
1.514882e-07
1.185692e-07
1.055079e-07
2.823633e-07
1.339230e-07
7.431357e-08
4.785940e-08
5.215157e-07
7.477622e-07
4.948959e-07
5.338890e-07
3.620157e-08
1.357283e-07
9.917229e-08
6.978085e-08
4.856296e-08
5.946212e-08
2.429258e-08
1.090595e-07
1.232155e-07
1.347536e-07
7.316747e-08
2.938469e-08
1.522728e-08
1.827289e-09
7.344107e-09
3.629349e-09
1.416995e-09
1.414593e-09
3.208388e-10
2.070165e-09
3.529384e-08
6.848612e-08
5.022102e-08
9.358338e-09
5.688247e-09
1.955505e-08
2.807166e-08
5.206220e-09
1.066958e-08
3.021933e-09
3.794401e-09
6.271942e-09
1.642296e-09
1.673132e-09
2.236976e-10
2.533090e-09
9.090367e-09
1.318933e-08
2.722746e-09
4.126065e-09
8.904803e-10
5.898598e-10
1.892320e-09
9.644355e-10
9.340046e-10
2.268646e-09
4.473628e-09
7.009845e-09
8.463699e-09
1.121738e-08
2.103135e-09
1.704679e-09
9.092556e-10
2.775840e-09
5.291407e-09
7.029249e-09
8.466247e-09
1.121791e-08
2.103144e-09
1.704682e-09
9.092557e-10
2.775840e-09
5.291407e-09
7.029249e-09
8.466247e-09
1.121791e-08
2.103144e-09
1.704682e-09
9.092557e-10
2.775840e-09
5.291408e-09
7.029266e-09
8.467222e-09
1.121868e-08
2.103933e-09
1.705560e-09
9.099273e-10
2.795006e-09
5.742928e-09
8.631416e-09
9.730698e-09
3.072530e-09
7.506703e-09
9.536609e-09
1.521896e-07
2.904836e-07
4.801839e-09
8.331031e-08
5.706030e-08
1.230384e-07
9.893487e-08
5.701037e-09
5.982533e-09
7.153962e-09
7.072952e-09
1.256651e-08
2.708857e-08
1.524948e-07
1.173296e-08
8.870108e-08
1.213655e-07
2.121094e-08
6.263785e-09
8.141833e-09
3.804785e-09
1.334042e-09
1.222519e-09
1.140623e-09
4.317351e-09
1.231455e-08
1.211727e-08
2.114201e-08
1.284168e-08
6.890822e-09
6.327142e-09
4.061019e-09
8.633207e-09
8.983105e-09
1.020594e-08
1.835994e-08
1.490634e-08
2.400990e-08
1.522484e-08
8.535631e-09
2.137604e-08
2.479834e-08
1.084226e-08
2.189348e-08
1.443317e-07
1.064194e-07
4.435202e-08
3.947045e-08
6.349298e-08
2.145798e-08
9.129062e-09
2.762322e-08
3.322134e-08
2.462336e-08
8.811042e-08
2.484782e-07
1.424261e-07
1.138743e-07
7.275153e-08
1.819766e-07
2.651602e-08
9.891246e-08
2.564897e-08
4.259716e-08
1.919188e-08
6.502652e-08
6.103647e-08
3.417749e-07
2.061017e-07
7.871220e-08
7.126928e-08
1.138049e-08
1.009140e-08
4.443145e-08
9.191821e-09
3.455014e-08
8.583209e-08
3.120205e-08
3.773816e-08
1.203298e-07
4.963583e-08
1.599484e-07
1.989506e-07
2.624190e-08
1.710269e-08
4.392405e-08
2.035372e-07
1.562137e-07
1.179093e-07
4.288005e-07
4.696598e-08
5.168588e-06
4.093670e-07
8.101474e-07
1.804997e-06
7.452470e-07
4.806080e-06
4.138910e-07
1.093939e-07
8.381905e-08
1.955255e-08
4.039425e-08
7.292063e-08
3.923782e-08
1.772707e-07
7.384560e-07
2.031508e-08
8.486067e-08
1.716587e-08
3.715290e-08
8.044389e-08
6.337915e-08
1.209466e-07
1.099254e-07
1.059062e-07
2.725868e-07
1.742344e-07
5.926976e-08
3.748610e-08
4.585204e-07
7.694672e-07
5.053801e-07
5.411424e-07
3.418855e-08
1.749740e-07
1.230620e-07
6.349905e-08
5.082104e-08
5.465551e-08
2.259913e-08
1.090038e-07
1.279591e-07
1.401506e-07
7.758611e-08
7.200221e-08
3.131175e-08
5.246720e-09
5.618992e-09
3.472781e-09
1.368013e-09
1.263094e-09
3.424282e-10
1.071784e-09
8.106855e-09
5.338548e-08
7.046481e-08
5.000146e-09
2.965805e-09
1.581978e-08
2.548850e-08
4.170033e-09
9.522754e-09
3.912343e-09
2.519939e-09
5.898865e-09
1.600272e-09
1.541243e-09
2.195060e-10
1.240873e-09
5.568840e-09
1.175341e-08
2.117658e-09
3.696880e-09
1.213003e-09
6.012996e-10
1.609700e-09
8.590596e-10
8.209239e-10
1.842429e-09
2.166522e-09
6.130918e-09
8.633503e-09
9.256353e-09
2.227001e-09
1.401174e-09
7.930211e-10
2.326789e-09
2.529527e-09
6.187136e-09
9.069446e-09
9.258397e-09
2.227182e-09
1.401184e-09
7.930218e-10
2.326789e-09
2.529527e-09
6.187136e-09
9.069446e-09
9.258397e-09
2.227182e-09
1.401184e-09
7.930218e-10
2.326789e-09
2.529527e-09
6.187143e-09
9.070274e-09
9.258784e-09
2.227705e-09
1.401478e-09
7.933872e-10
2.336721e-09
2.733600e-09
6.904297e-09
1.070862e-08
2.784170e-09
5.981242e-09
6.236569e-09
8.732558e-08
1.537145e-07
2.658146e-09
6.851224e-08
3.073923e-08
1.230384e-07
1.287430e-07
4.889779e-09
9.314923e-09
4.681159e-09
3.237738e-09
1.116535e-08
1.627091e-08
1.173918e-07
3.999220e-09
4.962157e-08
1.163524e-07
1.719075e-08
4.251977e-09
1.349513e-08
3.117058e-09
1.470063e-09
1.747161e-09
7.648837e-10
2.446398e-09
6.858168e-09
8.968944e-09
1.475780e-08
1.142569e-08
7.102495e-09
3.863135e-09
4.308321e-09
8.619890e-09
6.293936e-09
8.035659e-09
1.552603e-08
1.345241e-08
2.280184e-08
1.029118e-08
4.332194e-09
1.942765e-08
2.237719e-08
5.797934e-09
1.899900e-08
6.999647e-08
1.000477e-07
3.370408e-08
1.935039e-08
6.706537e-08
2.048082e-08
7.793826e-09
6.573706e-09
3.011524e-08
1.457724e-08
2.673326e-08
2.261170e-07
1.357810e-07
1.091808e-07
7.038175e-08
1.094015e-07
1.349190e-08
1.012272e-07
1.710892e-08
3.658020e-08
2.616845e-08
3.034870e-08
2.500373e-08
2.679008e-07
1.982875e-07
7.592529e-08
7.361700e-08
3.285300e-08
1.453236e-08
3.770211e-08
2.425270e-09
1.584723e-08
8.395645e-08
2.522828e-08
2.729815e-08
1.036518e-07
2.273310e-08
9.423257e-08
1.892695e-07
2.682774e-08
1.237654e-08
6.275916e-09
3.048904e-08
1.438286e-07
5.103945e-08
3.995419e-07
1.466427e-08
4.525741e-06
3.315418e-07
5.891753e-07
1.198998e-06
2.661158e-07
4.225558e-06
1.904317e-07
9.092080e-08
7.537901e-08
2.225752e-08
7.011017e-08
5.320602e-08
1.775635e-08
6.044547e-08
7.163340e-07
7.375922e-09
5.255010e-08
1.164713e-08
2.245577e-08
7.359326e-08
5.114408e-08
1.035268e-07
9.233913e-08
5.042787e-08
2.210751e-07
1.834079e-07
5.397159e-08
1.963791e-08
3.494085e-07
7.018684e-07
4.879658e-07
5.040584e-07
1.790894e-08
1.671881e-07
1.434442e-07
3.826528e-08
5.485931e-08
4.322386e-08
1.352718e-08
9.911429e-08
1.011223e-07
1.347234e-07
7.415207e-08
7.473021e-08
6.626085e-08
8.983819e-09
1.504427e-10
1.203692e-09
1.051360e-09
1.061250e-09
1.550918e-10
2.598175e-10
7.652797e-10
5.908091e-09
1.282668e-08
2.451568e-09
2.396019e-08
9.676042e-09
8.360972e-09
1.953362e-09
6.244959e-09
2.969828e-09
1.704468e-09
2.853415e-09
8.200644e-10
1.133588e-09
1.287807e-10
6.304023e-10
8.198480e-10
1.468778e-09
1.009242e-09
2.481593e-09
7.651018e-10
5.081090e-10
1.195490e-09
2.088020e-10
5.465513e-10
5.210099e-10
4.004317e-10
1.323640e-09
2.422125e-09
2.857846e-09
1.844057e-09
1.042598e-09
3.946858e-10
1.021612e-09
7.381539e-10
1.334971e-09
2.467884e-09
2.865818e-09
1.876248e-09
1.042715e-09
3.946872e-10
1.021613e-09
7.381539e-10
1.334971e-09
2.467884e-09
2.865818e-09
1.876248e-09
1.042715e-09
3.946872e-10
1.021613e-09
7.381540e-10
1.334971e-09
2.467948e-09
2.865916e-09
1.876346e-09
1.042803e-09
3.947134e-10
1.024570e-09
7.595881e-10
1.389788e-09
2.589024e-09
1.736162e-09
3.426459e-09
2.466452e-09
1.089275e-08
1.506462e-08
5.579075e-10
3.359555e-08
2.300239e-08
9.284602e-08
9.893487e-08
4.889779e-09
2.062571e-08
3.741018e-09
5.866199e-10
4.751691e-09
7.732091e-09
1.354340e-08
9.897321e-10
2.390348e-08
7.332288e-08
7.766440e-09
3.334013e-09
9.997686e-09
1.252785e-09
8.675252e-10
6.173042e-10
2.056445e-10
4.049884e-10
7.528594e-10
1.175632e-09
4.142108e-09
2.884295e-09
2.446851e-09
3.167958e-09
2.840513e-09
1.111386e-09
1.201571e-09
2.560687e-09
3.027209e-09
5.867415e-09
1.472611e-08
3.330433e-09
1.155565e-09
1.019503e-08
1.077943e-08
1.743527e-09
1.003792e-08
2.487555e-08
1.064059e-08
9.421131e-09
9.483693e-09
4.409936e-08
7.729973e-09
3.069586e-09
4.929574e-09
1.015354e-08
6.849800e-09
1.413190e-08
1.046421e-07
6.602952e-08
6.481768e-08
5.383924e-08
6.965519e-08
6.832447e-09
6.596774e-08
1.120401e-08
2.345877e-08
1.276723e-08
1.254700e-08
4.987986e-09
7.046625e-08
1.008372e-07
6.257767e-08
6.466481e-08
3.419993e-08
2.467340e-08
5.749597e-09
6.590307e-10
4.488112e-09
4.263029e-08
1.860129e-08
2.262154e-08
5.183407e-08
9.744459e-09
3.383249e-08
8.487066e-08
8.609878e-09
7.105826e-09
1.142144e-08
6.582841e-09
2.394858e-08
1.658676e-08
2.108768e-07
3.846911e-09
2.370484e-06
1.144565e-07
1.726364e-07
4.948987e-07
1.163012e-07
2.083596e-06
8.949697e-08
1.234957e-07
7.734146e-08
3.285701e-08
7.956621e-08
3.460789e-08
4.311381e-09
1.507884e-08
3.992230e-07
2.596257e-09
3.651329e-08
1.425247e-08
2.237493e-08
3.469997e-08
2.173430e-08
3.711072e-08
2.521371e-08
1.542690e-08
8.473783e-08
1.240048e-07
1.886334e-08
1.594822e-08
1.440975e-07
4.549796e-07
1.955089e-07
1.917113e-07
9.723384e-09
1.373382e-07
1.160617e-07
2.227879e-08
4.354621e-08
4.229493e-08
4.919278e-09
6.789737e-08
6.421882e-08
3.408640e-08
4.381321e-08
6.750625e-08
7.149292e-08
1.130720e-08
2.613835e-10
1.592771e-10
4.784111e-10
8.742358e-10
1.145632e-10
3.357841e-11
2.987066e-10
2.441805e-10
8.341764e-10
4.113832e-10
1.653149e-09
3.918719e-09
2.647534e-08
4.986511e-10
1.989455e-09
2.573515e-09
7.710968e-10
2.653376e-09
3.493571e-10
4.109295e-10
1.605818e-10
1.030190e-10
5.005599e-10
7.863612e-11
7.923903e-11
8.948047e-10
5.250437e-10
3.186703e-10
1.192563e-09
1.283118e-10
7.078092e-11
3.654968e-10
4.034798e-11
2.273112e-10
2.382904e-10
3.798174e-10
1.190256e-09
3.728631e-10
5.915384e-10
1.262699e-10
3.839706e-10
2.540722e-10
2.452962e-10
3.862547e-10
1.196100e-09
3.731338e-10
5.951319e-10
1.262725e-10
3.839708e-10
2.540729e-10
2.452962e-10
3.862547e-10
1.196100e-09
3.731338e-10
5.951319e-10
1.262725e-10
3.839708e-10
2.540729e-10
2.452990e-10
3.862589e-10
1.196165e-09
3.731390e-10
5.951419e-10
1.263492e-10
3.909844e-10
2.565909e-10
2.505518e-10
3.376960e-10
2.564416e-09
5.291049e-10
4.649311e-09
8.993322e-10
5.062078e-11
2.200641e-09
1.671373e-08
5.289160e-08
6.946736e-08
5.701037e-09
9.314923e-09
3.741018e-09
2.322555e-09
2.743515e-10
3.983752e-09
5.647879e-09
5.158409e-11
7.362573e-09
5.095986e-08
3.182337e-09
2.684217e-09
9.439774e-09
9.827216e-10
8.625011e-10
4.637702e-10
7.737252e-11
1.299738e-10
1.500067e-10
1.897737e-10
7.606098e-10
5.379136e-10
8.174370e-10
2.119674e-09
2.090415e-09
4.716348e-10
3.040428e-10
1.125364e-09
4.126039e-10
8.119417e-10
1.175213e-08
2.195125e-09
6.239138e-10
1.284769e-09
6.973384e-09
6.780318e-10
3.800951e-09
1.328655e-08
3.591491e-09
4.881511e-10
6.400361e-09
2.802924e-08
5.351252e-09
3.070071e-09
1.392099e-09
6.917106e-09
3.172177e-09
1.035446e-08
8.380369e-08
2.961125e-08
2.668587e-08
4.400019e-08
6.479055e-08
5.406611e-09
5.395317e-08
3.876737e-09
1.604801e-08
1.141521e-08
4.047701e-09
4.637293e-09
4.011224e-09
2.240592e-08
3.887295e-08
5.757924e-08
3.439526e-08
4.073298e-08
7.861114e-09
1.244292e-10
1.914599e-09
2.132412e-08
1.390706e-08
1.805911e-08
3.653912e-08
3.738144e-09
1.698699e-08
2.290730e-08
3.907845e-09
4.203317e-09
7.639252e-09
4.154738e-09
1.260964e-08
5.898808e-09
1.150182e-07
9.145638e-10
1.100188e-06
7.935195e-08
9.335896e-08
1.817027e-07
4.739955e-08
7.642874e-07
6.190873e-08
4.603595e-08
6.778582e-08
6.769232e-08
8.448732e-08
6.028733e-08
9.865225e-09
1.120330e-09
2.934748e-07
9.563243e-10
1.638394e-08
2.873020e-08
2.249886e-08
2.806142e-08
1.293334e-08
2.388691e-08
1.135931e-08
4.908603e-09
3.601923e-08
1.034796e-07
6.465577e-09
6.580633e-09
9.669976e-08
3.433016e-07
9.507295e-08
7.000735e-08
9.760334e-09
9.273913e-08
9.852807e-08
1.771087e-08
4.437220e-08
6.256652e-08
2.545965e-09
4.880667e-08
3.939476e-08
1.884065e-08
1.053253e-08
6.161707e-08
7.427473e-08
1.236289e-08
1.416472e-09
1.830366e-10
5.161497e-10
5.195291e-11
5.598709e-11
1.707842e-11
3.338462e-11
9.314052e-12
1.655823e-11
1.326211e-11
2.104985e-10
2.344823e-09
8.428552e-10
3.785192e-10
3.670868e-09
9.968472e-10
2.435072e-10
3.924542e-10
4.755869e-10
2.660062e-11
9.687294e-11
3.498451e-11
7.958889e-11
2.569424e-11
2.499244e-12
3.904055e-11
1.652224e-10
1.450289e-10
2.021556e-10
1.525687e-10
1.348364e-11
3.488123e-11
9.088503e-12
1.254408e-11
2.657731e-11
2.049103e-11
2.551185e-10
2.236424e-10
7.163679e-11
6.612859e-11
2.908745e-11
4.722183e-11
3.514557e-11
2.520983e-11
2.561628e-10
2.247182e-10
7.178306e-11
6.618668e-11
2.908908e-11
4.723604e-11
3.514560e-11
2.520985e-11
2.561628e-10
2.247182e-10
7.178306e-11
6.618668e-11
2.908908e-11
4.723604e-11
3.514569e-11
2.520994e-11
2.561642e-10
2.247198e-10
7.178334e-11
6.619176e-11
2.915834e-11
4.745715e-11
3.531548e-11
2.413045e-11
2.847375e-10
3.558303e-10
1.962334e-10
1.085511e-10
6.608943e-11
9.141388e-11
7.052469e-10
8.712194e-09
2.397730e-08
3.930670e-09
5.982533e-09
4.681159e-09
5.866199e-10
2.743515e-10
1.824890e-10
5.647805e-10
8.289772e-12
2.351929e-10
2.251131e-09
1.102096e-09
1.221301e-09
6.843222e-09
2.560258e-10
8.525960e-10
8.380966e-10
3.409355e-11
3.078096e-11
3.141913e-11
2.330671e-11
4.431001e-11
3.692089e-11
1.074189e-10
3.902920e-10
8.903849e-10
2.549178e-10
1.231869e-10
1.591624e-10
1.356646e-10
6.821828e-11
1.032596e-09
1.106489e-09
4.081798e-10
6.575170e-10
4.895396e-10
1.926400e-10
1.049145e-09
3.067451e-09
5.569671e-10
7.783987e-11
2.712825e-10
8.562375e-09
1.458325e-09
1.169231e-09
2.594437e-09
1.100160e-09
7.045392e-10
6.733776e-10
3.501812e-08
4.058334e-09
1.949505e-09
6.923579e-09
3.876767e-08
4.682911e-09
1.367903e-08
2.167470e-09
3.328098e-09
9.554825e-09
9.632423e-10
1.446534e-09
2.874449e-09
4.682980e-10
3.622727e-09
7.762449e-09
2.899803e-08
3.718190e-08
7.714221e-09
9.904814e-10
7.517915e-10
4.814678e-09
8.697698e-10
1.911675e-09
2.051723e-08
2.139073e-09
4.540356e-09
4.087605e-09
8.728629e-10
1.300841e-09
6.220161e-09
2.127486e-09
3.546711e-09
9.914053e-10
3.282199e-09
7.152168e-10
1.152110e-07
1.938518e-08
1.959422e-08
5.486919e-08
3.972696e-09
8.048910e-08
1.328933e-08
1.661191e-08
4.152703e-08
2.760781e-08
6.625713e-08
6.305708e-08
1.874628e-08
2.603965e-09
2.845212e-08
2.085033e-09
1.664028e-09
2.766032e-08
7.465380e-09
6.867136e-09
8.444871e-09
5.218310e-09
4.963295e-09
1.240320e-09
1.173708e-08
2.860978e-08
9.727715e-10
9.777449e-10
4.432434e-08
1.183614e-07
1.379164e-08
7.673224e-09
1.206509e-08
4.130499e-08
4.651711e-08
6.396331e-09
2.338430e-08
5.540054e-08
1.242835e-09
1.024158e-08
1.381787e-08
3.292203e-09
2.863713e-09
8.589876e-09
5.779062e-08
9.625796e-09
1.707704e-09
9.308642e-10
9.686320e-10
3.835277e-11
2.898404e-11
1.476021e-11
2.869595e-11
9.143054e-12
2.489405e-11
7.385672e-12
9.332361e-11
6.432099e-10
4.377804e-10
3.998412e-10
4.291571e-10
1.638160e-09
3.536964e-10
3.094977e-10
5.429445e-10
7.474677e-11
2.157150e-10
6.847855e-11
9.656614e-11
2.267461e-11
6.721408e-12
3.456406e-11
3.391857e-11
6.444725e-11
1.397678e-10
1.155715e-10
4.300889e-11
6.129689e-11
1.432891e-11
2.864790e-11
1.134925e-11
6.271244e-12
7.240310e-11
8.523082e-11
4.171391e-11
6.274828e-11
4.511462e-11
9.024924e-11
2.121103e-11
2.751067e-11
7.199538e-11
8.911605e-11
4.268463e-11
6.398513e-11
4.519204e-11
9.041899e-11
2.121348e-11
2.751161e-11
7.199555e-11
8.911611e-11
4.268463e-11
6.398518e-11
4.519204e-11
9.041899e-11
2.121352e-11
2.751163e-11
7.199577e-11
8.911636e-11
4.268474e-11
6.398696e-11
4.522070e-11
9.044125e-11
2.129253e-11
2.728071e-11
7.664468e-11
1.105067e-10
9.416701e-11
8.297088e-11
3.899129e-11
2.254557e-10
1.907235e-10
1.626406e-09
1.483652e-08
3.668779e-09
4.298424e-09
7.153962e-09
3.237738e-09
4.751691e-09
3.983752e-09
5.647805e-10
1.193392e-11
2.761775e-10
2.691085e-10
5.621180e-10
1.124316e-09
4.805680e-09
3.408433e-10
2.387043e-09
2.650240e-09
1.897288e-10
2.406515e-10
1.567488e-10
2.412531e-11
1.980362e-11
1.457064e-11
3.552251e-11
1.462479e-10
3.287495e-10
1.822838e-10
1.568078e-10
2.801937e-10
1.216541e-10
7.105176e-11
3.198738e-10
3.217043e-10
3.046920e-10
5.715507e-10
3.873358e-10
8.066530e-10
6.440311e-10
1.569121e-09
2.574322e-10
3.553742e-10
9.160732e-10
9.228814e-10
7.458664e-10
1.121862e-09
2.432903e-09
1.875495e-09
9.670617e-10
1.008662e-09
1.170099e-08
2.820324e-09
1.829508e-09
9.959488e-09
2.770778e-08
4.686262e-09
1.342353e-08
1.106680e-08
1.175394e-08
1.134620e-08
6.733806e-10
5.174715e-09
2.989837e-09
1.026258e-09
9.687706e-10
3.193366e-09
1.648827e-08
3.354686e-08
7.649518e-09
1.658502e-08
5.342036e-08
3.397116e-09
4.913491e-10
8.857265e-10
1.027732e-08
2.517219e-09
5.376924e-09
1.470826e-08
1.951797e-09
1.973287e-09
5.140022e-09
1.895448e-09
3.429541e-09
4.918031e-09
1.576126e-09
8.986210e-10
6.649670e-08
1.219150e-08
8.743171e-09
4.313419e-08
5.717024e-09
5.128592e-08
1.538253e-08
1.903389e-08
3.644642e-08
3.403582e-08
7.876108e-08
1.366574e-07
9.144160e-08
8.452698e-08
7.405548e-08
4.485291e-08
1.148175e-09
2.975561e-08
5.768223e-09
8.822633e-09
8.560146e-09
1.330969e-08
4.005178e-09
1.851762e-08
1.061882e-08
1.805386e-08
8.160877e-10
2.322801e-09
3.702191e-08
6.944335e-08
1.240613e-08
6.118088e-09
3.852426e-08
2.305076e-08
3.754390e-08
8.240562e-09
4.572547e-08
5.392104e-08
7.704053e-09
2.040563e-08
7.693088e-08
4.959845e-09
9.371862e-09
6.293787e-09
3.082578e-08
7.324793e-09
6.339570e-09
9.196956e-09
2.110958e-08
4.942060e-10
6.883058e-11
9.367536e-12
2.333441e-11
8.495581e-12
3.179196e-11
4.526482e-11
1.005877e-11
5.768367e-11
8.800678e-11
3.733927e-10
3.479859e-10
2.934245e-09
4.164981e-11
1.672444e-10
7.061761e-10
8.186339e-11
6.880699e-10
2.257708e-10
1.108698e-10
3.904155e-11
4.411894e-12
1.257902e-10
8.878403e-12
1.279735e-11
5.580826e-11
8.588653e-11
4.521732e-11
1.776901e-10
7.830218e-11
4.443991e-11
1.390977e-11
2.020003e-12
2.083733e-11
1.514698e-11
1.475525e-11
7.472880e-11
3.910479e-11
3.183878e-10
4.688818e-12
4.901977e-11
2.610689e-11
1.948713e-11
1.774025e-11
8.233671e-11
3.924687e-11
3.208312e-10
4.693270e-12
4.902571e-11
2.610791e-11
1.948743e-11
1.774025e-11
8.233700e-11
3.924687e-11
3.208312e-10
4.693271e-12
4.902572e-11
2.610792e-11
1.948744e-11
1.774025e-11
8.233817e-11
3.924850e-11
3.208398e-10
4.695279e-12
4.895532e-11
2.632111e-11
2.045594e-11
1.998864e-11
1.013554e-10
4.077652e-11
4.440802e-10
2.119756e-11
1.286170e-10
8.018416e-10
2.995298e-09
2.493495e-09
7.533157e-09
7.072952e-09
1.116535e-08
7.732091e-09
5.647879e-09
8.289772e-12
2.761775e-10
2.031323e-10
5.134134e-11
7.009205e-10
3.458733e-09
3.193152e-10
3.570591e-09
4.455159e-09
3.692928e-10
7.493320e-10
6.343786e-10
6.740333e-11
2.355965e-11
1.013757e-11
1.824299e-11
6.267516e-11
1.127899e-10
1.200054e-10
1.728193e-10
5.100591e-10
2.404450e-10
1.085842e-10
1.698364e-10
9.187159e-11
1.007397e-10
5.249676e-10
3.468256e-10
1.682490e-09
2.310481e-10
1.214206e-09
1.189347e-10
4.648571e-10
1.617143e-09
5.141827e-10
9.313663e-11
1.201353e-09
2.375817e-09
1.874016e-09
2.546414e-09
1.015531e-09
7.469009e-09
1.413920e-09
1.868441e-09
3.302249e-08
1.739540e-08
3.357003e-09
1.182729e-08
1.764448e-08
2.519794e-08
1.510225e-08
4.799352e-10
8.510469e-09
3.603537e-09
1.184358e-09
1.835730e-09
5.644486e-10
4.852129e-09
2.384305e-08
6.453368e-09
2.349377e-08
1.141920e-07
2.855443e-08
1.859228e-10
5.082727e-10
4.921884e-09
2.365155e-09
5.727926e-09
2.194232e-08
2.829478e-09
2.904362e-09
2.176934e-09
2.047635e-09
2.521051e-09
6.499361e-09
2.974696e-09
2.688059e-09
2.040773e-08
8.402584e-09
3.914326e-09
2.338216e-08
6.872426e-09
2.961669e-08
1.912480e-08
1.185172e-08
2.178522e-08
4.379944e-08
7.285066e-08
1.782071e-07
1.393654e-07
1.321983e-07
1.330988e-07
2.736147e-07
1.394254e-09
3.428865e-08
1.996907e-09
7.300118e-09
1.121570e-08
1.563177e-08
7.024098e-09
3.435383e-08
1.040429e-08
1.745708e-08
8.931334e-10
5.283562e-09
3.342738e-08
1.933276e-08
1.041696e-08
7.332913e-09
6.887615e-08
1.426204e-08
2.234111e-08
1.097107e-08
5.623779e-08
5.062551e-08
1.165623e-08
4.295167e-08
1.687768e-07
1.090269e-08
1.677907e-08
4.405645e-09
3.601163e-08
2.591282e-09
9.514497e-09
1.825191e-08
3.718267e-08
1.938043e-09
1.365569e-10
5.295511e-10
1.848980e-12
7.837563e-12
3.145085e-11
6.079277e-11
1.073003e-11
6.525679e-12
2.166795e-11
2.538057e-10
3.374702e-10
2.715014e-09
5.449583e-11
3.484882e-10
6.151635e-10
1.046363e-10
6.594013e-10
1.260704e-09
5.296007e-10
4.065521e-11
1.087090e-11
1.444767e-10
3.335577e-11
2.829481e-11
1.269457e-11
4.491266e-11
4.342884e-11
1.617876e-10
3.218161e-10
2.561451e-10
9.751287e-12
4.536488e-12
1.717706e-11
1.146794e-11
7.096599e-12
4.845172e-11
5.449923e-11
3.493788e-10
5.940168e-12
5.806510e-11
5.022880e-11
4.644167e-11
9.766491e-12
5.937884e-11
5.659733e-11
3.556403e-10
6.040104e-12
5.808140e-11
5.024892e-11
4.644754e-11
9.766567e-12
5.937925e-11
5.659735e-11
3.556404e-10
6.040104e-12
5.808140e-11
5.024892e-11
4.644754e-11
9.766567e-12
5.937927e-11
5.659779e-11
3.556409e-10
6.040198e-12
5.808061e-11
5.026829e-11
4.650544e-11
9.816227e-12
6.111092e-11
6.201637e-11
4.773164e-10
5.730655e-12
7.305787e-11
5.190840e-11
3.749467e-10
4.943244e-10
6.007624e-09
7.422582e-09
1.256651e-08
1.627091e-08
1.354340e-08
5.158409e-11
2.351929e-10
2.691085e-10
5.134134e-11
1.852587e-10
3.255147e-10
3.158659e-10
3.485217e-09
5.236076e-09
4.999803e-10
1.237411e-09
1.548650e-09
5.439047e-10
6.279851e-11
1.714557e-11
3.090010e-11
3.423157e-11
3.561324e-11
1.175621e-10
2.235207e-10
5.952517e-10
6.237083e-10
2.816948e-10
7.230856e-11
8.387631e-11
7.511887e-11
2.038023e-10
2.747309e-10
2.243323e-09
3.831886e-10
3.827465e-10
8.151988e-11
6.327418e-10
1.779828e-09
5.945397e-10
1.203977e-10
2.539809e-10
2.378844e-09
1.913927e-09
2.662263e-09
2.506188e-09
1.438697e-09
8.534254e-10
1.100167e-09
3.981082e-08
9.814157e-09
1.870033e-09
3.537337e-09
1.877071e-08
3.384285e-08
1.185172e-08
6.668891e-10
1.361039e-08
5.016331e-09
1.677747e-09
1.424825e-09
3.460528e-09
1.902208e-09
1.709805e-09
1.530663e-09
2.495219e-08
1.236202e-07
5.767622e-08
1.173110e-09
3.893818e-10
1.543772e-09
9.970606e-10
3.060347e-09
2.370353e-08
4.521232e-09
2.903352e-09
7.231059e-10
4.337914e-09
1.738803e-09
7.206870e-09
3.218345e-09
3.661311e-09
4.274147e-09
2.385640e-09
8.468411e-09
6.220274e-09
5.967088e-09
1.250325e-08
2.978417e-08
6.785998e-09
9.613993e-09
2.212182e-08
5.956694e-08
1.935604e-07
1.509276e-07
1.561278e-07
1.449302e-07
8.616180e-07
1.551726e-08
2.018202e-08
9.614278e-10
5.830377e-09
9.686101e-09
1.400341e-08
6.285567e-09
4.553115e-08
8.898799e-09
1.997975e-08
9.167657e-10
1.024910e-08
1.817357e-08
2.744220e-09
5.661640e-09
7.260065e-09
7.788368e-08
6.486140e-09
1.810666e-08
1.388650e-08
6.363177e-08
2.203926e-08
1.485544e-08
4.793560e-08
1.891136e-07
2.931665e-08
1.900700e-08
2.103430e-09
4.514575e-08
1.505383e-09
9.029551e-09
2.003442e-08
5.198499e-08
2.591978e-09
8.779893e-10
9.415513e-10
5.848398e-10
1.767716e-11
3.154281e-11
6.077177e-11
1.055014e-10
2.194924e-10
4.349195e-11
6.892198e-11
6.253389e-10
5.310574e-09
1.982529e-10
3.440780e-09
5.313885e-09
3.963495e-10
1.338873e-09
2.846831e-09
1.893660e-08
1.767726e-10
8.009178e-11
1.012265e-09
1.879880e-10
9.734301e-10
4.649036e-11
1.752886e-10
2.465190e-10
2.083091e-10
4.759771e-10
8.725179e-09
6.650479e-11
2.724747e-11
4.037167e-10
1.036681e-10
4.905138e-11
7.911534e-11
7.529694e-11
8.341927e-10
1.822711e-11
6.971485e-10
3.626935e-10
1.057064e-09
7.609771e-11
1.266793e-10
8.354031e-11
1.054076e-09
2.040502e-11
6.989369e-10
3.629344e-10
1.057381e-09
7.610178e-11
1.266868e-10
8.354039e-11
1.054076e-09
2.040502e-11
6.989369e-10
3.629344e-10
1.057381e-09
7.610178e-11
1.266868e-10
8.354041e-11
1.054077e-09
2.040503e-11
6.989371e-10
3.629357e-10
1.057480e-09
7.619968e-11
1.280612e-10
8.408683e-11
1.242593e-09
3.672342e-11
7.694545e-10
5.951430e-10
5.251829e-10
2.571895e-10
7.722552e-09
9.972634e-09
1.999709e-08
2.708857e-08
1.173918e-07
9.897321e-10
7.362573e-09
2.251131e-09
5.621180e-10
7.009205e-10
3.255147e-10
5.938831e-09
5.901177e-09
6.391525e-09
2.535514e-09
4.449590e-09
4.499428e-09
1.334660e-08
9.171087e-10
1.656906e-10
5.156177e-10
4.267043e-10
1.478697e-10
3.847780e-10
1.088847e-09
1.817833e-09
3.641499e-09
3.005546e-09
6.960139e-10
6.834001e-10
2.100260e-09
2.413231e-10
5.085845e-10
5.824529e-09
9.875732e-10
1.487036e-09
4.706343e-10
6.200767e-09
3.504088e-09
2.205643e-09
1.158001e-09
4.412830e-09
2.934975e-09
9.122550e-09
6.861047e-09
3.784696e-09
1.394905e-08
5.164979e-09
3.819384e-09
6.010122e-08
8.306865e-08
7.775679e-09
5.500379e-09
2.168928e-08
4.446250e-08
1.773428e-08
5.337073e-09
1.039740e-07
1.727540e-08
6.740873e-09
3.134989e-09
8.478920e-09
1.321810e-07
5.744724e-10
1.168153e-09
3.288595e-08
1.352080e-07
7.109636e-08
1.249330e-08
3.617296e-08
3.200326e-09
5.956001e-09
5.962554e-09
2.546194e-08
2.444475e-08
3.665351e-09
1.941717e-09
6.747136e-08
9.187814e-09
8.384789e-09
4.530002e-09
8.069130e-09
6.513650e-09
2.900738e-08
3.447823e-07
1.187881e-08
2.486795e-08
1.375782e-08
1.375267e-07
1.888146e-08
5.231499e-08
1.065208e-07
1.398859e-07
3.379094e-07
2.336039e-07
3.167000e-07
2.369703e-07
5.661028e-06
4.487924e-07
2.015041e-07
1.675453e-08
3.163089e-08
9.328372e-09
1.443579e-08
9.836860e-09
1.053991e-07
1.263110e-07
4.088899e-08
1.746905e-08
4.865448e-08
1.406421e-08
1.684500e-08
5.748445e-08
1.366572e-08
1.276391e-07
1.316567e-08
9.479306e-08
5.520723e-08
1.156141e-07
2.439974e-08
4.351485e-08
2.288465e-07
2.346313e-07
4.637981e-07
1.041444e-07
1.366906e-08
2.936003e-07
7.857288e-09
2.605629e-08
2.073140e-08
7.955058e-08
9.280831e-09
1.586689e-08
1.665741e-08
8.121038e-09
4.570379e-09
2.438936e-11
7.918906e-11
1.055615e-10
3.662413e-10
5.940484e-10
9.106968e-11
1.635706e-10
2.257117e-09
9.013342e-10
6.612195e-09
1.151305e-08
2.979015e-09
1.713436e-09
7.281508e-09
2.006821e-08
5.258741e-10
7.784661e-10
1.579017e-09
3.068828e-09
1.064701e-09
1.369556e-10
6.068269e-10
4.740545e-11
1.250572e-09
6.981023e-10
8.933628e-09
1.874913e-10
2.065190e-10
5.475463e-10
1.647458e-09
1.140814e-10
1.170591e-10
2.472374e-10
9.144108e-10
3.748465e-11
7.410800e-10
1.045810e-09
2.386398e-09
2.565887e-10
8.105432e-10
1.183091e-10
1.248574e-09
8.712783e-11
7.458441e-10
1.054920e-09
2.387362e-09
2.566836e-10
8.107105e-10
1.183105e-10
1.248575e-09
8.712785e-11
7.458441e-10
1.054920e-09
2.387362e-09
2.566836e-10
8.107105e-10
1.183105e-10
1.248576e-09
8.712786e-11
7.458441e-10
1.054921e-09
2.387369e-09
2.567155e-10
8.111949e-10
1.211119e-10
1.314700e-09
9.666266e-11
8.387350e-10
1.341175e-09
3.720859e-09
2.801703e-10
4.346612e-09
9.705022e-09
2.143991e-08
2.745761e-08
1.524948e-07
3.999220e-09
2.390348e-08
5.095986e-08
1.102096e-09
1.124316e-09
3.458733e-09
3.158659e-10
5.901177e-09
3.032733e-08
2.721599e-09
6.584030e-09
8.739310e-09
2.681197e-08
4.060494e-09
1.433620e-09
2.660724e-09
2.464692e-09
2.949644e-10
8.083515e-10
1.048309e-09
2.253295e-09
4.111427e-09
5.285404e-09
4.484316e-09
2.657706e-09
6.069461e-09
4.338539e-09
3.853439e-10
5.062573e-09
2.196629e-09
2.479327e-09
1.074528e-09
1.160723e-08
1.000043e-08
4.379960e-09
1.379034e-09
1.287558e-08
1.964263e-08
2.562514e-09
7.761871e-09
1.238330e-08
1.938996e-08
4.837717e-08
5.852901e-09
1.031599e-07
1.162952e-07
6.701442e-09
5.484700e-09
2.473130e-08
4.633719e-08
1.881588e-08
1.156383e-08
1.181336e-07
7.520079e-08
2.015332e-08
5.848869e-09
2.467694e-08
1.507659e-07
4.457575e-09
1.627045e-09
4.371937e-08
1.317700e-07
7.416333e-08
1.384018e-08
9.649362e-08
6.028769e-08
1.764975e-08
1.301041e-08
1.742717e-08
2.371300e-08
3.892201e-09
6.367398e-09
1.253802e-07
2.997944e-08
5.514084e-08
2.104281e-08
1.992350e-08
5.813546e-09
4.618493e-08
3.944554e-08
9.900206e-09
1.131953e-06
1.982276e-08
2.335896e-07
2.126945e-08
9.247035e-08
5.273695e-08
2.574382e-07
7.620946e-07
2.743123e-07
5.082083e-07
3.058389e-07
8.905106e-06
6.951741e-07
6.190961e-07
3.348070e-07
3.709362e-08
2.603209e-08
2.255039e-08
1.340940e-08
9.015373e-08
1.470396e-07
1.026128e-07
1.274241e-08
1.461069e-07
4.247628e-08
3.745531e-08
1.457595e-08
2.782813e-08
2.442174e-07
2.161472e-08
1.275141e-07
6.997877e-08
2.194331e-07
7.411443e-08
7.188522e-08
3.397059e-07
2.649654e-07
5.826146e-07
1.440438e-07
4.986945e-08
4.332117e-07
1.489175e-08
4.846967e-08
2.356607e-08
8.037244e-08
1.059495e-08
2.985708e-08
2.629426e-08
1.384210e-07
1.004788e-08
5.233910e-09
2.356619e-11
1.049231e-10
3.860310e-10
7.236219e-10
2.353639e-10
5.574015e-11
6.753720e-10
3.812254e-10
3.929428e-09
1.225571e-08
8.946544e-09
2.311420e-09
8.986741e-09
2.075663e-08
7.162833e-10
2.279183e-09
2.558491e-09
4.090247e-09
1.323146e-09
1.547628e-10
1.643949e-09
5.558567e-11
2.900532e-10
4.778233e-10
9.970524e-09
4.050003e-10
5.671662e-10
1.078343e-09
2.104826e-09
1.983764e-10
9.010559e-11
3.167396e-10
7.325286e-10
1.069651e-10
9.042722e-10
1.144521e-09
5.163075e-09
2.169137e-10
1.809052e-09
2.008556e-10
1.167775e-09
3.300973e-10
9.207274e-10
1.159102e-09
5.169462e-09
2.170694e-10
1.809831e-09
2.008622e-10
1.167778e-09
3.300974e-10
9.207274e-10
1.159102e-09
5.169462e-09
2.170694e-10
1.809831e-09
2.008622e-10
1.167778e-09
3.300974e-10
9.207274e-10
1.159103e-09
5.169463e-09
2.170700e-10
1.809967e-09
2.009226e-10
1.173361e-09
3.490293e-10
1.217652e-09
1.391485e-09
6.165337e-09
3.774804e-10
3.410763e-09
4.219679e-09
1.723287e-08
2.371167e-08
1.574745e-07
1.173296e-08
4.962157e-08
7.332288e-08
3.182337e-09
1.221301e-09
4.805680e-09
3.193152e-10
3.485217e-09
6.391525e-09
2.721599e-09
3.739227e-08
8.955004e-09
3.244055e-08
6.337139e-09
3.077317e-09
8.083305e-09
6.674075e-09
3.464482e-10
4.767621e-10
6.558622e-10
2.305533e-09
3.908159e-09
8.013664e-09
6.474778e-09
6.352160e-09
1.456028e-08
4.424485e-09
8.035217e-10
9.997261e-09
1.720836e-09
2.029801e-09
2.571724e-09
1.803332e-08
1.196138e-08
7.625385e-09
1.711769e-09
1.588061e-08
2.571893e-08
2.671597e-09
5.145507e-09
1.736382e-08
1.804371e-08
6.050858e-08
1.543445e-08
1.109535e-07
2.004003e-07
1.260134e-08
4.658360e-09
2.744934e-08
3.045770e-08
1.504343e-08
1.624249e-08
1.209806e-07
1.013660e-07
2.879173e-08
1.797500e-08
3.602454e-08
1.581661e-07
5.917998e-09
3.279663e-09
3.220197e-08
7.328131e-08
7.689027e-08
1.725730e-08
1.166821e-07
7.469702e-08
8.529640e-08
2.015943e-08
9.878980e-09
2.408179e-08
1.961092e-09
5.271515e-09
1.911746e-07
3.589402e-08
9.604594e-09
8.620695e-09
7.891903e-08
2.629113e-08
6.932432e-08
4.969569e-08
1.201587e-08
1.600995e-08
2.501801e-08
1.465978e-06
2.292340e-08
1.787016e-07
3.736465e-08
2.987422e-07
2.702533e-07
1.924856e-07
1.061104e-06
2.337452e-07
9.660713e-06
7.827559e-07
7.144973e-07
5.494509e-07
7.883301e-08
1.476090e-08
1.069207e-08
3.521109e-08
8.226805e-08
1.640549e-07
5.567022e-08
2.176734e-08
2.324217e-07
7.861058e-09
5.736271e-08
6.853792e-08
3.072169e-08
1.411097e-07
2.015219e-08
2.684973e-07
9.651453e-08
2.321111e-07
2.532208e-08
1.124287e-07
4.626008e-07
1.663571e-07
6.240252e-07
1.716407e-07
8.625196e-08
5.168969e-07
1.997643e-08
5.484060e-08
1.584842e-08
8.406684e-08
1.070758e-08
3.646690e-08
2.805782e-08
1.732349e-07
2.460070e-08
8.366587e-09
4.011983e-09
9.891181e-11
3.628844e-10
7.230147e-10
4.922047e-10
1.651604e-10
4.516804e-10
1.235926e-10
4.021407e-09
1.275305e-08
7.348977e-09
4.979256e-09
2.985902e-08
2.201167e-08
8.754184e-10
3.649752e-09
8.636866e-09
8.622922e-09
1.629240e-09
3.001541e-10
2.155667e-09
1.756310e-10
5.894621e-10
4.388215e-10
9.124019e-09
2.392173e-10
1.820154e-09
4.083365e-09
3.888531e-09
2.519224e-10
1.534489e-10
6.353371e-10
8.683366e-10
2.145126e-10
1.136356e-09
1.531235e-09
7.050852e-09
4.655812e-10
3.664624e-09
6.303300e-10
1.479845e-09
7.333254e-10
1.255288e-09
1.614767e-09
7.070710e-09
4.670075e-10
3.666886e-09
6.304024e-10
1.479865e-09
7.333268e-10
1.255288e-09
1.614767e-09
7.070711e-09
4.670075e-10
3.666886e-09
6.304024e-10
1.479865e-09
7.333268e-10
1.255288e-09
1.614768e-09
7.070711e-09
4.670077e-10
3.666892e-09
6.305414e-10
1.481575e-09
7.337366e-10
1.296991e-09
2.079080e-09
8.710901e-09
4.579601e-10
6.291425e-09
4.493129e-09
1.493578e-08
1.893496e-08
1.587798e-07
1.603707e-08
8.870108e-08
1.163524e-07
7.766440e-09
2.684217e-09
6.843222e-09
3.408433e-10
3.570591e-09
5.236076e-09
2.535514e-09
6.584030e-09
8.955004e-09
7.838920e-08
7.780269e-09
4.737712e-09
5.150329e-08
2.671368e-08
1.513520e-09
1.848911e-09
1.401954e-09
1.787278e-09
6.105118e-09
2.426052e-08
1.391917e-08
4.288426e-08
4.143058e-08
1.671558e-08
7.499362e-09
1.362993e-08
4.580440e-09
3.507345e-08
4.063936e-09
3.874579e-08
2.364374e-08
1.348097e-08
3.045692e-09
2.931731e-08
3.134269e-08
4.047643e-09
9.411646e-09
8.063135e-09
1.401631e-07
8.856079e-08
1.682692e-08
3.465626e-07
3.517764e-07
8.261620e-09
6.711428e-09
5.933260e-08
2.590222e-08
1.076373e-08
2.295160e-08
1.233325e-07
1.112433e-07
4.691270e-08
1.210687e-08
6.938614e-08
1.822936e-07
1.001454e-08
4.970345e-09
2.154887e-07
5.213838e-08
2.361809e-08
2.499819e-08
1.726079e-07
8.404465e-08
1.671625e-07
1.660177e-07
1.570141e-08
3.820541e-08
1.734595e-09
5.876782e-09
2.790658e-07
3.491185e-08
9.654001e-09
1.282558e-08
1.035445e-08
7.292239e-09
1.246186e-07
8.598742e-08
6.691174e-08
1.321211e-08
4.651743e-08
2.666766e-07
3.788439e-08
1.399403e-06
7.478942e-08
4.660061e-07
2.683699e-07
1.838417e-07
4.056474e-07
1.994122e-07
1.071777e-05
8.184854e-07
9.351582e-07
9.150041e-07
2.570928e-07
5.811390e-08
2.452775e-08
4.030248e-09
5.641736e-08
1.967495e-07
7.218326e-08
3.713444e-08
4.437261e-07
9.724220e-09
1.629197e-07
1.737325e-08
3.698866e-08
3.905706e-07
1.447588e-08
1.677214e-07
1.652319e-07
5.121298e-07
4.124787e-08
2.252666e-07
6.260059e-07
1.851728e-07
7.604212e-07
2.074972e-07
1.645424e-07
8.428373e-07
3.517752e-08
7.492759e-08
1.203601e-08
8.549612e-08
1.252789e-08
4.040801e-08
3.310818e-08
2.014801e-07
4.781705e-08
3.605984e-08
1.085310e-08
9.128555e-10
2.133419e-10
6.999937e-10
4.653182e-10
1.893741e-10
2.953645e-10
6.222931e-11
3.316495e-10
6.461908e-09
7.211783e-09
5.436225e-09
3.617923e-08
5.468466e-09
2.596516e-09
5.787483e-09
8.570082e-09
1.463541e-08
6.692402e-10
3.510859e-10
3.101783e-09
1.983158e-10
1.026850e-09
1.908467e-10
6.803307e-10
3.104232e-10
1.115501e-09
3.874041e-09
7.009364e-09
2.405387e-10
1.248506e-10
8.782282e-10
1.984824e-10
4.067053e-10
5.702628e-10
1.250520e-09
7.835532e-09
5.775249e-10
6.026416e-09
3.700720e-10
1.212677e-09
1.198258e-09
6.453032e-10
1.434577e-09
7.913209e-09
5.824481e-10
6.040737e-09
3.702527e-10
1.212758e-09
1.198263e-09
6.453034e-10
1.434577e-09
7.913211e-09
5.824481e-10
6.040737e-09
3.702527e-10
1.212758e-09
1.198263e-09
6.453034e-10
1.434577e-09
7.913211e-09
5.824481e-10
6.040738e-09
3.702532e-10
1.213180e-09
1.198511e-09
6.477199e-10
1.447772e-09
9.113707e-09
8.035183e-10
8.944229e-09
1.065869e-09
1.600458e-09
4.044230e-09
1.204602e-07
1.908650e-08
1.061022e-07
1.213655e-07
1.719075e-08
3.334013e-09
9.439774e-09
2.560258e-10
2.387043e-09
4.455159e-09
4.999803e-10
4.449590e-09
8.739310e-09
3.244055e-08
7.780269e-09
3.969275e-08
5.340269e-08
4.016403e-08
2.532084e-09
2.512350e-09
1.863014e-09
1.341258e-09
2.597308e-09
4.535425e-09
1.261007e-08
3.257135e-08
4.902209e-08
5.827740e-08
1.582759e-08
1.271564e-08
7.276305e-09
3.002648e-09
6.744477e-09
8.175358e-08
2.265553e-08
1.413783e-08
5.537225e-09
4.102515e-08
3.046216e-08
4.371551e-09
1.255359e-08
1.367974e-08
5.434436e-09
7.024496e-08
1.399319e-07
3.613865e-07
6.300470e-07
7.768825e-09
3.453458e-08
4.915536e-08
2.741106e-08
2.617693e-08
2.028454e-08
5.610094e-08
1.104284e-07
4.710778e-08
1.747046e-08
1.867376e-07
7.585960e-08
7.554730e-09
1.993119e-08
2.221841e-07
7.413722e-08
2.376633e-09
6.495096e-09
1.162128e-07
9.220914e-08
2.165240e-07
2.203705e-07
6.660656e-08
1.928798e-08
2.617569e-09
1.112174e-08
2.683872e-07
3.528793e-08
9.229436e-09
1.009268e-08
1.314298e-08
5.748428e-09
3.344212e-08
4.723405e-08
8.084556e-08
5.201251e-08
3.358942e-07
1.842591e-07
2.940661e-08
1.156784e-07
9.388576e-08
1.530242e-06
2.687015e-07
2.093660e-07
2.970902e-07
1.657057e-07
9.367479e-06
6.892066e-07
1.660380e-06
1.068340e-06
5.267102e-07
1.588336e-07
3.583641e-08
1.439616e-09
5.439720e-08
6.444324e-08
3.685449e-08
6.099227e-08
4.900702e-07
5.168630e-08
7.777277e-08
2.029872e-08
9.146549e-08
1.437654e-07
1.842907e-08
4.583422e-07
1.377107e-07
2.392638e-07
4.298062e-08
5.293410e-07
7.326153e-07
9.857073e-08
4.288171e-07
2.199275e-07
3.605170e-07
8.761594e-07
9.669413e-08
1.011428e-07
1.288006e-08
9.332513e-08
1.024460e-08
3.331783e-08
1.766071e-08
2.026253e-07
6.028658e-08
5.604795e-08
2.320616e-08
2.221084e-09
1.253996e-09
3.167899e-10
4.383737e-10
1.875867e-10
1.688150e-10
8.374195e-11
8.384756e-11
1.950560e-09
4.285197e-09
3.543167e-09
3.410030e-08
7.261835e-09
2.489521e-09
4.546842e-09
1.008374e-08
1.490365e-08
1.494196e-09
6.169568e-10
2.605868e-09
3.738858e-10
1.084031e-09
4.502751e-10
2.179045e-10
1.401801e-10
7.144770e-10
3.844611e-09
5.762488e-09
5.333480e-10
3.288243e-10
5.945093e-10
2.219452e-10
3.492133e-10
4.451820e-10
1.208072e-09
6.526159e-09
9.209192e-10
6.426712e-09
1.260458e-09
7.681920e-10
2.005415e-09
7.919353e-10
1.426285e-09
6.658683e-09
1.017770e-09
6.463941e-09
1.264986e-09
7.683995e-10
2.005517e-09
7.919387e-10
1.426286e-09
6.658684e-09
1.017771e-09
6.463941e-09
1.264986e-09
7.683995e-10
2.005517e-09
7.919387e-10
1.426286e-09
6.658684e-09
1.017771e-09
6.463942e-09
1.264987e-09
7.684340e-10
2.005817e-09
7.926758e-10
1.432734e-09
6.960425e-09
1.014457e-09
8.554869e-09
1.895019e-09
2.095111e-09
1.616502e-09
3.420870e-08
1.911915e-08
1.079987e-07
1.059637e-07
2.121094e-08
4.251977e-09
9.997686e-09
9.827216e-10
8.525960e-10
2.650240e-09
3.692928e-10
1.237411e-09
4.499428e-09
2.681197e-08
6.337139e-09
4.737712e-09
5.340269e-08
7.716811e-08
4.454110e-09
4.343556e-09
3.612219e-09
2.274488e-09
2.896119e-09
4.374171e-09
1.116217e-08
2.285731e-08
5.818277e-08
5.751737e-08
4.023253e-08
5.931511e-08
1.816456e-08
4.794650e-09
1.135654e-08
4.068601e-08
2.740175e-08
5.583270e-08
1.138625e-08
4.396783e-08
2.982236e-08
5.985711e-09
1.230810e-08
1.864876e-08
8.397458e-09
1.966526e-08
4.511646e-08
3.360102e-07
7.635651e-07
5.912778e-08
4.922722e-08
5.508281e-08
2.286593e-08
8.241008e-09
1.502217e-08
4.123003e-08
7.523609e-08
3.978897e-08
2.164692e-08
1.855850e-07
5.727457e-08
9.421060e-09
7.066574e-09
2.235339e-07
7.457310e-08
4.905774e-09
2.416275e-09
5.879798e-08
5.925605e-08
1.739583e-07
2.301103e-07
1.354211e-07
8.842220e-08
5.857229e-09
6.095221e-09
2.178141e-07
2.270113e-08
8.136452e-09
1.087212e-08
1.105271e-08
2.121824e-09
1.887240e-08
4.195122e-08
1.624913e-08
2.632339e-08
3.765033e-07
1.663783e-07
7.135499e-08
9.015110e-08
8.865136e-08
3.500736e-07
2.850501e-07
8.035793e-07
2.463258e-07
1.169194e-07
8.116748e-06
5.688227e-07
7.121626e-07
1.033289e-06
1.180929e-06
1.932994e-07
1.415845e-07
2.345899e-08
1.897352e-08
3.480224e-08
2.160334e-08
1.810899e-08
4.514593e-07
6.070304e-08
8.990212e-08
3.769540e-08
2.620536e-08
1.258163e-07
7.669849e-08
1.416050e-07
1.370117e-07
4.592410e-07
3.924692e-08
2.919685e-07
6.302890e-07
2.851302e-07
4.049827e-07
1.789008e-07
2.499188e-07
8.991108e-07
1.898084e-07
9.282331e-08
1.821859e-08
7.581949e-08
7.505986e-09
2.493916e-08
1.115410e-08
1.178295e-07
5.606061e-08
6.039387e-08
3.303664e-08
1.896784e-08
2.219356e-09
1.364801e-09
2.901050e-10
1.660478e-10
1.522523e-10
7.107471e-11
3.799685e-11
3.456370e-10
1.883975e-09
3.387363e-09
3.190963e-08
3.426255e-09
2.161747e-09
5.081721e-09
8.863536e-09
1.238254e-08
2.263586e-09
2.239420e-09
1.847541e-09
4.575859e-10
8.636882e-10
4.625943e-10
4.039835e-10
1.356695e-10
4.237450e-10
3.254661e-09
4.417259e-09
6.308083e-10
7.967118e-10
5.884027e-10
1.422511e-10
9.006140e-11
2.407405e-10
9.188329e-10
4.031866e-09
1.362014e-09
6.686587e-09
1.552606e-09
1.139969e-09
1.570687e-09
4.283771e-10
1.092928e-09
4.359432e-09
1.688605e-09
6.831332e-09
1.571288e-09
1.142119e-09
1.570813e-09
4.283944e-10
1.092929e-09
4.359436e-09
1.688605e-09
6.831333e-09
1.571288e-09
1.142119e-09
1.570813e-09
4.283944e-10
1.092929e-09
4.359436e-09
1.688605e-09
6.831333e-09
1.571288e-09
1.142130e-09
1.570816e-09
4.284942e-10
1.094468e-09
4.430036e-09
1.699821e-09
9.137890e-09
1.757594e-09
1.341210e-09
1.196790e-09
1.237796e-08
1.001103e-08
7.819384e-08
7.931931e-08
2.089853e-08
6.263785e-09
1.349513e-08
1.252785e-09
8.625011e-10
8.380966e-10
1.897288e-10
7.493320e-10
1.548650e-09
1.334660e-08
4.060494e-09
3.077317e-09
5.150329e-08
4.016403e-08
4.454110e-09
3.419584e-08
5.824861e-09
3.892428e-09
4.017602e-09
4.623221e-09
5.803884e-09
1.607991e-08
6.547161e-08
4.753410e-08
7.459230e-08
6.939802e-08
3.553045e-08
4.284736e-08
2.239744e-08
3.472678e-08
3.111554e-08
2.258926e-08
2.289301e-08
8.764944e-08
2.275915e-08
6.614207e-09
1.340626e-08
2.050968e-08
6.419212e-09
9.400834e-09
1.045096e-08
5.080495e-07
6.500253e-07
4.753075e-08
2.202525e-07
7.930986e-08
1.797817e-08
3.177591e-09
1.560485e-08
1.164826e-08
1.384123e-08
3.679954e-08
1.972088e-08
1.797414e-07
4.651691e-08
6.084298e-09
2.446114e-09
2.181539e-07
5.183678e-08
4.320236e-09
1.401222e-08
2.129736e-08
1.238038e-08
1.168732e-07
2.368297e-07
1.063978e-07
1.066305e-07
6.440986e-08
7.558876e-09
1.781312e-07
4.360386e-09
2.855261e-09
1.533283e-08
9.947026e-09
1.755590e-09
9.235380e-09
1.090535e-08
1.025933e-08
4.109217e-08
3.353602e-07
1.275867e-07
9.046225e-09
2.952975e-08
1.366531e-07
2.274277e-07
2.491797e-07
1.493336e-07
2.530578e-07
1.013625e-07
2.785712e-06
2.698030e-07
4.217589e-07
1.001167e-06
4.841887e-07
1.736118e-07
5.621293e-07
4.715044e-08
1.838686e-08
2.212715e-08
4.189991e-09
6.790055e-09
4.255335e-07
2.945346e-08
4.106469e-08
3.053973e-08
2.009995e-08
1.350411e-07
1.584927e-08
1.253254e-07
1.723940e-07
7.558419e-08
3.155650e-08
5.794107e-07
6.124321e-07
4.738238e-08
1.142398e-07
3.678319e-07
4.073826e-07
8.255534e-07
1.066945e-07
9.177995e-08
1.031666e-07
4.920086e-08
7.045211e-09
8.072583e-09
5.001777e-09
6.056106e-08
4.466239e-08
5.978117e-08
3.273926e-08
2.323852e-08
7.608892e-09
3.903424e-09
1.473867e-10
4.947857e-11
7.635895e-11
4.907043e-11
1.713354e-11
5.267101e-11
2.080525e-10
7.684887e-10
1.341761e-08
3.579530e-09
1.219434e-09
2.336633e-09
2.677548e-09
8.272875e-09
1.896295e-09
1.139872e-09
2.162711e-09
3.691673e-10
6.109969e-10
3.925819e-10
1.734099e-10
1.844819e-10
7.644214e-11
6.622246e-10
2.714558e-09
4.234831e-10
4.837268e-10
6.620616e-10
1.376153e-10
3.321859e-11
5.212703e-11
1.998182e-10
1.613497e-09
1.008763e-09
4.175420e-09
1.949964e-09
1.137300e-09
1.431363e-09
1.419866e-10
2.936415e-10
1.706369e-09
1.281875e-09
4.572045e-09
2.052258e-09
1.146676e-09
1.432112e-09
1.420361e-10
2.936434e-10
1.706380e-09
1.281877e-09
4.572046e-09
2.052258e-09
1.146676e-09
1.432112e-09
1.420361e-10
2.936434e-10
1.706380e-09
1.281877e-09
4.572046e-09
2.052258e-09
1.146679e-09
1.432113e-09
1.420405e-10
2.939655e-10
1.717219e-09
1.282273e-09
4.903192e-09
2.216453e-09
1.487385e-09
6.804279e-10
2.780197e-09
3.468461e-09
2.873770e-08
3.182660e-08
1.271752e-08
5.140733e-09
8.141833e-09
3.117058e-09
8.675252e-10
4.637702e-10
3.409355e-11
2.406515e-10
6.343786e-10
5.439047e-10
9.171087e-10
1.433620e-09
8.083305e-09
2.671368e-08
2.532084e-09
4.343556e-09
5.824861e-09
1.870615e-08
5.167845e-09
4.572074e-09
3.702908e-09
7.635852e-09
1.923099e-08
3.723955e-08
7.056016e-08
6.515139e-08
7.309888e-08
3.218227e-08
2.819657e-08
4.529445e-08
7.576048e-09
1.286179e-08
3.426952e-08
4.644009e-08
2.630598e-08
1.885363e-08
9.397830e-09
1.764081e-08
4.908020e-09
3.165613e-09
4.762318e-09
1.360558e-08
5.055298e-07
2.451713e-07
1.295025e-07
8.201917e-08
3.962871e-08
8.513374e-09
2.562737e-09
7.670440e-09
3.788100e-09
3.418793e-09
1.027566e-08
1.611947e-07
3.767983e-08
6.528997e-09
1.951409e-09
2.862325e-08
3.631387e-08
5.097125e-09
6.483232e-09
1.432187e-08
1.465788e-09
1.264856e-08
7.659242e-08
1.047382e-07
1.154606e-07
5.487330e-08
2.477573e-08
1.172942e-08
3.163332e-09
8.378722e-10
3.658880e-09
8.001791e-09
2.496359e-09
1.895816e-09
2.083297e-09
2.494560e-09
1.342183e-08
3.189640e-07
1.203628e-07
8.905078e-09
5.774852e-09
9.635175e-09
2.001265e-07
1.010860e-07
1.288600e-07
1.551311e-07
8.395353e-08
6.143487e-07
4.769858e-08
1.550023e-07
4.655932e-07
3.859446e-07
1.873637e-07
9.843283e-08
3.216738e-08
1.566884e-07
7.111579e-09
2.154263e-09
3.549897e-09
6.083259e-08
2.766579e-08
2.485968e-08
5.247842e-09
4.417454e-09
1.282525e-08
2.556764e-08
5.694868e-08
5.787850e-08
4.822420e-08
2.404615e-08
1.173246e-07
4.380714e-07
3.044376e-07
5.595624e-08
5.268261e-08
1.719066e-07
6.038480e-07
2.699904e-07
7.939316e-08
2.144261e-08
5.906520e-08
1.042858e-08
2.732399e-09
1.007094e-09
1.339847e-08
1.603246e-08
3.708586e-08
2.966009e-08
2.597793e-08
7.266978e-09
5.255383e-09
9.499405e-10
4.030729e-10
9.947632e-12
3.145183e-11
8.783792e-12
1.213590e-11
1.776412e-11
7.161801e-11
2.752953e-09
2.094442e-09
1.095592e-09
1.782477e-09
1.407541e-09
2.420326e-09
1.300952e-09
1.376384e-09
6.527602e-10
7.019026e-10
3.363512e-10
3.936234e-10
2.299869e-10
1.450307e-10
8.933439e-11
8.123865e-11
5.318973e-10
3.614029e-10
4.327464e-10
2.214778e-10
2.861192e-10
7.287223e-11
2.972129e-11
1.288195e-10
3.507363e-10
5.405103e-10
1.704888e-09
1.665120e-09
1.199168e-09
1.661734e-09
4.764946e-10
1.023137e-10
4.881193e-10
6.966938e-10
1.859823e-09
1.996953e-09
1.274382e-09
1.667352e-09
4.777037e-10
1.023295e-10
4.881816e-10
6.967025e-10
1.859825e-09
1.996953e-09
1.274382e-09
1.667352e-09
4.777037e-10
1.023295e-10
4.881816e-10
6.967025e-10
1.859825e-09
1.996953e-09
1.274384e-09
1.667352e-09
4.777043e-10
1.023430e-10
4.904173e-10
6.968495e-10
1.912466e-09
2.021458e-09
1.516674e-09
1.034613e-09
1.325782e-09
1.228051e-09
7.593322e-09
6.800442e-09
4.642069e-09
3.229235e-09
4.709433e-09
3.804785e-09
1.470063e-09
6.173042e-10
7.737252e-11
3.078096e-11
1.567488e-10
6.740333e-11
6.279851e-11
1.656906e-10
2.660724e-09
6.674075e-09
1.513520e-09
2.512350e-09
3.612219e-09
3.892428e-09
5.167845e-09
1.709936e-08
7.869415e-09
3.914106e-09
6.472701e-09
1.713600e-08
4.291879e-08
6.792030e-08
7.755793e-08
5.106546e-08
6.781938e-08
3.091663e-08
1.235678e-08
9.059973e-09
1.539754e-08
3.532375e-08
3.540142e-08
1.292954e-08
1.434409e-08
1.391414e-08
3.971974e-09
2.961782e-09
2.318481e-09
2.258955e-09
2.947300e-08
4.890924e-08
1.097821e-07
2.676745e-07
7.058907e-08
1.778508e-08
4.898088e-09
2.455371e-09
2.095185e-09
7.293401e-10
3.403069e-09
1.742901e-08
2.389492e-08
1.037922e-08
2.293817e-09
6.413434e-09
4.886093e-09
3.419522e-09
3.690249e-09
3.463789e-09
5.324217e-09
9.943565e-10
8.898607e-09
4.421429e-08
8.766206e-08
5.994435e-08
5.395427e-08
1.503821e-08
1.454985e-09
1.133322e-09
1.738847e-09
1.246514e-09
1.340632e-09
1.002372e-09
7.617698e-10
7.172959e-10
3.513160e-09
7.684230e-08
5.314837e-08
1.466855e-08
2.406090e-08
9.609001e-09
1.903715e-08
4.296350e-08
1.031386e-07
1.127582e-07
7.488901e-08
3.663817e-07
1.403942e-08
4.223918e-08
1.286949e-07
1.313805e-07
1.113491e-07
9.157590e-08
6.073527e-08
2.615483e-08
9.572017e-09
6.882582e-09
1.434258e-09
5.184462e-09
4.483886e-09
1.116312e-08
3.676088e-09
2.192329e-09
4.655247e-09
7.353473e-09
2.455164e-08
1.465382e-08
2.704709e-08
1.181472e-08
3.137387e-08
7.900435e-08
3.177535e-08
4.881249e-08
5.525200e-08
8.099147e-08
1.888988e-07
6.222189e-08
1.564131e-07
1.327518e-07
5.295640e-08
1.079487e-08
2.030408e-09
6.965987e-10
1.220382e-09
3.838028e-09
1.139475e-08
1.274732e-08
2.622611e-08
1.010111e-08
9.235631e-09
1.342590e-09
7.674746e-10
2.019110e-10
8.369512e-12
6.069266e-12
8.036462e-12
6.367096e-12
1.598187e-11
1.685679e-10
4.841715e-10
5.872687e-10
1.006103e-09
6.766521e-10
1.927389e-09
8.208846e-10
8.928465e-10
5.333517e-10
5.938938e-10
6.764642e-10
2.285762e-10
2.588491e-10
1.265785e-10
8.782815e-11
8.046196e-11
5.005594e-11
1.170694e-10
2.861737e-10
1.245941e-10
2.414955e-10
2.155474e-10
4.644722e-11
3.568541e-11
1.141821e-10
1.995014e-10
7.206353e-10
7.805993e-10
8.259337e-10
1.284420e-09
5.593812e-10
2.887125e-10
1.031560e-10
3.827197e-10
9.342323e-10
8.500705e-10
9.538449e-10
1.381775e-09
5.717333e-10
2.892564e-10
1.034326e-10
3.827750e-10
9.342430e-10
8.500705e-10
9.538451e-10
1.381775e-09
5.717338e-10
2.892566e-10
1.034326e-10
3.827750e-10
9.342430e-10
8.500705e-10
9.538453e-10
1.381775e-09
5.717343e-10
2.892583e-10
1.035033e-10
3.830797e-10
9.443365e-10
8.569936e-10
9.912725e-10
1.172307e-09
8.929369e-10
6.808708e-10
1.796280e-09
1.533600e-09
1.293509e-09
1.499384e-09
3.514590e-09
2.410891e-09
1.334042e-09
1.747161e-09
2.056445e-10
1.299738e-10
3.141913e-11
2.412531e-11
2.355965e-11
1.714557e-11
5.156177e-10
2.464692e-09
3.464482e-10
1.848911e-09
1.863014e-09
2.274488e-09
4.017602e-09
4.572074e-09
7.869415e-09
7.767392e-08
2.847388e-08
7.109702e-09
2.339496e-08
6.826538e-08
8.089527e-08
9.441201e-08
9.525530e-08
4.720811e-08
3.975601e-08
2.030179e-08
1.104169e-08
1.791845e-08
2.045958e-08
1.290993e-08
3.098728e-08
1.368922e-08
5.188667e-09
3.974374e-09
2.813675e-09
2.979960e-09
8.225813e-09
4.069473e-09
1.462938e-07
7.354477e-08
5.918821e-08
2.592607e-07
1.858394e-08
3.984001e-09
1.135390e-09
2.660589e-09
1.332592e-09
1.536907e-09
7.755448e-09
5.536540e-09
2.681754e-09
6.973757e-09
2.699449e-09
8.332571e-10
3.293245e-09
2.631930e-09
2.833783e-09
3.785682e-09
9.787770e-10
5.585480e-09
2.674792e-08
5.301670e-08
3.454354e-08
4.030348e-08
3.118575e-08
1.021649e-09
1.899636e-09
5.724854e-10
5.241430e-10
1.109244e-09
5.026722e-10
3.516590e-10
7.427030e-10
8.403612e-09
1.052874e-08
1.736972e-08
1.027367e-08
2.182776e-08
1.559840e-08
8.254838e-09
4.284441e-08
3.646737e-08
1.424179e-07
2.300758e-07
4.732233e-08
2.356063e-08
2.718137e-08
5.959256e-08
6.015101e-08
6.248839e-08
4.860882e-08
4.589770e-08
3.149384e-08
8.831909e-09
2.574305e-09
2.834327e-09
1.152567e-09
1.493557e-09
3.536302e-09
1.451903e-09
2.409568e-09
5.027295e-09
4.103190e-09
3.334170e-08
6.570359e-09
5.776950e-09
2.209277e-08
2.393180e-08
1.130069e-07
4.424316e-07
3.396367e-08
3.978427e-08
6.178740e-08
7.625290e-08
7.863045e-08
4.697319e-08
1.093849e-07
3.471558e-08
1.978981e-08
1.993064e-09
1.947243e-09
1.422203e-09
3.173630e-09
4.637036e-09
1.211634e-08
8.740668e-09
1.242140e-08
4.598581e-09
3.205178e-09
7.362998e-10
2.686949e-10
1.982234e-12
5.200597e-12
5.808928e-12
6.543464e-12
2.400866e-11
4.905966e-11
2.199564e-10
4.687638e-10
5.718415e-10
8.275224e-10
8.494835e-10
7.765621e-10
5.073653e-10
5.737165e-10
6.413280e-10
8.027121e-10
2.050632e-10
1.233112e-10
1.068950e-10
6.678391e-11
9.436208e-11
3.441054e-11
7.267210e-11
1.068771e-10
1.672844e-10
2.009090e-10
2.346068e-10
4.975057e-11
2.014721e-11
6.657984e-11
1.826066e-10
3.653592e-10
5.059034e-10
7.657124e-10
6.757238e-10
4.449600e-10
2.571961e-10
9.664266e-11
3.787250e-10
4.566108e-10
6.064380e-10
7.886660e-10
7.348791e-10
4.599653e-10
2.653646e-10
9.680864e-11
3.787916e-10
4.566116e-10
6.064391e-10
7.886665e-10
7.348822e-10
4.599670e-10
2.653646e-10
9.680864e-11
3.787916e-10
4.566116e-10
6.064392e-10
7.886665e-10
7.348823e-10
4.599672e-10
2.653779e-10
9.681542e-11
3.817378e-10
4.590985e-10
6.160162e-10
7.736073e-10
9.640716e-10
7.227547e-10
6.853535e-10
5.842846e-10
7.181403e-10
7.127585e-10
1.849746e-09
1.984379e-09
1.581576e-09
1.222519e-09
7.648837e-10
4.049884e-10
1.500067e-10
2.330671e-11
1.980362e-11
1.013757e-11
3.090010e-11
4.267043e-10
2.949644e-10
4.767621e-10
1.401954e-09
1.341258e-09
2.896119e-09
4.623221e-09
3.702908e-09
3.914106e-09
2.847388e-08
2.470404e-07
8.710203e-08
1.724153e-08
4.560209e-08
1.428582e-07
1.264309e-07
1.202148e-07
4.624662e-08
2.940602e-08
3.868101e-08
1.930235e-08
1.517866e-08
1.388778e-08
1.857689e-08
2.183716e-08
1.336032e-08
3.736491e-09
4.977318e-09
9.944211e-09
5.038119e-09
2.273977e-09
8.365924e-09
7.909759e-08
1.120519e-07
7.238951e-08
4.946871e-08
4.655968e-08
7.537041e-09
3.920863e-09
2.957887e-09
6.524807e-10
1.227186e-09
3.075459e-09
2.643934e-09
7.473448e-09
3.406115e-09
1.697752e-09
9.397364e-10
2.136147e-09
3.073381e-09
4.130594e-09
2.845758e-09
5.914858e-10
3.043718e-09
1.998543e-08
3.752127e-08
3.795911e-08
4.344700e-08
1.618602e-08
2.231617e-09
3.671309e-09
5.336323e-10
5.561456e-10
5.819562e-10
7.464339e-10
4.955589e-10
1.301709e-09
1.159862e-09
7.802059e-09
2.424398e-08
3.000344e-08
1.299248e-08
3.232228e-08
2.075459e-08
4.358051e-08
3.634194e-08
1.451147e-07
1.322232e-07
7.254515e-08
1.961753e-08
1.530958e-08
3.002421e-08
4.628516e-08
6.486415e-08
4.443914e-08
3.170747e-08
2.279718e-08
1.744857e-08
5.685335e-09
1.766932e-09
5.972160e-10
8.625855e-10
2.705864e-09
2.830271e-09
2.783878e-09
2.940377e-09
2.787954e-09
1.810176e-08
3.154480e-08
1.582396e-08
1.101671e-08
8.549944e-09
4.658820e-08
1.088233e-06
5.631545e-07
2.585283e-08
1.853960e-08
5.404597e-08
8.620816e-08
1.586990e-07
3.484442e-08
2.125573e-08
2.131476e-08
8.373468e-09
5.782154e-09
1.088539e-09
1.357085e-09
4.231304e-09
6.441332e-09
1.118879e-08
8.521389e-09
4.939282e-09
2.965129e-09
1.357162e-09
1.004294e-09
2.519494e-12
5.487844e-12
5.952206e-12
6.145738e-12
1.389955e-11
3.915587e-11
2.084850e-10
5.266133e-10
8.052240e-10
7.753175e-10
9.460921e-10
8.396261e-10
6.926112e-10
8.367531e-10
9.520282e-10
1.277211e-09
1.497831e-10
1.699813e-10
1.405468e-10
1.531610e-10
1.064170e-10
3.907332e-11
9.074418e-11
1.456670e-10
2.145908e-10
2.383819e-10
2.952829e-10
3.742642e-11
2.283375e-11
9.058023e-11
2.110446e-10
3.306547e-10
5.299482e-10
6.921508e-10
8.989022e-10
6.455560e-10
3.744839e-10
1.491758e-10
3.950789e-10
3.998474e-10
5.377954e-10
8.150691e-10
9.099155e-10
7.066697e-10
3.795460e-10
1.493826e-10
3.950828e-10
3.998542e-10
5.377975e-10
8.150755e-10
9.099266e-10
7.066697e-10
3.795460e-10
1.493827e-10
3.950828e-10
3.998542e-10
5.377975e-10
8.150756e-10
9.099270e-10
7.066725e-10
3.795460e-10
1.495002e-10
3.957152e-10
4.014432e-10
5.430991e-10
8.720994e-10
1.220837e-09
9.581487e-10
6.897892e-10
6.777306e-10
5.711624e-10
1.293913e-09
1.676275e-09
2.094825e-09
1.480228e-09
1.140623e-09
2.446398e-09
7.528594e-10
1.897737e-10
4.431001e-11
1.457064e-11
1.824299e-11
3.423157e-11
1.478697e-10
8.083515e-10
6.558622e-10
1.787278e-09
2.597308e-09
4.374171e-09
5.803884e-09
7.635852e-09
6.472701e-09
7.109702e-09
8.710203e-08
7.119820e-07
2.410056e-07
3.857722e-08
1.608451e-07
3.444134e-07
1.323932e-07
8.066650e-08
3.973664e-08
9.963688e-08
4.682324e-08
1.627790e-08
2.256430e-08
3.280989e-08
2.473730e-08
9.169572e-09
8.167810e-09
1.617749e-08
1.409197e-08
8.654238e-09
5.483885e-09
1.101267e-08
2.104474e-07
9.367674e-08
1.052892e-07
5.602591e-08
3.426751e-08
4.171039e-08
4.166666e-09
2.475780e-09
1.667887e-09
9.270822e-10
2.002267e-09
7.451393e-09
4.709803e-09
4.199665e-09
3.217528e-09
1.429149e-09
3.681602e-09
5.285466e-09
2.744040e-09
3.990263e-09
1.282318e-09
3.076678e-09
2.055820e-08
3.816860e-08
5.070253e-08
3.045528e-08
3.354196e-08
9.053576e-09
5.260507e-09
6.661981e-10
4.257684e-10
1.275187e-09
4.412772e-10
1.393352e-09
3.374525e-09
1.533080e-09
3.234709e-09
6.017566e-08
4.366165e-08
2.688255e-08
9.392005e-09
2.819832e-07
2.041863e-07
6.600759e-08
3.739532e-08
4.797024e-08
1.663443e-07
4.957972e-08
1.711065e-08
3.220010e-08
8.338605e-08
7.284370e-08
5.699047e-08
3.516376e-08
3.903810e-08
4.310336e-08
9.751390e-09
1.489558e-09
4.826269e-10
8.052150e-10
5.384759e-09
5.083269e-09
3.595992e-09
4.461762e-09
3.982863e-09
1.028468e-08
2.356367e-08
1.207904e-07
2.389356e-08
9.926882e-09
2.717265e-08
3.369300e-07
1.364779e-06
5.626421e-07
2.278663e-08
6.149356e-08
1.833273e-07
1.034352e-07
7.288570e-08
2.368970e-08
6.262565e-08
2.741973e-08
4.235084e-09
1.279390e-09
1.614081e-09
3.772413e-09
8.650896e-09
1.071997e-08
8.517549e-09
7.689464e-09
6.839647e-09
5.389432e-09
6.733416e-10
5.067395e-12
5.647294e-12
5.625664e-12
1.390135e-11
7.420902e-11
7.391529e-11
3.573167e-10
8.549714e-10
1.848049e-09
1.214653e-09
2.721877e-09
1.399993e-09
1.442420e-09
1.596582e-09
1.986915e-09
1.582663e-09
5.108065e-10
6.120967e-10
5.521365e-10
2.961087e-10
2.894676e-10
9.178886e-11
1.873327e-10
5.123034e-10
2.550362e-10
4.107587e-10
5.042925e-10
1.198054e-10
8.253577e-11
1.541425e-10
4.668127e-10
9.241196e-10
9.102107e-10
1.117730e-09
2.062029e-09
1.683152e-09
1.495642e-09
3.256685e-10
7.272051e-10
1.029656e-09
9.718012e-10
1.145588e-09
2.467405e-09
1.712626e-09
1.500683e-09
3.257017e-10
7.272496e-10
1.029668e-09
9.718286e-10
1.145611e-09
2.467405e-09
1.712626e-09
1.500685e-09
3.257017e-10
7.272496e-10
1.029668e-09
9.718286e-10
1.145611e-09
2.467406e-09
1.712627e-09
1.500703e-09
3.257099e-10
7.287711e-10
1.031267e-09
9.806810e-10
1.238623e-09
2.782606e-09
2.172584e-09
1.995413e-09
1.802190e-09
1.606248e-09
1.593796e-09
3.493679e-09
2.875850e-09
2.788846e-09
4.317351e-09
6.858168e-09
1.175632e-09
7.606098e-10
3.692089e-11
3.552251e-11
6.267516e-11
3.561324e-11
3.847780e-10
1.048309e-09
2.305533e-09
6.105118e-09
4.535425e-09
1.116217e-08
1.607991e-08
1.923099e-08
1.713600e-08
2.339496e-08
1.724153e-08
2.410056e-07
1.976370e-06
6.671237e-07
1.451260e-07
4.364543e-07
4.084329e-07
1.274840e-07
1.630518e-07
1.844924e-07
7.463868e-08
6.607763e-08
6.367005e-08
4.586753e-08
4.322905e-08
2.343264e-08
4.334105e-08
2.126993e-08
8.876491e-09
1.460724e-08
4.327348e-08
4.189376e-08
4.638026e-07
2.467844e-07
8.346291e-08
2.454328e-07
1.928122e-07
3.700387e-08
4.082503e-09
1.169598e-08
1.495916e-09
1.353573e-09
7.115296e-09
5.744688e-09
8.492305e-09
1.745605e-08
7.141639e-09
4.623287e-09
1.060918e-08
3.985681e-09
3.018137e-09
8.130959e-09
5.033724e-09
3.321047e-08
3.229642e-08
7.684064e-08
3.462097e-08
1.181615e-07
1.965406e-07
1.322108e-08
7.134566e-09
7.391968e-10
1.454334e-09
9.771104e-10
1.094719e-09
1.124194e-09
1.570026e-08
3.298614e-08
1.445924e-08
1.110167e-08
1.035102e-07
4.629735e-08
3.837892e-08
6.462423e-08
3.655314e-06
2.320907e-07
9.384357e-08
6.163179e-08
1.032538e-07
1.296773e-07
1.258826e-07
1.087898e-07
9.782462e-08
1.813081e-07
7.165213e-08
9.492096e-08
1.290464e-07
7.513250e-08
7.609444e-09
2.244750e-09
2.201348e-09
1.292189e-09
4.631019e-09
1.003485e-08
8.176901e-09
1.903256e-08
1.312769e-08
3.772286e-08
1.003307e-08
6.346443e-08
3.383784e-07
7.420406e-08
3.792785e-08
8.052097e-08
4.408589e-07
1.430461e-06
1.010563e-06
2.453602e-07
1.164370e-07
1.181494e-07
1.065975e-07
1.148906e-07
2.193375e-07
1.938170e-08
3.810689e-09
1.567660e-09
9.376993e-09
7.432289e-09
1.255749e-08
1.117638e-08
2.983673e-08
2.721544e-08
3.253742e-08
3.614610e-09
3.550137e-09
8.542392e-12
1.157126e-11
1.426721e-11
1.664373e-10
9.572827e-11
5.227168e-10
8.624006e-10
2.073887e-09
3.105569e-09
5.890437e-09
3.936241e-09
3.483022e-09
3.723368e-09
4.541583e-09
2.202601e-09
7.058406e-09
1.937793e-09
2.480906e-09
1.497604e-09
5.553110e-10
1.088463e-09
2.665533e-10
3.828240e-10
9.776624e-10
9.235347e-10
6.824067e-10
1.841742e-09
4.346433e-10
2.960725e-10
8.333286e-10
5.968672e-10
2.436880e-09
3.795764e-09
3.335398e-09
5.432166e-09
5.969732e-09
3.110990e-09
6.399628e-10
1.931153e-09
3.012107e-09
3.331798e-09
4.118586e-09
5.631062e-09
6.006900e-09
3.111185e-09
6.400988e-10
1.931238e-09
3.012273e-09
3.331894e-09
4.118586e-09
5.631062e-09
6.006913e-09
3.111185e-09
6.400988e-10
1.931238e-09
3.012273e-09
3.331894e-09
4.118587e-09
5.631062e-09
6.006920e-09
3.111190e-09
6.401153e-10
1.931158e-09
3.020146e-09
3.351626e-09
4.171675e-09
6.169449e-09
6.577713e-09
4.663974e-09
4.616972e-09
5.371298e-09
4.609854e-09
3.977466e-09
8.848427e-09
1.129423e-08
1.231455e-08
8.968944e-09
4.142108e-09
5.379136e-10
1.074189e-10
1.462479e-10
1.127899e-10
1.175621e-10
1.088847e-09
2.253295e-09
3.908159e-09
2.426052e-08
1.261007e-08
2.285731e-08
6.547161e-08
3.723955e-08
4.291879e-08
6.826538e-08
4.560209e-08
3.857722e-08
6.671237e-07
5.385031e-06
1.879439e-06
3.025983e-07
6.053900e-07
6.873953e-07
3.400675e-07
1.078364e-07
7.716500e-08
2.417039e-07
2.057244e-07
8.251340e-08
8.186498e-08
1.765839e-07
5.582052e-08
1.564981e-08
9.336659e-09
1.973606e-08
7.480014e-08
3.000322e-07
2.030059e-06
5.339193e-07
4.112185e-07
1.113234e-06
1.830239e-07
2.659321e-08
1.940131e-08
4.606819e-09
1.808481e-09
9.574657e-09
6.995867e-09
1.333090e-08
3.045827e-08
3.895230e-08
2.074441e-08
1.332519e-08
2.253952e-08
7.169482e-09
8.035367e-09
3.767132e-08
5.969310e-09
1.172490e-07
4.571234e-07
8.796748e-08
1.597648e-07
6.472416e-07
2.776415e-07
1.613035e-08
1.116577e-08
4.960446e-09
1.112283e-09
4.021861e-09
2.856064e-09
4.635680e-09
5.588841e-09
1.542403e-07
3.456289e-07
5.189839e-08
1.465437e-08
1.493661e-07
1.909692e-07
1.713165e-07
4.463848e-07
4.558126e-06
5.023302e-07
1.923724e-07
8.329445e-08
8.240997e-08
3.344707e-07
7.541662e-07
3.063435e-07
2.056983e-07
2.813651e-07
2.869673e-07
2.242457e-07
5.136987e-08
7.111320e-09
7.640001e-09
5.260123e-09
6.070315e-09
1.115760e-08
6.833325e-09
2.331118e-08
5.007896e-08
6.095583e-08
9.379714e-08
2.869709e-08
3.015239e-08
2.586402e-07
8.306297e-07
2.199704e-07
1.741798e-07
1.707880e-07
5.006341e-07
2.700366e-06
4.338532e-06
1.670943e-07
2.009590e-07
3.874678e-07
3.780943e-07
1.529870e-07
1.572310e-08
5.013015e-09
4.704413e-09
1.041801e-08
6.113363e-08
1.801819e-08
4.265376e-08
1.045380e-07
1.187719e-07
2.032838e-08
1.837845e-08
4.894640e-09
1.338444e-11
2.594020e-11
1.713902e-10
1.464741e-10
1.212058e-10
2.375863e-10
2.881383e-09
3.470457e-09
6.918346e-09
6.133927e-09
7.362858e-09
5.932644e-09
7.264963e-09
5.646108e-09
8.839538e-09
1.474537e-08
4.593586e-09
2.145627e-09
1.420827e-09
1.439404e-09
1.518552e-09
4.681532e-10
6.001924e-10
1.276020e-09
1.408773e-09
2.613560e-09
3.693032e-09
1.158803e-09
3.674871e-10
5.264422e-10
1.430755e-09
2.829049e-09
6.545107e-09
1.046908e-08
1.111989e-08
5.778318e-09
3.189586e-09
1.679594e-09
2.562565e-09
3.509266e-09
6.866370e-09
1.091222e-08
1.135746e-08
5.779841e-09
3.194608e-09
1.679961e-09
2.563613e-09
3.509829e-09
6.866371e-09
1.091222e-08
1.135755e-08
5.779843e-09
3.194608e-09
1.679961e-09
2.563613e-09
3.509829e-09
6.866371e-09
1.091222e-08
1.135755e-08
5.779846e-09
3.194620e-09
1.679969e-09
2.564368e-09
3.511763e-09
6.964126e-09
1.114752e-08
1.195407e-08
6.986613e-09
6.232228e-09
8.726036e-09
9.036142e-09
9.128701e-09
1.156496e-08
1.732255e-08
2.049402e-08
1.211727e-08
1.475780e-08
2.884295e-09
8.174370e-10
3.902920e-10
3.287495e-10
1.200054e-10
2.235207e-10
1.817833e-09
4.111427e-09
8.013664e-09
1.391917e-08
3.257135e-08
5.818277e-08
4.753410e-08
7.056016e-08
6.792030e-08
8.089527e-08
1.428582e-07
1.608451e-07
1.451260e-07
1.879439e-06
9.854809e-06
2.821700e-06
9.304300e-07
8.965600e-07
4.185828e-07
1.681611e-07
1.308084e-07
2.265696e-07
4.108936e-07
2.518127e-07
3.592734e-07
1.609581e-07
6.318209e-08
2.368591e-08
3.272989e-08
2.620777e-08
5.127862e-08
5.591479e-07
4.729340e-06
2.369491e-06
1.586293e-06
7.241794e-07
9.829294e-08
6.783014e-08
7.789697e-09
4.382760e-09
5.721091e-09
9.067596e-09
1.905701e-08
3.689105e-08
7.993218e-08
4.357013e-08
4.352796e-08
1.456675e-08
1.550342e-08
2.541472e-08
4.479634e-08
3.378453e-08
5.752576e-09
4.997011e-08
6.176461e-07
6.825328e-07
7.448573e-07
8.179355e-07
2.885357e-07
2.399536e-08
3.105016e-08
4.856010e-09
5.287705e-09
5.891864e-09
9.350862e-09
4.848681e-09
2.104009e-09
1.290390e-08
5.616049e-07
7.950643e-07
1.040444e-07
2.642040e-07
1.545696e-07
2.095639e-07
7.213355e-07
7.056967e-07
5.176691e-06
6.069315e-07
3.012062e-07
1.478589e-07
9.696853e-08
6.060048e-07
1.194355e-06
6.150265e-07
5.420359e-07
4.938554e-07
1.628532e-07
6.415547e-08
2.257520e-08
6.634469e-09
5.468834e-09
1.083014e-08
2.071384e-08
1.674972e-08
3.122961e-08
7.444244e-08
1.041974e-07
2.754909e-07
1.153874e-07
1.714862e-07
1.083244e-07
2.712349e-07
1.582509e-06
1.633284e-06
3.792634e-07
3.770364e-07
7.467065e-07
4.103166e-06
5.201153e-06
6.749951e-07
6.817314e-07
2.342326e-07
1.458532e-07
3.433203e-08
2.196546e-08
8.743411e-09
1.337523e-08
4.812981e-08
1.307832e-07
1.290989e-07
2.099241e-07
5.667211e-08
6.538191e-08
2.242782e-08
6.884276e-09
1.550003e-11
1.759691e-10
1.586952e-10
1.247589e-10
1.564874e-10
5.908448e-10
2.022065e-09
8.919760e-09
7.352724e-09
8.225895e-09
1.058839e-08
1.340668e-08
7.152991e-09
1.144004e-08
1.831732e-08
1.902536e-08
3.147109e-09
1.956798e-09
2.188981e-09
1.965307e-09
1.544184e-09
7.767621e-10
9.865579e-10
1.102428e-09
2.823849e-09
4.784968e-09
7.109469e-09
7.553447e-10
3.785386e-10
7.070528e-10
1.889798e-09
4.564877e-09
8.245899e-09
1.548036e-08
1.340565e-08
6.946049e-09
7.138925e-09
3.209288e-09
2.830649e-09
4.656260e-09
8.939250e-09
1.601696e-08
1.343419e-08
6.985143e-09
7.149442e-09
3.212468e-09
2.834288e-09
4.656266e-09
8.939246e-09
1.601714e-08
1.343420e-08
6.985145e-09
7.149448e-09
3.212468e-09
2.834288e-09
4.656266e-09
8.939246e-09
1.601714e-08
1.343420e-08
6.985148e-09
7.149450e-09
3.212665e-09
2.836547e-09
4.664574e-09
8.966433e-09
1.677079e-08
1.544024e-08
9.899059e-09
1.298276e-08
1.025537e-08
9.428367e-09
1.488538e-08
2.564058e-08
2.573433e-08
1.555607e-08
2.114201e-08
1.142569e-08
2.446851e-09
2.119674e-09
8.903849e-10
1.822838e-10
1.728193e-10
5.952517e-10
3.641499e-09
5.285404e-09
6.474778e-09
4.288426e-08
4.902209e-08
5.751737e-08
7.459230e-08
6.515139e-08
7.755793e-08
9.441201e-08
1.264309e-07
3.444134e-07
4.364543e-07
3.025983e-07
2.821700e-06
1.415450e-05
3.430908e-06
4.399612e-07
5.548942e-07
5.232089e-07
2.297213e-07
2.065047e-07
3.204035e-07
8.117901e-07
4.206556e-07
1.246311e-07
5.924305e-08
7.692355e-08
7.274184e-08
2.459950e-08
1.718334e-08
2.844313e-07
1.328230e-05
5.904613e-06
2.684315e-06
7.298098e-07
3.639034e-07
4.924785e-08
8.273933e-09
1.595496e-08
1.109502e-08
1.185419e-08
3.727932e-08
9.190705e-08
6.063853e-08
6.730545e-08
5.483903e-08
9.129977e-09
1.957107e-08
5.384162e-08
5.226610e-08
3.972439e-08
8.508000e-09
1.022280e-08
3.797717e-07
1.466197e-06
1.380362e-06
5.333516e-07
3.450657e-07
7.365065e-08
1.164007e-08
4.752603e-09
9.061508e-09
1.703338e-08
8.061183e-09
2.635437e-09
6.961394e-09
6.612563e-09
4.842502e-08
1.204383e-06
1.310930e-06
1.285768e-07
1.976909e-08
2.026267e-07
1.880540e-06
9.067345e-07
9.322115e-07
5.337226e-06
8.906393e-07
2.023209e-07
1.157237e-07
1.321408e-07
9.975395e-07
1.849108e-06
8.697013e-07
3.551570e-07
2.726862e-07
1.291566e-07
2.188176e-08
8.213339e-09
4.648989e-09
9.363306e-09
2.608944e-08
5.035875e-08
4.924180e-08
2.819449e-08
8.837618e-08
5.037005e-07
4.056907e-07
2.570475e-07
1.536324e-07
1.239595e-07
4.600479e-07
4.284842e-06
2.151735e-06
3.236425e-07
2.123610e-07
1.211319e-06
5.451088e-06
6.063205e-06
4.542765e-07
2.590272e-07
2.652969e-07
8.093340e-08
2.252931e-08
1.150530e-08
8.810086e-09
5.484424e-08
2.027766e-07
3.178255e-07
1.082211e-07
1.077174e-07
9.384266e-08
3.121751e-08
2.276225e-09
1.413507e-10
1.446092e-10
1.225052e-10
1.100717e-10
3.819085e-10
8.809058e-10
3.415099e-09
5.240150e-09
1.134314e-08
1.085663e-08
1.500092e-08
9.090315e-09
1.174934e-08
1.806438e-08
2.037048e-08
5.643042e-09
2.517207e-09
2.663810e-09
2.195006e-09
1.699181e-09
1.183426e-09
7.811484e-10
7.709326e-10
2.469283e-09
4.292564e-09
7.416425e-09
1.907797e-09
7.358199e-10
5.473007e-10
1.291304e-09
2.531758e-09
6.570694e-09
1.237948e-08
1.035107e-08
1.131302e-08
1.283859e-08
5.378714e-09
2.435831e-09
3.251875e-09
6.609159e-09
1.243605e-08
1.124708e-08
1.144589e-08
1.286874e-08
5.394104e-09
2.441642e-09
3.251911e-09
6.609149e-09
1.243633e-08
1.124710e-08
1.144590e-08
1.286875e-08
5.394105e-09
2.441642e-09
3.251911e-09
6.609149e-09
1.243634e-08
1.124710e-08
1.144590e-08
1.286875e-08
5.394166e-09
2.441842e-09
3.256231e-09
6.623335e-09
1.252858e-08
1.161080e-08
1.512428e-08
1.937837e-08
1.157226e-08
8.614079e-09
9.156769e-09
2.015472e-08
2.646996e-08
2.239320e-08
2.247264e-08
1.284168e-08
7.102495e-09
3.167958e-09
2.090415e-09
2.549178e-10
1.568078e-10
5.100591e-10
6.237083e-10
3.005546e-09
4.484316e-09
6.352160e-09
4.143058e-08
5.827740e-08
4.023253e-08
6.939802e-08
7.309888e-08
5.106546e-08
9.525530e-08
1.202148e-07
1.323932e-07
4.084329e-07
6.053900e-07
9.304300e-07
3.430908e-06
1.368440e-05
2.537689e-06
3.935822e-07
5.666003e-07
2.751065e-07
2.690724e-07
6.196811e-07
4.668360e-07
4.904457e-07
1.879651e-07
8.513608e-08
1.008505e-07
4.872923e-08
2.374029e-08
4.702177e-08
6.889735e-08
2.515919e-06
1.369972e-05
5.030780e-06
2.536522e-06
3.441423e-07
7.085866e-08
1.748612e-08
1.798429e-08
1.109721e-08
1.846024e-08
8.332735e-08
6.067818e-08
7.360662e-08
7.597262e-08
1.389130e-08
6.823425e-09
5.060295e-08
4.557668e-08
4.034240e-08
3.112836e-08
1.105317e-08
3.970078e-08
6.018493e-07
1.185435e-06
1.253979e-06
9.185280e-07
3.007156e-07
1.916774e-08
1.182568e-08
6.391275e-09
1.475865e-08
1.311195e-08
4.579586e-09
3.655334e-09
5.432158e-09
1.557132e-08
5.062436e-08
3.343197e-07
1.254090e-06
1.033135e-06
5.697155e-08
5.139994e-08
4.900964e-07
1.933132e-06
1.070167e-06
1.169300e-06
5.127339e-06
5.167923e-07
1.056910e-07
1.860840e-07
5.038457e-07
1.297794e-06
1.576938e-06
5.751011e-07
2.902737e-07
1.314252e-07
1.916580e-08
6.098810e-09
6.220295e-09
6.684218e-09
3.694244e-08
5.427659e-08
4.060866e-08
2.302142e-08
2.268889e-08
3.255782e-07
5.773404e-07
3.215454e-07
2.611290e-07
2.424420e-07
2.686463e-07
7.333254e-07
4.225260e-06
1.852593e-06
3.638772e-07
6.823877e-07
1.761937e-06
5.222487e-06
5.301073e-06
3.779721e-07
1.988023e-07
3.598071e-08
1.485936e-08
6.058874e-09
2.439454e-08
1.102028e-07
2.332692e-07
1.857050e-07
2.122905e-07
1.235392e-07
5.539923e-08
5.855799e-09
9.071670e-10
6.983138e-11
7.802779e-11
5.911416e-11
7.159348e-11
9.734487e-11
5.476924e-10
1.968656e-09
3.744766e-09
8.453712e-09
1.477057e-08
8.636694e-09
5.908350e-09
1.669525e-08
1.797548e-08
3.299131e-09
3.340934e-09
1.792427e-09
2.469000e-09
1.816232e-09
8.813106e-10
7.851127e-10
3.401226e-10
6.871699e-10
3.854302e-09
6.847053e-09
1.188513e-09
1.009994e-09
4.763979e-10
3.579641e-10
1.121216e-09
2.380158e-09
6.663497e-09
6.941038e-09
7.869339e-09
9.624436e-09
7.071964e-09
5.247851e-09
8.846190e-10
2.380116e-09
7.215434e-09
7.069984e-09
8.042076e-09
9.805290e-09
7.102757e-09
5.266837e-09
8.846437e-10
2.380102e-09
7.215840e-09
7.070006e-09
8.042080e-09
9.805309e-09
7.102759e-09
5.266837e-09
8.846437e-10
2.380102e-09
7.215841e-09
7.070006e-09
8.042080e-09
9.805305e-09
7.102775e-09
5.266870e-09
8.847264e-10
2.382692e-09
7.231422e-09
7.130369e-09
8.450462e-09
1.420406e-08
1.341213e-08
1.088108e-08
5.570712e-09
1.047923e-08
1.255810e-08
1.136654e-08
2.082973e-08
1.661125e-08
6.890822e-09
3.863135e-09
2.840513e-09
4.716348e-10
1.231869e-10
2.801937e-10
2.404450e-10
2.816948e-10
6.960139e-10
2.657706e-09
1.456028e-08
1.671558e-08
1.582759e-08
5.931511e-08
3.553045e-08
3.218227e-08
6.781938e-08
4.720811e-08
4.624662e-08
8.066650e-08
1.274840e-07
6.873953e-07
8.965600e-07
4.399612e-07
2.537689e-06
8.817289e-06
1.188796e-06
1.523326e-07
1.159696e-07
4.324934e-07
3.968969e-07
2.483465e-07
2.166603e-07
2.580609e-07
1.066581e-07
3.036743e-08
3.044371e-08
2.558437e-08
2.906188e-08
7.491663e-08
4.137599e-07
1.657521e-06
1.349839e-05
4.697557e-06
3.183522e-07
4.227669e-08
2.028984e-08
1.066937e-08
4.474925e-09
4.848756e-08
3.691615e-08
6.122254e-08
7.487399e-08
1.387110e-08
7.592464e-09
1.212360e-08
3.622988e-08
3.475052e-08
1.931489e-08
1.069373e-08
3.734093e-09
9.937315e-08
5.952202e-07
4.746449e-07
7.242733e-07
9.699758e-07
1.587254e-07
7.617760e-09
7.612151e-09
1.213331e-08
7.619217e-09
2.895583e-09
3.746782e-09
4.282206e-09
2.066514e-09
1.715832e-08
1.708641e-07
7.368229e-08
6.359698e-08
1.068820e-06
7.473135e-07
4.057750e-08
1.008900e-07
4.904510e-07
2.162199e-06
7.930425e-07
6.865683e-07
7.234835e-07
2.162907e-07
3.005581e-07
3.026846e-07
2.581349e-07
7.934451e-07
9.599875e-07
2.560061e-07
4.871723e-08
9.681879e-09
4.258698e-09
4.364350e-09
1.207321e-08
3.085207e-08
2.201412e-08
2.239880e-08
2.748558e-08
5.574001e-08
1.029203e-07
1.987373e-07
5.097781e-07
3.206060e-07
2.385391e-07
2.452494e-07
1.570492e-07
3.708646e-07
3.395307e-06
1.943597e-06
7.043570e-07
3.128951e-07
1.073691e-06
3.212525e-06
1.798890e-06
1.055433e-07
1.459271e-08
4.586314e-09
2.775665e-09
3.262721e-08
1.210711e-07
8.612873e-08
1.293906e-07
1.997381e-07
1.078251e-07
7.636643e-09
1.534925e-09
8.768988e-10
2.260246e-11
3.636168e-11
3.055360e-11
1.808904e-11
5.926119e-11
4.062206e-10
1.480668e-09
4.497110e-09
8.817341e-09
5.746295e-09
6.420212e-09
7.099165e-09
1.564449e-08
2.988986e-09
1.393224e-09
2.449503e-09
1.160826e-09
1.557402e-09
1.185259e-09
6.070257e-10
3.794029e-10
1.648772e-10
1.075667e-09
5.790871e-09
9.444264e-10
5.193185e-10
7.353659e-10
1.869419e-10
2.161190e-10
1.261129e-09
2.150496e-09
3.997911e-09
4.838155e-09
7.799428e-09
5.172795e-09
3.177498e-09
2.131698e-09
8.681859e-10
2.858083e-09
4.068164e-09
4.979032e-09
8.106720e-09
5.293119e-09
3.282295e-09
2.132333e-09
8.681730e-10
2.859292e-09
4.068217e-09
4.979040e-09
8.106749e-09
5.293128e-09
3.282295e-09
2.132333e-09
8.681730e-10
2.859293e-09
4.068217e-09
4.979040e-09
8.106748e-09
5.293135e-09
3.282306e-09
2.132353e-09
8.682365e-10
2.862392e-09
4.079521e-09
5.056439e-09
8.902221e-09
1.002071e-08
6.859021e-09
5.499066e-09
6.744606e-09
6.910407e-09
5.450470e-09
7.968905e-09
1.216261e-08
5.298095e-09
6.327142e-09
4.308321e-09
1.111386e-09
3.040428e-10
1.591624e-10
1.216541e-10
1.085842e-10
7.230856e-11
6.834001e-10
6.069461e-09
4.424485e-09
7.499362e-09
1.271564e-08
1.816456e-08
4.284736e-08
2.819657e-08
3.091663e-08
3.975601e-08
2.940602e-08
3.973664e-08
1.630518e-07
3.400675e-07
4.185828e-07
5.548942e-07
3.935822e-07
1.188796e-06
5.272155e-06
6.102278e-07
2.543063e-07
1.774671e-07
1.733126e-07
1.846024e-07
1.826561e-07
1.282812e-07
8.085557e-08
3.236813e-08
2.415273e-08
1.910148e-08
1.452746e-08
4.422217e-08
2.968489e-07
3.533364e-07
1.506142e-06
1.286937e-05
5.161635e-07
4.343351e-08
1.421523e-08
6.655317e-09
1.438729e-08
1.475130e-08
2.587284e-08
6.482827e-08
1.321586e-08
4.956024e-09
8.551722e-09
8.467406e-09
2.748405e-08
1.369534e-08
5.842602e-09
1.053329e-08
8.479496e-09
8.883974e-08
2.600149e-07
3.602843e-07
2.724919e-07
3.680167e-07
2.132203e-07
1.359844e-08
1.223518e-08
5.748467e-09
1.969172e-09
4.483796e-09
2.689258e-09
1.156779e-09
4.858731e-09
4.050758e-08
4.641112e-08
3.675968e-08
1.890256e-08
6.762982e-08
6.712191e-07
5.242930e-07
1.397899e-07
2.963646e-07
3.560921e-07
1.887398e-06
3.941242e-07
2.073945e-07
2.566236e-07
2.250003e-07
1.469051e-07
1.628820e-07
2.078091e-07
4.305950e-07
4.035743e-07
4.841331e-08
5.871770e-09
3.937271e-09
4.581128e-09
8.118755e-09
1.567890e-08
7.916590e-09
8.489674e-09
3.427392e-08
4.010635e-08
2.973275e-08
3.431892e-08
1.991488e-07
5.050646e-07
1.089405e-07
1.302606e-07
4.048599e-07
1.172112e-07
2.808052e-07
3.072610e-06
1.479966e-06
3.688084e-07
4.021244e-07
6.503566e-07
1.427575e-06
7.760078e-07
1.964050e-08
2.315486e-09
4.211147e-09
3.357875e-08
5.317910e-08
6.210302e-08
1.144884e-07
7.821993e-08
6.089511e-08
1.121623e-08
4.391923e-09
7.457011e-10
1.362959e-11
2.015023e-11
6.554418e-12
3.613079e-11
1.616821e-10
3.984396e-10
1.459346e-09
4.174555e-09
5.462138e-09
1.511295e-09
5.235228e-09
8.680581e-09
3.142788e-09
1.568569e-09
2.387057e-09
2.490979e-09
8.774320e-10
1.710795e-09
6.444441e-10
8.243015e-10
5.779068e-10
3.250779e-10
1.715382e-09
8.192990e-10
1.878987e-10
6.846315e-10
9.366666e-10
1.987499e-10
4.484968e-10
8.066758e-10
1.527907e-09
2.377164e-09
3.870172e-09
3.586564e-09
4.862918e-09
2.912687e-09
2.059488e-09
1.259091e-09
1.694696e-09
2.437332e-09
3.927928e-09
3.898541e-09
5.552478e-09
2.920886e-09
2.059722e-09
1.263756e-09
1.694953e-09
2.437363e-09
3.928016e-09
3.898558e-09
5.552479e-09
2.920886e-09
2.059722e-09
1.263756e-09
1.694953e-09
2.437363e-09
3.928016e-09
3.898560e-09
5.552487e-09
2.920893e-09
2.059743e-09
1.264117e-09
1.697781e-09
2.457402e-09
4.153254e-09
5.240636e-09
8.797425e-09
4.305333e-09
4.035929e-09
5.927197e-09
4.401435e-09
3.981469e-09
6.286980e-09
3.417221e-09
3.875771e-09
4.061019e-09
8.619890e-09
1.201571e-09
1.125364e-09
1.356646e-10
7.105176e-11
1.698364e-10
8.387631e-11
2.100260e-09
4.338539e-09
8.035217e-10
1.362993e-08
7.276305e-09
4.794650e-09
2.239744e-08
4.529445e-08
1.235678e-08
2.030179e-08
3.868101e-08
9.963688e-08
1.844924e-07
1.078364e-07
1.681611e-07
5.232089e-07
5.666003e-07
1.523326e-07
6.102278e-07
4.740800e-06
3.144449e-07
6.669459e-08
7.864104e-08
1.436927e-07
2.218844e-07
8.835325e-08
2.679984e-08
7.772356e-08
3.918726e-08
8.949186e-09
1.898763e-08
2.314571e-08
9.568233e-07
2.574684e-07
2.426477e-08
1.479288e-06
4.726532e-06
1.350540e-07
7.913018e-09
2.278978e-08
6.098503e-09
2.910426e-09
3.333983e-08
1.201779e-08
4.085748e-09
3.861831e-08
6.258362e-09
4.017611e-09
2.057718e-08
2.578398e-09
3.880976e-09
1.427534e-08
1.746051e-08
2.882657e-08
1.393273e-07
3.179389e-07
4.484970e-08
9.128955e-08
2.167090e-07
2.291092e-08
1.794384e-08
1.258475e-09
1.576603e-09
4.539631e-09
1.176754e-09
1.487152e-09
1.404791e-08
8.597772e-09
5.526291e-09
2.725503e-08
6.216432e-08
1.582299e-08
2.218340e-08
3.640943e-07
8.705758e-07
2.926750e-08
1.616925e-07
2.469903e-07
1.810211e-06
1.416041e-07
9.509204e-08
1.002662e-07
1.597040e-07
2.227632e-07
4.719919e-08
5.818959e-08
2.350124e-07
1.825654e-07
1.182315e-08
4.217905e-09
2.560905e-09
2.525500e-09
9.307736e-09
4.983959e-09
8.810820e-09
1.981563e-08
5.244860e-09
6.869769e-08
2.327677e-08
1.271487e-07
2.236281e-07
8.784572e-08
4.761711e-08
2.057644e-07
8.105490e-07
1.962340e-07
1.547996e-07
2.355795e-06
1.449686e-06
3.976762e-07
9.193167e-08
1.744799e-07
1.116033e-06
1.054175e-07
6.242812e-09
6.504647e-09
1.738318e-08
2.821159e-08
7.366413e-08
5.643917e-08
2.887112e-08
2.427716e-08
3.375249e-08
7.521397e-09
1.314349e-09
2.140921e-12
1.514114e-12
2.953820e-11
8.662358e-11
9.441291e-11
9.986199e-11
8.738312e-10
2.527968e-09
2.329654e-09
3.458962e-09
4.432441e-09
3.704004e-09
2.141434e-09
2.764557e-09
1.939025e-09
1.914632e-09
2.230185e-09
8.129971e-10
1.676473e-09
8.197651e-10
6.315895e-10
1.698040e-10
2.254775e-10
5.192277e-10
7.454876e-10
6.898988e-10
5.751076e-10
6.959204e-10
1.318978e-10
5.514620e-10
9.062411e-10
1.625784e-09
2.044046e-09
4.127597e-09
3.851848e-09
3.371946e-09
2.583319e-09
6.221440e-10
1.116251e-09
1.777752e-09
2.179875e-09
4.956895e-09
3.875828e-09
3.374293e-09
2.624843e-09
6.230032e-10
1.116361e-09
1.778036e-09
2.179920e-09
4.956896e-09
3.875828e-09
3.374293e-09
2.624850e-09
6.230032e-10
1.116361e-09
1.778036e-09
2.179921e-09
4.956898e-09
3.875831e-09
3.374298e-09
2.624933e-09
6.231017e-10
1.120728e-09
1.815824e-09
2.407394e-09
5.533871e-09
4.843893e-09
4.682413e-09
4.722592e-09
4.467279e-09
2.654993e-09
2.896544e-09
2.731912e-09
3.515224e-09
3.612067e-09
8.633207e-09
6.293936e-09
2.560687e-09
4.126039e-10
6.821828e-11
3.198738e-10
9.187159e-11
7.511887e-11
2.413231e-10
3.853439e-10
9.997261e-09
4.580440e-09
3.002648e-09
1.135654e-08
3.472678e-08
7.576048e-09
9.059973e-09
1.104169e-08
1.930235e-08
4.682324e-08
7.463868e-08
7.716500e-08
1.308084e-07
2.297213e-07
2.751065e-07
1.159696e-07
2.543063e-07
3.144449e-07
7.315904e-07
8.769190e-08
9.996230e-08
1.083212e-07
5.544722e-08
3.090666e-08
5.449333e-08
2.695397e-08
2.648288e-08
8.045057e-09
6.545445e-09
4.006642e-08
1.122512e-07
6.836622e-07
2.637743e-07
1.437166e-07
1.997003e-07
3.419541e-07
2.111882e-08
9.279951e-09
1.126238e-09
5.615317e-09
6.167672e-09
4.120556e-09
4.285243e-08
9.574229e-09
3.739999e-09
1.415911e-08
6.695616e-09
4.963145e-09
4.990231e-09
1.721001e-08
7.919241e-09
1.897332e-08
7.927557e-08
5.815019e-08
1.475904e-07
1.409024e-07
6.902243e-08
1.395138e-08
1.332173e-08
2.940714e-09
1.855070e-09
1.427032e-09
2.127921e-09
3.864255e-09
4.320575e-09
7.345778e-09
1.539285e-08
1.911808e-08
2.649449e-08
4.116799e-08
3.073180e-08
7.347070e-08
5.266861e-07
3.196254e-07
2.109071e-08
1.372843e-07
1.977471e-07
2.037691e-07
4.174485e-08
1.145047e-07
1.130217e-07
7.299305e-08
6.072503e-08
4.634839e-08
4.439456e-08
5.658987e-08
8.375879e-09
1.393581e-09
3.063658e-09
2.480027e-09
4.452200e-09
5.771796e-09
5.560630e-09
4.700453e-09
2.789569e-08
1.453165e-08
3.030340e-08
6.262462e-08
1.380450e-07
3.501212e-08
3.126895e-08
1.746281e-07
3.004170e-07
5.996352e-07
1.774281e-07
4.045241e-07
9.245020e-07
6.074979e-07
2.131147e-07
3.118730e-07
1.368642e-07
4.983802e-08
5.045420e-09
2.328791e-09
1.042739e-08
2.418857e-08
2.077111e-08
3.252003e-08
3.452452e-08
4.596754e-08
1.342046e-08
5.027576e-09
7.189166e-09
8.228352e-12
2.925560e-11
8.293920e-11
2.851829e-10
1.083313e-10
5.125561e-10
1.840305e-09
1.837064e-09
4.110902e-09
5.514118e-09
7.630726e-09
5.335151e-09
3.899543e-09
3.110951e-09
2.202695e-09
2.093565e-08
1.440329e-09
3.751002e-09
2.539023e-09
9.976464e-10
8.244435e-10
2.410337e-10
7.685647e-10
1.115320e-09
9.689789e-10
7.761608e-10
6.697254e-09
2.493377e-10
4.793175e-10
1.997912e-09
1.502378e-09
2.232711e-09
4.931895e-09
4.530142e-09
6.205530e-09
4.955933e-09
4.885359e-09
1.088420e-09
3.434570e-09
2.777251e-09
5.580166e-09
4.577432e-09
6.176401e-09
5.222896e-09
4.918537e-09
1.088886e-09
3.436109e-09
2.777474e-09
5.580170e-09
4.577432e-09
6.176402e-09
5.222939e-09
4.918540e-09
1.088886e-09
3.436109e-09
2.777474e-09
5.580170e-09
4.577433e-09
6.176405e-09
5.222981e-09
4.918573e-09
1.089071e-09
3.446989e-09
2.842782e-09
5.729817e-09
4.775346e-09
7.356629e-09
7.279558e-09
9.545157e-09
6.835072e-09
3.373879e-09
2.955456e-09
3.944835e-09
5.670405e-09
1.134820e-08
8.983105e-09
8.035659e-09
3.027209e-09
8.119417e-10
1.032596e-09
3.217043e-10
1.007397e-10
2.038023e-10
5.085845e-10
5.062573e-09
1.720836e-09
3.507345e-08
6.744477e-09
4.068601e-08
3.111554e-08
1.286179e-08
1.539754e-08
1.791845e-08
1.517866e-08
1.627790e-08
6.607763e-08
2.417039e-07
2.265696e-07
2.065047e-07
2.690724e-07
4.324934e-07
1.774671e-07
6.669459e-08
8.769190e-08
5.544306e-07
1.740079e-07
7.204776e-08
6.531745e-08
1.395300e-07
5.558291e-08
1.413291e-08
1.089975e-08
1.188402e-08
1.761339e-08
4.664217e-08
9.391665e-07
1.935379e-07
8.189212e-07
5.979699e-07
1.530852e-07
3.503195e-08
6.188186e-08
6.883027e-09
2.965321e-09
6.583930e-09
4.048335e-09
4.676451e-08
1.469106e-08
1.685865e-08
4.152434e-08
1.187208e-08
1.636136e-08
8.082437e-09
1.318529e-08
1.107573e-07
3.828358e-09
3.016855e-08
8.868643e-08
1.245755e-07
1.674593e-07
3.211163e-07
1.519256e-07
2.925872e-08
1.456583e-08
3.987470e-09
1.986572e-09
5.419792e-09
3.593227e-09
2.944505e-09
4.534574e-09
1.783403e-08
3.834316e-08
3.467986e-08
1.942709e-08
6.343024e-08
1.160004e-07
4.655909e-08
5.989525e-08
7.327953e-07
3.578146e-07
1.230800e-07
9.316087e-08
5.221944e-08
3.020414e-07
1.255508e-07
8.533326e-08
6.721100e-08
8.700280e-08
1.006318e-07
8.588926e-08
2.668067e-08
4.039537e-09
2.239197e-08
4.161523e-09
5.293199e-09
4.659998e-09
7.694282e-09
6.797813e-09
4.480605e-08
8.315929e-09
6.114556e-08
1.397929e-08
7.371591e-08
1.354345e-07
1.524248e-07
1.473276e-07
2.651482e-07
6.295670e-08
1.496436e-07
1.374120e-06
4.696107e-07
1.332630e-07
6.890500e-07
8.639050e-07
2.354353e-07
1.364183e-07
1.040498e-08
9.831111e-09
1.802998e-08
1.203911e-08
1.832615e-08
3.176281e-08
4.112036e-08
9.290500e-08
7.168827e-08
1.914537e-08
3.813674e-08
2.298880e-09
2.959669e-11
9.731311e-11
2.780970e-10
1.614685e-10
5.995870e-10
1.593301e-09
2.562565e-09
3.463373e-09
5.227599e-09
9.321601e-09
1.016336e-08
6.015267e-09
4.217304e-09
4.767376e-09
2.829716e-08
7.564111e-09
6.042255e-09
4.034979e-09
2.447678e-09
1.022269e-09
1.013927e-09
1.134414e-09
1.161430e-09
1.305879e-09
9.973684e-10
8.011254e-09
1.897838e-09
1.380326e-09
1.669001e-09
1.633970e-09
2.450179e-09
5.318264e-09
5.804496e-09
8.854553e-09
7.898499e-09
9.323425e-09
4.851782e-09
3.069844e-09
3.115457e-09
7.527371e-09
5.687352e-09
8.749538e-09
9.610576e-09
9.553118e-09
4.870790e-09
3.076755e-09
3.116826e-09
7.527398e-09
5.687354e-09
8.749539e-09
9.610849e-09
9.553140e-09
4.870790e-09
3.076755e-09
3.116826e-09
7.527398e-09
5.687355e-09
8.749541e-09
9.610885e-09
9.553164e-09
4.870904e-09
3.080422e-09
3.154055e-09
7.613835e-09
5.817722e-09
9.232294e-09
1.125084e-08
1.351835e-08
1.056765e-08
8.532250e-09
6.380218e-09
4.715424e-09
7.009712e-09
1.376712e-08
1.274900e-08
1.020594e-08
1.552603e-08
5.867415e-09
1.175213e-08
1.106489e-09
3.046920e-10
5.249676e-10
2.747309e-10
5.824529e-09
2.196629e-09
2.029801e-09
4.063936e-09
8.175358e-08
2.740175e-08
2.258926e-08
3.426952e-08
3.532375e-08
2.045958e-08
1.388778e-08
2.256430e-08
6.367005e-08
2.057244e-07
4.108936e-07
3.204035e-07
6.196811e-07
3.968969e-07
1.733126e-07
7.864104e-08
9.996230e-08
1.740079e-07
5.850202e-07
1.259227e-07
2.696213e-07
1.677991e-07
3.349476e-08
1.528562e-08
1.345075e-08
3.306305e-08
7.390992e-08
6.005852e-08
4.849907e-07
1.173766e-06
5.489935e-07
1.121326e-06
1.492209e-07
3.042042e-08
1.027740e-08
4.162790e-08
6.291798e-09
5.594710e-09
4.655584e-08
1.736555e-08
4.446244e-08
8.941884e-08
5.749107e-08
5.024240e-09
1.439857e-08
2.676646e-08
1.306911e-07
1.820984e-08
1.540193e-08
2.866756e-08
1.548290e-07
2.209274e-07
3.221909e-07
5.469320e-07
7.756202e-07
3.386101e-08
1.666824e-08
3.211089e-09
6.343342e-09
5.254828e-09
4.817338e-09
4.953325e-09
5.044270e-09
1.169343e-08
6.839534e-08
8.062266e-08
8.567540e-08
1.543549e-07
3.719899e-08
2.800118e-08
1.730149e-07
1.394850e-07
9.982943e-07
3.162869e-07
1.320193e-07
3.397580e-07
1.195623e-07
3.269671e-07
1.019818e-07
1.810712e-07
1.646173e-07
1.794168e-07
1.083247e-07
1.990585e-08
1.133968e-07
3.632430e-08
8.613322e-09
3.669442e-09
1.587976e-08
7.092120e-09
5.593326e-08
1.356340e-08
7.882517e-09
3.014755e-08
1.330383e-07
7.270657e-08
8.872725e-08
2.584879e-07
4.696083e-07
1.563522e-07
1.375437e-07
5.078476e-07
2.449909e-07
1.717245e-06
6.340945e-07
1.894013e-06
6.225162e-07
2.543670e-07
1.403576e-07
7.589184e-08
1.795624e-07
1.803405e-08
1.030137e-08
2.699732e-08
5.059622e-08
1.058954e-07
1.574953e-07
6.975853e-08
1.399954e-07
1.076789e-08
3.554557e-09
4.997399e-11
2.678852e-10
1.715605e-10
4.882214e-10
7.219105e-10
9.655032e-10
2.696252e-09
5.217830e-09
8.901801e-09
9.058571e-09
6.022262e-09
4.465151e-09
5.557003e-09
2.970187e-08
7.945607e-09
7.481986e-09
4.643454e-09
2.974860e-09
1.238257e-09
1.168470e-09
1.307812e-09
1.092692e-09
8.475229e-10
7.069360e-10
7.985135e-09
2.086368e-09
2.053851e-09
2.082657e-09
1.126594e-09
7.974998e-10
2.053770e-09
4.436090e-09
7.730265e-09
8.719483e-09
1.218669e-08
6.021189e-09
3.563963e-09
1.454502e-09
3.119670e-09
3.968490e-09
8.502848e-09
1.102149e-08
1.264097e-08
6.069098e-09
3.585703e-09
1.456793e-09
3.119752e-09
3.968504e-09
8.502853e-09
1.102182e-08
1.264102e-08
6.069098e-09
3.585704e-09
1.456793e-09
3.119753e-09
3.968504e-09
8.502853e-09
1.102183e-08
1.264103e-08
6.069156e-09
3.587039e-09
1.462248e-09
3.153125e-09
3.996963e-09
8.629009e-09
1.155087e-08
1.603242e-08
1.067084e-08
6.586670e-09
3.926389e-09
6.899560e-09
9.584975e-09
1.117904e-08
1.318896e-08
1.033866e-08
1.835994e-08
1.345241e-08
1.472611e-08
2.195125e-09
4.081798e-10
5.715507e-10
3.468256e-10
2.243323e-09
9.875732e-10
2.479327e-09
2.571724e-09
3.874579e-08
2.265553e-08
5.583270e-08
2.289301e-08
4.644009e-08
3.540142e-08
1.290993e-08
1.857689e-08
3.280989e-08
4.586753e-08
8.251340e-08
2.518127e-07
8.117901e-07
4.668360e-07
2.483465e-07
1.846024e-07
1.436927e-07
1.083212e-07
7.204776e-08
1.259227e-07
7.482899e-07
2.310047e-07
6.714709e-08
3.799192e-08
1.668390e-08
4.253429e-08
5.206115e-08
9.253699e-09
8.872467e-08
7.759057e-07
8.490804e-07
1.476211e-06
1.596208e-07
3.427532e-07
4.859190e-08
3.439582e-09
7.246633e-09
8.053850e-09
1.193785e-08
1.641479e-08
4.631051e-08
9.401350e-08
7.865059e-08
7.407316e-09
4.941199e-09
1.480678e-08
1.379476e-07
2.955864e-08
1.963254e-08
8.685083e-09
2.591181e-08
1.184361e-07
3.861648e-07
6.251271e-07
8.724532e-07
8.419238e-08
2.802486e-08
8.253982e-09
5.278682e-09
3.335543e-09
6.049049e-09
6.542006e-09
5.261462e-09
3.063760e-09
4.589406e-09
3.015433e-08
2.033327e-07
2.357942e-07
8.430231e-08
4.039884e-09
1.842964e-08
1.093724e-07
2.788191e-07
1.383766e-07
9.850370e-07
5.875291e-07
1.012370e-07
6.176024e-08
7.105271e-08
4.278967e-07
2.483568e-07
2.694928e-07
1.507031e-07
4.024624e-08
1.635879e-07
7.371878e-08
1.033567e-08
2.551281e-09
1.008847e-08
8.711251e-09
6.245291e-08
1.113732e-08
5.762549e-09
6.783796e-09
7.313022e-08
9.303534e-08
1.728284e-07
1.263918e-07
2.212993e-07
2.012225e-07
4.181140e-07
6.860985e-07
1.516225e-07
4.300792e-08
3.606028e-07
3.755932e-06
9.064435e-07
2.947484e-07
1.939033e-07
1.827363e-07
2.354502e-07
2.220269e-08
3.113637e-09
1.138721e-08
2.964778e-08
9.308770e-08
1.759999e-07
9.639714e-08
1.494563e-07
2.152182e-08
7.687715e-09
1.533773e-09
2.274006e-10
1.500182e-10
4.454174e-10
3.279736e-10
4.173346e-10
8.354064e-10
2.076086e-09
7.868214e-09
1.046592e-08
4.056822e-09
3.110848e-09
6.870475e-09
3.032827e-08
7.728693e-09
7.176513e-09
6.321579e-09
3.209444e-09
1.422083e-09
1.338288e-09
1.284611e-09
1.395191e-09
4.175450e-10
4.850090e-10
7.797111e-09
1.783152e-09
2.139963e-09
3.031317e-09
1.250108e-09
3.498331e-10
8.407881e-10
1.651324e-09
4.915628e-09
7.198101e-09
1.163199e-08
7.675103e-09
5.537634e-09
1.796749e-09
1.326664e-09
1.407409e-09
4.403919e-09
9.087385e-09
1.339974e-08
7.895053e-09
5.591746e-09
1.807740e-09
1.326751e-09
1.407427e-09
4.403938e-09
9.087928e-09
1.339980e-08
7.895052e-09
5.591749e-09
1.807740e-09
1.326751e-09
1.407427e-09
4.403938e-09
9.087931e-09
1.339980e-08
7.895094e-09
5.592243e-09
1.809308e-09
1.330214e-09
1.414872e-09
4.435826e-09
9.212207e-09
1.426612e-08
1.230096e-08
8.081639e-09
2.708190e-09
3.205617e-09
5.867647e-09
1.047716e-08
1.335324e-08
9.785635e-09
1.962269e-08
1.490634e-08
2.280184e-08
3.330433e-09
6.239138e-10
6.575170e-10
3.873358e-10
1.682490e-09
3.831886e-10
1.487036e-09
1.074528e-09
1.803332e-08
2.364374e-08
1.413783e-08
1.138625e-08
8.764944e-08
2.630598e-08
1.292954e-08
3.098728e-08
2.183716e-08
2.473730e-08
4.322905e-08
8.186498e-08
3.592734e-07
4.206556e-07
4.904457e-07
2.166603e-07
1.826561e-07
2.218844e-07
5.544722e-08
6.531745e-08
2.696213e-07
2.310047e-07
4.926476e-07
6.582617e-08
2.633553e-08
6.327944e-08
5.682120e-08
6.192759e-09
1.916411e-08
3.810311e-08
1.029947e-06
1.100593e-06
4.457577e-07
1.077631e-06
1.065993e-07
7.305445e-08
6.879108e-09
1.409739e-08
6.574830e-09
6.035523e-09
4.220471e-08
9.357933e-08
8.326499e-08
1.288170e-08
5.928422e-09
7.476635e-09
1.343268e-07
1.684795e-08
1.981947e-08
2.515837e-08
1.839541e-08
1.479871e-08
2.334492e-07
5.884269e-07
9.422989e-07
1.530552e-07
8.266096e-08
1.330826e-08
1.472930e-08
1.752027e-09
4.079117e-09
8.437874e-09
6.201931e-09
1.336545e-09
4.842202e-09
8.327215e-09
3.624609e-08
1.774732e-07
2.327255e-07
6.789096e-08
2.131780e-08
2.938543e-08
1.736775e-07
6.909737e-08
2.990586e-07
4.161821e-07
9.370005e-07
1.113915e-07
2.739534e-08
9.045284e-08
2.028620e-07
5.559599e-07
2.259972e-07
9.728037e-08
2.201136e-07
1.796681e-07
1.618492e-08
3.943900e-09
9.600522e-09
3.896410e-09
6.000299e-08
1.332884e-08
9.133058e-09
6.337514e-09
3.551099e-08
8.317577e-08
7.061696e-08
1.143948e-07
3.499977e-07
3.523390e-08
7.570278e-08
7.321020e-07
4.856373e-07
1.218571e-07
1.555797e-07
2.053423e-06
6.320351e-07
1.977989e-06
4.916227e-07
2.123855e-07
5.472880e-07
3.994213e-08
3.295578e-09
5.646009e-09
1.289686e-08
6.379467e-08
1.582094e-07
9.998466e-08
1.653435e-07
2.937396e-08
1.570405e-08
6.415123e-09
1.438571e-09
7.644351e-11
3.556019e-10
1.936265e-10
1.063294e-10
1.110580e-10
5.513291e-10
2.896111e-09
4.821961e-09
5.199906e-09
3.625711e-09
6.951965e-09
1.784338e-08
7.368989e-09
5.873219e-09
4.230447e-09
5.280532e-09
6.731300e-10
1.563007e-09
1.147898e-09
1.266584e-09
4.992639e-10
2.209678e-10
2.160662e-09
1.790385e-09
2.033347e-09
2.007510e-09
1.945938e-09
2.194835e-10
1.995410e-10
7.898089e-10
1.911156e-09
3.384509e-09
6.646226e-09
6.341633e-09
4.768007e-09
2.260846e-09
2.438177e-09
7.560814e-10
1.625225e-09
5.503722e-09
7.132970e-09
6.757509e-09
5.157625e-09
2.302406e-09
2.437812e-09
7.561514e-10
1.625236e-09
5.504938e-09
7.133062e-09
6.757508e-09
5.157635e-09
2.302406e-09
2.437812e-09
7.561514e-10
1.625236e-09
5.504938e-09
7.133063e-09
6.757515e-09
5.157873e-09
2.302737e-09
2.438448e-09
7.564215e-10
1.631595e-09
5.533204e-09
7.274876e-09
7.443295e-09
7.165452e-09
3.114981e-09
3.464185e-09
5.184339e-09
3.639443e-09
5.412064e-09
7.459645e-09
2.194452e-08
1.550336e-08
2.400990e-08
1.029118e-08
1.155565e-09
1.284769e-09
4.895396e-10
8.066530e-10
2.310481e-10
3.827465e-10
4.706343e-10
1.160723e-08
1.196138e-08
1.348097e-08
5.537225e-09
4.396783e-08
2.275915e-08
1.885363e-08
1.434409e-08
1.368922e-08
1.336032e-08
9.169572e-09
2.343264e-08
1.765839e-07
1.609581e-07
1.246311e-07
1.879651e-07
2.580609e-07
1.282812e-07
8.835325e-08
3.090666e-08
1.395300e-07
1.677991e-07
6.714709e-08
6.582617e-08
1.277288e-07
4.844633e-08
5.178368e-08
1.631197e-08
9.302860e-09
1.751810e-08
4.815990e-08
3.708666e-07
6.503196e-07
7.012689e-07
5.054618e-07
1.869276e-07
1.032807e-08
2.228210e-08
6.773587e-09
1.691689e-09
3.069803e-08
5.485749e-08
7.787904e-08
1.554389e-08
6.432726e-09
1.344539e-08
3.898139e-08
1.904776e-08
1.306802e-08
9.103559e-09
8.297579e-08
2.620300e-09
4.576293e-08
4.321338e-07
8.295387e-07
1.147507e-07
1.850520e-07
5.259686e-08
9.716943e-09
5.020977e-09
3.457035e-09
5.086370e-09
7.874653e-09
1.099638e-09
2.863279e-09
5.550506e-09
2.374534e-08
1.038489e-07
6.165280e-08
2.341994e-08
1.652683e-07
9.031632e-08
4.644088e-08
5.474914e-08
1.555715e-07
3.272191e-07
2.132789e-07
1.467001e-07
1.949986e-07
1.034599e-07
1.605830e-07
1.578978e-07
2.253060e-07
2.676315e-07
3.044631e-07
3.823498e-07
3.685743e-08
7.784287e-09
1.612411e-08
4.355936e-09
2.813015e-08
1.240830e-08
4.945851e-09
7.885426e-09
4.954600e-08
4.535577e-08
6.518190e-08
2.803485e-08
1.641391e-07
4.956095e-08
1.383943e-07
3.087912e-07
1.528148e-07
1.558988e-07
2.552764e-07
1.996289e-06
4.386820e-07
1.333827e-07
2.627308e-07
1.248615e-06
6.899294e-07
1.328566e-07
5.186645e-09
1.008349e-08
4.719142e-09
2.828793e-08
1.093753e-07
7.930673e-08
1.350949e-07
4.267516e-08
3.315443e-08
1.119615e-08
3.856388e-09
8.213712e-10
1.847333e-10
1.492419e-10
7.512678e-11
1.803625e-10
5.643818e-10
5.958373e-10
1.421222e-09
1.444267e-09
1.150422e-09
8.408848e-09
1.700687e-08
2.397793e-09
4.107252e-09
6.164966e-09
5.150647e-09
1.335577e-09
1.750243e-09
9.179956e-10
1.690041e-09
3.197257e-10
5.361769e-10
4.325556e-10
3.809461e-10
8.676718e-10
1.854309e-09
1.795530e-09
4.678825e-10
7.504130e-10
2.592306e-10
1.258201e-09
8.430887e-10
2.147830e-09
2.586680e-09
2.266499e-09
1.343877e-09
1.407249e-09
2.749558e-09
3.868731e-10
3.426316e-09
3.078275e-09
2.574963e-09
2.709164e-09
1.566663e-09
1.421837e-09
2.752074e-09
3.868944e-10
3.431845e-09
3.078581e-09
2.574961e-09
2.709183e-09
1.566666e-09
1.421837e-09
2.752074e-09
3.868944e-10
3.431846e-09
3.078582e-09
2.574962e-09
2.709227e-09
1.566802e-09
1.422019e-09
2.752211e-09
3.873823e-10
3.445390e-09
3.109473e-09
2.704329e-09
3.078706e-09
1.949117e-09
1.933824e-09
6.618916e-09
1.688603e-09
1.935794e-09
2.074442e-09
1.415575e-08
1.566851e-08
2.270840e-08
1.522484e-08
4.332194e-09
1.019503e-08
6.973384e-09
1.926400e-10
6.440311e-10
1.214206e-09
8.151988e-11
6.200767e-09
1.000043e-08
7.625385e-09
3.045692e-09
4.102515e-08
2.982236e-08
6.614207e-09
9.397830e-09
1.391414e-08
5.188667e-09
3.736491e-09
8.167810e-09
4.334105e-08
5.582052e-08
6.318209e-08
5.924305e-08
8.513608e-08
1.066581e-07
8.085557e-08
2.679984e-08
5.449333e-08
5.558291e-08
3.349476e-08
3.799192e-08
2.633553e-08
4.844633e-08
9.803444e-08
3.843688e-09
6.388621e-09
2.421763e-08
3.504556e-08
4.361698e-08
6.348455e-08
6.074024e-08
7.423845e-07
6.450169e-07
3.558656e-08
9.004641e-08
5.592767e-09
4.283864e-09
1.858458e-08
1.556390e-08
5.051347e-08
1.065893e-08
1.753753e-08
6.622185e-08
3.212728e-08
1.423872e-08
7.647352e-09
1.480615e-08
1.325693e-07
4.622469e-09
9.720829e-09
1.792360e-07
4.328693e-07
6.738090e-08
1.023759e-07
2.244282e-07
1.393358e-07
4.416929e-09
2.708376e-09
1.328713e-08
7.349967e-09
9.836669e-10
4.141541e-09
1.031526e-08
1.134399e-08
4.819035e-08
9.663168e-08
1.455482e-07
1.312679e-08
1.973650e-07
1.588396e-07
3.689645e-08
6.372434e-08
2.372685e-07
1.233973e-07
1.280958e-07
9.081902e-08
1.085041e-07
1.871187e-07
1.714456e-07
2.429550e-07
6.569054e-08
4.551753e-07
1.076791e-06
1.065926e-07
1.052689e-07
6.257388e-08
2.158427e-08
3.465913e-08
1.235480e-08
2.523306e-09
1.128816e-08
8.038657e-08
4.076025e-08
2.745494e-08
2.116375e-08
1.484856e-07
1.955778e-08
3.379815e-08
3.041727e-07
2.984792e-07
2.196501e-08
7.165535e-08
2.145747e-06
4.620148e-07
1.906499e-07
1.662089e-07
6.212716e-07
1.150811e-06
5.033122e-07
4.248805e-08
8.649884e-08
2.716071e-08
2.216723e-08
6.657826e-08
6.319957e-08
4.037246e-08
4.062376e-08
5.520958e-08
3.957018e-08
1.547111e-08
3.098415e-09
9.025171e-09
3.741639e-11
4.441604e-11
1.753992e-10
4.112813e-10
2.289472e-10
1.778377e-10
6.364902e-10
1.824678e-09
5.702043e-09
7.479025e-09
2.882406e-09
8.761108e-09
5.486508e-09
4.546010e-09
1.385627e-09
2.907157e-09
1.437135e-09
1.567220e-09
6.210706e-10
4.403818e-10
4.338524e-10
1.758146e-10
4.036574e-10
1.174102e-09
9.396936e-10
5.810028e-10
1.701402e-09
4.867494e-10
2.975438e-10
3.770292e-10
5.937761e-10
1.285135e-09
1.328691e-09
8.732724e-10
1.480439e-09
2.523509e-09
3.228545e-10
7.003742e-10
1.601706e-09
1.689064e-09
1.531092e-09
1.303276e-09
1.527196e-09
2.532917e-09
3.243339e-10
7.110164e-10
1.603175e-09
1.689058e-09
1.531161e-09
1.303284e-09
1.527197e-09
2.532918e-09
3.243339e-10
7.110164e-10
1.603175e-09
1.689058e-09
1.531169e-09
1.303308e-09
1.527294e-09
2.532967e-09
3.244205e-10
7.116032e-10
1.613662e-09
1.716119e-09
1.600457e-09
1.371553e-09
1.985090e-09
5.231740e-09
6.857020e-10
2.157466e-09
1.574487e-09
5.506092e-09
7.802646e-09
1.568782e-08
1.500542e-08
8.535631e-09
1.942765e-08
1.077943e-08
6.780318e-10
1.049145e-09
1.569121e-09
1.189347e-10
6.327418e-10
3.504088e-09
4.379960e-09
1.711769e-09
2.931731e-08
3.046216e-08
5.985711e-09
1.340626e-08
1.764081e-08
3.971974e-09
3.974374e-09
4.977318e-09
1.617749e-08
2.126993e-08
1.564981e-08
2.368591e-08
7.692355e-08
1.008505e-07
3.036743e-08
3.236813e-08
7.772356e-08
2.695397e-08
1.413291e-08
1.528562e-08
1.668390e-08
6.327944e-08
5.178368e-08
3.843688e-09
3.640393e-08
1.780613e-08
2.356125e-08
1.449763e-08
3.636264e-09
1.481089e-07
1.915437e-07
3.751643e-08
5.919693e-07
1.939319e-07
9.752796e-09
1.221900e-08
1.400633e-08
7.028877e-09
1.496150e-08
7.681073e-09
2.969158e-08
1.003350e-07
2.831877e-08
1.324022e-08
5.435961e-09
1.767034e-08
2.017834e-07
6.964598e-09
1.753276e-08
2.669991e-08
4.615594e-08
2.592544e-08
1.203492e-07
2.498753e-07
1.696294e-07
3.916375e-08
5.295246e-09
5.262979e-08
7.062169e-09
1.594634e-09
5.421007e-09
1.510769e-08
8.541734e-09
1.403734e-08
1.460692e-08
3.642436e-09
1.032863e-07
5.864171e-07
3.947822e-08
9.370953e-09
8.339436e-08
1.700279e-07
6.121097e-08
1.268731e-07
1.474058e-07
1.060257e-07
1.420665e-07
4.692487e-08
1.646129e-07
1.532385e-07
5.684586e-07
1.281276e-06
1.270165e-07
2.138026e-07
1.167903e-07
1.205199e-07
5.987042e-08
9.346101e-09
2.000017e-09
1.715009e-08
1.384376e-07
1.706895e-08
1.830080e-08
8.906033e-09
1.430994e-07
2.602317e-08
3.187893e-08
3.029625e-07
7.086997e-08
2.994171e-08
6.864792e-07
2.602964e-06
1.933204e-07
5.289609e-08
2.297691e-07
1.319959e-06
1.410076e-06
2.000150e-07
3.799724e-08
3.678137e-07
6.137992e-08
3.309068e-08
3.678672e-08
3.717924e-08
1.388993e-08
4.107681e-08
6.492772e-08
5.377404e-08
1.537131e-08
1.485789e-08
2.120291e-08
8.601010e-09
2.467280e-11
1.679166e-10
4.007479e-10
1.838771e-10
8.164331e-11
3.484227e-10
3.037260e-10
3.454728e-09
8.176273e-09
9.787598e-10
8.182395e-09
8.068536e-09
5.762801e-09
1.218971e-09
2.481747e-09
3.550175e-09
1.591032e-09
7.050910e-10
4.695276e-10
4.659625e-10
2.890216e-10
2.163039e-10
5.035482e-10
8.368125e-10
4.567323e-10
1.443868e-09
9.459062e-10
4.126119e-10
2.708696e-10
2.450584e-10
6.551538e-10
9.540393e-10
6.141430e-10
1.025785e-09
2.557807e-09
4.941108e-10
7.653172e-10
9.557111e-10
1.037607e-09
1.086194e-09
1.251654e-09
1.100121e-09
2.565081e-09
5.106912e-10
9.549081e-10
9.600338e-10
1.037578e-09
1.086590e-09
1.251697e-09
1.100122e-09
2.565086e-09
5.106913e-10
9.549090e-10
9.600338e-10
1.037578e-09
1.086593e-09
1.251704e-09
1.100147e-09
2.565122e-09
5.107189e-10
9.551184e-10
9.618949e-10
1.049039e-09
1.111164e-09
1.273605e-09
1.200089e-09
4.979152e-09
8.125634e-10
1.812548e-09
1.173624e-09
3.307735e-09
3.836016e-09
9.949732e-09
1.477101e-08
8.528004e-09
2.137604e-08
2.237719e-08
1.743527e-09
3.800951e-09
3.067451e-09
2.574322e-10
4.648571e-10
1.779828e-09
2.205643e-09
1.379034e-09
1.588061e-08
3.134269e-08
4.371551e-09
1.230810e-08
2.050968e-08
4.908020e-09
2.961782e-09
2.813675e-09
9.944211e-09
1.409197e-08
8.876491e-09
9.336659e-09
3.272989e-08
7.274184e-08
4.872923e-08
3.044371e-08
2.415273e-08
3.918726e-08
2.648288e-08
1.089975e-08
1.345075e-08
4.253429e-08
5.682120e-08
1.631197e-08
6.388621e-09
1.780613e-08
5.495909e-08
8.576409e-09
2.142935e-09
1.908835e-08
1.535832e-07
1.312875e-07
5.496737e-08
9.595871e-08
2.792279e-07
6.783944e-08
6.201254e-09
2.021312e-08
5.036084e-08
3.518437e-09
2.797950e-08
1.067915e-07
3.156907e-08
1.416854e-08
1.808030e-08
1.618596e-08
3.010425e-07
9.185630e-09
1.347060e-08
3.328297e-08
1.332266e-08
5.938943e-09
6.401972e-08
2.703705e-07
1.976033e-07
4.135882e-08
2.008840e-08
1.148709e-07
5.376565e-08
3.554500e-10
3.631813e-09
2.320482e-08
1.310367e-08
9.455522e-09
1.093080e-08
2.613160e-09
1.630326e-08
2.119322e-07
1.374185e-07
4.424136e-07
3.006940e-09
1.979143e-08
2.955243e-07
8.016000e-08
9.610165e-08
9.567686e-08
3.103564e-07
3.553732e-08
1.365356e-07
9.658884e-08
4.594063e-07
2.014561e-06
2.095971e-07
1.898716e-07
1.820483e-07
9.321865e-07
2.412705e-07
2.438910e-08
2.393395e-09
7.573494e-09
1.583174e-07
2.062534e-08
1.378138e-08
1.380774e-08
7.826378e-08
4.172285e-08
2.298498e-08
3.583607e-07
7.219720e-08
5.888463e-09
5.877359e-08
2.708943e-06
9.717855e-07
2.057141e-08
7.054774e-08
2.084877e-06
1.648041e-06
3.577759e-07
6.684085e-08
3.360216e-07
3.013667e-07
1.186165e-07
1.042046e-07
5.898781e-08
1.196883e-08
3.639084e-08
5.947054e-08
5.871559e-08
1.797481e-08
1.651175e-08
6.555084e-08
4.324244e-08
2.750282e-09
1.572028e-10
3.894585e-10
1.657163e-10
5.118764e-11
2.539658e-10
1.534441e-10
1.379581e-09
2.970745e-09
8.141607e-10
1.002045e-08
1.146541e-08
6.080826e-09
1.330996e-09
2.903824e-09
4.191531e-09
2.949500e-09
8.612045e-10
5.818356e-10
6.152201e-10
3.953519e-10
3.101115e-10
2.590266e-10
2.402170e-10
3.873531e-10
1.492159e-09
9.191158e-10
9.943848e-10
3.009198e-10
1.134854e-10
4.917450e-10
5.627950e-10
3.167816e-10
6.631827e-10
2.263473e-09
2.929888e-10
1.007880e-09
1.715214e-09
7.492837e-10
9.276308e-10
8.503089e-10
6.493782e-10
2.426194e-09
3.095740e-10
1.687372e-09
1.744397e-09
7.491557e-10
9.291873e-10
8.504687e-10
6.493817e-10
2.426200e-09
3.095741e-10
1.687376e-09
1.744397e-09
7.491557e-10
9.291886e-10
8.504704e-10
6.493859e-10
2.426206e-09
3.095847e-10
1.687454e-09
1.745195e-09
7.503823e-10
9.406673e-10
8.565112e-10
6.664980e-10
2.833520e-09
4.689913e-10
2.521388e-09
2.035436e-09
2.350174e-09
1.422015e-09
3.428222e-09
1.143414e-08
1.004813e-08
2.478595e-08
2.479834e-08
5.797934e-09
1.003792e-08
1.328655e-08
5.569671e-10
3.553742e-10
1.617143e-09
5.945397e-10
1.158001e-09
1.287558e-08
2.571893e-08
4.047643e-09
1.255359e-08
1.864876e-08
6.419212e-09
3.165613e-09
2.318481e-09
2.979960e-09
5.038119e-09
8.654238e-09
1.460724e-08
1.973606e-08
2.620777e-08
2.459950e-08
2.374029e-08
2.558437e-08
1.910148e-08
8.949186e-09
8.045057e-09
1.188402e-08
3.306305e-08
5.206115e-08
6.192759e-09
9.302860e-09
2.421763e-08
2.356125e-08
8.576409e-09
1.936337e-08
2.024165e-08
3.523438e-08
2.710945e-08
2.785379e-08
1.883246e-07
7.422027e-08
1.017790e-07
9.643045e-08
2.352873e-08
2.564508e-07
6.840764e-09
2.837470e-08
1.053870e-07
2.426375e-08
1.451111e-08
6.758658e-08
4.248945e-08
3.297500e-07
9.637020e-09
1.541948e-08
2.699394e-08
1.273120e-08
4.022084e-09
4.173563e-08
2.576521e-07
1.720149e-07
3.952512e-08
5.526561e-08
6.008581e-07
7.219803e-08
1.717012e-09
4.596213e-09
2.320599e-08
2.130870e-08
1.049221e-08
9.626183e-09
9.136841e-09
2.383823e-08
1.841840e-07
2.966295e-08
7.077669e-09
1.015014e-07
4.987840e-07
1.670549e-07
9.459783e-08
2.040268e-07
5.821743e-08
2.677243e-07
4.309533e-08
1.944340e-07
1.508149e-07
4.483763e-07
2.077881e-06
1.329609e-07
3.103783e-07
3.062402e-07
1.928697e-06
7.517399e-07
7.615971e-08
1.098581e-08
7.361235e-09
1.442708e-07
9.370047e-09
2.492022e-08
2.355880e-08
1.584020e-07
3.755809e-08
2.417039e-08
2.382254e-07
3.089439e-08
1.236403e-07
7.341116e-08
2.311898e-06
2.185586e-07
6.313564e-08
7.584713e-07
2.484021e-06
1.542179e-06
2.194829e-07
9.485043e-08
6.923512e-07
4.249986e-07
4.925834e-07
2.839840e-07
2.070684e-07
1.857245e-08
4.052408e-08
5.403635e-08
5.151583e-08
1.526995e-08
2.274223e-08
1.532446e-07
1.515938e-07
7.949380e-09
9.802110e-10
1.563273e-10
1.329614e-10
4.152885e-11
7.507729e-11
1.520030e-10
1.237581e-10
4.176159e-10
2.237104e-10
7.856001e-09
1.083489e-08
1.379328e-08
5.514932e-10
1.260616e-09
5.068506e-09
3.354557e-09
2.607480e-09
6.530472e-10
6.810484e-10
1.087793e-09
1.893066e-10
4.319042e-10
8.221001e-11
7.079210e-11
7.872543e-10
8.091667e-10
1.185396e-09
7.116044e-10
1.620109e-10
1.790581e-10
7.307125e-10
9.448189e-11
3.300154e-10
5.749455e-10
2.079920e-10
1.647205e-09
1.729701e-09
2.148384e-09
4.019956e-10
9.254751e-10
4.753214e-10
5.906019e-10
2.325091e-10
5.003820e-09
1.790573e-09
2.147014e-09
4.048761e-10
9.262604e-10
4.753381e-10
5.906169e-10
2.325094e-10
5.003836e-09
1.790573e-09
2.147014e-09
4.048762e-10
9.262615e-10
4.753384e-10
5.906173e-10
2.325102e-10
5.003889e-09
1.790667e-09
2.147593e-09
4.052427e-10
9.284833e-10
4.770436e-10
6.319609e-10
2.512328e-10
5.869803e-09
2.022296e-09
3.362921e-09
8.893995e-10
6.069968e-10
1.638715e-09
8.526478e-09
2.215691e-08
2.384769e-08
1.084226e-08
1.899900e-08
2.487555e-08
3.591491e-09
7.783987e-11
9.160732e-10
5.141827e-10
1.203977e-10
4.412830e-09
1.964263e-08
2.671597e-09
9.411646e-09
1.367974e-08
8.397458e-09
9.400834e-09
4.762318e-09
2.258955e-09
8.225813e-09
2.273977e-09
5.483885e-09
4.327348e-08
7.480014e-08
5.127862e-08
1.718334e-08
4.702177e-08
2.906188e-08
1.452746e-08
1.898763e-08
6.545445e-09
1.761339e-08
7.390992e-08
9.253699e-09
1.916411e-08
1.751810e-08
3.504556e-08
1.449763e-08
2.142935e-09
2.024165e-08
5.201218e-08
4.066822e-09
4.591583e-08
8.232356e-08
5.886179e-08
5.270392e-07
5.964942e-08
3.852092e-08
4.694533e-07
8.903266e-09
3.243743e-08
7.837850e-08
1.384071e-08
1.310974e-08
9.413001e-08
8.067734e-08
3.984881e-07
1.346354e-08
1.690575e-08
2.259523e-08
9.059503e-09
2.195400e-08
4.973998e-09
1.699650e-07
1.656937e-07
3.736673e-08
3.593479e-08
1.009867e-06
3.794661e-07
3.848284e-09
8.964780e-09
2.541161e-08
2.555923e-08
1.114366e-08
8.445710e-09
9.958672e-09
2.005441e-08
7.751177e-08
3.499771e-08
5.769599e-09
5.830307e-09
2.619979e-08
3.709906e-07
7.586181e-07
8.294490e-08
1.023577e-07
3.607969e-07
4.454593e-08
1.670009e-07
1.874603e-07
3.731486e-07
2.136440e-06
1.811454e-07
2.414264e-07
2.537103e-07
2.657384e-06
1.155699e-06
1.359671e-07
5.662598e-08
3.479980e-09
1.321159e-07
5.001327e-09
1.853091e-08
1.500527e-08
1.708078e-07
7.461421e-08
2.990605e-08
1.856090e-07
1.402981e-08
1.361910e-08
7.380322e-08
2.336537e-06
2.008291e-07
2.559468e-08
8.109954e-08
3.008058e-06
2.491488e-06
1.961009e-07
4.625478e-08
7.858128e-07
5.972460e-07
8.515508e-07
6.969692e-07
4.288151e-07
3.603203e-08
4.519469e-08
3.490204e-08
5.033850e-08
8.053951e-09
2.180537e-08
2.258641e-07
2.775814e-07
3.480358e-08
1.645301e-09
2.977971e-09
2.396008e-11
3.057956e-11
5.506564e-11
1.855236e-10
9.499048e-11
5.024372e-11
9.103870e-10
3.364716e-09
1.021147e-08
1.154192e-08
2.136997e-09
1.489807e-09
5.417531e-09
4.789128e-09
2.385614e-09
4.760542e-09
2.468721e-09
1.736311e-09
4.225654e-10
4.556148e-10
4.692387e-10
8.143163e-11
2.020023e-10
6.089302e-10
1.131340e-09
5.444170e-10
1.080908e-09
9.727828e-10
3.820970e-10
1.480655e-10
5.403849e-10
2.605417e-10
1.218993e-09
2.155339e-09
3.568990e-09
2.434320e-09
1.669614e-09
4.659606e-10
6.538588e-10
4.333177e-10
1.250503e-09
6.771745e-09
4.067255e-09
2.432283e-09
1.720193e-09
4.674660e-10
6.540306e-10
4.334447e-10
1.250505e-09
6.771767e-09
4.067256e-09
2.432282e-09
1.720193e-09
4.674664e-10
6.540306e-10
4.334447e-10
1.250505e-09
6.771770e-09
4.067296e-09
2.432343e-09
1.720251e-09
4.674997e-10
6.543151e-10
4.348980e-10
1.258829e-09
7.129640e-09
4.500227e-09
3.098194e-09
1.993319e-09
1.736294e-09
2.454440e-09
4.430338e-09
1.124225e-08
1.870011e-08
1.196103e-08
2.189348e-08
6.999647e-08
1.064059e-08
4.881511e-10
2.712825e-10
9.228814e-10
9.313663e-11
2.539809e-10
2.934975e-09
2.562514e-09
5.145507e-09
8.063135e-09
5.434436e-09
1.966526e-08
1.045096e-08
1.360558e-08
2.947300e-08
4.069473e-09
8.365924e-09
1.101267e-08
4.189376e-08
3.000322e-07
5.591479e-07
2.844313e-07
6.889735e-08
7.491663e-08
4.422217e-08
2.314571e-08
4.006642e-08
4.664217e-08
6.005852e-08
8.872467e-08
3.810311e-08
4.815990e-08
4.361698e-08
3.636264e-09
1.908835e-08
3.523438e-08
4.066822e-09
1.591385e-07
1.503263e-07
9.657861e-08
5.009803e-07
3.024658e-07
7.322276e-08
7.905949e-07
6.346736e-09
2.262081e-08
2.924555e-08
6.734928e-09
9.429437e-09
1.019677e-07
1.355065e-07
3.504463e-07
2.944657e-08
1.790183e-08
2.108615e-08
1.054991e-08
2.211302e-08
1.784898e-08
1.377014e-07
3.416793e-08
1.014923e-07
1.232634e-07
1.067586e-06
7.223750e-07
6.891118e-08
2.152964e-08
2.914343e-08
2.306812e-08
6.049216e-09
7.991953e-09
1.968944e-08
1.581748e-08
5.642291e-09
5.917699e-09
5.514793e-08
5.562512e-08
3.244925e-08
3.879663e-07
4.654531e-08
4.743798e-08
1.717924e-06
2.081024e-07
1.994524e-07
2.747128e-07
3.801847e-07
2.306188e-07
1.973215e-06
1.911711e-07
5.055501e-07
3.203452e-07
3.033960e-06
1.301374e-06
1.771472e-07
2.122942e-07
1.961232e-08
4.222532e-08
6.117948e-09
1.608195e-08
1.473746e-08
1.362203e-07
5.876612e-08
3.954683e-08
7.522027e-08
3.145043e-08
1.119535e-08
1.074597e-07
1.269397e-06
2.174533e-07
4.352473e-07
1.446587e-07
3.079637e-06
1.772172e-06
1.760447e-07
1.556341e-06
9.792517e-07
6.138643e-07
1.065691e-06
8.049709e-07
5.365525e-07
9.241016e-08
2.997121e-08
1.012786e-08
3.045754e-08
1.203907e-08
2.272872e-08
2.342732e-07
3.458805e-07
7.829937e-08
1.063216e-08
7.398931e-09
1.062648e-08
5.225818e-11
5.790152e-11
2.011247e-10
1.155855e-09
1.544292e-09
1.409277e-09
2.450909e-09
2.827440e-08
4.377790e-08
6.547030e-09
1.427617e-08
7.101383e-08
2.156990e-08
6.586809e-09
1.108938e-08
1.671624e-07
1.530649e-08
5.596771e-09
8.057703e-09
3.152718e-09
4.546475e-09
7.434146e-10
3.479903e-09
7.277384e-09
1.089417e-09
2.144486e-09
6.295159e-08
4.787654e-09
7.651245e-10
3.538108e-09
4.762094e-09
1.550730e-08
5.832571e-09
1.597275e-08
1.821850e-08
1.449101e-08
1.305166e-08
3.699376e-09
7.513664e-09
1.549771e-08
2.986969e-08
1.778698e-08
1.814066e-08
1.557941e-08
1.317702e-08
3.701344e-09
7.520053e-09
1.549781e-08
2.987004e-08
1.778698e-08
1.814064e-08
1.557942e-08
1.317706e-08
3.701344e-09
7.520053e-09
1.549781e-08
2.987005e-08
1.778700e-08
1.814069e-08
1.557946e-08
1.317708e-08
3.701373e-09
7.522299e-09
1.551002e-08
2.991641e-08
1.829174e-08
3.373860e-08
1.814103e-08
1.546806e-08
2.290151e-08
2.730081e-08
4.205157e-08
3.577687e-08
2.975935e-08
5.223644e-08
1.443317e-07
1.000477e-07
9.421131e-09
6.400361e-09
8.562375e-09
7.458664e-10
1.201353e-09
2.378844e-09
9.122550e-09
7.761871e-09
1.736382e-08
1.401631e-07
7.024496e-08
4.511646e-08
5.080495e-07
5.055298e-07
4.890924e-08
1.462938e-07
7.909759e-08
2.104474e-07
4.638026e-07
2.030059e-06
4.729340e-06
1.328230e-05
2.515919e-06
4.137599e-07
2.968489e-07
9.568233e-07
1.122512e-07
9.391665e-07
4.849907e-07
7.759057e-07
1.029947e-06
3.708666e-07
6.348455e-08
1.481089e-07
1.535832e-07
2.710945e-08
4.591583e-08
1.503263e-07
5.825268e-04
1.469579e-06
5.861809e-07
1.645862e-06
5.225645e-06
4.028559e-08
2.330399e-08
7.827008e-08
4.021222e-08
1.223054e-08
1.394777e-07
2.540980e-07
4.641969e-07
2.592993e-07
1.475684e-07
5.948748e-08
1.978008e-07
5.519124e-08
2.645586e-08
6.233505e-06
5.148106e-08
4.592411e-08
2.106570e-06
3.015437e-06
1.026042e-06
1.183196e-06
2.159490e-06
1.042478e-07
2.035805e-07
9.661112e-09
1.760756e-08
1.420088e-07
2.527278e-08
4.663527e-09
3.284892e-08
2.080554e-08
1.007599e-07
1.541200e-06
7.810304e-07
2.002389e-07
7.900606e-08
7.927595e-07
8.382874e-07
8.241108e-06
5.529885e-07
2.527102e-06
6.884320e-07
4.656493e-06
4.551526e-07
3.946245e-07
3.711858e-06
8.247595e-06
2.514116e-06
3.921187e-07
1.424005e-06
6.199695e-07
1.573240e-07
7.338173e-08
7.971442e-08
2.258175e-08
2.911128e-07
1.503898e-07
1.402339e-07
2.982010e-07
2.519724e-07
1.118234e-06
2.492375e-07
1.366481e-06
1.899618e-06
2.103326e-07
3.293260e-07
1.267397e-05
4.651711e-06
4.089762e-07
1.305936e-06
2.452491e-06
7.003596e-06
4.908439e-06
2.952832e-06
8.169424e-07
1.483082e-06
1.271146e-07
3.919081e-08
1.262598e-07
3.064586e-08
1.726022e-07
3.876289e-07
5.221327e-07
6.973717e-07
1.992487e-07
2.224231e-07
1.543299e-07
2.668319e-08
4.523216e-11
2.108769e-10
1.155951e-09
1.514483e-09
4.403331e-10
1.090552e-09
7.710248e-09
1.590682e-08
2.557243e-08
3.473392e-08
8.452701e-08
2.713478e-08
1.432730e-08
1.986875e-08
1.782524e-07
3.779743e-08
5.749967e-09
9.391465e-09
7.830763e-09
5.517212e-09
1.504840e-09
2.411151e-09
2.211117e-09
3.329623e-09
7.395687e-09
6.509678e-08
1.137017e-08
1.062748e-09
1.567229e-09
2.347632e-09
5.153276e-09
8.283910e-09
2.016516e-08
1.857483e-08
2.839843e-08
1.801160e-08
7.948602e-09
4.982935e-09
4.275043e-09
3.913880e-08
2.126539e-08
1.857407e-08
3.132840e-08
1.834974e-08
7.967429e-09
4.994773e-09
4.275327e-09
3.913973e-08
2.126540e-08
1.857405e-08
3.132842e-08
1.834984e-08
7.967429e-09
4.994773e-09
4.275328e-09
3.913973e-08
2.126541e-08
1.857408e-08
3.132845e-08
1.834986e-08
7.967444e-09
4.994903e-09
4.275518e-09
3.917223e-08
2.134986e-08
1.880233e-08
3.235021e-08
3.383344e-08
2.404073e-08
2.020103e-08
1.788644e-08
3.245427e-08
5.739168e-08
7.649666e-08
1.684562e-07
1.064194e-07
3.370408e-08
9.483693e-09
2.802924e-08
1.458325e-09
1.121862e-09
2.375817e-09
1.913927e-09
6.861047e-09
1.238330e-08
1.804371e-08
8.856079e-08
1.399319e-07
3.360102e-07
6.500253e-07
2.451713e-07
1.097821e-07
7.354477e-08
1.120519e-07
9.367674e-08
2.467844e-07
5.339193e-07
2.369491e-06
5.904613e-06
1.369972e-05
1.657521e-06
3.533364e-07
2.574684e-07
6.836622e-07
1.935379e-07
1.173766e-06
8.490804e-07
1.100593e-06
6.503196e-07
6.074024e-08
1.915437e-07
1.312875e-07
2.785379e-08
8.232356e-08
9.657861e-08
1.469579e-06
5.838900e-04
2.240404e-06
8.352054e-06
1.001895e-07
5.129695e-08
5.783554e-08
6.584394e-08
1.488245e-08
8.666725e-08
2.178470e-07
4.541852e-07
3.236390e-07
1.900787e-07
1.473435e-07
3.397633e-08
9.869896e-08
1.933598e-07
6.930622e-06
1.374676e-07
5.679316e-09
2.983972e-08
9.721517e-07
3.118872e-06
3.068727e-06
2.698590e-06
5.589570e-07
1.987067e-07
3.213459e-08
3.779170e-08
1.372283e-07
4.602271e-08
1.039082e-08
2.064470e-08
1.250665e-08
2.832506e-08
6.193741e-08
7.258822e-07
1.687871e-06
2.974217e-07
2.959156e-07
1.189128e-07
1.524085e-06
6.763661e-07
1.157308e-05
8.454641e-07
5.684479e-06
2.610742e-07
3.008497e-07
6.863846e-07
4.771773e-06
6.295166e-06
3.935547e-06
2.068948e-06
1.028865e-06
2.550914e-07
1.098655e-07
2.159150e-07
2.291574e-08
5.377172e-08
1.953581e-07
1.748448e-07
3.313417e-07
1.789750e-07
6.921616e-08
1.006125e-06
1.866906e-06
1.600522e-06
3.040724e-07
5.381119e-07
3.868843e-06
4.662766e-06
9.057439e-06
5.363100e-07
1.671500e-06
2.471449e-06
3.043221e-06
9.915865e-06
3.918505e-06
1.596590e-06
2.668406e-07
4.859544e-08
2.448782e-07
4.886924e-08
1.774043e-08
1.955043e-07
5.737452e-07
9.024442e-07
3.696284e-07
2.909390e-07
2.998559e-07
5.575385e-08
2.043256e-09
1.189179e-10
1.162951e-09
1.526522e-09
5.182776e-10
1.219800e-09
1.739693e-09
9.336239e-09
7.639917e-09
8.954311e-09
1.036161e-07
4.890910e-08
9.369840e-09
1.977127e-08
1.927480e-07
4.554720e-08
6.628457e-09
1.107904e-08
9.018551e-09
5.820810e-09
3.693784e-09
3.765365e-09
1.940100e-09
1.286724e-09
2.277630e-09
6.703313e-08
1.673620e-08
1.952295e-09
2.412625e-09
2.677888e-09
2.856474e-09
3.617244e-09
7.931896e-09
2.052263e-08
3.235960e-08
1.843913e-08
1.955272e-08
8.518838e-09
3.922479e-09
3.615774e-08
7.552896e-09
2.068828e-08
3.564269e-08
1.914927e-08
1.961480e-08
8.582138e-09
3.922917e-09
3.615968e-08
7.552912e-09
2.068826e-08
3.564271e-08
1.914948e-08
1.961480e-08
8.582138e-09
3.922918e-09
3.615968e-08
7.552916e-09
2.068826e-08
3.564272e-08
1.914949e-08
1.961481e-08
8.582204e-09
3.922942e-09
3.618475e-08
7.572377e-09
2.075490e-08
3.574189e-08
1.939402e-08
3.378619e-08
3.523167e-08
1.073219e-08
1.379657e-08
2.693684e-08
7.507862e-08
1.991947e-07
1.244569e-07
4.435202e-08
1.935039e-08
4.409936e-08
5.351252e-09
1.169231e-09
2.432903e-09
1.874016e-09
2.662263e-09
3.784696e-09
1.938996e-08
6.050858e-08
1.682692e-08
3.613865e-07
7.635651e-07
4.753075e-08
1.295025e-07
2.676745e-07
5.918821e-08
7.238951e-08
1.052892e-07
8.346291e-08
4.112185e-07
1.586293e-06
2.684315e-06
5.030780e-06
1.349839e-05
1.506142e-06
2.426477e-08
2.637743e-07
8.189212e-07
5.489935e-07
1.476211e-06
4.457577e-07
7.012689e-07
7.423845e-07
3.751643e-08
5.496737e-08
1.883246e-07
5.886179e-08
5.009803e-07
5.861809e-07
2.240404e-06
5.917012e-04
7.029825e-07
1.139027e-07
1.083646e-07
8.421907e-08
2.752924e-09
8.174037e-08
1.841624e-07
2.817670e-07
2.905306e-07
2.037272e-07
2.792033e-07
7.246826e-08
5.152334e-08
2.734365e-08
7.571414e-06
3.067042e-07
1.438905e-08
7.551951e-09
4.846898e-07
7.228013e-07
1.315812e-06
4.827423e-06
2.626310e-06
4.587021e-07
2.770306e-08
4.452720e-09
1.432946e-07
5.754593e-08
7.820951e-09
3.868651e-08
2.112945e-08
2.282915e-09
2.510607e-08
4.675623e-07
2.033150e-07
2.732812e-07
2.232454e-06
2.596936e-07
8.795971e-08
6.965412e-08
3.648132e-06
9.856074e-07
1.433307e-05
5.265801e-07
7.881630e-07
2.427996e-07
4.403098e-06
2.771919e-06
6.154068e-07
5.900369e-06
4.727406e-06
4.837283e-07
1.759498e-07
4.610802e-07
1.237640e-08
3.757073e-08
1.623494e-07
1.934711e-08
3.981423e-07
2.080703e-07
7.837472e-08
3.454655e-07
5.413060e-07
2.326333e-06
1.131581e-06
1.220393e-07
3.347960e-06
4.276774e-06
5.234360e-07
4.884783e-07
9.962644e-06
1.132174e-06
1.949063e-06
4.967798e-06
2.177899e-06
7.754087e-06
3.125602e-06
5.965601e-08
3.475570e-07
9.327450e-08
1.403463e-08
1.178133e-07
2.638693e-07
7.608499e-07
4.714468e-07
4.793170e-07
4.503546e-07
9.857430e-08
5.875315e-09
2.811461e-09
1.088054e-09
1.474825e-09
5.239944e-10
1.397394e-09
1.255977e-09
6.844168e-09
3.962665e-09
8.729637e-09
8.567960e-08
1.974565e-08
2.662966e-08
3.792361e-08
1.908389e-07
4.484720e-08
1.309464e-08
2.067536e-08
1.005815e-08
7.058802e-09
3.144333e-09
3.736471e-09
4.436114e-09
1.678617e-09
1.861467e-09
6.477467e-08
1.140712e-08
3.827052e-09
8.859902e-09
4.224512e-09
2.960689e-09
3.107629e-09
4.230911e-09
1.596621e-08
2.000304e-08
2.077664e-08
2.417373e-08
8.611945e-09
1.397948e-08
3.355752e-08
5.869082e-09
1.595018e-08
2.149081e-08
2.261897e-08
2.422823e-08
8.789347e-09
1.398492e-08
3.355972e-08
5.869134e-09
1.595013e-08
2.149085e-08
2.261928e-08
2.422823e-08
8.789348e-09
1.398492e-08
3.355972e-08
5.869136e-09
1.595013e-08
2.149085e-08
2.261929e-08
2.422824e-08
8.789385e-09
1.398493e-08
3.356688e-08
5.879533e-09
1.597788e-08
2.151611e-08
2.272400e-08
3.768078e-08
1.967881e-08
1.765525e-08
2.491399e-08
2.079216e-08
5.371278e-08
1.449476e-07
1.212825e-07
7.112558e-08
3.947045e-08
6.706537e-08
7.729973e-09
3.070071e-09
2.594437e-09
1.875495e-09
2.546414e-09
2.506188e-09
1.394905e-08
4.837717e-08
1.543445e-08
3.465626e-07
6.300470e-07
5.912778e-08
2.202525e-07
8.201917e-08
7.058907e-08
2.592607e-07
4.946871e-08
5.602591e-08
2.454328e-07
1.113234e-06
7.241794e-07
7.298098e-07
2.536522e-06
4.697557e-06
1.286937e-05
1.479288e-06
1.437166e-07
5.979699e-07
1.121326e-06
1.596208e-07
1.077631e-06
5.054618e-07
6.450169e-07
5.919693e-07
9.595871e-08
7.422027e-08
5.270392e-07
3.024658e-07
1.645862e-06
8.352054e-06
7.029825e-07
5.834033e-04
6.351145e-07
1.347025e-07
2.797423e-08
1.016435e-07
1.309732e-07
1.248105e-07
2.785917e-07
1.817010e-07
2.617325e-07
9.798819e-08
8.026607e-08
3.478978e-08
7.663362e-06
1.390933e-07
5.705254e-08
1.785649e-07
2.981622e-07
2.977991e-07
1.163516e-06
2.684829e-06
9.423168e-07
2.634987e-06
1.831752e-06
3.303578e-08
1.384053e-07
1.830816e-08
1.384378e-08
5.751120e-08
2.133032e-08
1.760843e-08
2.399190e-08
2.796471e-07
1.378991e-07
2.077991e-07
7.971013e-07
2.224797e-07
1.487141e-06
1.443052e-07
2.227396e-06
3.133589e-07
6.234947e-06
7.193715e-07
9.509449e-06
4.837662e-07
3.481686e-06
1.902540e-06
4.885406e-07
2.697147e-06
1.526301e-06
4.050936e-06
3.475437e-06
1.063505e-06
4.182440e-08
4.599854e-08
1.386236e-07
1.345480e-08
4.099058e-07
6.339988e-08
9.478265e-08
3.395920e-07
1.283482e-07
1.687429e-06
8.485893e-08
8.554721e-07
3.871457e-06
3.253542e-06
5.029305e-07
6.695339e-07
1.644213e-06
9.633152e-07
9.666498e-06
3.736185e-06
1.496680e-06
3.189719e-06
1.281629e-06
5.287052e-06
3.338653e-06
1.349012e-07
2.104818e-08
5.386945e-08
1.622432e-07
7.461898e-07
2.827009e-07
3.656449e-07
6.371739e-07
2.361369e-07
9.562737e-08
2.015095e-08
9.498472e-09
1.380457e-10
2.712249e-10
9.298062e-10
6.764905e-10
9.790147e-10
9.223269e-10
2.780967e-09
2.900907e-08
1.503496e-08
4.721850e-09
6.296885e-09
8.604457e-08
3.010984e-08
4.617081e-09
7.106048e-09
1.518872e-08
2.618783e-09
1.725330e-09
2.496257e-09
2.102302e-09
1.404014e-09
3.509615e-10
1.156353e-08
8.048823e-09
1.386868e-09
2.600116e-09
6.660523e-09
1.119813e-09
2.520163e-10
1.437720e-09
4.680403e-09
6.454749e-09
6.557703e-09
7.781069e-09
6.891792e-09
4.898782e-09
1.274648e-08
1.639392e-09
4.753331e-09
9.694412e-09
7.695488e-09
7.910342e-09
7.367606e-09
4.894224e-09
1.275001e-08
1.639574e-09
4.753226e-09
9.694466e-09
7.695956e-09
7.910345e-09
7.367608e-09
4.894226e-09
1.275001e-08
1.639574e-09
4.753226e-09
9.694468e-09
7.695957e-09
7.910346e-09
7.367625e-09
4.894228e-09
1.275120e-08
1.639925e-09
4.758918e-09
9.700180e-09
7.711578e-09
1.006019e-08
1.535426e-08
6.279756e-09
2.787841e-09
1.040072e-08
1.948953e-08
4.513089e-08
3.536204e-08
3.690075e-08
2.352558e-08
6.349298e-08
2.048082e-08
3.069586e-09
1.392099e-09
1.100160e-09
9.670617e-10
1.015531e-09
1.438697e-09
5.164979e-09
5.852901e-09
1.109535e-07
3.517764e-07
7.768825e-09
4.922722e-08
7.930986e-08
3.962871e-08
1.778508e-08
1.858394e-08
4.655968e-08
3.426751e-08
1.928122e-07
1.830239e-07
9.829294e-08
3.639034e-07
3.441423e-07
3.183522e-07
5.161635e-07
4.726532e-06
1.997003e-07
1.530852e-07
1.492209e-07
3.427532e-07
1.065993e-07
1.869276e-07
3.558656e-08
1.939319e-07
2.792279e-07
1.017790e-07
5.964942e-08
7.322276e-08
5.225645e-06
1.001895e-07
1.139027e-07
6.351145e-07
4.944248e-05
4.030371e-08
4.231190e-08
8.515435e-08
1.913005e-08
5.323869e-08
4.543731e-08
2.409499e-07
7.218998e-08
1.751797e-08
1.224694e-08
4.771109e-06
1.351087e-07
2.200602e-08
8.203590e-09
2.516776e-07
5.527471e-08
1.144456e-07
9.389257e-07
7.962538e-07
4.312193e-07
1.360774e-07
2.016619e-07
5.884862e-08
3.289557e-08
3.801705e-09
6.274894e-09
3.127919e-08
4.573392e-09
5.232428e-09
8.999558e-08
3.158143e-08
8.899995e-08
7.159848e-07
1.178375e-07
5.349212e-08
4.204029e-08
6.633426e-07
2.231900e-07
1.139116e-06
1.052575e-07
1.087212e-06
3.727600e-07
1.963481e-06
6.894333e-07
4.853377e-07
1.421949e-06
1.396862e-06
4.827214e-07
1.948198e-07
2.361024e-06
5.846042e-07
2.143968e-08
9.259570e-08
8.016898e-09
1.650903e-07
6.533304e-08
3.710556e-08
4.633509e-08
8.188520e-08
4.052100e-07
7.304431e-08
3.711950e-08
1.061499e-06
2.284501e-06
1.228919e-07
6.728411e-08
1.084452e-06
8.009913e-07
2.404126e-07
1.746927e-06
4.797596e-06
8.779241e-07
5.043205e-07
5.880720e-07
6.156682e-07
2.277784e-06
1.450424e-07
8.920578e-09
2.509218e-08
4.531351e-07
1.314037e-07
1.834743e-07
4.024132e-07
9.597274e-08
6.626484e-08
1.429074e-08
2.715561e-08
2.876593e-09
1.667004e-10
8.575130e-10
6.249985e-10
5.262343e-09
3.464511e-09
2.248459e-09
6.788637e-09
5.159533e-09
1.696309e-09
4.599400e-09
6.522575e-08
8.016563e-09
2.920689e-09
1.020334e-08
9.998802e-09
4.153053e-09
1.447053e-09
3.119685e-09
3.878062e-09
8.995628e-10
4.352731e-10
1.417705e-09
1.447042e-09
1.038416e-09
2.912981e-09
4.962557e-09
1.397626e-09
4.073988e-10
8.907338e-10
2.717747e-09
1.829805e-09
2.132611e-09
3.312814e-09
3.442577e-09
1.846421e-09
4.287569e-09
1.911270e-09
1.226218e-09
5.398860e-09
3.697086e-09
3.406526e-09
4.051311e-09
1.854718e-09
4.303283e-09
1.911571e-09
1.225889e-09
5.399090e-09
3.698528e-09
3.406532e-09
4.051314e-09
1.854727e-09
4.303284e-09
1.911571e-09
1.225889e-09
5.399091e-09
3.698528e-09
3.406533e-09
4.051317e-09
1.854728e-09
4.303503e-09
1.911741e-09
1.226438e-09
5.401761e-09
3.702097e-09
3.795372e-09
5.484329e-09
2.672562e-09
1.107696e-09
7.424446e-09
6.784818e-09
1.315505e-08
8.461721e-09
2.424468e-08
2.193250e-08
4.848186e-08
2.145798e-08
7.793826e-09
4.929574e-09
6.917106e-09
7.045392e-10
1.008662e-09
7.469009e-09
8.534254e-10
3.819384e-09
1.031599e-07
2.004003e-07
8.261620e-09
3.453458e-08
5.508281e-08
1.797817e-08
8.513374e-09
4.898088e-09
3.984001e-09
7.537041e-09
4.171039e-08
3.700387e-08
2.659321e-08
6.783014e-08
4.924785e-08
7.085866e-08
4.227669e-08
4.343351e-08
1.350540e-07
3.419541e-07
3.503195e-08
3.042042e-08
4.859190e-08
7.305445e-08
1.032807e-08
9.004641e-08
9.752796e-09
6.783944e-08
9.643045e-08
3.852092e-08
7.905949e-07
4.028559e-08
5.129695e-08
1.083646e-07
1.347025e-07
4.030371e-08
1.172168e-05
3.335353e-08
1.076894e-08
2.117503e-08
1.809140e-08
1.623880e-07
5.936974e-08
1.443295e-08
6.489431e-08
4.933553e-06
6.085812e-08
3.471597e-08
3.110241e-08
1.549303e-07
2.514113e-07
1.484523e-08
4.211305e-07
5.509558e-07
3.221593e-07
4.037908e-08
5.807616e-08
6.019613e-08
3.497684e-08
1.413762e-08
9.152689e-09
2.287840e-08
1.470307e-09
5.748398e-09
5.235355e-08
1.980860e-08
5.816299e-08
5.864930e-07
4.239977e-08
1.109199e-08
5.639090e-08
2.718975e-07
3.704511e-08
6.743876e-07
6.608016e-08
1.812420e-07
7.272516e-08
6.196781e-07
3.548870e-07
7.376346e-07
1.156517e-06
1.357197e-06
2.063398e-07
1.625344e-07
2.872132e-06
1.606252e-07
4.624382e-07
2.056674e-07
4.956335e-08
1.832944e-07
5.245535e-08
1.977505e-08
3.092562e-08
6.335527e-08
2.706603e-07
3.471420e-08
2.035912e-08
5.277586e-07
1.144551e-06
2.683945e-08
2.409276e-07
4.932610e-07
3.958701e-07
1.933476e-07
1.296602e-06
7.758710e-07
4.739183e-07
1.337075e-06
5.973107e-08
7.537532e-07
3.611312e-07
5.376417e-08
3.210238e-07
5.883758e-08
5.223700e-07
7.077968e-08
1.515565e-07
2.840426e-07
5.842032e-08
3.209518e-08
2.970382e-08
6.707710e-08
8.751587e-09
6.481831e-09
4.319950e-10
5.888635e-10
5.243658e-09
4.213373e-09
6.582843e-09
6.970960e-10
1.715930e-09
7.220650e-10
1.925385e-09
3.040735e-08
4.742485e-09
1.553219e-09
7.721462e-09
7.343565e-09
5.549980e-09
2.139849e-09
3.751495e-09
5.565856e-09
7.958110e-10
3.316277e-10
8.630583e-10
1.075626e-10
5.837815e-10
1.558167e-09
3.808692e-09
1.766653e-09
8.176776e-10
1.664538e-09
7.691877e-10
8.276769e-10
5.402065e-10
1.397506e-09
1.374676e-09
1.021556e-09
1.036666e-09
1.118462e-09
1.258905e-09
4.032476e-10
2.790563e-09
1.611397e-09
2.014978e-09
1.060696e-09
1.072517e-09
1.122285e-09
1.255932e-09
4.035890e-10
2.797269e-09
1.611421e-09
2.014986e-09
1.060715e-09
1.072518e-09
1.122285e-09
1.255932e-09
4.035891e-10
2.797269e-09
1.611421e-09
2.014986e-09
1.060715e-09
1.072559e-09
1.122336e-09
1.256129e-09
4.036730e-10
2.798589e-09
1.674019e-09
2.238939e-09
1.170380e-09
5.390068e-10
4.274975e-09
3.786432e-09
2.283860e-09
2.341667e-09
5.464430e-09
1.296741e-08
3.363263e-08
2.013017e-08
9.129062e-09
6.573706e-09
1.015354e-08
3.172177e-09
6.733776e-10
1.170099e-08
1.413920e-09
1.100167e-09
6.010122e-08
1.162952e-07
1.260134e-08
6.711428e-09
4.915536e-08
2.286593e-08
3.177591e-09
2.562737e-09
2.455371e-09
1.135390e-09
3.920863e-09
4.166666e-09
4.082503e-09
1.940131e-08
7.789697e-09
8.273933e-09
1.748612e-08
2.028984e-08
1.421523e-08
7.913018e-09
2.111882e-08
6.188186e-08
1.027740e-08
3.439582e-09
6.879108e-09
2.228210e-08
5.592767e-09
1.221900e-08
6.201254e-09
2.352873e-08
4.694533e-07
6.346736e-09
2.330399e-08
5.783554e-08
8.421907e-08
2.797423e-08
4.231190e-08
3.335353e-08
1.728981e-06
5.652176e-09
5.766866e-09
3.136904e-08
4.260956e-08
8.570306e-09
9.318690e-08
5.702203e-06
2.700247e-08
5.425688e-08
2.342894e-08
1.106001e-07
4.530895e-07
1.132146e-08
1.314342e-07
2.552360e-07
1.310534e-07
3.200419e-08
2.365607e-08
4.371046e-08
2.219852e-07
3.699361e-09
1.266729e-08
2.871461e-08
1.668213e-09
1.935669e-09
3.466267e-08
1.058961e-08
2.119635e-08
1.536162e-07
2.195369e-08
5.531187e-09
2.518784e-08
2.119475e-07
1.362318e-08
3.894706e-08
1.606977e-08
1.580201e-07
2.856189e-08
3.000265e-07
1.066132e-07
3.914664e-07
7.544777e-07
1.223911e-06
2.095525e-07
1.136309e-07
3.684230e-06
1.900106e-07
1.408645e-07
2.188610e-07
3.673068e-07
2.652545e-07
5.099735e-08
9.707463e-09
6.111076e-09
5.615035e-08
7.908159e-08
2.742515e-08
5.857106e-09
1.330769e-07
9.441580e-07
9.284564e-09
2.905567e-08
1.139325e-07
3.737589e-07
9.381010e-08
1.057417e-06
7.159361e-07
2.419328e-07
3.032192e-08
5.315164e-08
9.009177e-07
2.819306e-07
6.388663e-08
3.869556e-08
6.594223e-08
8.613961e-07
2.524580e-08
1.058117e-07
3.162006e-07
1.245523e-08
4.341841e-08
3.507564e-08
6.830733e-08
2.919332e-08
1.009956e-08
1.671326e-07
5.061454e-10
5.191832e-09
4.204312e-09
9.176176e-09
1.920056e-09
2.076804e-09
6.143085e-10
1.671063e-09
2.561965e-08
2.316157e-09
1.238035e-09
2.309550e-08
7.304215e-09
4.512128e-09
3.304824e-09
2.173405e-08
2.324582e-08
7.820913e-10
9.773196e-10
1.227034e-09
2.765890e-10
2.898711e-09
8.845537e-10
2.945363e-09
9.415722e-10
1.099939e-09
1.029595e-08
5.540636e-09
4.024028e-10
6.562057e-10
9.136144e-10
9.590009e-10
1.027659e-09
6.226732e-10
1.182161e-09
1.310588e-09
3.056092e-10
3.386578e-09
1.283093e-09
2.610657e-09
8.465245e-10
8.584326e-10
1.217150e-09
1.295739e-09
3.154217e-10
3.406814e-09
1.283292e-09
2.610734e-09
8.466751e-10
8.584413e-10
1.217151e-09
1.295740e-09
3.154217e-10
3.406815e-09
1.283293e-09
2.610735e-09
8.466752e-10
8.584603e-10
1.217192e-09
1.295846e-09
3.154620e-10
3.407253e-09
1.318556e-09
2.733034e-09
8.973278e-10
6.195140e-10
4.001495e-09
2.924488e-09
1.164397e-09
4.989638e-09
3.576576e-09
8.785672e-09
2.031104e-08
1.864992e-08
1.067683e-08
2.762322e-08
3.011524e-08
6.849800e-09
1.035446e-08
3.501812e-08
2.820324e-09
1.868441e-09
3.981082e-08
8.306865e-08
6.701442e-09
4.658360e-09
5.933260e-08
2.741106e-08
8.241008e-09
1.560485e-08
7.670440e-09
2.095185e-09
2.660589e-09
2.957887e-09
2.475780e-09
1.169598e-08
4.606819e-09
4.382760e-09
1.595496e-08
1.798429e-08
1.066937e-08
6.655317e-09
2.278978e-08
9.279951e-09
6.883027e-09
4.162790e-08
7.246633e-09
1.409739e-08
6.773587e-09
4.283864e-09
1.400633e-08
2.021312e-08
2.564508e-07
8.903266e-09
2.262081e-08
7.827008e-08
6.584394e-08
2.752924e-09
1.016435e-07
8.515435e-08
1.076894e-08
5.652176e-09
1.227591e-06
3.255278e-08
1.078346e-08
7.927192e-09
2.995139e-07
7.075310e-06
3.341204e-08
2.412622e-07
1.814698e-07
1.039317e-07
7.731669e-07
2.886646e-08
2.623510e-07
3.018675e-07
4.061900e-08
2.542671e-08
2.873213e-08
8.762212e-08
4.542226e-07
5.907565e-08
1.624214e-07
3.294966e-07
7.873025e-10
1.936712e-09
3.804160e-08
1.453791e-08
1.315096e-08
9.983228e-08
1.130303e-08
7.148822e-09
5.634541e-08
2.044821e-07
6.383680e-09
8.033709e-09
8.695796e-09
1.068914e-07
2.062369e-08
2.924849e-07
7.721873e-08
4.050813e-07
7.208847e-07
1.055072e-06
1.956499e-07
1.913742e-07
6.061828e-06
2.808640e-07
1.441660e-07
3.996417e-07
8.687951e-07
1.493193e-06
3.326396e-07
1.809952e-08
3.713532e-09
6.415485e-08
1.406564e-07
2.463050e-08
9.519070e-09
4.716342e-08
9.580910e-07
2.312522e-08
1.135903e-07
9.964550e-08
1.456578e-07
8.085780e-08
1.243996e-06
2.218584e-06
1.667504e-07
3.482535e-08
1.400542e-07
1.303256e-06
4.117286e-07
1.184027e-07
5.513626e-08
6.227701e-07
1.289587e-06
6.004265e-08
1.614540e-07
5.920112e-07
1.333186e-08
1.418946e-07
1.345592e-07
9.856301e-08
4.514392e-08
5.885226e-08
1.059267e-06
4.586218e-08
4.979181e-09
4.163201e-09
9.014272e-09
1.994218e-09
3.632551e-09
4.468903e-10
2.381886e-10
3.150581e-09
2.210805e-09
8.317791e-10
3.378045e-08
4.318629e-09
4.229438e-09
3.468290e-09
2.265766e-08
5.851526e-08
5.204650e-10
1.586595e-09
1.706310e-09
3.655298e-10
8.295425e-09
1.913769e-10
3.853712e-10
7.527380e-10
1.103668e-09
1.060664e-08
1.333352e-08
1.915565e-10
7.071378e-10
4.941522e-10
2.340689e-10
8.046330e-10
1.738025e-10
7.861989e-10
1.248848e-09
1.384681e-10
5.431206e-09
6.628581e-10
2.900535e-09
3.851177e-10
5.085549e-10
8.527632e-10
1.217722e-09
1.594898e-10
5.488434e-09
6.632139e-10
2.900702e-09
3.854319e-10
5.085730e-10
8.527643e-10
1.217722e-09
1.594898e-10
5.488434e-09
6.632139e-10
2.900702e-09
3.854319e-10
5.085743e-10
8.527667e-10
1.217756e-09
1.594922e-10
5.488554e-09
6.649868e-10
2.942774e-09
3.891478e-10
4.932071e-10
1.013474e-09
2.064616e-09
2.393863e-10
6.797350e-09
1.170864e-09
2.956546e-09
2.254135e-09
1.346997e-08
1.101147e-08
4.132389e-08
3.322134e-08
1.457724e-08
1.413190e-08
8.380369e-08
4.058334e-09
1.829508e-09
3.302249e-08
9.814157e-09
7.775679e-09
5.484700e-09
2.744934e-08
2.590222e-08
2.617693e-08
1.502217e-08
1.164826e-08
3.788100e-09
7.293401e-10
1.332592e-09
6.524807e-10
1.667887e-09
1.495916e-09
1.808481e-09
5.721091e-09
1.109502e-08
1.109721e-08
4.474925e-09
1.438729e-08
6.098503e-09
1.126238e-09
2.965321e-09
6.291798e-09
8.053850e-09
6.574830e-09
1.691689e-09
1.858458e-08
7.028877e-09
5.036084e-08
6.840764e-09
3.243743e-08
2.924555e-08
4.021222e-08
1.488245e-08
8.174037e-08
1.309732e-07
1.913005e-08
2.117503e-08
5.766866e-09
3.255278e-08
1.252566e-08
4.289169e-09
3.259638e-07
6.898733e-06
3.140382e-08
4.055327e-07
5.699482e-07
5.640189e-08
1.040630e-06
3.339886e-08
2.368422e-07
5.303295e-07
3.033076e-09
1.649599e-08
2.390532e-08
8.831323e-08
4.890659e-07
7.121112e-08
5.412622e-07
4.927438e-07
4.325546e-09
1.411820e-09
1.650249e-08
1.752198e-08
1.124582e-08
4.888655e-08
1.979894e-08
1.691571e-08
3.635062e-08
9.117029e-08
2.248172e-08
1.218031e-08
1.440616e-08
3.818230e-08
3.296199e-08
8.851481e-08
3.493019e-08
2.715824e-07
5.239888e-07
1.061803e-06
2.077373e-07
1.235505e-07
6.321828e-06
3.564686e-07
2.018399e-07
5.212533e-07
1.296906e-06
2.098884e-06
5.914172e-07
2.535897e-08
4.606496e-09
3.441159e-08
1.807905e-07
2.322863e-08
1.182982e-08
6.438195e-08
4.573662e-07
2.938739e-08
1.500808e-07
4.793615e-08
3.677262e-08
4.315358e-08
8.773438e-07
2.383421e-06
1.500770e-07
4.385499e-08
1.703177e-07
1.417084e-06
3.358542e-07
2.198713e-08
1.026566e-07
6.911935e-07
1.779898e-06
6.208930e-08
1.810629e-07
8.479872e-07
1.634906e-08
2.244975e-07
1.491012e-07
9.373041e-08
6.798498e-08
7.173728e-08
2.124990e-06
8.892575e-08
1.073976e-08
1.928280e-09
8.064503e-09
1.988409e-09
3.622995e-09
3.446890e-09
4.222290e-10
5.903718e-10
8.118707e-10
7.791433e-10
4.024299e-08
1.671412e-08
1.049893e-08
3.151788e-09
2.193131e-08
8.337878e-08
2.321442e-09
7.979371e-09
3.922586e-09
2.591917e-09
1.859120e-08
5.513922e-10
4.091330e-10
2.624191e-10
1.072475e-09
1.031785e-08
1.680149e-08
7.951489e-10
3.174163e-09
6.025062e-10
9.539584e-10
4.711417e-09
1.854674e-10
4.980127e-10
1.247629e-09
3.640058e-10
9.771709e-09
3.263772e-09
4.090542e-09
1.362057e-09
1.449848e-09
5.744398e-10
1.196485e-09
5.869857e-10
9.977151e-09
3.268175e-09
4.090884e-09
1.365348e-09
1.450036e-09
5.744444e-10
1.196485e-09
5.869862e-10
9.977152e-09
3.268175e-09
4.090884e-09
1.365348e-09
1.450036e-09
5.744446e-10
1.196489e-09
5.869865e-10
9.977193e-09
3.268703e-09
4.094220e-09
1.366542e-09
1.447380e-09
5.896025e-10
1.274303e-09
6.257910e-10
1.144751e-08
3.527047e-09
1.076574e-08
1.032427e-09
3.477718e-09
8.938304e-09
5.682273e-08
3.676798e-08
2.462336e-08
2.673326e-08
1.046421e-07
2.961125e-08
1.949505e-09
9.959488e-09
1.739540e-08
1.870033e-09
5.500379e-09
2.473130e-08
3.045770e-08
1.076373e-08
2.028454e-08
4.123003e-08
1.384123e-08
3.418793e-09
3.403069e-09
1.536907e-09
1.227186e-09
9.270822e-10
1.353573e-09
9.574657e-09
9.067596e-09
1.185419e-08
1.846024e-08
4.848756e-08
1.475130e-08
2.910426e-09
5.615317e-09
6.583930e-09
5.594710e-09
1.193785e-08
6.035523e-09
3.069803e-08
1.556390e-08
1.496150e-08
3.518437e-09
2.837470e-08
7.837850e-08
6.734928e-09
1.223054e-08
8.666725e-08
1.841624e-07
1.248105e-07
5.323869e-08
1.809140e-08
3.136904e-08
1.078346e-08
4.289169e-09
2.931307e-07
6.689030e-06
1.677759e-08
4.349886e-07
2.354478e-06
6.888251e-08
2.450801e-06
4.169459e-08
1.872105e-07
7.327292e-07
6.849345e-09
2.304128e-08
3.153342e-08
8.935737e-08
5.182792e-07
7.135140e-08
6.453874e-07
4.598927e-06
2.112366e-08
8.914076e-09
1.492246e-08
1.479835e-08
1.136636e-08
3.990592e-08
4.286819e-08
5.670448e-08
5.067567e-08
3.881608e-08
4.868984e-09
7.566431e-09
9.698362e-08
8.987297e-08
3.424011e-08
4.900280e-08
3.389654e-08
1.627864e-07
4.846610e-07
8.413406e-07
3.170066e-07
1.648558e-07
6.678395e-06
3.749855e-07
1.795091e-07
6.450937e-07
1.737540e-06
2.813734e-06
7.399076e-07
1.874559e-07
1.623115e-08
2.708524e-08
2.802242e-07
1.516969e-08
2.457965e-08
7.660819e-08
6.710315e-07
2.968599e-08
1.574280e-07
5.983337e-08
1.563476e-08
5.638558e-08
3.596725e-07
2.561180e-06
7.111140e-08
1.008267e-07
3.688618e-07
2.284642e-06
3.878277e-07
1.533204e-08
1.443729e-07
1.008535e-06
2.219868e-06
1.233770e-07
1.632898e-07
2.156256e-06
2.301214e-08
5.254080e-07
3.126253e-07
5.767869e-08
8.643692e-08
1.000172e-07
2.547703e-06
7.753024e-07
3.334707e-08
1.142029e-08
3.990892e-09
1.927256e-09
3.591483e-09
5.213335e-09
9.076210e-09
9.973736e-10
7.494761e-10
8.979770e-10
4.158033e-08
1.889340e-08
2.073977e-08
5.573321e-09
2.135016e-08
1.111552e-07
4.480140e-09
3.832576e-08
1.479157e-08
5.406799e-09
1.336195e-07
6.404748e-10
1.791807e-09
9.758557e-10
6.450422e-10
9.945263e-09
1.695999e-08
1.210078e-09
1.436254e-08
4.952429e-09
1.717335e-09
4.825409e-08
2.311500e-10
5.091262e-10
2.502855e-09
6.225585e-10
1.404537e-08
3.976265e-09
1.207404e-08
2.817722e-09
2.717025e-09
1.838886e-09
9.364089e-10
2.433460e-09
1.602577e-08
3.996331e-09
1.208489e-08
2.828657e-09
2.719240e-09
1.838933e-09
9.364141e-10
2.433464e-09
1.602578e-08
3.996331e-09
1.208489e-08
2.828657e-09
2.719242e-09
1.838933e-09
9.364147e-10
2.433464e-09
1.602581e-08
3.996536e-09
1.208757e-08
2.828772e-09
2.717669e-09
1.842068e-09
9.501496e-10
2.441042e-09
1.752106e-08
4.152409e-09
1.875303e-08
5.761358e-09
1.834644e-09
7.031762e-09
5.941534e-08
3.801901e-08
2.834899e-08
8.811042e-08
2.261170e-07
6.602952e-08
2.668587e-08
6.923579e-09
2.770778e-08
3.357003e-09
3.537337e-09
2.168928e-08
4.633719e-08
1.504343e-08
2.295160e-08
5.610094e-08
7.523609e-08
3.679954e-08
1.027566e-08
1.742901e-08
7.755448e-09
3.075459e-09
2.002267e-09
7.115296e-09
6.995867e-09
1.905701e-08
3.727932e-08
8.332735e-08
3.691615e-08
2.587284e-08
3.333983e-08
6.167672e-09
4.048335e-09
4.655584e-08
1.641479e-08
4.220471e-08
5.485749e-08
5.051347e-08
7.681073e-09
2.797950e-08
1.053870e-07
1.384071e-08
9.429437e-09
1.394777e-07
2.178470e-07
2.817670e-07
2.785917e-07
4.543731e-08
1.623880e-07
4.260956e-08
7.927192e-09
3.259638e-07
6.689030e-06
2.266289e-08
6.417799e-07
3.649598e-06
1.873287e-07
1.299364e-05
2.228178e-07
1.707921e-07
1.075794e-06
1.662893e-08
2.919300e-07
3.623796e-08
7.910556e-08
7.047435e-07
9.366254e-08
7.971540e-07
8.298821e-06
6.867094e-07
1.196348e-07
1.285583e-07
3.688906e-08
1.753360e-08
4.458505e-08
1.330407e-07
1.612101e-07
8.019646e-08
2.487867e-08
3.872878e-08
3.043535e-08
1.258271e-07
4.318824e-07
2.311582e-07
4.714919e-08
3.358335e-08
1.462686e-07
5.312904e-07
1.028854e-06
4.356832e-07
2.240588e-07
7.443475e-06
5.239226e-07
3.543026e-07
8.691605e-07
2.389039e-06
4.220783e-06
1.070976e-06
5.427038e-07
1.279814e-07
1.362988e-07
1.070908e-06
3.026770e-08
4.337788e-08
3.193088e-07
7.924103e-07
1.080154e-07
2.294216e-07
9.821090e-08
4.792632e-08
2.929264e-07
4.103105e-07
2.682809e-06
1.173181e-07
2.065000e-07
2.631318e-06
3.259899e-06
1.858609e-06
2.214657e-07
3.592253e-07
1.532292e-06
3.055131e-06
3.595954e-07
3.552476e-07
4.090176e-06
1.508111e-07
1.950605e-06
8.710757e-07
8.753751e-08
2.356293e-07
1.891867e-07
3.486538e-06
1.107278e-06
2.507602e-07
6.550232e-08
1.264589e-07
1.436395e-09
3.451742e-09
5.180681e-09
2.737088e-08
1.709915e-08
2.467397e-09
9.539978e-10
3.546277e-08
1.916969e-08
1.712589e-08
7.761124e-09
2.383172e-08
1.172828e-07
8.361697e-09
3.921053e-08
4.047498e-08
1.761932e-08
2.430685e-07
1.678225e-09
1.924946e-09
2.812796e-09
7.610578e-10
7.316503e-09
1.509854e-08
1.123816e-09
1.467934e-08
1.400138e-08
7.871751e-09
8.682868e-08
6.354664e-10
4.677986e-10
3.336205e-09
1.195378e-09
1.325326e-08
4.598506e-09
1.248976e-08
6.286843e-09
2.954416e-09
2.755194e-09
1.240343e-09
3.955275e-09
1.609126e-08
4.820887e-09
1.251539e-08
6.570534e-09
2.958975e-09
2.755790e-09
1.240406e-09
3.955322e-09
1.609127e-08
4.820888e-09
1.251540e-08
6.570533e-09
2.958978e-09
2.755790e-09
1.240407e-09
3.955322e-09
1.609129e-08
4.821067e-09
1.251755e-08
6.570619e-09
2.958312e-09
2.757752e-09
1.249237e-09
3.964287e-09
1.697289e-08
5.028036e-09
1.910210e-08
9.220375e-09
2.554377e-09
9.682827e-09
4.904397e-08
3.088045e-08
2.727141e-08
9.058277e-08
2.484782e-07
1.357810e-07
6.481768e-08
4.400019e-08
3.876767e-08
4.686262e-09
1.182729e-08
1.877071e-08
4.446250e-08
1.881588e-08
1.624249e-08
1.233325e-07
1.104284e-07
3.978897e-08
1.972088e-08
1.611947e-07
2.389492e-08
5.536540e-09
2.643934e-09
7.451393e-09
5.744688e-09
1.333090e-08
3.689105e-08
9.190705e-08
6.067818e-08
6.122254e-08
6.482827e-08
1.201779e-08
4.120556e-09
4.676451e-08
1.736555e-08
4.631051e-08
9.357933e-08
7.787904e-08
1.065893e-08
2.969158e-08
1.067915e-07
2.426375e-08
1.310974e-08
1.019677e-07
2.540980e-07
4.541852e-07
2.905306e-07
1.817010e-07
2.409499e-07
5.936974e-08
8.570306e-09
2.995139e-07
6.898733e-06
1.677759e-08
6.417799e-07
3.739507e-06
2.360098e-07
1.693263e-05
6.317143e-07
1.166961e-07
1.420032e-06
2.700442e-08
3.261973e-07
2.436608e-07
7.878283e-08
8.269006e-07
5.287631e-08
8.565072e-07
8.654489e-06
1.218015e-06
2.305677e-06
2.968405e-07
6.389474e-08
1.499988e-08
3.373079e-08
1.693330e-07
2.008303e-07
8.598774e-08
2.713177e-08
6.190471e-09
2.240522e-08
1.752013e-07
5.728922e-07
3.072291e-07
3.153402e-08
3.261554e-08
1.493751e-07
4.878670e-07
9.872646e-07
5.059717e-07
3.987272e-07
7.958943e-06
5.298947e-07
2.268859e-07
1.013197e-06
2.732893e-06
4.771391e-06
1.172755e-06
7.028932e-07
4.492984e-07
1.446189e-06
1.398314e-06
7.414125e-08
6.480032e-08
3.532488e-07
7.691059e-07
1.154469e-07
2.495370e-07
9.612758e-08
1.320809e-07
6.455251e-07
4.370634e-07
2.470760e-06
1.359702e-07
2.279748e-07
3.063838e-06
3.392729e-06
3.344926e-06
1.095755e-07
5.149040e-07
1.992261e-06
3.333931e-06
4.413600e-07
3.709553e-07
4.875244e-06
3.967795e-07
2.389107e-06
1.581100e-06
9.975451e-08
8.477205e-07
1.849391e-07
3.581984e-06
1.293332e-06
4.137689e-07
4.664433e-07
2.600900e-07
7.527013e-09
2.553676e-09
5.093394e-09
2.735543e-08
1.833093e-08
3.437404e-09
7.220381e-10
2.265002e-08
1.743150e-08
1.732747e-08
7.365983e-09
1.558442e-08
1.066981e-07
1.358587e-08
3.857843e-08
4.111717e-08
2.283042e-08
3.017191e-07
2.020392e-09
1.944687e-09
3.245006e-09
7.866908e-10
3.840263e-09
9.192113e-09
1.608094e-09
1.410794e-08
1.400492e-08
9.673834e-09
1.136730e-07
7.230886e-10
3.709477e-10
3.334783e-09
1.107127e-09
1.119558e-08
4.431798e-09
1.216489e-08
6.738562e-09
3.032038e-09
2.916662e-09
1.072648e-09
4.370045e-09
1.410026e-08
4.826064e-09
1.220986e-08
7.337966e-09
3.043374e-09
2.917705e-09
1.072785e-09
4.370146e-09
1.410027e-08
4.826065e-09
1.220987e-08
7.337964e-09
3.043382e-09
2.917705e-09
1.072785e-09
4.370146e-09
1.410028e-08
4.826147e-09
1.221161e-08
7.338027e-09
3.043054e-09
2.918492e-09
1.077702e-09
4.372227e-09
1.451207e-08
4.905539e-09
1.887488e-08
1.003272e-08
2.125742e-09
7.164800e-09
3.350613e-08
2.234015e-08
2.106518e-08
8.823957e-08
2.325136e-07
1.424261e-07
1.091808e-07
5.383924e-08
6.479055e-08
4.682911e-09
1.342353e-08
1.764448e-08
3.384285e-08
1.773428e-08
1.156383e-08
1.209806e-07
1.112433e-07
4.710778e-08
2.164692e-08
1.797414e-07
3.767983e-08
1.037922e-08
2.681754e-09
7.473448e-09
4.709803e-09
8.492305e-09
3.045827e-08
7.993218e-08
6.063853e-08
7.360662e-08
7.487399e-08
1.321586e-08
4.085748e-09
4.285243e-08
1.469106e-08
4.446244e-08
9.401350e-08
8.326499e-08
1.554389e-08
1.753753e-08
1.003350e-07
3.156907e-08
1.451111e-08
9.413001e-08
1.355065e-07
4.641969e-07
3.236390e-07
2.037272e-07
2.617325e-07
7.218998e-08
1.443295e-08
9.318690e-08
7.075310e-06
3.140382e-08
4.349886e-07
3.649598e-06
2.360098e-07
1.714866e-05
7.302913e-07
9.944556e-08
1.498525e-06
3.295859e-08
3.318591e-07
2.642705e-07
8.262149e-08
1.256685e-06
1.792905e-08
5.367484e-07
8.625635e-06
1.312179e-06
2.602082e-06
4.296303e-07
6.929663e-08
2.565073e-08
1.698083e-08
1.635707e-07
2.172102e-07
9.577105e-08
2.364265e-08
7.246616e-09
2.418020e-08
1.204353e-07
5.689126e-07
3.628252e-07
5.902992e-08
3.212265e-08
6.735098e-08
5.395771e-07
5.804264e-07
5.108348e-07
3.529709e-07
7.911843e-06
6.092440e-07
1.945688e-07
9.161007e-07
2.322688e-06
5.135720e-06
1.282236e-06
7.788010e-07
6.540555e-07
2.055434e-06
1.729810e-06
1.187205e-07
1.080341e-07
3.204945e-07
7.270640e-07
1.289511e-07
2.290617e-07
1.139162e-07
1.289222e-07
7.149234e-07
3.828534e-07
1.968912e-06
1.857892e-07
2.102644e-07
2.965652e-06
3.253954e-06
4.405524e-06
1.292705e-07
4.863770e-07
1.755418e-06
3.203183e-06
6.826264e-07
3.414010e-07
4.887470e-06
5.329366e-07
2.487894e-06
2.109810e-06
1.102473e-07
1.420345e-06
1.603482e-07
3.018706e-06
1.311900e-06
5.500091e-07
5.066013e-07
3.385377e-07
1.255049e-08
1.433081e-08
2.551118e-09
2.711511e-08
1.823842e-08
3.264439e-09
5.994920e-10
6.300101e-09
3.946384e-09
8.418411e-09
7.156917e-09
9.281282e-09
8.738990e-08
1.036509e-08
3.196730e-08
4.150804e-08
2.150214e-08
3.554421e-07
1.714215e-09
1.652719e-09
3.603272e-09
5.918216e-10
2.849368e-09
1.002088e-09
5.719857e-10
1.160176e-08
1.405157e-08
8.995791e-09
1.327413e-07
7.101955e-10
1.519855e-10
3.261721e-09
7.850421e-10
5.134350e-09
1.666953e-09
8.979793e-09
6.642637e-09
2.036382e-09
3.035627e-09
6.744081e-10
4.420495e-09
8.026266e-09
1.924999e-09
9.084640e-09
7.660657e-09
2.054898e-09
3.037924e-09
6.746077e-10
4.420665e-09
8.026284e-09
1.925000e-09
9.084650e-09
7.660655e-09
2.054911e-09
3.037924e-09
6.746077e-10
4.420665e-09
8.026285e-09
1.925007e-09
9.084782e-09
7.660698e-09
2.054878e-09
3.038289e-09
6.747823e-10
4.421636e-09
8.069802e-09
1.929943e-09
9.590958e-09
1.042822e-08
1.563394e-09
5.746862e-09
7.397691e-09
4.701569e-09
4.824845e-09
8.233951e-08
2.035111e-07
1.319445e-07
1.138743e-07
7.038175e-08
6.965519e-08
5.406611e-09
1.367903e-08
1.106680e-08
2.519794e-08
1.185172e-08
5.337073e-09
1.181336e-07
1.013660e-07
4.691270e-08
1.747046e-08
1.855850e-07
4.651691e-08
6.528997e-09
2.293817e-09
6.973757e-09
3.406115e-09
4.199665e-09
1.745605e-08
3.895230e-08
4.357013e-08
6.730545e-08
7.597262e-08
1.387110e-08
4.956024e-09
3.861831e-08
9.574229e-09
1.685865e-08
8.941884e-08
7.865059e-08
1.288170e-08
6.432726e-09
6.622185e-08
2.831877e-08
1.416854e-08
6.758658e-08
8.067734e-08
3.504463e-07
2.592993e-07
1.900787e-07
2.792033e-07
9.798819e-08
1.751797e-08
6.489431e-08
5.702203e-06
3.341204e-08
4.055327e-07
2.354478e-06
1.873287e-07
1.693263e-05
7.302913e-07
8.146240e-08
1.778169e-06
2.745006e-08
3.250241e-07
2.641252e-07
5.159099e-08
2.399619e-06
3.574354e-09
2.364931e-07
6.447809e-06
1.237030e-06
2.602762e-06
5.019984e-07
1.048080e-07
2.648268e-08
1.196331e-08
1.447529e-07
2.011448e-07
9.631479e-08
2.219251e-08
8.957154e-09
3.857644e-08
7.232862e-08
5.041495e-07
3.014994e-07
4.768875e-08
4.391167e-08
8.410200e-08
3.554173e-07
4.196754e-07
3.784731e-07
2.425629e-07
6.529451e-06
4.928002e-07
1.643149e-07
8.882786e-07
1.821465e-06
4.520648e-06
1.028353e-06
8.869779e-07
9.106419e-07
2.528708e-06
1.854478e-06
1.627927e-07
1.495334e-07
3.133459e-07
2.896818e-07
1.061746e-07
2.017543e-07
1.284594e-07
1.973110e-07
7.014336e-07
2.836866e-07
9.095269e-07
1.388735e-07
1.682408e-07
2.914662e-06
1.800481e-06
4.401152e-06
1.299371e-07
5.828141e-07
1.484366e-06
2.130497e-06
4.399080e-07
3.320318e-07
4.932682e-06
5.344058e-07
2.536175e-06
2.241644e-06
1.196601e-07
1.944128e-06
1.255438e-07
2.208988e-06
7.609103e-07
5.482673e-07
5.443941e-07
3.654667e-07
1.789357e-08
2.584159e-08
1.394501e-09
2.358973e-08
1.798225e-08
3.182208e-09
3.580398e-10
5.093966e-09
6.771489e-10
8.179705e-10
3.007400e-09
7.271219e-09
3.625298e-08
1.513034e-08
4.375242e-09
2.798746e-08
2.043644e-08
3.337366e-07
2.888928e-09
5.499132e-10
3.182480e-09
6.673152e-10
1.766509e-09
7.596455e-10
2.972807e-10
9.042574e-10
9.870597e-09
8.133475e-09
1.208035e-07
1.145385e-09
1.907802e-10
1.622006e-09
7.566770e-10
7.846459e-10
6.787836e-10
1.219149e-09
4.311044e-09
1.199491e-09
1.908616e-09
1.082792e-09
2.725103e-09
4.030674e-09
1.044619e-09
1.259256e-09
5.508864e-09
1.319111e-09
1.913337e-09
1.085140e-09
2.725352e-09
4.030752e-09
1.044622e-09
1.259278e-09
5.508860e-09
1.319193e-09
1.913337e-09
1.085140e-09
2.725352e-09
4.030752e-09
1.044622e-09
1.259286e-09
5.508863e-09
1.319182e-09
1.913364e-09
1.085183e-09
2.725409e-09
4.045683e-09
1.044993e-09
1.291018e-09
5.680641e-09
1.532851e-09
2.899734e-09
3.195003e-09
1.321140e-09
7.837236e-10
1.053317e-08
1.144795e-07
1.076125e-07
1.002260e-07
7.275153e-08
1.094015e-07
6.832447e-09
5.395317e-08
2.167470e-09
1.175394e-08
1.510225e-08
6.668891e-10
1.039740e-07
7.520079e-08
2.879173e-08
1.210687e-08
1.867376e-07
5.727457e-08
6.084298e-09
1.951409e-09
6.413434e-09
2.699449e-09
1.697752e-09
3.217528e-09
7.141639e-09
2.074441e-08
4.352796e-08
5.483903e-08
1.389130e-08
7.592464e-09
8.551722e-09
6.258362e-09
3.739999e-09
4.152434e-08
5.749107e-08
7.407316e-09
5.928422e-09
1.344539e-08
3.212728e-08
1.324022e-08
1.808030e-08
4.248945e-08
3.984881e-07
2.944657e-08
1.475684e-07
1.473435e-07
7.246826e-08
8.026607e-08
1.224694e-08
4.933553e-06
2.700247e-08
2.412622e-07
5.699482e-07
6.888251e-08
1.299364e-05
6.317143e-07
9.944556e-08
1.778169e-06
2.574338e-08
1.698929e-07
2.480576e-07
3.631651e-08
2.687982e-06
8.550765e-09
2.693463e-08
2.006123e-06
7.312461e-07
2.546689e-06
3.905176e-07
1.270614e-07
2.260540e-07
6.336920e-09
6.652935e-08
7.287363e-08
4.402772e-08
1.896549e-08
7.311429e-09
4.333290e-08
3.763598e-08
2.572440e-07
1.610971e-07
3.124146e-08
6.893851e-09
7.802707e-08
1.242533e-07
4.736156e-08
4.668958e-07
1.170315e-07
4.153438e-06
2.637777e-07
1.773940e-07
6.942284e-07
1.060367e-06
3.307440e-06
7.007720e-07
6.729079e-07
8.773249e-07
2.871193e-06
1.776523e-06
3.245550e-07
7.584605e-07
7.308481e-08
7.352924e-08
4.421555e-08
1.138055e-07
7.760702e-08
2.173907e-07
6.190672e-07
6.102634e-08
5.564988e-07
1.282837e-07
8.658432e-08
9.043551e-07
6.169776e-07
4.205878e-06
1.003773e-07
3.327166e-07
1.043279e-06
1.461666e-06
2.397568e-07
1.207025e-07
3.957021e-06
5.143990e-07
1.817994e-06
2.118407e-06
1.783618e-07
2.182524e-06
3.487659e-08
1.014229e-06
4.760491e-07
3.675053e-07
5.237013e-07
3.179766e-07
2.790913e-08
1.310703e-07
3.295500e-09
5.288837e-09
3.948861e-09
1.581021e-09
2.511939e-10
1.253192e-09
8.754902e-10
1.673812e-10
5.449580e-10
1.829347e-09
1.569032e-08
1.338951e-08
4.137727e-09
1.127435e-08
1.062457e-08
2.166026e-07
2.257815e-09
1.542226e-09
4.947603e-09
6.763821e-10
6.315756e-09
3.061567e-10
6.135919e-10
4.050304e-10
1.143788e-09
2.468501e-09
6.678106e-08
7.882256e-10
6.719736e-10
2.114188e-09
3.175431e-10
2.497891e-09
1.746011e-10
3.879260e-10
1.217168e-09
5.190773e-10
1.143328e-09
9.964092e-10
2.615764e-09
1.398204e-09
8.688453e-10
7.895325e-10
2.384417e-09
8.595633e-10
1.177002e-09
1.007796e-09
2.618248e-09
1.398405e-09
8.688890e-10
7.897725e-10
2.384404e-09
8.598050e-10
1.177002e-09
1.007796e-09
2.618248e-09
1.398405e-09
8.688892e-10
7.897734e-10
2.384405e-09
8.598039e-10
1.177011e-09
1.007806e-09
2.618271e-09
1.399569e-09
8.690245e-10
7.934409e-10
2.412729e-09
9.217722e-10
1.740867e-09
1.652467e-09
1.589357e-09
1.799238e-09
2.422406e-09
1.720028e-08
5.753080e-08
7.265615e-08
5.974095e-08
1.819766e-07
1.349190e-08
6.596774e-08
3.876737e-09
3.328098e-09
1.134620e-08
4.799352e-10
1.361039e-08
1.727540e-08
2.015332e-08
1.797500e-08
6.938614e-08
7.585960e-08
9.421060e-09
2.446114e-09
2.862325e-08
4.886093e-09
8.332571e-10
9.397364e-10
1.429149e-09
4.623287e-09
1.332519e-08
1.456675e-08
9.129977e-09
6.823425e-09
1.212360e-08
8.467406e-09
4.017611e-09
1.415911e-08
1.187208e-08
5.024240e-09
4.941199e-09
7.476635e-09
3.898139e-08
1.423872e-08
5.435961e-09
1.618596e-08
3.297500e-07
1.346354e-08
1.790183e-08
5.948748e-08
3.397633e-08
5.152334e-08
3.478978e-08
4.771109e-06
6.085812e-08
5.425688e-08
1.814698e-07
5.640189e-08
2.450801e-06
2.228178e-07
1.166961e-07
1.498525e-06
2.745006e-08
1.698929e-07
1.896586e-07
1.867776e-08
2.741864e-06
9.044809e-09
3.266171e-08
7.682121e-07
2.277830e-07
1.136238e-06
2.201366e-07
1.191796e-07
2.280873e-07
6.838349e-08
4.872380e-08
6.136489e-08
2.842557e-08
6.567540e-09
4.890755e-09
7.110391e-08
3.701505e-08
1.436395e-07
8.286565e-08
5.285364e-08
2.318917e-08
7.322859e-08
1.141382e-07
2.514087e-08
1.126896e-07
4.642754e-08
3.268564e-06
6.952925e-08
2.875014e-07
2.977592e-07
8.642973e-07
2.345596e-06
3.770206e-07
8.199138e-07
8.668223e-07
2.949594e-06
1.584177e-06
5.616823e-07
1.149761e-06
1.021237e-07
3.033447e-08
2.574793e-08
7.189312e-08
4.151106e-08
3.726941e-07
3.053562e-07
4.380793e-08
2.802781e-07
6.225563e-08
9.584739e-08
3.152810e-07
3.406661e-07
3.017205e-06
6.624949e-08
1.836097e-07
1.093298e-06
1.181716e-06
1.798020e-07
1.534991e-07
3.684470e-06
3.259009e-07
1.532195e-06
1.804224e-06
5.771180e-07
2.149064e-06
1.852346e-08
4.223944e-07
4.067503e-07
3.370434e-07
2.224977e-07
2.080739e-07
4.319119e-08
1.378974e-07
3.393940e-08
1.797499e-08
3.818246e-08
5.173213e-10
1.539126e-10
1.004648e-09
3.157030e-09
8.737760e-10
3.760664e-10
7.336629e-10
5.897262e-09
1.446519e-08
2.273221e-09
3.062901e-08
2.542150e-08
1.220141e-07
2.304770e-09
2.342471e-09
3.649353e-08
2.666188e-09
1.520417e-08
7.828709e-10
8.829251e-10
3.110092e-09
5.676155e-10
1.494760e-09
3.388423e-08
6.858363e-10
1.444401e-09
1.419617e-08
1.052391e-09
6.118153e-09
2.734957e-10
3.217271e-10
1.649446e-09
1.102070e-09
7.965183e-10
2.456880e-09
2.707966e-09
6.848160e-09
1.251800e-09
2.461647e-09
3.174353e-09
2.264286e-09
9.277541e-10
2.577647e-09
2.716587e-09
6.851019e-09
1.251949e-09
2.464648e-09
3.174223e-09
2.266559e-09
9.277555e-10
2.577650e-09
2.716587e-09
6.851020e-09
1.251949e-09
2.464649e-09
3.174223e-09
2.266559e-09
9.277577e-10
2.577657e-09
2.716596e-09
6.851524e-09
1.251973e-09
2.466233e-09
3.191414e-09
2.273143e-09
1.067596e-09
3.667445e-09
2.274952e-09
6.825127e-09
2.612659e-09
1.268471e-08
1.953955e-08
4.149357e-08
5.528030e-08
2.625073e-07
2.651602e-08
1.012272e-07
1.120401e-08
1.604801e-08
9.554825e-09
6.733806e-10
8.510469e-09
5.016331e-09
6.740873e-09
5.848869e-09
3.602454e-08
1.822936e-07
7.554730e-09
7.066574e-09
2.181539e-07
3.631387e-08
3.419522e-09
3.293245e-09
2.136147e-09
3.681602e-09
1.060918e-08
2.253952e-08
1.550342e-08
1.957107e-08
5.060295e-08
3.622988e-08
2.748405e-08
2.057718e-08
6.695616e-09
1.636136e-08
1.439857e-08
1.480678e-08
1.343268e-07
1.904776e-08
7.647352e-09
1.767034e-08
3.010425e-07
9.637020e-09
1.690575e-08
2.108615e-08
1.978008e-07
9.869896e-08
2.734365e-08
7.663362e-06
1.351087e-07
3.471597e-08
2.342894e-08
1.039317e-07
1.040630e-06
4.169459e-08
1.707921e-07
1.420032e-06
3.295859e-08
3.250241e-07
2.480576e-07
1.867776e-08
3.026429e-06
1.224558e-08
4.080473e-08
9.590208e-07
6.976647e-08
3.705048e-07
1.121063e-07
1.420075e-07
2.614162e-07
1.865467e-07
3.848523e-07
1.465735e-07
5.751762e-08
1.809661e-09
3.388065e-09
1.087027e-07
4.780456e-08
1.065792e-07
6.790664e-08
1.136913e-08
1.066454e-08
1.113548e-07
1.658648e-07
6.149617e-08
1.527990e-07
2.320211e-08
2.502681e-06
7.043024e-08
7.384861e-07
2.912035e-07
1.017971e-06
2.011009e-06
2.411107e-07
3.425482e-07
1.088761e-06
3.455087e-06
1.489792e-06
8.014406e-07
1.736560e-06
3.405714e-07
8.801408e-08
3.779082e-08
1.897601e-08
1.907985e-08
5.810034e-07
2.222518e-07
3.802867e-08
3.311629e-07
4.789275e-08
2.299618e-07
2.078815e-07
3.097692e-07
2.703423e-06
2.877637e-08
7.694261e-08
1.579576e-06
1.410814e-06
1.819856e-07
1.414589e-07
4.162130e-06
4.285340e-07
1.502966e-06
1.673701e-06
1.541570e-06
2.600057e-06
2.551636e-08
3.035606e-07
4.471270e-07
3.898681e-07
2.945863e-07
1.352394e-07
7.115559e-08
1.570236e-07
1.025898e-07
1.424253e-07
1.065656e-07
2.145924e-09
9.140225e-11
8.726319e-10
3.112763e-09
9.046685e-10
3.518346e-10
2.390266e-10
1.509808e-09
7.390704e-09
2.025377e-09
3.130874e-08
2.420057e-08
6.158289e-08
3.368659e-09
5.921780e-09
3.708099e-08
3.144965e-09
1.727599e-08
8.464832e-10
1.145161e-09
3.213733e-09
6.228020e-10
8.347586e-10
7.688522e-09
7.998361e-10
1.798709e-09
1.411185e-08
1.682777e-09
7.648694e-09
2.373244e-10
2.667090e-10
1.250829e-09
4.759604e-10
6.723330e-10
2.826403e-09
2.340355e-09
7.196165e-09
1.359929e-09
3.052218e-09
2.870927e-09
1.805331e-09
7.673935e-10
3.094220e-09
2.367875e-09
7.206281e-09
1.361056e-09
3.059762e-09
2.870396e-09
1.814618e-09
7.673982e-10
3.094225e-09
2.367876e-09
7.206282e-09
1.361056e-09
3.059763e-09
2.870396e-09
1.814618e-09
7.673987e-10
3.094226e-09
2.367881e-09
7.206547e-09
1.361065e-09
3.060059e-09
2.884329e-09
1.816765e-09
7.974800e-10
3.199538e-09
2.105283e-09
7.820210e-09
2.377426e-09
7.816046e-09
4.731579e-09
1.389047e-08
3.670785e-08
2.657435e-07
3.334782e-08
9.891246e-08
1.710892e-08
2.345877e-08
1.141521e-08
9.632423e-10
5.174715e-09
3.603537e-09
1.677747e-09
3.134989e-09
2.467694e-08
1.581661e-07
1.001454e-08
1.993119e-08
2.235339e-07
5.183678e-08
5.097125e-09
3.690249e-09
2.631930e-09
3.073381e-09
5.285466e-09
3.985681e-09
7.169482e-09
2.541472e-08
5.384162e-08
4.557668e-08
3.475052e-08
1.369534e-08
2.578398e-09
4.963145e-09
8.082437e-09
2.676646e-08
1.379476e-07
1.684795e-08
1.306802e-08
1.480615e-08
2.017834e-07
9.185630e-09
1.541948e-08
2.259523e-08
1.054991e-08
5.519124e-08
1.933598e-07
7.571414e-06
1.390933e-07
2.200602e-08
3.110241e-08
1.106001e-07
7.731669e-07
3.339886e-08
1.872105e-07
1.075794e-06
2.700442e-08
3.318591e-07
2.641252e-07
3.631651e-08
2.741864e-06
1.224558e-08
6.931696e-08
9.338400e-07
6.292729e-08
2.345455e-07
3.153638e-08
8.418434e-08
2.773932e-07
2.100791e-07
4.545746e-07
3.910154e-07
2.951713e-08
3.476322e-09
1.916291e-08
9.757055e-08
6.881494e-08
1.010096e-07
5.664260e-08
1.307444e-08
6.877556e-09
4.975194e-08
9.674009e-08
6.886362e-08
3.190806e-07
8.865051e-08
1.252879e-06
3.245270e-08
1.620814e-07
2.873051e-07
1.315410e-06
1.883298e-06
1.948162e-07
1.932660e-07
1.126079e-06
2.578048e-06
1.349767e-06
1.380375e-06
2.064069e-06
5.383983e-07
1.674510e-07
6.798668e-08
3.514790e-08
2.852499e-08
5.147321e-07
1.476827e-07
7.035948e-08
3.100171e-07
1.363544e-07
1.637947e-07
1.696860e-07
2.375346e-07
1.806725e-06
3.906304e-08
5.369058e-08
1.422852e-06
1.189122e-06
2.476651e-07
1.850566e-07
3.963486e-06
2.605887e-07
8.600171e-07
1.634271e-06
4.100617e-06
2.576731e-06
4.379476e-08
2.651436e-07
7.031246e-07
5.969773e-07
3.858760e-07
8.109715e-08
6.615315e-08
1.520468e-07
1.348202e-07
1.833344e-07
1.970469e-07
3.623904e-09
1.912085e-09
2.722139e-10
3.068329e-09
8.963566e-10
2.899332e-10
2.118398e-10
3.339458e-10
1.823343e-09
1.256264e-09
2.788842e-08
2.210708e-08
4.772578e-08
1.173038e-09
3.330942e-09
3.856607e-08
5.910049e-09
2.134432e-08
8.419461e-10
1.314762e-09
3.462896e-09
4.754436e-10
1.005546e-09
6.176094e-10
1.889496e-10
7.930624e-10
1.397452e-08
1.985649e-09
9.311551e-09
3.527467e-10
2.947531e-10
1.211121e-09
2.468853e-10
3.974308e-10
1.832321e-09
1.857938e-09
7.738858e-09
1.261611e-09
4.197775e-09
1.587208e-09
1.786322e-09
5.118749e-10
2.100751e-09
1.933277e-09
7.801969e-09
1.264333e-09
4.257795e-09
1.586576e-09
1.825705e-09
5.118944e-10
2.100761e-09
1.933278e-09
7.801974e-09
1.264333e-09
4.257799e-09
1.586576e-09
1.825705e-09
5.118945e-10
2.100761e-09
1.933278e-09
7.802183e-09
1.264335e-09
4.257983e-09
1.587273e-09
1.827022e-09
5.164463e-10
2.114144e-09
1.901440e-09
7.893397e-09
2.053969e-09
8.594618e-09
1.148624e-09
2.173761e-09
8.749472e-09
2.413083e-07
2.729481e-08
8.313799e-08
2.564897e-08
3.658020e-08
1.276723e-08
4.047701e-09
1.446534e-09
2.989837e-09
1.184358e-09
1.424825e-09
8.478920e-09
1.507659e-07
5.917998e-09
4.970345e-09
2.221841e-07
7.457310e-08
4.320236e-09
6.483232e-09
3.463789e-09
2.833783e-09
4.130594e-09
2.744040e-09
3.018137e-09
8.035367e-09
4.479634e-08
5.226610e-08
4.034240e-08
1.931489e-08
5.842602e-09
3.880976e-09
4.990231e-09
1.318529e-08
1.306911e-07
2.955864e-08
1.981947e-08
9.103559e-09
1.325693e-07
6.964598e-09
1.347060e-08
2.699394e-08
9.059503e-09
2.211302e-08
2.645586e-08
6.930622e-06
3.067042e-07
5.705254e-08
8.203590e-09
1.549303e-07
4.530895e-07
2.886646e-08
2.368422e-07
7.327292e-07
1.662893e-08
3.261973e-07
2.642705e-07
5.159099e-08
2.687982e-06
9.044809e-09
4.080473e-08
9.338400e-07
6.985375e-08
3.408719e-07
6.155218e-09
4.027962e-08
1.720072e-07
1.912590e-07
4.999739e-07
5.860757e-07
4.280583e-08
4.353719e-09
3.823441e-09
9.183673e-08
9.808899e-08
9.245442e-08
5.491891e-08
2.264224e-08
4.150211e-09
3.070971e-08
5.601907e-08
3.179536e-08
2.868245e-07
1.338493e-07
8.219525e-07
4.305100e-08
1.098802e-07
1.964587e-07
5.922398e-07
1.750366e-06
5.160936e-07
1.463174e-07
9.371487e-07
1.797886e-06
1.117111e-06
1.037111e-06
2.200515e-06
9.460215e-07
2.152750e-07
1.604512e-07
1.276603e-07
5.183480e-08
5.489217e-07
6.163692e-08
2.072357e-08
2.991973e-07
1.911590e-07
1.586272e-07
1.179735e-07
1.441501e-07
1.251027e-06
7.745755e-08
2.782345e-08
1.327160e-06
9.049771e-07
1.832140e-07
2.147334e-07
4.066650e-06
2.126827e-07
4.132867e-07
1.384887e-06
5.608497e-06
2.826368e-06
1.588258e-07
2.590562e-07
9.873638e-07
1.068601e-06
4.915847e-07
5.338164e-08
6.196722e-08
7.656881e-08
1.521530e-07
2.528953e-07
2.440383e-07
6.830385e-09
2.997018e-09
4.468406e-09
2.828612e-09
8.749435e-10
2.821800e-10
2.180836e-10
4.000268e-10
1.009298e-09
9.081531e-10
2.460826e-08
2.105836e-08
1.931919e-08
1.385922e-09
9.477035e-09
3.632624e-08
3.230079e-09
2.121488e-08
5.564228e-09
4.199805e-09
3.530534e-09
5.250313e-10
1.132402e-09
7.134310e-10
3.276835e-10
9.542954e-10
1.301743e-08
9.521152e-10
9.058347e-09
1.750912e-09
1.808531e-09
1.021920e-09
2.467115e-10
4.051781e-10
1.613328e-09
1.330593e-09
6.660350e-09
1.398354e-09
4.939093e-09
1.550502e-09
1.779757e-09
5.954732e-10
2.355465e-09
1.398504e-09
6.805109e-09
1.436631e-09
5.071883e-09
1.546333e-09
1.853930e-09
5.956814e-10
2.355542e-09
1.398509e-09
6.805115e-09
1.436631e-09
5.071891e-09
1.546333e-09
1.853930e-09
5.956814e-10
2.355542e-09
1.398509e-09
6.805208e-09
1.436633e-09
5.071988e-09
1.546661e-09
1.854253e-09
5.981999e-10
2.362672e-09
1.386171e-09
6.847204e-09
2.270656e-09
7.977285e-09
7.319874e-10
2.578129e-09
5.761972e-09
1.571553e-07
2.018387e-08
6.711846e-08
2.095330e-08
4.259716e-08
2.616845e-08
1.254700e-08
4.637293e-09
2.874449e-09
1.026258e-09
1.835730e-09
3.460528e-09
1.321810e-07
4.457575e-09
3.279663e-09
2.154887e-07
7.413722e-08
4.905774e-09
1.401222e-08
1.432187e-08
5.324217e-09
3.785682e-09
2.845758e-09
3.990263e-09
8.130959e-09
3.767132e-08
3.378453e-08
3.972439e-08
3.112836e-08
1.069373e-08
1.053329e-08
1.427534e-08
1.721001e-08
1.107573e-07
1.820984e-08
1.963254e-08
2.515837e-08
8.297579e-08
4.622469e-09
1.753276e-08
3.328297e-08
1.273120e-08
2.195400e-08
1.784898e-08
6.233505e-06
1.374676e-07
1.438905e-08
1.785649e-07
2.516776e-07
2.514113e-07
1.132146e-08
2.623510e-07
5.303295e-07
6.849345e-09
2.919300e-07
2.436608e-07
8.262149e-08
2.399619e-06
8.550765e-09
3.266171e-08
9.590208e-07
6.292729e-08
3.408719e-07
2.942885e-08
2.863393e-08
7.375031e-08
1.558747e-07
4.765881e-07
6.078027e-07
8.353055e-08
6.986684e-08
6.873915e-09
8.227692e-08
7.350970e-08
5.877887e-08
7.135131e-08
5.871932e-08
3.756829e-09
2.636053e-08
3.077722e-08
2.392421e-08
2.826760e-07
1.371079e-07
4.909768e-07
1.335465e-08
7.915212e-08
2.246131e-07
3.034743e-07
1.458491e-06
9.480562e-08
1.860031e-07
9.165124e-07
1.062835e-06
6.949454e-07
1.002926e-06
2.228055e-06
6.174196e-07
2.337497e-07
3.344043e-07
4.637191e-07
4.440755e-07
4.726022e-07
3.943548e-08
1.077032e-08
2.780935e-07
1.478297e-07
1.316483e-07
9.589965e-08
5.338746e-08
1.109513e-06
5.969372e-08
2.563066e-08
1.099651e-06
8.888998e-07
1.635490e-07
2.578700e-07
3.813664e-06
1.535557e-07
2.659635e-07
1.218772e-06
7.084244e-06
2.817689e-06
6.192964e-08
2.122430e-07
1.215443e-06
2.590436e-06
5.279539e-07
3.624527e-08
5.092663e-08
5.904716e-08
1.421981e-07
2.707838e-07
2.895597e-07
1.043560e-08
2.078759e-08
1.183326e-08
1.011750e-08
7.321817e-11
6.841969e-11
9.836826e-11
1.696237e-10
1.932197e-10
6.881721e-11
1.271172e-09
1.696500e-09
8.302025e-09
7.277533e-10
8.960336e-09
5.809530e-09
1.479659e-09
8.452376e-09
2.444923e-09
1.006430e-08
8.893853e-10
3.429095e-10
8.178425e-10
6.051967e-10
6.525907e-10
1.440852e-10
5.334031e-10
8.959557e-10
3.614881e-09
7.251038e-10
4.453697e-09
1.933728e-10
6.339893e-11
2.709058e-10
2.091737e-10
2.200433e-10
6.340257e-10
2.966338e-10
3.294560e-09
3.634454e-10
1.273844e-09
2.802204e-10
1.520586e-09
3.392697e-10
6.962228e-10
3.364391e-10
3.505714e-09
3.554485e-10
1.443055e-09
2.805812e-10
1.520748e-09
3.392796e-10
6.962308e-10
3.364391e-10
3.505727e-09
3.554485e-10
1.443055e-09
2.805812e-10
1.520748e-09
3.392796e-10
6.962327e-10
3.364392e-10
3.505755e-09
3.554570e-10
1.443076e-09
2.806082e-10
1.521363e-09
3.390656e-10
6.996012e-10
3.593850e-10
5.384820e-09
2.900487e-10
1.397092e-09
9.778510e-10
9.346246e-09
1.631493e-09
1.022104e-08
1.136695e-08
3.387405e-08
1.919188e-08
3.034870e-08
4.987986e-09
4.011224e-09
4.682980e-10
9.687706e-10
5.644486e-10
1.902208e-09
5.744724e-10
1.627045e-09
3.220197e-08
5.213838e-08
2.376633e-09
2.416275e-09
2.129736e-08
1.465788e-09
9.943565e-10
9.787770e-10
5.914858e-10
1.282318e-09
5.033724e-09
5.969310e-09
5.752576e-09
8.508000e-09
1.105317e-08
3.734093e-09
8.479496e-09
1.746051e-08
7.919241e-09
3.828358e-09
1.540193e-08
8.685083e-09
1.839541e-08
2.620300e-09
9.720829e-09
2.669991e-08
1.332266e-08
4.022084e-09
4.973998e-09
1.377014e-07
5.148106e-08
5.679316e-09
7.551951e-09
2.981622e-07
5.527471e-08
1.484523e-08
1.314342e-07
3.018675e-07
3.033076e-09
2.304128e-08
3.623796e-08
7.878283e-08
1.256685e-06
3.574354e-09
2.693463e-08
7.682121e-07
6.976647e-08
2.345455e-07
6.155218e-09
2.863393e-08
3.997933e-09
1.577503e-08
1.305148e-07
5.191180e-07
5.101549e-08
6.682014e-08
1.609746e-08
2.154762e-08
1.277376e-07
8.583042e-09
1.518112e-08
9.345688e-08
2.429854e-09
5.677255e-09
1.485014e-08
1.786628e-08
1.578472e-07
1.240887e-07
1.019462e-07
9.757351e-09
7.806004e-09
5.618765e-08
2.534140e-07
1.330904e-07
2.145242e-08
6.190597e-08
2.394494e-07
2.799021e-07
1.399024e-07
8.756326e-07
1.265241e-06
5.471452e-07
2.042879e-07
1.368505e-07
7.033217e-07
6.121407e-07
3.381542e-07
1.301995e-08
3.877124e-09
3.887790e-08
1.350698e-07
3.463386e-08
1.435930e-08
5.252661e-08
1.143814e-07
5.992206e-08
4.014906e-09
2.083085e-07
8.366255e-07
3.455466e-08
1.564879e-07
1.779723e-06
8.273500e-08
3.384925e-08
7.616965e-07
7.354494e-06
1.922057e-06
4.919182e-08
9.221426e-08
9.237621e-07
4.156400e-06
4.008123e-07
1.302588e-08
1.460968e-08
2.940761e-08
7.194067e-08
1.518929e-07
2.349448e-07
1.117756e-08
2.406105e-08
1.946359e-08
1.985195e-08
6.737420e-09
2.779169e-11
9.505040e-11
1.657788e-10
2.869298e-09
2.998116e-09
2.452135e-09
7.311367e-10
2.089943e-09
4.302738e-09
2.947758e-08
4.206373e-08
1.037671e-08
8.593281e-09
1.030840e-08
2.119064e-08
3.012929e-08
4.966835e-09
5.776939e-09
1.438252e-08
5.080694e-09
6.531829e-09
1.842149e-09
3.278579e-10
2.616303e-09
3.116453e-09
8.475073e-09
4.854487e-09
1.848851e-09
2.293892e-09
3.633655e-09
1.230532e-09
9.640552e-10
1.458888e-09
2.852922e-09
3.627185e-09
7.239966e-09
1.071336e-08
7.908412e-09
3.799438e-09
1.335268e-09
1.515247e-09
3.303799e-09
3.390862e-09
9.475338e-09
1.073999e-08
7.909559e-09
3.799732e-09
1.335388e-09
1.515247e-09
3.303827e-09
3.390863e-09
9.475339e-09
1.073999e-08
7.909559e-09
3.799732e-09
1.335388e-09
1.515247e-09
3.303830e-09
3.390865e-09
9.475346e-09
1.074000e-08
7.909686e-09
3.799629e-09
1.335821e-09
1.522116e-09
3.595054e-09
3.605825e-09
9.613829e-09
1.154214e-08
1.440783e-08
3.388053e-09
3.967789e-09
1.452004e-08
7.470639e-08
4.754115e-08
6.502652e-08
2.500373e-08
7.046625e-08
2.240592e-08
3.622727e-09
3.193366e-09
4.852129e-09
1.709805e-09
1.168153e-09
4.371937e-08
7.328131e-08
2.361809e-08
6.495096e-09
5.879798e-08
1.238038e-08
1.264856e-08
8.898607e-09
5.585480e-09
3.043718e-09
3.076678e-09
3.321047e-08
1.172490e-07
4.997011e-08
1.022280e-08
3.970078e-08
9.937315e-08
8.883974e-08
2.882657e-08
1.897332e-08
3.016855e-08
2.866756e-08
2.591181e-08
1.479871e-08
4.576293e-08
1.792360e-07
4.615594e-08
5.938943e-09
4.173563e-08
1.699650e-07
3.416793e-08
4.592411e-08
2.983972e-08
4.846898e-07
2.977991e-07
1.144456e-07
4.211305e-07
2.552360e-07
4.061900e-08
1.649599e-08
3.153342e-08
7.910556e-08
8.269006e-07
1.792905e-08
2.364931e-07
2.006123e-06
2.277830e-07
3.705048e-07
3.153638e-08
4.027962e-08
7.375031e-08
1.577503e-08
1.115841e-06
4.774579e-07
5.261595e-08
8.131469e-08
2.060148e-07
5.680158e-07
6.266503e-07
4.287386e-08
3.605160e-08
1.819402e-07
3.767994e-09
1.041967e-08
5.331301e-08
1.008095e-07
5.745472e-07
6.386817e-07
3.208398e-08
3.886961e-09
8.807706e-08
3.072774e-07
1.847023e-07
2.758874e-07
5.993027e-07
1.058602e-07
1.862588e-07
5.985148e-07
1.867134e-07
1.607645e-06
1.354140e-06
8.013492e-07
2.936912e-07
2.772129e-07
2.459964e-06
2.080384e-06
1.843650e-06
1.739418e-07
2.607908e-08
3.102807e-08
1.098601e-07
3.522944e-08
2.792553e-08
1.345137e-07
3.757507e-07
1.158950e-07
3.779757e-08
9.646781e-08
1.684508e-06
5.059394e-08
4.262184e-07
1.499924e-06
9.566258e-08
7.915468e-08
1.496684e-06
1.064448e-05
1.848002e-06
1.125713e-07
1.253672e-07
1.484817e-06
8.212918e-06
9.403466e-07
1.169902e-07
7.314936e-08
1.306822e-07
1.646484e-07
2.712036e-07
1.840646e-07
1.554074e-08
1.058482e-07
2.350580e-07
5.305642e-07
1.025793e-07
9.063589e-08
7.621042e-11
1.933020e-10
2.882543e-09
1.331617e-08
3.352773e-08
2.690969e-09
2.505322e-09
8.002386e-09
4.448402e-08
7.321901e-08
7.190549e-08
2.961299e-08
1.979198e-08
5.108876e-08
8.094227e-08
5.045631e-08
3.921328e-08
4.266482e-08
5.372174e-08
1.408535e-08
1.785327e-08
1.543607e-09
2.604707e-09
4.838949e-09
1.533877e-08
1.151558e-08
1.905839e-08
1.516271e-08
9.482128e-09
1.175755e-08
5.272638e-09
3.781431e-09
7.143528e-09
1.269552e-08
4.323561e-08
2.252038e-08
7.102445e-08
9.452348e-09
9.963548e-09
5.596988e-09
8.250060e-09
1.176328e-08
7.163771e-08
2.261183e-08
7.104613e-08
9.453331e-09
9.965084e-09
5.596988e-09
8.250277e-09
1.176328e-08
7.163771e-08
2.261183e-08
7.104613e-08
9.453331e-09
9.965084e-09
5.596988e-09
8.250278e-09
1.176328e-08
7.163772e-08
2.261184e-08
7.104623e-08
9.453302e-09
9.965198e-09
5.597824e-09
8.329941e-09
1.182949e-08
7.295723e-08
2.364755e-08
7.741586e-08
2.492427e-08
1.582379e-08
1.658558e-08
1.358996e-07
7.592587e-08
1.047227e-07
6.103647e-08
2.679008e-07
1.008372e-07
3.887295e-08
7.762449e-09
1.648827e-08
2.384305e-08
1.530663e-09
3.288595e-08
1.317700e-07
7.689027e-08
2.499819e-08
1.162128e-07
5.925605e-08
1.168732e-07
7.659242e-08
4.421429e-08
2.674792e-08
1.998543e-08
2.055820e-08
3.229642e-08
4.571234e-07
6.176461e-07
3.797717e-07
6.018493e-07
5.952202e-07
2.600149e-07
1.393273e-07
7.927557e-08
8.868643e-08
1.548290e-07
1.184361e-07
2.334492e-07
4.321338e-07
4.328693e-07
2.592544e-08
6.401972e-08
2.576521e-07
1.656937e-07
1.014923e-07
2.106570e-06
9.721517e-07
7.228013e-07
1.163516e-06
9.389257e-07
5.509558e-07
1.310534e-07
2.542671e-08
2.390532e-08
8.935737e-08
7.047435e-07
5.287631e-08
5.367484e-07
6.447809e-06
7.312461e-07
1.136238e-06
1.121063e-07
8.418434e-08
1.720072e-07
1.558747e-07
1.305148e-07
4.774579e-07
1.838378e-06
1.804781e-07
3.513177e-07
1.736506e-06
1.016741e-05
2.260815e-07
2.161381e-07
5.587985e-07
7.843426e-09
1.730512e-08
8.182962e-08
2.285637e-07
1.932373e-07
1.332189e-07
7.024527e-07
6.434979e-07
1.692335e-07
7.906897e-07
7.071422e-07
3.977894e-07
4.645424e-08
8.954183e-07
8.689596e-07
2.753909e-06
4.165434e-07
3.117063e-06
1.455140e-06
1.313533e-06
1.059414e-06
4.164708e-07
4.568262e-06
3.925416e-06
4.349155e-06
8.679981e-07
2.574200e-07
5.638435e-08
1.386996e-07
9.756514e-08
3.977894e-08
3.203149e-07
3.583993e-07
5.173417e-07
3.524868e-07
1.243360e-07
6.470587e-06
6.653191e-08
1.276736e-06
1.727939e-06
5.470813e-07
3.240897e-07
3.348806e-06
1.787466e-05
2.831093e-06
7.177768e-07
4.440534e-07
2.357363e-06
1.608006e-05
2.107452e-06
5.251967e-07
2.727654e-07
4.490960e-07
3.009332e-07
5.041883e-07
4.946104e-07
4.188152e-08
2.667752e-07
5.467655e-07
1.964414e-06
1.151924e-06
2.622161e-07
3.414892e-07
1.022899e-10
2.869253e-09
1.334572e-08
4.481699e-08
1.387486e-08
3.716772e-09
8.356869e-09
4.731660e-08
7.213832e-08
6.846356e-08
4.632798e-08
5.869706e-08
6.280703e-08
1.212993e-07
5.551063e-08
9.424725e-08
1.097885e-07
7.606337e-08
4.962963e-08
1.852479e-08
3.596502e-09
7.323173e-09
4.879891e-09
2.068613e-08
1.128406e-08
2.109031e-08
3.701606e-08
3.612202e-08
1.585544e-08
2.034882e-08
3.453948e-09
8.596819e-09
2.795229e-08
4.724208e-08
3.105544e-08
7.915359e-08
1.899964e-08
1.842487e-08
6.619437e-09
2.238907e-08
1.158420e-08
9.200633e-08
3.155772e-08
7.921212e-08
1.901564e-08
1.842944e-08
6.619442e-09
2.239046e-08
1.158421e-08
9.200634e-08
3.155772e-08
7.921212e-08
1.901564e-08
1.842944e-08
6.619442e-09
2.239046e-08
1.158421e-08
9.200635e-08
3.155773e-08
7.921221e-08
1.901562e-08
1.842946e-08
6.619934e-09
2.244441e-08
1.158087e-08
9.211633e-08
3.263552e-08
8.601655e-08
3.390356e-08
6.738395e-08
1.716932e-08
1.484318e-07
8.179781e-08
1.102637e-07
6.804251e-08
3.417749e-07
1.982875e-07
6.257767e-08
5.757924e-08
2.899803e-08
3.354686e-08
6.453368e-09
2.495219e-08
1.352080e-07
7.416333e-08
1.725730e-08
1.726079e-07
9.220914e-08
1.739583e-07
2.368297e-07
1.047382e-07
8.766206e-08
5.301670e-08
3.752127e-08
3.816860e-08
7.684064e-08
8.796748e-08
6.825328e-07
1.466197e-06
1.185435e-06
4.746449e-07
3.602843e-07
3.179389e-07
5.815019e-08
1.245755e-07
2.209274e-07
3.861648e-07
5.884269e-07
8.295387e-07
6.738090e-08
1.203492e-07
2.703705e-07
1.720149e-07
3.736673e-08
1.232634e-07
3.015437e-06
3.118872e-06
1.315812e-06
2.684829e-06
7.962538e-07
3.221593e-07
3.200419e-08
2.873213e-08
8.831323e-08
5.182792e-07
9.366254e-08
8.565072e-07
8.625635e-06
1.237030e-06
2.546689e-06
2.201366e-07
1.420075e-07
2.773932e-07
1.912590e-07
4.765881e-07
5.191180e-07
5.261595e-08
1.804781e-07
3.159704e-06
2.084830e-06
1.564422e-05
2.668907e-06
6.088250e-07
1.864870e-06
1.136180e-08
1.873962e-08
9.730480e-08
3.653166e-07
2.871840e-07
1.408703e-07
1.613341e-08
6.872026e-08
1.285232e-06
1.741470e-06
1.133248e-06
1.154313e-07
2.001542e-08
1.842993e-06
1.676489e-07
4.143272e-06
1.392006e-06
3.853215e-06
1.661015e-06
1.748536e-06
9.917323e-07
7.155913e-07
5.976210e-06
4.500836e-06
5.273019e-06
1.190009e-06
5.499961e-07
2.045882e-07
2.767302e-07
1.835315e-07
3.565970e-08
3.703404e-07
6.817218e-07
5.583388e-07
1.788778e-07
1.079557e-07
1.509645e-05
1.401740e-07
2.298209e-06
2.357206e-06
2.404214e-07
4.951987e-07
4.603713e-06
4.009793e-05
2.856709e-06
6.556263e-07
2.955017e-06
4.023940e-06
1.869101e-05
2.775147e-06
7.750709e-07
8.491450e-07
7.090474e-07
6.488307e-07
7.705625e-07
7.556231e-07
4.824751e-08
5.434933e-07
7.181823e-07
3.140173e-06
1.400162e-06
1.066001e-06
7.710213e-07
1.445523e-07
2.800175e-09
1.331605e-08
4.480089e-08
1.418424e-08
3.544114e-09
6.778867e-09
4.187210e-08
7.009089e-08
7.033036e-08
3.886160e-08
5.316169e-08
7.057944e-08
1.318290e-07
5.697167e-08
9.549903e-08
1.208280e-07
7.817680e-08
5.111576e-08
1.964217e-08
3.880020e-09
7.408974e-09
4.539954e-09
1.918464e-08
1.053280e-08
2.098301e-08
3.669992e-08
4.012841e-08
1.801242e-08
2.071306e-08
2.980234e-09
5.757805e-09
2.695968e-08
4.688405e-08
2.950562e-08
8.167786e-08
2.232882e-08
1.986541e-08
6.351983e-09
1.978675e-08
1.027566e-08
9.245455e-08
3.044697e-08
8.177453e-08
2.236335e-08
1.988744e-08
6.351993e-09
1.978955e-08
1.027567e-08
9.245457e-08
3.044697e-08
8.177453e-08
2.236335e-08
1.988744e-08
6.351993e-09
1.978955e-08
1.027567e-08
9.245457e-08
3.044697e-08
8.177461e-08
2.236333e-08
1.988745e-08
6.352180e-09
1.982563e-08
1.027248e-08
9.249829e-08
3.069234e-08
8.719451e-08
3.719701e-08
6.451381e-08
1.472332e-08
1.440173e-07
7.182664e-08
1.024906e-07
7.047079e-08
3.458618e-07
2.061017e-07
7.592529e-08
6.466481e-08
3.439526e-08
3.718190e-08
7.649518e-09
2.349377e-08
1.236202e-07
7.109636e-08
1.384018e-08
1.166821e-07
8.404465e-08
2.165240e-07
2.301103e-07
1.063978e-07
1.154606e-07
5.994435e-08
3.454354e-08
3.795911e-08
5.070253e-08
3.462097e-08
1.597648e-07
7.448573e-07
1.380362e-06
1.253979e-06
7.242733e-07
2.724919e-07
4.484970e-08
1.475904e-07
1.674593e-07
3.221909e-07
6.251271e-07
9.422989e-07
1.147507e-07
1.023759e-07
2.498753e-07
1.976033e-07
3.952512e-08
3.593479e-08
1.067586e-06
1.026042e-06
3.068727e-06
4.827423e-06
9.423168e-07
4.312193e-07
4.037908e-08
2.365607e-08
8.762212e-08
4.890659e-07
7.135140e-08
7.971540e-07
8.654489e-06
1.312179e-06
2.602762e-06
3.905176e-07
1.191796e-07
2.614162e-07
2.100791e-07
4.999739e-07
6.078027e-07
5.101549e-08
8.131469e-08
3.513177e-07
2.084830e-06
1.849826e-05
2.832801e-06
1.061577e-06
2.115818e-06
2.019101e-08
1.661693e-08
9.223888e-08
3.975033e-07
3.131771e-07
1.247208e-07
1.434716e-08
7.908463e-09
2.037941e-07
1.081542e-06
2.230693e-06
8.389674e-07
1.893878e-08
4.624149e-08
1.253693e-07
4.826952e-06
6.822128e-07
4.648824e-06
2.397144e-06
1.955065e-06
8.677880e-07
3.657100e-07
5.203976e-06
4.755439e-06
6.099040e-06
1.283063e-06
5.671275e-07
3.008321e-07
3.345318e-07
2.106565e-07
3.536809e-08
3.061207e-07
6.738521e-07
6.005726e-07
1.760404e-07
1.161006e-07
1.502050e-05
1.229474e-07
3.028661e-06
2.281074e-06
2.634851e-07
2.739723e-07
3.860921e-06
4.081358e-05
3.567593e-06
7.818575e-07
5.755290e-07
3.547468e-06
2.077529e-05
3.291309e-06
9.553108e-07
9.804903e-07
7.934976e-07
7.300574e-07
7.937360e-07
8.943816e-07
3.898668e-08
3.757250e-07
6.941950e-07
3.321528e-06
1.448775e-06
1.094848e-06
9.936631e-07
2.245720e-07
1.648715e-09
1.229960e-08
4.413933e-08
1.410579e-08
3.262197e-09
6.124839e-09
2.858865e-08
4.755131e-08
6.247535e-08
3.763230e-08
5.137411e-08
5.878735e-08
1.219420e-07
5.954030e-08
9.388618e-08
1.193804e-07
8.028672e-08
4.912859e-08
1.876315e-08
3.822201e-09
8.095617e-09
4.247313e-09
1.487853e-08
7.765306e-09
1.996861e-08
3.432619e-08
3.948996e-08
1.917911e-08
2.091319e-08
2.665982e-09
5.009979e-09
2.493924e-08
4.081673e-08
2.278147e-08
7.728884e-08
2.019089e-08
2.227438e-08
8.915563e-09
1.926362e-08
8.215537e-09
8.577248e-08
2.346928e-08
7.830355e-08
2.036406e-08
2.231476e-08
8.916403e-09
1.926759e-08
8.215553e-09
8.577250e-08
2.346928e-08
7.830355e-08
2.036406e-08
2.231476e-08
8.916404e-09
1.926759e-08
8.215554e-09
8.577250e-08
2.346928e-08
7.830359e-08
2.036405e-08
2.231477e-08
8.916496e-09
1.928215e-08
8.213735e-09
8.579823e-08
2.358113e-08
8.075948e-08
3.471299e-08
6.540773e-08
1.429907e-08
1.177302e-07
4.909411e-08
7.483690e-08
5.607730e-08
3.294667e-07
2.030031e-07
7.871220e-08
7.361700e-08
3.419993e-08
4.073298e-08
7.714221e-09
1.658502e-08
1.141920e-07
5.767622e-08
1.249330e-08
9.649362e-08
7.469702e-08
1.671625e-07
2.203705e-07
1.354211e-07
1.066305e-07
5.487330e-08
5.395427e-08
4.030348e-08
4.344700e-08
3.045528e-08
1.181615e-07
6.472416e-07
8.179355e-07
5.333516e-07
9.185280e-07
9.699758e-07
3.680167e-07
9.128955e-08
1.409024e-07
3.211163e-07
5.469320e-07
8.724532e-07
1.530552e-07
1.850520e-07
2.244282e-07
1.696294e-07
4.135882e-08
5.526561e-08
1.009867e-06
7.223750e-07
1.183196e-06
2.698590e-06
2.626310e-06
2.634987e-06
1.360774e-07
5.807616e-08
4.371046e-08
4.542226e-07
7.121112e-08
6.453874e-07
8.298821e-06
1.218015e-06
2.602082e-06
5.019984e-07
1.270614e-07
2.280873e-07
1.865467e-07
4.545746e-07
5.860757e-07
8.353055e-08
6.682014e-08
2.060148e-07
1.736506e-06
1.564422e-05
2.832801e-06
3.622681e-06
2.751131e-06
2.268633e-08
1.267626e-08
5.141199e-08
3.643088e-07
3.261400e-07
1.181611e-07
1.431268e-08
8.223504e-09
1.539815e-07
8.590332e-07
1.130699e-06
1.847776e-07
8.680918e-07
3.179210e-07
4.766444e-08
3.012326e-06
5.566137e-07
5.165730e-06
1.434155e-06
2.751081e-06
1.192395e-06
3.900267e-07
4.382288e-06
3.827613e-06
5.367541e-06
1.535765e-06
1.311168e-06
3.827311e-07
3.147763e-07
2.417127e-07
5.177959e-08
2.505763e-07
5.704830e-07
5.503593e-07
1.633570e-07
1.522420e-07
1.957169e-05
8.659494e-08
2.282034e-06
2.058130e-06
8.896231e-07
2.795510e-07
3.298447e-06
3.986837e-05
2.721263e-06
8.598311e-07
1.190002e-06
3.476289e-06
1.670781e-05
2.588332e-06
3.200235e-06
1.468114e-06
8.872275e-07
8.576145e-07
7.548342e-07
9.638666e-07
3.808347e-08
3.502260e-07
5.885577e-07
2.989640e-06
1.416006e-06
1.256094e-06
1.057943e-06
2.962379e-07
3.616851e-09
2.756684e-10
1.874986e-08
1.215610e-08
2.309374e-09
9.194024e-10
8.584725e-09
3.312280e-09
6.851717e-09
1.220825e-08
4.452912e-08
2.920487e-08
9.798914e-08
8.994870e-09
5.723753e-08
9.799905e-08
3.965312e-08
4.703195e-08
2.373899e-09
2.358778e-09
6.659285e-09
1.397394e-09
1.032860e-08
5.328643e-10
2.774770e-09
2.157881e-08
3.218867e-08
1.002757e-08
2.024148e-08
8.514315e-10
8.274611e-10
2.047462e-08
4.738510e-09
6.713500e-09
1.329692e-08
1.087090e-08
1.888166e-08
3.570603e-09
1.787994e-08
1.386682e-09
4.972569e-08
7.369160e-09
1.336505e-08
1.121791e-08
1.909968e-08
3.574760e-09
1.788692e-08
1.386707e-09
4.972572e-08
7.369167e-09
1.336505e-08
1.121791e-08
1.909968e-08
3.574761e-09
1.788692e-08
1.386707e-09
4.972572e-08
7.369167e-09
1.336506e-08
1.121791e-08
1.909969e-08
3.574771e-09
1.789361e-08
1.386655e-09
4.973769e-08
7.377941e-09
1.354626e-08
1.227264e-08
6.043275e-08
5.003924e-09
6.588387e-08
8.652315e-09
9.479536e-09
8.406187e-09
2.291004e-07
1.515850e-07
5.648309e-08
7.126928e-08
3.285300e-08
2.467340e-08
7.861114e-09
9.904814e-10
5.342036e-08
2.855443e-08
1.173110e-09
3.617296e-08
6.028769e-08
8.529640e-08
1.660177e-07
6.660656e-08
8.842220e-08
6.440986e-08
2.477573e-08
1.503821e-08
3.118575e-08
1.618602e-08
3.354196e-08
1.965406e-07
2.776415e-07
2.885357e-07
3.450657e-07
3.007156e-07
1.587254e-07
2.132203e-07
2.167090e-07
6.902243e-08
1.519256e-07
7.756202e-07
8.419238e-08
8.266096e-08
5.259686e-08
1.393358e-07
3.916375e-08
2.008840e-08
6.008581e-07
3.794661e-07
6.891118e-08
2.159490e-06
5.589570e-07
4.587021e-07
1.831752e-06
2.016619e-07
6.019613e-08
2.219852e-07
5.907565e-08
5.412622e-07
4.598927e-06
6.867094e-07
2.305677e-06
4.296303e-07
1.048080e-07
2.260540e-07
6.838349e-08
3.848523e-07
3.910154e-07
4.280583e-08
6.986684e-08
1.609746e-08
5.680158e-07
1.016741e-05
2.668907e-06
1.061577e-06
2.751131e-06
1.160141e-06
1.945275e-09
2.415760e-08
2.547329e-07
2.681967e-07
1.022754e-07
1.076334e-08
5.513884e-09
9.276867e-08
3.656082e-07
5.902352e-07
9.457125e-08
2.115733e-08
7.633056e-08
5.152675e-07
1.545041e-06
4.221222e-07
1.228310e-06
9.414427e-07
2.904995e-06
6.511586e-07
3.232170e-07
2.487155e-06
2.209178e-06
3.631427e-06
9.954098e-07
6.426989e-07
5.901353e-07
8.358088e-07
2.463272e-07
3.253720e-08
2.888559e-08
4.984537e-07
1.594145e-07
1.224860e-07
9.442006e-08
2.318669e-05
1.098806e-07
1.534327e-06
1.525817e-06
8.710453e-08
1.203734e-07
1.954261e-06
3.562226e-05
1.069341e-06
5.206027e-07
4.478408e-07
3.202560e-06
1.019540e-05
1.254973e-06
5.691141e-07
9.121330e-07
2.834806e-06
8.596131e-07
7.321217e-07
9.155141e-07
3.113450e-08
2.745671e-07
3.172155e-07
2.041076e-06
4.813016e-07
1.031279e-06
1.002115e-06
3.995760e-07
1.540787e-08
7.839887e-10
8.659408e-10
5.910222e-10
4.105105e-10
1.014309e-10
2.123495e-10
4.806312e-10
1.512751e-10
4.001610e-10
2.196851e-09
1.279106e-08
2.416795e-08
1.707284e-09
2.802343e-09
1.344868e-08
6.867409e-09
4.083489e-09
1.427845e-09
4.300547e-10
9.026228e-10
2.514852e-10
5.195397e-10
1.543871e-10
4.634555e-11
5.975657e-10
4.223512e-09
2.953479e-09
1.480521e-09
5.394031e-10
1.771148e-10
3.320179e-10
3.687092e-10
2.314355e-10
5.739628e-10
5.547929e-10
2.141643e-09
1.625922e-09
2.553441e-09
1.708938e-10
6.705851e-10
9.316600e-10
6.896034e-10
6.092438e-10
2.226281e-09
1.639800e-09
2.568074e-09
1.711203e-10
6.706274e-10
9.316865e-10
6.896043e-10
6.092439e-10
2.226284e-09
1.639807e-09
2.568074e-09
1.711203e-10
6.706274e-10
9.316865e-10
6.896044e-10
6.092438e-10
2.226284e-09
1.639810e-09
2.568473e-09
1.711173e-10
6.707257e-10
9.324908e-10
6.947358e-10
6.352069e-10
3.190311e-09
2.453574e-09
6.337872e-09
6.263773e-10
4.831433e-10
4.386688e-10
7.389432e-09
2.587136e-08
2.004926e-08
2.045153e-08
1.138049e-08
1.453236e-08
5.749597e-09
1.244292e-10
7.517915e-10
3.397116e-09
1.859228e-10
3.893818e-10
3.200326e-09
1.764975e-08
2.015943e-08
1.570141e-08
1.928798e-08
5.857229e-09
7.558876e-09
1.172942e-08
1.454985e-09
1.021649e-09
2.231617e-09
9.053576e-09
1.322108e-08
1.613035e-08
2.399536e-08
7.365065e-08
1.916774e-08
7.617760e-09
1.359844e-08
2.291092e-08
1.395138e-08
2.925872e-08
3.386101e-08
2.802486e-08
1.330826e-08
9.716943e-09
4.416929e-09
5.295246e-09
1.148709e-07
7.219803e-08
3.848284e-09
2.152964e-08
1.042478e-07
1.987067e-07
2.770306e-08
3.303578e-08
5.884862e-08
3.497684e-08
3.699361e-09
1.624214e-07
4.927438e-07
2.112366e-08
1.196348e-07
2.968405e-07
6.929663e-08
2.648268e-08
6.336920e-09
4.872380e-08
1.465735e-07
2.951713e-08
4.353719e-09
6.873915e-09
2.154762e-08
6.266503e-07
2.260815e-07
6.088250e-07
2.115818e-06
2.268633e-08
1.945275e-09
2.026600e-09
8.690464e-08
6.126678e-08
6.007219e-09
6.235512e-09
2.288972e-09
7.131518e-09
2.180434e-08
6.262552e-08
2.093877e-08
1.361188e-08
2.411331e-08
1.744940e-08
4.765591e-08
3.349959e-08
2.242561e-07
2.175908e-07
2.213119e-07
2.751361e-07
1.352961e-07
3.190432e-07
1.904284e-07
5.346612e-07
4.688367e-07
2.000997e-07
2.518093e-07
1.233584e-07
1.316921e-07
6.940755e-08
3.864137e-09
2.827158e-08
1.851993e-08
1.166247e-08
4.806190e-08
2.490284e-05
8.868616e-09
2.501870e-07
6.564869e-08
2.050374e-08
1.795630e-08
2.264585e-07
1.402868e-05
2.279657e-07
3.247355e-08
1.110698e-07
1.880395e-06
2.440617e-06
9.916665e-08
2.090611e-07
5.615618e-07
2.219291e-07
3.148492e-07
1.409341e-07
5.241216e-07
2.246357e-08
1.236271e-08
1.850847e-08
2.355942e-07
5.361693e-08
7.342292e-08
5.901401e-07
2.237852e-07
3.146613e-09
1.705669e-09
1.357481e-09
1.456850e-09
1.419503e-10
5.661670e-11
1.447913e-10
8.732016e-09
1.544804e-09
4.730860e-10
8.865581e-10
4.286669e-09
2.014028e-08
4.078941e-10
2.673170e-09
1.061482e-08
7.366562e-09
2.048524e-09
1.148147e-09
1.971530e-08
2.050361e-09
1.147706e-09
6.730774e-10
2.387648e-10
3.819074e-10
1.251471e-10
1.221378e-09
4.476967e-09
5.231484e-10
3.647076e-10
9.386594e-09
7.395219e-10
4.454111e-10
1.675109e-10
2.980303e-10
3.344642e-10
9.497592e-10
7.681932e-10
2.418930e-09
1.710396e-10
7.802067e-10
5.441610e-10
4.718636e-10
4.677600e-10
1.293126e-09
7.716444e-10
2.653337e-09
1.804312e-10
7.825647e-10
5.444154e-10
4.718910e-10
4.677607e-10
1.293150e-09
7.716668e-10
2.653345e-09
1.804314e-10
7.825648e-10
5.444155e-10
4.718910e-10
4.677606e-10
1.293150e-09
7.716675e-10
2.653631e-09
1.804307e-10
7.825938e-10
5.445297e-10
4.738570e-10
4.753482e-10
1.534667e-09
9.677474e-10
5.625828e-09
3.475868e-10
6.673823e-10
9.645300e-10
2.821736e-09
7.921314e-09
1.080021e-08
1.527909e-08
1.299906e-08
1.009140e-08
3.770211e-08
6.590307e-10
1.914599e-09
4.814678e-09
4.913491e-10
5.082727e-10
1.543772e-09
5.956001e-09
1.301041e-08
9.878980e-09
3.820541e-08
2.617569e-09
6.095221e-09
1.781312e-07
3.163332e-09
1.133322e-09
1.899636e-09
3.671309e-09
5.260507e-09
7.134566e-09
1.116577e-08
3.105016e-08
1.164007e-08
1.182568e-08
7.612151e-09
1.223518e-08
1.794384e-08
1.332173e-08
1.456583e-08
1.666824e-08
8.253982e-09
1.472930e-08
5.020977e-09
2.708376e-09
5.262979e-08
5.376565e-08
1.717012e-09
8.964780e-09
2.914343e-08
2.035805e-07
3.213459e-08
4.452720e-09
1.384053e-07
3.289557e-08
1.413762e-08
1.266729e-08
3.294966e-07
4.325546e-09
8.914076e-09
1.285583e-07
6.389474e-08
2.565073e-08
1.196331e-08
6.652935e-08
6.136489e-08
5.751762e-08
3.476322e-09
3.823441e-09
8.227692e-08
1.277376e-07
4.287386e-08
2.161381e-07
1.864870e-06
2.019101e-08
1.267626e-08
2.415760e-08
8.690464e-08
2.392966e-07
7.044074e-10
1.752081e-09
2.643117e-09
3.036863e-09
6.578477e-09
3.021006e-08
8.848008e-09
7.461276e-09
2.929215e-08
2.058155e-08
2.563166e-08
9.466657e-09
1.552574e-08
2.014048e-07
5.141978e-08
2.258521e-07
2.388994e-08
2.970905e-07
1.056628e-07
2.437810e-07
4.988947e-07
1.394264e-07
2.997598e-07
8.622729e-08
1.186919e-07
2.552220e-07
5.568894e-08
4.725593e-08
3.327202e-08
1.109523e-08
1.178602e-08
4.162347e-05
6.391862e-09
6.788571e-08
4.813584e-08
3.387322e-09
3.749003e-08
7.094370e-08
1.124490e-05
2.398772e-07
1.007748e-08
3.619140e-08
1.699660e-06
2.251066e-06
3.267789e-08
6.852015e-08
5.136427e-07
2.122702e-07
2.766576e-07
5.349986e-08
3.231275e-07
2.396962e-07
4.678654e-09
8.985731e-09
1.144188e-07
3.046309e-08
3.430757e-08
3.414232e-07
1.728731e-07
5.462060e-09
5.596253e-09
2.975850e-08
2.161389e-08
6.332383e-09
2.771546e-11
1.201635e-10
8.717231e-09
3.247367e-09
1.777768e-09
5.581214e-10
6.083943e-10
2.528073e-09
1.433615e-10
2.933993e-09
1.068916e-08
1.844238e-09
7.550725e-10
5.283283e-09
2.236511e-08
4.562645e-09
2.519892e-09
1.159628e-09
5.234982e-10
4.391269e-10
1.516214e-10
3.277292e-10
2.269666e-10
1.833642e-10
3.222665e-09
1.020103e-08
1.562705e-09
1.446967e-09
1.911291e-10
3.442365e-10
1.755747e-10
2.064131e-10
3.481743e-10
8.553623e-10
1.618883e-10
7.860564e-10
8.694381e-10
2.355564e-10
4.289624e-10
1.040928e-09
2.654521e-10
1.187035e-09
1.789733e-10
7.925850e-10
8.719361e-10
2.356320e-10
4.289655e-10
1.041026e-09
2.655288e-10
1.187046e-09
1.789741e-10
7.925852e-10
8.719363e-10
2.356320e-10
4.289655e-10
1.041026e-09
2.655289e-10
1.187071e-09
1.789740e-10
7.925891e-10
8.719653e-10
2.356831e-10
4.312079e-10
1.072591e-09
2.824676e-10
1.440084e-09
2.004198e-10
8.778617e-10
1.328943e-09
1.059740e-09
9.204974e-10
1.746451e-09
6.164335e-09
1.344080e-08
7.289770e-09
4.443145e-08
2.425270e-09
4.488112e-09
2.132412e-08
8.697698e-10
8.857265e-10
4.921884e-09
9.970606e-10
5.962554e-09
1.742717e-08
2.408179e-08
1.734595e-09
1.112174e-08
2.178141e-07
4.360386e-09
8.378722e-10
1.738847e-09
5.724854e-10
5.336323e-10
6.661981e-10
7.391968e-10
4.960446e-09
4.856010e-09
4.752603e-09
6.391275e-09
1.213331e-08
5.748467e-09
1.258475e-09
2.940714e-09
3.987470e-09
3.211089e-09
5.278682e-09
1.752027e-09
3.457035e-09
1.328713e-08
7.062169e-09
3.554500e-10
4.596213e-09
2.541161e-08
2.306812e-08
9.661112e-09
3.779170e-08
1.432946e-07
1.830816e-08
3.801705e-09
9.152689e-09
2.871461e-08
7.873025e-10
1.411820e-09
1.492246e-08
3.688906e-08
1.499988e-08
1.698083e-08
1.447529e-07
7.287363e-08
2.842557e-08
1.809661e-09
1.916291e-08
9.183673e-08
7.350970e-08
8.583042e-09
3.605160e-08
5.587985e-07
1.136180e-08
1.661693e-08
5.141199e-08
2.547329e-07
6.126678e-08
7.044074e-10
2.616901e-07
8.283124e-10
8.552790e-10
5.285067e-09
2.100485e-08
6.640476e-09
2.921527e-09
2.265374e-08
7.752319e-09
1.096902e-08
6.333135e-08
8.749300e-09
9.199811e-09
1.002483e-08
6.146106e-08
1.808725e-08
1.413157e-07
8.464617e-08
1.360538e-07
5.631236e-07
1.066093e-07
1.866521e-07
5.686156e-08
1.274779e-07
4.244584e-07
8.445256e-08
1.138144e-07
9.431984e-08
3.878392e-08
3.236046e-09
4.613876e-05
4.289697e-09
3.381535e-08
3.171960e-08
5.045276e-09
1.782877e-08
1.841056e-08
5.508315e-06
1.415666e-07
6.146663e-09
1.325703e-08
9.072218e-07
1.286893e-06
3.163482e-08
4.448596e-08
2.964476e-07
2.301684e-08
3.776109e-08
3.430441e-08
2.522198e-07
2.689338e-07
5.892171e-09
9.999136e-09
1.468928e-07
2.620328e-08
1.653589e-08
1.829962e-07
1.765199e-08
3.769170e-09
1.370350e-08
5.270447e-08
5.876517e-08
1.453951e-08
1.544096e-09
8.792462e-11
8.717312e-09
3.257952e-09
2.336544e-09
4.557865e-09
2.711798e-10
7.396818e-10
3.366797e-10
2.196686e-09
1.004924e-08
3.211720e-09
1.035784e-09
3.111998e-09
2.462667e-08
1.191969e-08
1.156912e-08
3.903137e-09
8.410306e-10
9.586485e-10
1.969198e-10
1.084678e-09
2.464600e-10
1.878312e-10
2.761880e-10
1.029474e-08
5.001818e-09
6.750291e-09
1.562198e-09
4.966919e-10
3.571134e-10
9.915686e-11
3.107178e-10
6.940363e-10
2.262673e-10
1.082228e-09
9.901512e-10
6.662469e-10
4.181611e-10
1.927035e-09
2.895636e-10
1.029922e-09
3.448371e-10
1.144610e-09
9.993225e-10
6.689155e-10
4.181708e-10
1.928018e-09
2.902892e-10
1.029972e-09
3.448424e-10
1.144612e-09
9.993238e-10
6.689155e-10
4.181708e-10
1.928018e-09
2.902892e-10
1.029975e-09
3.448424e-10
1.144614e-09
9.993307e-10
6.689343e-10
4.183317e-10
1.942112e-09
2.922609e-10
1.060635e-09
3.476550e-10
1.176275e-09
1.425216e-09
1.388812e-09
4.209737e-10
8.271283e-10
1.640154e-09
1.218534e-08
6.504133e-09
4.764793e-08
9.191821e-09
1.584723e-08
4.263029e-08
1.390706e-08
1.911675e-09
1.027732e-08
2.365155e-09
3.060347e-09
2.546194e-08
2.371300e-08
1.961092e-09
5.876782e-09
2.683872e-07
2.270113e-08
2.855261e-09
3.658880e-09
1.246514e-09
5.241430e-10
5.561456e-10
4.257684e-10
1.454334e-09
1.112283e-09
5.287705e-09
9.061508e-09
1.475865e-08
7.619217e-09
1.969172e-09
1.576603e-09
1.855070e-09
1.986572e-09
6.343342e-09
3.335543e-09
4.079117e-09
5.086370e-09
7.349967e-09
1.594634e-09
3.631813e-09
2.320599e-08
2.555923e-08
6.049216e-09
1.760756e-08
1.372283e-07
5.754593e-08
1.384378e-08
6.274894e-09
2.287840e-08
1.668213e-09
1.936712e-09
1.650249e-08
1.479835e-08
1.753360e-08
3.373079e-08
1.635707e-07
2.011448e-07
4.402772e-08
6.567540e-09
3.388065e-09
9.757055e-08
9.808899e-08
5.877887e-08
1.518112e-08
1.819402e-07
7.843426e-09
1.873962e-08
9.223888e-08
3.643088e-07
2.681967e-07
6.007219e-09
1.752081e-09
8.283124e-10
2.359846e-06
6.542071e-09
2.764833e-08
8.783705e-09
2.791687e-09
1.752169e-08
7.169812e-09
2.783241e-08
1.145190e-07
4.210724e-08
6.413291e-09
2.553106e-09
2.656457e-08
1.581025e-08
8.352286e-08
1.258733e-07
9.801571e-08
6.432085e-07
7.860117e-08
1.412972e-07
9.740590e-08
1.376163e-07
6.290119e-07
1.544232e-07
2.148863e-07
2.021163e-07
2.936120e-07
1.848971e-08
8.460147e-05
1.241691e-08
2.417456e-08
5.740619e-08
6.072562e-09
3.691670e-08
6.089720e-09
3.378422e-06
1.892650e-07
6.876694e-08
9.352431e-09
4.173234e-07
1.098070e-06
4.419111e-08
1.017364e-07
2.456466e-07
2.025796e-08
1.917101e-08
3.004376e-08
2.086413e-07
3.514491e-07
3.908340e-08
2.943533e-08
2.075000e-07
1.328695e-07
2.410250e-08
1.698601e-07
1.111510e-08
5.434632e-09
3.856403e-08
9.360648e-08
7.132561e-08
4.898058e-08
4.916473e-09
8.093300e-09
8.586224e-09
3.245316e-09
2.344831e-09
5.531351e-09
1.161123e-09
9.703081e-10
1.643849e-10
3.078617e-09
1.065371e-08
2.253816e-09
2.347904e-09
2.299232e-08
2.655079e-08
9.588131e-09
1.462896e-08
1.942742e-08
3.507376e-09
2.118302e-09
6.094478e-10
1.227866e-09
8.042721e-10
6.858801e-10
6.645334e-10
1.061306e-08
2.009642e-09
7.576090e-09
1.003639e-08
2.121291e-09
7.498018e-10
2.229673e-10
3.562414e-10
7.805612e-10
5.102593e-10
1.142114e-09
1.422294e-09
9.901626e-10
7.946651e-10
3.204912e-09
5.451695e-10
1.829563e-09
5.551350e-10
1.364407e-09
1.558892e-09
1.003450e-09
7.948040e-10
3.207725e-09
5.576171e-10
1.830313e-09
5.552226e-10
1.364413e-09
1.558910e-09
1.003450e-09
7.948041e-10
3.207726e-09
5.576178e-10
1.830315e-09
5.552226e-10
1.364414e-09
1.558916e-09
1.003461e-09
7.948880e-10
3.213334e-09
5.587777e-10
1.848942e-09
5.566881e-10
1.365678e-09
2.005681e-09
1.638775e-09
6.823913e-10
3.704763e-09
2.063807e-09
1.061382e-08
5.294971e-09
4.788858e-08
1.258282e-08
3.455014e-08
8.395645e-08
1.860129e-08
1.805911e-08
2.051723e-08
2.517219e-09
5.727926e-09
2.370353e-08
2.444475e-08
3.892201e-09
5.271515e-09
2.790658e-07
3.528793e-08
8.136452e-09
1.533283e-08
8.001791e-09
1.340632e-09
1.109244e-09
5.819562e-10
1.275187e-09
9.771104e-10
4.021861e-09
5.891864e-09
1.703338e-08
1.311195e-08
2.895583e-09
4.483796e-09
4.539631e-09
1.427032e-09
5.419792e-09
5.254828e-09
6.049049e-09
8.437874e-09
7.874653e-09
9.836669e-10
5.421007e-09
2.320482e-08
2.130870e-08
1.114366e-08
7.991953e-09
1.420088e-07
4.602271e-08
7.820951e-09
5.751120e-08
3.127919e-08
1.470307e-09
1.935669e-09
3.804160e-08
1.752198e-08
1.136636e-08
4.458505e-08
1.693330e-07
2.172102e-07
9.631479e-08
1.896549e-08
4.890755e-09
1.087027e-07
6.881494e-08
9.245442e-08
7.135131e-08
9.345688e-08
3.767994e-09
1.730512e-08
9.730480e-08
3.975033e-07
3.261400e-07
1.022754e-07
6.235512e-09
2.643117e-09
8.552790e-10
6.542071e-09
3.992504e-04
1.213935e-08
4.117086e-09
2.760435e-08
8.411879e-09
1.013838e-08
1.556962e-07
1.983795e-07
1.672323e-08
3.934156e-09
1.471062e-08
2.148155e-08
4.717080e-08
1.599636e-07
9.142535e-08
6.389664e-07
9.247114e-08
1.350577e-07
6.730499e-08
1.474630e-07
8.133573e-07
2.005292e-07
3.303990e-07
3.065003e-07
4.163240e-07
2.460328e-07
2.953433e-04
4.802404e-08
2.723743e-08
6.546110e-08
9.348188e-09
4.932973e-08
2.028990e-08
1.732422e-06
1.916014e-07
3.403395e-07
2.876944e-08
3.435617e-07
7.077147e-07
4.233821e-08
1.560425e-07
2.589369e-07
2.956398e-08
2.397604e-08
4.491759e-08
1.987757e-07
4.139112e-07
9.100119e-08
4.718592e-08
5.591715e-07
1.723799e-07
6.882225e-08
2.293197e-07
1.363481e-08
1.453258e-08
4.725604e-08
1.191659e-07
1.043716e-07
5.242397e-08
3.674694e-08
1.986865e-08
2.766321e-09
2.366232e-09
2.130983e-09
5.403577e-09
1.120581e-09
1.011253e-09
8.149418e-11
1.092934e-09
4.712575e-09
2.732374e-09
3.131875e-09
2.397588e-08
1.256645e-08
8.692391e-09
1.489860e-08
1.588834e-08
4.105504e-09
2.418346e-09
7.575110e-10
1.241537e-09
7.880857e-10
8.948328e-10
5.212209e-10
2.770674e-09
1.667261e-09
7.520185e-09
7.115978e-09
2.442287e-09
9.713742e-10
2.087868e-10
3.153926e-10
4.099912e-10
4.457190e-10
7.521025e-10
1.125005e-09
8.692633e-10
6.752789e-10
3.342786e-09
5.001837e-10
1.583263e-09
5.357884e-10
9.470227e-10
1.314903e-09
8.995644e-10
6.755428e-10
3.350641e-09
5.221931e-10
1.584896e-09
5.359800e-10
9.470341e-10
1.314926e-09
8.995641e-10
6.755430e-10
3.350642e-09
5.221942e-10
1.584897e-09
5.359801e-10
9.470342e-10
1.314927e-09
8.995682e-10
6.755601e-10
3.353150e-09
5.222990e-10
1.593823e-09
5.362790e-10
9.475783e-10
1.388413e-09
1.326776e-09
6.400042e-10
3.833817e-09
1.330996e-09
4.378992e-09
2.597933e-09
3.362853e-08
1.226954e-08
3.556744e-08
8.583209e-08
2.522828e-08
2.262154e-08
3.653912e-08
2.139073e-09
5.376924e-09
2.194232e-08
4.521232e-09
3.665351e-09
6.367398e-09
1.911746e-07
3.491185e-08
9.229436e-09
1.087212e-08
9.947026e-09
2.496359e-09
1.002372e-09
5.026722e-10
7.464339e-10
4.412772e-10
1.094719e-09
2.856064e-09
9.350862e-09
8.061183e-09
4.579586e-09
3.746782e-09
2.689258e-09
1.176754e-09
2.127921e-09
3.593227e-09
4.817338e-09
6.542006e-09
6.201931e-09
1.099638e-09
4.141541e-09
1.510769e-08
1.310367e-08
1.049221e-08
8.445710e-09
1.968944e-08
2.527278e-08
1.039082e-08
3.868651e-08
2.133032e-08
4.573392e-09
5.748398e-09
3.466267e-08
1.453791e-08
1.124582e-08
3.990592e-08
1.330407e-07
2.008303e-07
9.577105e-08
2.219251e-08
7.311429e-09
7.110391e-08
4.780456e-08
1.010096e-07
5.491891e-08
5.871932e-08
2.429854e-09
1.041967e-08
8.182962e-08
3.653166e-07
3.131771e-07
1.181611e-07
1.076334e-08
2.288972e-09
3.036863e-09
5.285067e-09
2.764833e-08
1.213935e-08
5.658272e-04
2.662780e-08
1.002415e-08
1.276381e-08
1.534693e-07
7.575100e-08
1.303167e-08
1.513221e-07
1.797307e-08
1.277241e-08
4.676245e-08
1.285955e-07
5.873842e-08
4.964258e-07
7.020651e-08
8.235501e-08
4.690764e-08
1.539229e-07
6.959011e-07
2.222752e-07
4.539148e-07
3.456563e-07
4.701941e-07
3.138726e-07
5.614222e-04
8.162790e-08
5.266695e-08
5.266549e-08
1.436683e-08
5.287105e-08
2.394454e-08
1.617558e-06
9.886580e-08
4.750303e-07
3.650796e-08
1.464350e-07
2.879569e-07
3.336359e-08
1.400723e-07
1.684718e-07
3.792613e-08
3.054317e-08
4.037814e-08
1.105476e-07
3.382551e-07
1.422782e-07
6.413935e-08
5.821881e-07
1.857757e-07
7.937110e-08
2.844776e-07
1.421923e-08
1.965653e-08
4.968688e-08
9.998814e-08
9.815086e-08
5.299614e-08
3.941770e-08
2.425233e-08
4.402630e-09
7.198228e-09
8.304452e-10
5.100967e-09
1.086391e-09
8.661823e-10
8.506374e-11
4.571935e-10
1.152480e-09
2.206887e-09
2.275919e-09
2.438393e-08
9.812241e-09
7.198394e-09
1.363988e-08
1.573537e-08
4.109280e-09
4.107036e-09
1.303046e-09
1.040500e-09
8.979738e-10
1.011077e-09
1.036484e-09
6.374326e-10
7.567189e-10
6.287853e-09
7.209333e-09
2.470339e-09
1.354083e-09
4.190551e-10
1.823177e-10
3.489629e-10
4.560863e-10
4.968661e-10
6.658608e-10
7.586204e-10
6.152193e-10
2.884324e-09
6.421596e-10
1.194643e-09
7.163289e-10
7.548369e-10
8.446433e-10
8.267700e-10
6.199436e-10
2.899939e-09
8.039503e-10
1.197320e-09
7.170812e-10
7.548767e-10
8.446907e-10
8.267695e-10
6.199445e-10
2.899940e-09
8.039584e-10
1.197320e-09
7.170813e-10
7.548767e-10
8.446908e-10
8.267699e-10
6.199492e-10
2.900388e-09
8.039931e-10
1.197970e-09
7.172231e-10
7.552138e-10
8.521526e-10
8.689072e-10
6.552068e-10
3.631250e-09
1.388799e-09
1.587626e-09
1.102378e-09
6.635578e-09
1.157376e-08
3.357200e-08
7.684047e-08
3.120205e-08
2.729815e-08
5.183407e-08
3.738144e-09
4.540356e-09
1.470826e-08
2.829478e-09
2.903352e-09
1.941717e-09
1.253802e-07
3.589402e-08
9.654001e-09
1.009268e-08
1.105271e-08
1.755590e-09
1.895816e-09
7.617698e-10
3.516590e-10
4.955589e-10
1.393352e-09
1.124194e-09
4.635680e-09
4.848681e-09
2.635437e-09
3.655334e-09
4.282206e-09
1.156779e-09
1.487152e-09
3.864255e-09
2.944505e-09
4.953325e-09
5.261462e-09
1.336545e-09
2.863279e-09
1.031526e-08
8.541734e-09
9.455522e-09
9.626183e-09
9.958672e-09
1.581748e-08
4.663527e-09
2.064470e-08
2.112945e-08
1.760843e-08
5.232428e-09
5.235355e-08
1.058961e-08
1.315096e-08
4.888655e-08
4.286819e-08
1.612101e-07
8.598774e-08
2.364265e-08
8.957154e-09
4.333290e-08
3.701505e-08
1.065792e-07
5.664260e-08
2.264224e-08
3.756829e-09
5.677255e-09
5.331301e-08
2.285637e-07
2.871840e-07
1.247208e-07
1.431268e-08
5.513884e-09
7.131518e-09
6.578477e-09
2.100485e-08
8.783705e-09
4.117086e-09
2.662780e-08
1.196929e-03
1.715854e-08
1.323431e-07
7.610551e-08
1.050122e-08
8.961633e-09
8.566078e-09
1.888151e-07
5.028654e-08
1.269040e-07
6.295295e-08
1.817253e-07
5.414532e-08
5.819007e-08
3.129334e-08
9.981781e-08
5.017528e-07
2.631310e-07
4.071738e-07
3.498901e-07
5.421674e-07
3.420041e-07
9.335793e-04
2.622931e-07
1.011037e-07
4.234291e-08
1.214752e-08
4.979637e-08
4.050295e-08
1.361694e-06
8.085370e-08
6.165978e-07
4.047514e-08
5.752608e-08
9.283666e-08
1.965015e-08
1.353700e-07
6.814741e-08
3.551418e-08
5.231989e-08
4.045871e-08
5.999103e-08
2.119895e-07
2.259249e-07
5.991654e-08
6.392172e-07
1.962249e-07
9.504355e-08
3.952589e-07
2.161862e-08
2.556737e-08
5.025199e-08
9.286496e-08
6.093180e-08
4.550510e-08
3.888020e-08
2.779018e-08
1.184441e-08
1.600728e-08
1.655044e-08
2.530206e-09
1.030289e-09
8.254156e-10
9.936548e-11
5.688082e-10
2.182043e-10
3.941193e-10
3.073909e-09
3.265666e-08
5.750514e-09
1.335608e-08
1.608753e-08
1.381036e-08
3.951346e-09
7.282444e-09
1.037492e-08
5.300583e-10
1.004299e-09
2.649263e-09
1.825328e-09
1.383917e-09
2.068272e-10
2.350135e-09
7.798375e-09
2.194895e-09
1.980213e-09
3.178061e-09
1.984895e-10
2.100145e-10
1.273550e-09
8.419108e-10
6.834899e-10
4.513333e-10
5.524609e-10
3.070708e-09
8.054912e-10
1.896371e-09
1.052809e-09
1.672003e-09
1.067972e-09
6.329963e-10
5.621884e-10
3.185517e-09
1.311901e-09
1.920827e-09
1.054919e-09
1.672402e-09
1.068327e-09
6.329929e-10
5.621914e-10
3.185523e-09
1.311926e-09
1.920827e-09
1.054919e-09
1.672402e-09
1.068327e-09
6.329930e-10
5.621922e-10
3.185809e-09
1.311933e-09
1.921085e-09
1.054925e-09
1.672576e-09
1.070092e-09
6.418663e-10
5.788783e-10
4.294881e-09
1.790567e-09
1.726161e-09
2.434893e-09
2.968332e-09
5.490815e-09
2.946687e-08
6.193303e-08
3.329189e-08
3.773816e-08
1.036518e-07
9.744459e-09
1.698699e-08
4.087605e-09
1.951797e-09
2.904362e-09
7.231059e-10
6.747136e-08
2.997944e-08
9.604594e-09
1.282558e-08
1.314298e-08
2.121824e-09
9.235380e-09
2.083297e-09
7.172959e-10
7.427030e-10
1.301709e-09
3.374525e-09
1.570026e-08
5.588841e-09
2.104009e-09
6.961394e-09
5.432158e-09
2.066514e-09
4.858731e-09
1.404791e-08
4.320575e-09
4.534574e-09
5.044270e-09
3.063760e-09
4.842202e-09
5.550506e-09
1.134399e-08
1.403734e-08
1.093080e-08
9.136841e-09
2.005441e-08
5.642291e-09
3.284892e-08
1.250665e-08
2.282915e-09
2.399190e-08
8.999558e-08
1.980860e-08
2.119635e-08
9.983228e-08
1.979894e-08
5.670448e-08
8.019646e-08
2.713177e-08
7.246616e-09
3.857644e-08
3.763598e-08
1.436395e-07
6.790664e-08
1.307444e-08
4.150211e-09
2.636053e-08
1.485014e-08
1.008095e-07
1.932373e-07
1.408703e-07
1.434716e-08
8.223504e-09
9.276867e-08
2.180434e-08
3.021006e-08
6.640476e-09
2.791687e-09
2.760435e-08
1.002415e-08
1.715854e-08
1.856506e-03
1.073353e-07
1.648328e-08
1.097124e-08
1.004359e-08
1.312353e-08
2.309833e-08
5.280878e-07
2.446267e-07
1.394168e-07
5.882409e-08
6.289819e-08
3.177737e-08
1.093690e-07
3.493078e-07
2.299090e-07
5.465343e-07
3.892965e-07
4.745858e-07
3.861016e-07
1.587256e-03
1.201641e-06
8.044270e-07
2.984350e-08
9.100959e-09
6.146300e-08
3.681360e-08
1.685166e-06
5.677105e-08
1.778059e-06
7.319005e-08
4.958989e-08
4.795439e-08
1.163312e-08
1.784425e-07
4.081143e-08
5.141876e-08
9.519702e-08
5.278547e-08
6.528953e-08
1.919190e-07
5.229258e-07
9.993011e-08
7.584633e-07
1.841132e-07
1.432600e-07
9.362470e-07
5.182733e-08
5.268510e-08
4.630922e-08
8.976118e-08
8.872608e-08
1.850449e-08
3.914597e-08
2.993875e-08
3.412035e-08
1.255836e-07
4.913056e-08
7.922047e-09
2.282294e-10
4.001056e-10
7.778218e-11
5.147259e-10
4.767929e-10
4.227679e-10
5.212517e-10
4.645115e-09
1.007424e-08
3.935315e-08
3.905652e-08
4.405679e-09
2.516166e-09
1.063194e-08
1.709363e-08
3.331598e-09
1.220380e-09
4.474494e-09
6.581258e-09
1.532731e-09
1.431077e-09
1.218069e-09
7.739771e-10
4.195013e-09
5.442210e-09
4.373805e-09
1.070976e-09
2.958549e-10
1.988954e-09
3.694172e-09
5.280584e-10
6.835070e-10
8.081282e-10
1.501695e-09
1.325715e-09
1.836989e-09
6.588414e-09
2.944455e-09
2.027122e-09
1.416633e-09
7.166510e-10
1.687183e-09
3.971395e-09
1.899398e-09
6.620101e-09
2.945625e-09
2.029387e-09
1.416612e-09
7.166666e-10
1.687194e-09
3.971527e-09
1.899399e-09
6.620109e-09
2.945625e-09
2.029386e-09
1.416612e-09
7.166667e-10
1.687219e-09
3.971530e-09
1.899431e-09
6.620111e-09
2.945625e-09
2.029876e-09
1.418189e-09
7.213543e-10
1.806009e-09
4.318423e-09
2.052472e-09
8.244850e-09
4.533662e-09
1.785042e-09
6.202300e-09
3.135185e-08
3.570800e-08
4.111825e-08
1.203298e-07
2.273310e-08
3.383249e-08
2.290730e-08
8.728629e-10
1.973287e-09
2.176934e-09
4.337914e-09
9.187814e-09
5.514084e-08
8.620695e-09
1.035445e-08
5.748428e-09
1.887240e-08
1.090535e-08
2.494560e-09
3.513160e-09
8.403612e-09
1.159862e-09
1.533080e-09
3.298614e-08
1.542403e-07
1.290390e-08
6.612563e-09
1.557132e-08
1.715832e-08
4.050758e-08
8.597772e-09
7.345778e-09
1.783403e-08
1.169343e-08
4.589406e-09
8.327215e-09
2.374534e-08
4.819035e-08
1.460692e-08
2.613160e-09
2.383823e-08
7.751177e-08
5.917699e-09
2.080554e-08
2.832506e-08
2.510607e-08
2.796471e-07
3.158143e-08
5.816299e-08
1.536162e-07
1.130303e-08
1.691571e-08
5.067567e-08
2.487867e-08
6.190471e-09
2.418020e-08
7.232862e-08
2.572440e-07
8.286565e-08
1.136913e-08
6.877556e-09
3.070971e-08
3.077722e-08
1.786628e-08
5.745472e-07
1.332189e-07
1.613341e-08
7.908463e-09
1.539815e-07
3.656082e-07
6.262552e-08
8.848008e-09
2.921527e-09
1.752169e-08
8.411879e-09
1.276381e-08
1.323431e-07
1.073353e-07
1.346007e-02
2.855826e-07
3.632634e-08
3.787677e-09
3.863493e-08
2.734888e-07
1.053325e-07
3.065654e-06
5.888203e-07
4.455495e-07
5.351165e-08
7.163126e-08
1.618939e-07
3.671116e-07
9.526060e-07
2.976301e-07
3.673874e-07
4.030628e-07
1.989415e-03
1.775280e-06
1.987268e-06
5.491783e-08
1.717039e-08
1.329361e-07
3.407458e-08
1.797845e-06
2.124956e-08
2.448155e-06
2.691949e-07
3.686576e-08
3.849695e-08
4.602670e-09
2.368580e-07
3.992897e-08
1.868081e-07
1.493294e-07
4.953444e-08
1.651602e-08
1.792476e-07
1.638118e-06
1.934150e-07
9.232777e-07
1.280890e-07
2.185722e-07
1.501247e-06
1.738337e-07
7.950181e-08
7.515814e-08
8.958293e-08
1.414117e-07
2.941951e-08
1.293828e-08
2.612770e-08
6.657543e-08
2.289755e-07
2.283589e-07
1.914921e-08
3.454045e-09
1.094200e-10
8.028564e-11
4.980955e-10
1.138105e-09
2.831365e-09
2.953832e-10
2.266862e-09
3.498444e-09
1.268811e-08
6.030865e-08
4.238574e-08
3.066632e-09
1.154467e-08
3.654924e-08
6.786721e-09
4.533493e-09
1.799340e-08
1.292904e-08
5.697944e-09
1.734203e-09
4.380683e-09
7.945654e-10
6.848278e-10
1.907364e-09
8.893593e-09
5.290647e-09
1.165501e-09
8.477402e-09
6.980143e-09
2.843335e-09
5.903760e-10
6.988639e-10
3.609792e-09
3.091018e-09
3.643253e-09
9.468562e-09
1.033867e-08
3.256750e-09
2.944942e-09
8.662296e-10
3.374848e-09
1.231125e-08
4.185875e-09
9.573033e-09
1.035594e-08
3.263642e-09
2.944698e-09
8.664057e-10
3.374904e-09
1.231170e-08
4.185882e-09
9.573059e-09
1.035594e-08
3.263638e-09
2.944699e-09
8.664059e-10
3.374908e-09
1.231171e-08
4.185896e-09
9.573068e-09
1.035595e-08
3.263697e-09
2.945121e-09
8.670343e-10
3.401651e-09
1.242705e-08
4.568145e-09
1.097675e-08
1.192536e-08
5.772993e-09
7.087813e-09
1.153445e-08
3.490701e-08
3.901857e-08
1.293196e-07
4.963583e-08
9.423257e-08
8.487066e-08
3.907845e-09
1.300841e-09
5.140022e-09
2.047635e-09
1.738803e-09
8.384789e-09
2.104281e-08
7.891903e-08
7.292239e-09
3.344212e-08
4.195122e-08
1.025933e-08
1.342183e-08
7.684230e-08
1.052874e-08
7.802059e-09
3.234709e-09
1.445924e-08
3.456289e-07
5.616049e-07
4.842502e-08
5.062436e-08
1.708641e-07
4.641112e-08
5.526291e-09
1.539285e-08
3.834316e-08
6.839534e-08
3.015433e-08
3.624609e-08
1.038489e-07
9.663168e-08
3.642436e-09
1.630326e-08
1.841840e-07
3.499771e-08
5.514793e-08
1.007599e-07
6.193741e-08
4.675623e-07
1.378991e-07
8.899995e-08
5.864930e-07
2.195369e-08
7.148822e-09
3.635062e-08
3.881608e-08
3.872878e-08
2.240522e-08
1.204353e-07
5.041495e-07
1.610971e-07
5.285364e-08
1.066454e-08
4.975194e-08
5.601907e-08
2.392421e-08
1.578472e-07
6.386817e-07
7.024527e-07
6.872026e-08
2.037941e-07
8.590332e-07
5.902352e-07
2.093877e-08
7.461276e-09
2.265374e-08
7.169812e-09
1.013838e-08
1.534693e-07
7.610551e-08
1.648328e-08
2.855826e-07
2.557274e-02
3.517199e-07
1.768618e-07
6.499315e-07
1.612816e-07
5.711618e-08
2.236655e-07
1.096169e-05
7.123281e-07
1.741781e-06
1.624007e-07
3.647610e-07
6.953470e-07
7.459513e-07
1.942030e-06
2.873111e-07
2.695612e-03
2.591158e-06
3.985171e-06
2.014883e-07
1.414583e-07
3.418198e-07
4.749925e-08
3.214807e-06
1.741494e-08
5.342636e-06
3.388553e-07
1.171638e-07
1.609641e-07
2.162744e-08
8.446883e-07
5.888206e-08
1.136623e-07
2.708833e-07
1.113384e-06
5.637133e-08
2.172544e-07
2.577397e-06
4.853374e-07
3.429472e-06
2.345041e-07
2.554529e-07
2.438518e-06
3.390128e-07
1.856643e-07
1.822995e-07
1.790588e-07
2.308289e-07
4.106010e-08
5.085428e-08
4.717716e-08
1.345615e-07
3.425924e-07
5.036633e-07
1.154272e-07
7.392778e-09
1.229400e-07
5.070719e-11
4.794025e-10
1.149752e-09
6.313275e-09
1.773904e-09
1.843332e-09
1.551737e-09
1.525950e-08
4.904588e-08
8.183003e-09
2.083900e-08
5.117616e-08
4.165089e-08
9.060273e-09
6.397718e-09
5.173533e-08
2.683613e-08
1.046912e-08
2.860720e-09
4.477877e-09
1.874853e-09
1.628026e-09
2.619948e-09
5.488233e-09
1.742353e-09
5.323303e-09
2.403293e-08
1.604525e-08
4.440904e-09
4.253129e-10
1.158717e-09
2.550256e-09
3.221814e-09
7.225911e-09
1.407482e-08
1.202116e-08
6.492744e-09
2.831126e-09
1.102335e-09
3.441468e-09
1.359840e-08
9.289420e-09
1.510813e-08
1.207951e-08
6.596104e-09
2.830347e-09
1.104544e-09
3.442103e-09
1.360299e-08
9.289448e-09
1.510839e-08
1.207952e-08
6.596041e-09
2.830349e-09
1.104546e-09
3.442106e-09
1.360299e-08
9.289457e-09
1.510839e-08
1.207953e-08
6.596182e-09
2.830552e-09
1.105639e-09
3.452868e-09
1.365401e-08
9.439268e-09
1.713999e-08
1.334606e-08
7.040955e-09
5.223527e-09
1.924823e-08
4.786850e-08
3.959578e-08
1.233160e-07
5.428140e-08
1.599484e-07
1.892695e-07
8.609878e-09
4.203317e-09
6.220161e-09
1.895448e-09
2.521051e-09
7.206870e-09
4.530002e-09
1.992350e-08
2.629113e-08
1.246186e-07
4.723405e-08
1.624913e-08
4.109217e-08
3.189640e-07
5.314837e-08
1.736972e-08
2.424398e-08
6.017566e-08
1.110167e-08
5.189839e-08
7.950643e-07
1.204383e-06
3.343197e-07
7.368229e-08
3.675968e-08
2.725503e-08
1.911808e-08
3.467986e-08
8.062266e-08
2.033327e-07
1.774732e-07
6.165280e-08
1.455482e-07
1.032863e-07
2.119322e-07
2.966295e-08
5.769599e-09
5.562512e-08
1.541200e-06
7.258822e-07
2.033150e-07
2.077991e-07
7.159848e-07
4.239977e-08
5.531187e-09
5.634541e-08
9.117029e-08
4.868984e-09
3.043535e-08
1.752013e-07
5.689126e-07
3.014994e-07
3.124146e-08
2.318917e-08
1.113548e-07
9.674009e-08
3.179536e-08
2.826760e-07
1.240887e-07
3.208398e-08
6.434979e-07
1.285232e-06
1.081542e-06
1.130699e-06
9.457125e-08
1.361188e-08
2.929215e-08
7.752319e-09
2.783241e-08
1.556962e-07
7.575100e-08
1.050122e-08
1.097124e-08
3.632634e-08
3.517199e-07
3.821872e-02
1.184910e-06
7.409423e-07
6.137730e-09
1.105318e-07
1.987716e-07
3.976214e-07
1.813857e-05
1.003758e-06
3.725022e-06
7.940653e-07
2.080062e-07
3.835264e-07
1.456343e-06
3.935328e-03
3.058396e-06
7.506784e-06
4.116201e-07
6.764011e-07
3.289550e-06
9.660489e-08
7.406208e-06
2.242871e-08
1.086551e-05
8.539486e-07
1.306838e-07
1.895167e-07
5.837162e-08
3.966234e-06
1.709836e-07
6.312740e-07
3.811476e-07
2.044070e-07
7.174259e-07
2.781103e-06
5.306280e-06
6.354442e-07
6.322428e-06
4.966781e-07
2.843914e-06
3.631562e-06
3.918144e-07
4.040585e-07
3.624285e-07
5.249233e-07
6.588102e-07
4.266206e-08
3.664255e-08
1.784266e-07
3.094219e-07
5.123702e-07
7.016665e-07
2.796659e-07
1.835572e-08
3.492955e-07
1.118238e-08
3.374070e-10
1.124969e-09
6.290821e-09
2.603709e-09
2.839121e-09
6.558431e-10
7.582861e-09
4.060247e-08
1.091272e-08
6.411004e-09
1.538052e-08
5.799477e-08
4.435072e-08
7.117260e-09
5.216014e-08
3.485081e-08
1.300435e-08
3.192819e-09
4.709497e-09
2.302769e-09
1.721711e-09
1.728216e-09
5.885086e-09
2.461643e-09
1.591006e-09
2.043112e-08
2.367004e-08
7.743863e-09
3.289308e-10
5.134093e-10
1.863013e-09
3.471016e-09
4.450354e-09
1.257570e-08
1.524844e-08
8.210618e-09
2.977718e-09
1.115353e-09
3.054063e-09
1.462201e-08
6.625376e-09
1.394604e-08
1.541690e-08
8.432030e-09
2.975764e-09
1.119389e-09
3.055593e-09
1.463298e-08
6.625436e-09
1.394635e-08
1.541693e-08
8.431898e-09
2.975768e-09
1.119392e-09
3.055595e-09
1.463298e-08
6.625441e-09
1.394635e-08
1.541693e-08
8.431934e-09
2.975843e-09
1.119844e-09
3.063494e-09
1.467150e-08
6.626982e-09
1.458877e-08
1.673575e-08
9.454164e-09
3.223553e-09
6.987152e-09
2.494965e-08
4.123893e-08
1.314871e-07
5.747135e-08
1.653206e-07
1.989506e-07
2.682774e-08
7.105826e-09
7.639252e-09
2.127486e-09
3.429541e-09
6.499361e-09
3.218345e-09
8.069130e-09
5.813546e-09
6.932432e-08
8.598742e-08
8.084556e-08
2.632339e-08
3.353602e-07
1.203628e-07
1.466855e-08
1.027367e-08
3.000344e-08
4.366165e-08
1.035102e-07
1.465437e-08
1.040444e-07
1.310930e-06
1.254090e-06
6.359698e-08
1.890256e-08
6.216432e-08
2.649449e-08
1.942709e-08
8.567540e-08
2.357942e-07
2.327255e-07
2.341994e-08
1.312679e-08
5.864171e-07
1.374185e-07
7.077669e-09
5.830307e-09
3.244925e-08
7.810304e-07
1.687871e-06
2.732812e-07
7.971013e-07
1.178375e-07
1.109199e-08
2.518784e-08
2.044821e-07
2.248172e-08
7.566431e-09
1.258271e-07
5.728922e-07
3.628252e-07
4.768875e-08
6.893851e-09
7.322859e-08
1.658648e-07
6.886362e-08
2.868245e-07
1.371079e-07
1.019462e-07
3.886961e-09
1.692335e-07
1.741470e-06
2.230693e-06
1.847776e-07
2.115733e-08
2.411331e-08
2.058155e-08
1.096902e-08
1.145190e-07
1.983795e-07
1.303167e-08
8.961633e-09
1.004359e-08
3.787677e-09
1.768618e-07
1.184910e-06
4.035466e-02
3.703978e-07
1.309165e-06
6.401344e-08
9.891900e-07
1.953656e-07
8.114216e-07
1.908114e-05
1.945249e-06
3.571874e-06
3.342862e-07
2.450201e-07
4.111193e-03
4.820932e-06
1.238223e-05
4.754734e-07
1.263751e-06
9.452195e-06
1.691582e-07
1.666890e-05
3.868833e-08
1.112624e-05
1.315579e-06
6.821129e-07
2.924014e-07
1.378353e-07
4.281006e-06
3.017974e-07
3.952569e-07
6.791178e-07
1.018468e-06
8.566015e-08
2.082653e-07
8.879869e-06
3.427717e-06
1.179150e-05
1.415481e-07
4.382463e-07
3.963419e-06
2.910099e-06
7.446153e-07
3.681297e-07
1.224528e-06
1.168165e-06
6.228548e-08
5.631523e-08
3.115129e-07
3.809875e-07
4.687869e-07
7.587709e-07
5.083638e-07
2.537354e-08
6.944459e-07
2.128741e-08
9.715230e-08
9.014416e-10
6.084527e-09
2.579555e-09
3.198982e-09
6.545464e-10
2.294142e-09
1.521857e-08
5.095755e-09
3.559666e-09
1.336405e-08
3.808371e-08
1.095180e-08
2.176235e-08
7.167642e-08
3.240767e-08
1.806222e-08
2.431733e-09
4.649769e-09
2.207504e-09
1.974592e-09
2.882232e-09
1.414510e-09
9.199755e-10
5.005104e-09
2.008079e-08
1.865243e-08
8.906977e-09
9.500597e-10
3.807385e-10
1.305743e-09
2.152581e-09
3.257816e-09
8.199654e-09
1.054905e-08
6.562414e-09
5.268841e-09
2.245195e-09
2.301043e-09
1.493292e-08
5.326288e-09
9.038129e-09
1.107284e-08
6.932476e-09
5.275305e-09
2.260257e-09
2.303205e-09
1.495158e-08
5.326387e-09
9.038497e-09
1.107288e-08
6.932259e-09
5.275311e-09
2.260269e-09
2.303206e-09
1.495159e-08
5.326388e-09
9.038497e-09
1.107288e-08
6.932273e-09
5.275327e-09
2.260286e-09
2.303855e-09
1.498291e-08
5.328989e-09
9.173506e-09
1.125576e-08
7.536186e-09
5.320732e-09
5.929947e-09
1.113726e-08
1.088624e-08
3.642695e-08
6.301123e-08
2.009580e-07
1.994056e-07
2.624190e-08
1.237654e-08
1.142144e-08
4.154738e-09
3.546711e-09
4.918031e-09
2.974696e-09
3.661311e-09
6.513650e-09
4.618493e-08
4.969569e-08
6.691174e-08
5.201251e-08
3.765033e-07
1.275867e-07
8.905078e-09
2.406090e-08
2.182776e-08
1.299248e-08
2.688255e-08
4.629735e-08
1.493661e-07
2.642040e-07
1.285768e-07
1.033135e-06
1.068820e-06
6.762982e-08
1.582299e-08
4.116799e-08
6.343024e-08
1.543549e-07
8.430231e-08
6.789096e-08
1.652683e-07
1.973650e-07
3.947822e-08
4.424136e-07
1.015014e-07
2.619979e-08
3.879663e-07
2.002389e-07
2.974217e-07
2.232454e-06
2.224797e-07
5.349212e-08
5.639090e-08
2.119475e-07
6.383680e-09
1.218031e-08
9.698362e-08
4.318824e-07
3.072291e-07
5.902992e-08
4.391167e-08
7.802707e-08
1.141382e-07
6.149617e-08
3.190806e-07
1.338493e-07
4.909768e-07
9.757351e-09
8.807706e-08
7.906897e-07
1.133248e-06
8.389674e-07
8.680918e-07
7.633056e-08
1.744940e-08
2.563166e-08
6.333135e-08
4.210724e-08
1.672323e-08
1.513221e-07
8.566078e-09
1.312353e-08
3.863493e-08
6.499315e-07
7.409423e-07
3.703978e-07
4.037942e-02
2.428592e-07
4.351349e-06
8.094710e-08
1.021337e-06
4.487811e-07
1.447461e-06
1.866696e-05
8.689252e-07
3.847900e-06
4.194629e-03
2.742128e-06
1.183968e-05
2.054532e-06
3.155063e-06
1.230979e-05
3.829354e-07
2.786967e-05
7.758490e-08
1.428111e-05
1.303843e-06
2.225615e-07
4.436461e-07
5.769641e-07
6.262901e-06
3.296677e-07
3.856748e-07
3.878579e-07
5.755997e-07
4.361110e-07
7.582136e-07
5.152181e-06
7.703698e-07
2.199721e-05
2.646944e-06
4.162730e-07
3.128818e-06
3.644384e-07
1.060837e-06
2.713580e-06
1.415246e-06
1.802111e-06
8.471140e-08
8.358356e-08
4.677429e-07
4.903268e-07
3.545867e-07
5.702725e-07
5.015625e-07
7.198041e-08
9.717730e-07
3.295152e-08
1.992591e-07
2.535115e-08
4.198491e-09
2.497505e-09
3.093676e-09
4.401938e-10
1.387975e-09
1.287875e-09
2.409650e-09
1.548740e-09
5.613323e-09
1.195230e-08
1.195181e-08
4.016092e-09
3.864189e-08
3.458147e-08
2.343509e-08
3.867702e-09
6.233434e-10
1.736308e-09
2.014785e-09
2.718206e-09
1.182708e-09
3.306166e-10
3.184123e-10
1.282408e-08
1.763627e-08
8.632359e-09
6.646606e-10
1.932908e-10
3.172016e-10
1.622096e-09
1.220910e-09
3.875386e-09
3.352658e-09
4.418686e-09
1.350147e-09
8.774994e-10
3.823808e-09
5.224808e-09
3.473427e-09
5.456142e-09
3.472922e-09
4.873832e-09
1.363388e-09
9.146700e-10
3.833990e-09
5.245368e-09
3.473693e-09
5.456785e-09
3.472985e-09
4.873540e-09
1.363406e-09
9.147017e-10
3.833992e-09
5.245375e-09
3.473693e-09
5.456785e-09
3.472985e-09
4.873541e-09
1.363408e-09
9.147026e-10
3.834158e-09
5.246163e-09
3.474450e-09
5.477066e-09
3.496459e-09
4.942482e-09
1.694720e-09
2.077407e-09
7.457690e-09
4.475968e-09
5.800343e-09
1.249430e-08
1.098622e-07
1.694643e-07
6.005837e-08
1.710269e-08
6.275916e-09
6.582841e-09
1.260964e-08
9.914053e-10
1.576126e-09
2.688059e-09
4.274147e-09
2.900738e-08
3.944554e-08
1.201587e-08
1.321211e-08
3.358942e-07
1.663783e-07
9.046225e-09
5.774852e-09
9.609001e-09
1.559840e-08
3.232228e-08
9.392005e-09
3.837892e-08
1.909692e-07
1.545696e-07
1.976909e-08
5.697155e-08
7.473135e-07
6.712191e-07
2.218340e-08
3.073180e-08
1.160004e-07
3.719899e-08
4.039884e-09
2.131780e-08
9.031632e-08
1.588396e-07
9.370953e-09
3.006940e-09
4.987840e-07
3.709906e-07
4.654531e-08
7.900606e-08
2.959156e-07
2.596936e-07
1.487141e-06
4.204029e-08
2.718975e-07
1.362318e-08
8.033709e-09
1.440616e-08
8.987297e-08
2.311582e-07
3.153402e-08
3.212265e-08
8.410200e-08
1.242533e-07
2.514087e-08
1.527990e-07
8.865051e-08
8.219525e-07
1.335465e-08
7.806004e-09
3.072774e-07
7.071422e-07
1.154313e-07
1.893878e-08
3.179210e-07
5.152675e-07
4.765591e-08
9.466657e-09
8.749300e-09
6.413291e-09
3.934156e-09
1.797307e-08
1.888151e-07
2.309833e-08
2.734888e-07
1.612816e-07
6.137730e-09
1.309165e-06
2.428592e-07
4.040302e-02
4.427196e-08
1.178602e-05
1.402344e-07
1.428530e-06
1.491398e-07
8.174455e-07
1.745078e-05
4.210547e-03
6.585880e-06
1.261651e-05
4.293291e-07
1.484912e-06
1.536969e-05
9.699971e-07
5.108587e-05
2.906697e-07
2.085006e-05
1.416661e-06
1.854677e-07
5.128715e-07
1.872670e-07
7.589142e-06
6.016623e-07
2.604354e-07
3.947898e-07
6.869338e-07
1.707127e-07
7.800438e-08
4.446642e-06
1.226704e-06
2.359356e-05
8.422589e-08
3.619593e-06
4.367725e-06
2.576657e-07
7.325083e-07
3.007413e-07
1.824566e-06
3.211563e-06
1.388289e-07
1.038701e-07
7.883715e-07
6.064471e-07
2.633389e-07
3.201805e-07
4.484338e-07
2.549833e-08
1.427168e-06
5.940831e-08
6.371383e-07
5.299925e-08
3.688443e-08
1.321661e-09
2.424619e-09
4.752542e-10
4.231696e-10
1.726481e-09
4.352179e-10
6.253308e-10
2.284511e-08
4.681583e-09
8.447997e-09
4.248272e-09
2.430132e-08
1.281716e-08
1.426908e-08
1.856245e-08
7.110850e-09
1.769742e-09
1.643096e-09
8.618691e-09
5.181986e-10
3.368519e-09
1.267395e-10
3.927811e-09
6.064090e-09
5.451310e-09
4.458559e-09
2.247014e-09
3.244850e-10
2.402151e-10
1.927954e-09
9.836170e-10
1.934322e-09
1.885710e-09
1.483509e-09
8.324349e-10
2.039353e-09
5.844200e-09
7.804393e-10
4.386937e-09
2.315579e-09
3.008189e-09
1.539195e-09
1.129337e-09
2.078307e-09
5.976336e-09
7.811388e-10
4.390865e-09
2.315954e-09
3.006999e-09
1.539305e-09
1.129599e-09
2.078317e-09
5.976379e-09
7.811390e-10
4.390865e-09
2.315954e-09
3.006999e-09
1.539305e-09
1.129599e-09
2.078359e-09
5.976675e-09
7.811493e-10
4.399610e-09
2.321768e-09
3.074941e-09
1.668169e-09
1.783346e-09
3.438954e-09
4.971160e-09
3.768011e-09
7.405145e-09
2.946576e-08
8.736480e-08
3.607590e-08
2.743147e-08
4.392405e-08
3.048904e-08
2.394858e-08
5.898808e-09
3.282199e-09
8.986210e-10
2.040773e-08
2.385640e-09
3.447823e-07
9.900206e-09
1.600995e-08
4.651743e-08
1.842591e-07
7.135499e-08
2.952975e-08
9.635175e-09
1.903715e-08
8.254838e-09
2.075459e-08
2.819832e-07
6.462423e-08
1.713165e-07
2.095639e-07
2.026267e-07
5.139994e-08
4.057750e-08
5.242930e-07
3.640943e-07
7.347070e-08
4.655909e-08
2.800118e-08
1.842964e-08
2.938543e-08
4.644088e-08
3.689645e-08
8.339436e-08
1.979143e-08
1.670549e-07
7.586181e-07
4.743798e-08
7.927595e-07
1.189128e-07
8.795971e-08
1.443052e-07
6.633426e-07
3.704511e-08
3.894706e-08
8.695796e-09
3.818230e-08
3.424011e-08
4.714919e-08
3.261554e-08
6.735098e-08
3.554173e-07
4.736156e-08
1.126896e-07
2.320211e-08
1.252879e-06
4.305100e-08
7.915212e-08
5.618765e-08
1.847023e-07
3.977894e-07
2.001542e-08
4.624149e-08
4.766444e-08
1.545041e-06
3.349959e-08
1.552574e-08
9.199811e-09
2.553106e-09
1.471062e-08
1.277241e-08
5.028654e-08
5.280878e-07
1.053325e-07
5.711618e-08
1.105318e-07
6.401344e-08
4.351349e-06
4.427196e-08
4.129730e-02
6.501060e-08
4.026507e-05
2.849554e-08
1.820132e-06
1.251965e-07
4.288290e-03
1.866079e-05
1.542213e-05
8.586551e-06
1.752048e-06
1.874264e-05
3.647524e-07
1.098109e-04
7.368371e-07
9.965907e-05
4.134554e-06
3.898056e-07
1.344107e-06
2.121354e-07
3.004834e-05
5.149643e-07
8.988124e-07
6.268056e-07
8.165434e-07
1.175616e-06
3.456508e-07
4.529862e-06
3.321775e-07
4.662424e-05
7.679091e-07
8.688590e-07
2.491486e-06
4.112758e-06
3.059944e-06
5.984702e-07
2.134690e-06
4.116359e-06
3.641941e-07
8.400062e-07
1.317496e-06
2.966161e-06
3.228734e-07
1.390813e-07
9.762112e-07
4.497687e-08
4.764399e-06
3.850802e-08
1.277822e-06
3.825445e-07
2.361836e-07
1.545103e-08
1.515753e-09
4.828621e-10
3.842471e-10
3.100921e-09
4.610892e-09
8.335617e-10
2.318010e-08
6.604318e-09
1.155005e-07
4.406541e-09
5.453418e-08
1.439725e-08
2.298960e-08
2.421256e-08
1.886177e-08
3.558371e-08
8.871885e-09
2.666595e-08
1.732121e-09
1.099025e-08
1.011458e-09
7.574631e-09
6.107108e-09
1.679898e-08
1.525803e-09
4.652619e-09
7.200445e-09
3.032763e-09
4.053354e-09
1.371975e-09
4.101240e-09
2.533737e-09
6.683202e-09
3.074775e-09
5.373129e-09
8.044457e-09
4.610222e-09
2.748179e-09
6.501568e-09
1.128580e-08
4.717228e-09
5.544546e-09
5.841216e-09
8.604947e-09
4.636384e-09
2.760548e-09
6.505654e-09
1.127388e-08
4.718428e-09
5.546627e-09
5.841311e-09
8.605129e-09
4.636392e-09
2.760548e-09
6.505654e-09
1.127388e-08
4.718428e-09
5.546629e-09
5.841345e-09
8.605292e-09
4.636392e-09
2.761850e-09
6.509595e-09
1.129236e-08
4.781837e-09
6.808430e-09
8.397773e-09
8.533939e-09
6.703881e-09
1.234419e-08
2.707269e-08
7.627642e-08
2.918253e-08
3.443355e-08
4.316375e-08
2.035372e-07
1.438286e-07
1.658676e-08
1.150182e-07
7.152168e-10
6.649670e-08
8.402584e-09
8.468411e-09
1.187881e-08
1.131953e-06
2.501801e-08
2.666766e-07
2.940661e-08
9.015110e-08
1.366531e-07
2.001265e-07
4.296350e-08
4.284441e-08
4.358051e-08
2.041863e-07
3.655314e-06
4.463848e-07
7.213355e-07
1.880540e-06
4.900964e-07
1.008900e-07
1.397899e-07
8.705758e-07
5.266861e-07
5.989525e-08
1.730149e-07
1.093724e-07
1.736775e-07
5.474914e-08
6.372434e-08
1.700279e-07
2.955243e-07
9.459783e-08
8.294490e-08
1.717924e-06
8.382874e-07
1.524085e-06
6.965412e-08
2.227396e-06
2.231900e-07
6.743876e-07
1.606977e-08
1.068914e-07
3.296199e-08
4.900280e-08
3.358335e-08
1.493751e-07
5.395771e-07
4.196754e-07
4.668958e-07
4.642754e-08
2.502681e-06
3.245270e-08
1.098802e-07
2.246131e-07
2.534140e-07
2.758874e-07
4.645424e-08
1.842993e-06
1.253693e-07
3.012326e-06
4.221222e-07
2.242561e-07
2.014048e-07
1.002483e-08
2.656457e-08
2.148155e-08
4.676245e-08
1.269040e-07
2.446267e-07
3.065654e-06
2.236655e-07
1.987716e-07
9.891900e-07
8.094710e-08
1.178602e-05
6.501060e-08
5.873252e-02
3.849435e-08
1.412137e-04
4.997909e-08
4.501297e-03
7.752294e-07
2.146830e-05
2.969562e-05
3.721676e-06
4.935475e-05
7.309861e-07
2.536537e-04
1.371575e-06
3.126473e-04
3.586500e-05
4.013246e-06
8.126968e-06
9.997342e-07
8.637631e-05
1.041879e-06
2.390961e-06
6.451272e-06
2.089252e-06
3.761685e-06
8.310235e-07
1.549148e-05
2.651461e-06
8.549145e-05
3.459826e-07
2.558605e-06
6.969261e-06
1.845441e-06
1.904881e-05
1.011818e-05
8.004082e-06
9.185977e-06
8.416746e-07
3.879375e-06
1.042234e-05
7.094163e-06
2.150966e-06
1.475058e-07
2.995338e-06
5.099438e-07
2.729085e-05
1.092533e-07
3.757570e-06
8.479097e-07
2.463723e-06
9.979815e-08
1.369669e-07
1.318922e-10
3.149593e-10
3.106759e-09
6.609141e-09
1.710922e-09
9.931407e-10
1.417795e-09
4.303277e-08
7.926520e-09
1.675722e-07
8.836694e-09
2.844750e-08
3.500583e-08
2.764418e-08
3.473147e-08
2.444105e-08
3.281540e-08
2.703610e-09
2.034158e-08
1.472079e-09
1.996170e-08
9.473248e-10
4.001602e-09
6.539561e-09
1.723558e-08
4.826990e-09
8.943210e-09
5.824287e-09
1.036617e-09
3.833693e-09
1.373543e-09
7.214269e-09
3.242821e-09
8.419282e-09
9.137830e-09
6.823542e-09
4.590877e-09
3.113142e-09
1.504897e-08
6.712295e-09
6.896525e-09
9.177086e-09
1.024312e-08
6.884335e-09
4.650649e-09
3.119821e-09
1.502410e-08
6.714813e-09
6.900801e-09
9.177213e-09
1.024347e-08
6.884350e-09
4.650649e-09
3.119821e-09
1.502410e-08
6.714813e-09
6.900801e-09
9.177217e-09
1.024354e-08
6.884351e-09
4.651146e-09
3.120002e-09
1.502718e-08
6.721736e-09
6.962795e-09
9.404664e-09
1.235112e-08
9.621846e-09
9.782108e-09
7.765385e-09
3.806064e-08
1.790974e-08
5.493033e-08
3.444455e-08
2.690290e-07
1.562137e-07
5.103945e-08
2.108768e-07
9.145638e-10
1.152110e-07
1.219150e-08
3.914326e-09
6.220274e-09
2.486795e-08
1.982276e-08
1.465978e-06
3.788439e-08
1.156784e-07
8.865136e-08
2.274277e-07
1.010860e-07
1.031386e-07
3.646737e-08
3.634194e-08
6.600759e-08
2.320907e-07
4.558126e-06
7.056967e-07
9.067345e-07
1.933132e-06
4.904510e-07
2.963646e-07
2.926750e-08
3.196254e-07
7.327953e-07
1.394850e-07
2.788191e-07
6.909737e-08
1.555715e-07
2.372685e-07
6.121097e-08
8.016000e-08
2.040268e-07
1.023577e-07
2.081024e-07
8.241108e-06
6.763661e-07
3.648132e-06
3.133589e-07
1.139116e-06
6.608016e-08
1.580201e-07
2.062369e-08
8.851481e-08
3.389654e-08
1.462686e-07
4.878670e-07
5.804264e-07
3.784731e-07
1.170315e-07
3.268564e-06
7.043024e-08
1.620814e-07
1.964587e-07
3.034743e-07
1.330904e-07
5.993027e-07
8.954183e-07
1.676489e-07
4.826952e-06
5.566137e-07
1.228310e-06
2.175908e-07
5.141978e-08
6.146106e-08
1.581025e-08
4.717080e-08
1.285955e-07
6.295295e-08
1.394168e-07
5.888203e-07
1.096169e-05
3.976214e-07
1.953656e-07
1.021337e-06
1.402344e-07
4.026507e-05
3.849435e-08
5.904244e-02
7.108172e-08
4.658284e-03
2.682303e-07
2.744011e-05
1.146826e-06
3.964886e-06
6.417068e-05
1.135610e-06
3.403432e-04
1.955986e-06
4.130179e-04
7.074600e-05
8.363038e-06
1.612642e-05
4.063142e-06
9.497792e-05
1.345322e-06
4.452724e-06
2.955684e-06
7.983897e-06
8.758481e-06
1.682305e-06
1.814605e-05
2.235729e-07
1.364524e-04
2.939983e-06
2.149897e-06
6.393659e-06
1.378599e-06
3.636062e-05
5.929420e-06
7.322155e-06
1.783571e-05
2.453783e-06
7.654954e-06
1.194285e-05
1.221518e-05
3.324171e-06
1.690568e-07
5.083112e-06
9.746651e-07
4.020756e-05
8.449023e-08
4.218591e-06
1.316514e-06
3.889284e-06
1.817848e-07
2.743922e-07
1.441971e-07
2.102483e-10
2.973329e-09
6.619451e-09
3.501019e-09
3.144853e-09
1.094842e-09
3.827710e-09
4.634806e-09
9.803123e-08
8.793636e-09
1.465288e-07
6.361896e-08
3.932987e-08
5.127715e-08
3.281983e-08
5.033208e-08
8.287971e-09
2.724780e-08
6.691111e-09
2.459528e-08
1.102906e-09
4.512088e-09
8.479454e-10
1.236686e-08
9.786816e-09
2.196043e-08
8.914464e-09
2.344538e-09
4.013474e-09
2.112540e-09
4.755394e-09
2.835446e-09
1.055659e-08
9.908845e-09
1.126010e-08
5.743240e-09
4.903494e-09
2.380151e-08
1.998700e-09
9.129498e-09
1.087990e-08
1.360206e-08
1.185056e-08
5.933069e-09
4.968102e-09
2.374525e-08
2.017884e-09
9.161575e-09
1.088043e-08
1.360293e-08
1.185067e-08
5.933069e-09
4.968103e-09
2.374525e-08
2.017884e-09
9.161576e-09
1.088043e-08
1.360296e-08
1.185067e-08
5.933311e-09
4.968206e-09
2.374602e-08
2.022047e-09
9.190677e-09
1.096724e-08
1.371617e-08
1.363065e-08
1.149941e-08
8.706750e-09
8.456342e-08
1.056572e-08
3.952242e-08
3.777798e-08
2.982120e-07
1.432707e-07
1.179093e-07
3.995419e-07
3.846911e-09
1.100188e-06
1.938518e-08
8.743171e-09
2.338216e-08
5.967088e-09
1.375782e-08
2.335896e-07
2.292340e-08
1.399403e-06
9.388576e-08
3.500736e-07
2.491797e-07
1.288600e-07
1.127582e-07
1.424179e-07
1.451147e-07
3.739532e-08
9.384357e-08
5.023302e-07
5.176691e-06
9.322115e-07
1.070167e-06
2.162199e-06
3.560921e-07
1.616925e-07
2.109071e-08
3.578146e-07
9.982943e-07
1.383766e-07
2.990586e-07
3.272191e-07
1.233973e-07
1.268731e-07
9.610165e-08
5.821743e-08
3.607969e-07
1.994524e-07
5.529885e-07
1.157308e-05
9.856074e-07
6.234947e-06
1.052575e-07
1.812420e-07
2.856189e-08
2.924849e-07
3.493019e-08
1.627864e-07
5.312904e-07
9.872646e-07
5.108348e-07
2.425629e-07
4.153438e-06
6.952925e-08
7.384861e-07
2.873051e-07
5.922398e-07
1.458491e-06
2.145242e-08
1.058602e-07
8.689596e-07
4.143272e-06
6.822128e-07
5.165730e-06
9.414427e-07
2.213119e-07
2.258521e-07
1.808725e-08
8.352286e-08
1.599636e-07
5.873842e-08
1.817253e-07
5.882409e-08
4.455495e-07
7.123281e-07
1.813857e-05
8.114216e-07
4.487811e-07
1.428530e-06
2.849554e-08
1.412137e-04
7.108172e-08
6.379247e-02
4.083882e-07
1.837044e-04
4.646764e-07
5.193974e-06
3.439468e-05
1.303467e-06
4.746988e-04
2.853277e-06
6.064154e-04
1.321454e-04
3.137346e-05
1.209609e-04
1.719992e-05
1.267873e-04
2.987177e-06
8.466304e-06
6.506118e-06
1.813045e-05
4.392170e-06
4.809167e-06
4.022521e-05
3.181627e-07
4.100258e-04
5.868073e-07
3.388846e-06
2.125781e-05
2.014652e-06
1.086585e-04
2.595438e-06
1.252667e-05
2.532702e-05
2.922415e-06
2.087094e-05
1.690588e-05
2.495464e-05
8.060622e-06
3.429711e-07
1.405710e-05
1.837707e-06
7.189200e-05
1.712162e-07
5.245865e-06
2.382039e-06
7.166250e-06
4.326812e-07
1.715762e-06
4.079887e-07
3.111924e-08
2.414271e-09
6.565132e-09
3.377659e-09
4.138175e-09
2.516287e-09
1.784152e-09
1.882704e-09
3.819659e-08
4.642293e-09
7.639403e-08
7.556529e-08
1.374989e-07
5.293181e-08
4.266210e-08
5.513545e-08
2.690168e-08
3.412567e-08
1.299932e-08
2.900225e-08
1.108507e-09
1.098481e-08
6.747874e-10
4.558660e-09
4.064215e-09
1.652964e-08
1.340191e-08
1.582469e-08
7.696920e-09
3.147029e-09
4.255151e-09
1.313904e-09
6.712156e-09
6.806602e-09
1.108409e-08
5.833064e-09
7.956848e-09
4.095845e-08
2.216090e-09
9.692125e-09
4.673379e-09
1.007151e-08
1.345117e-08
6.589412e-09
8.154738e-09
4.061099e-08
2.249905e-09
9.771835e-09
4.674593e-09
1.007326e-08
1.345131e-08
6.589413e-09
8.154740e-09
4.061099e-08
2.249904e-09
9.771838e-09
4.674594e-09
1.007327e-08
1.345131e-08
6.589482e-09
8.154791e-09
4.061164e-08
2.250267e-09
9.786512e-09
4.703195e-09
1.006056e-08
1.380145e-08
9.830167e-09
1.019350e-08
9.595770e-08
6.642657e-09
3.075595e-08
2.046164e-08
2.802334e-07
1.434555e-07
1.578753e-07
4.288005e-07
1.466427e-08
2.370484e-06
7.935195e-08
1.959422e-08
4.313419e-08
6.872426e-09
1.250325e-08
1.375267e-07
2.126945e-08
1.787016e-07
7.478942e-08
1.530242e-06
2.850501e-07
1.493336e-07
1.551311e-07
7.488901e-08
2.300758e-07
1.322232e-07
4.797024e-08
6.163179e-08
1.923724e-07
6.069315e-07
5.337226e-06
1.169300e-06
7.930425e-07
1.887398e-06
2.469903e-07
1.372843e-07
1.230800e-07
3.162869e-07
9.850370e-07
4.161821e-07
2.132789e-07
1.280958e-07
1.474058e-07
9.567686e-08
2.677243e-07
4.454593e-08
2.747128e-07
2.527102e-06
8.454641e-07
1.433307e-05
7.193715e-07
1.087212e-06
7.272516e-08
3.000265e-07
7.721873e-08
2.715824e-07
4.846610e-07
1.028854e-06
5.059717e-07
3.529709e-07
6.529451e-06
2.637777e-07
2.875014e-07
2.912035e-07
1.315410e-06
1.750366e-06
9.480562e-08
6.190597e-08
1.862588e-07
2.753909e-06
1.392006e-06
4.648824e-06
1.434155e-06
2.904995e-06
2.751361e-07
2.388994e-08
1.413157e-07
1.258733e-07
9.142535e-08
4.964258e-07
5.414532e-08
6.289819e-08
5.351165e-08
1.741781e-06
1.003758e-06
1.908114e-05
1.447461e-06
1.491398e-07
1.820132e-06
4.997909e-08
4.658284e-03
4.083882e-07
5.903028e-02
6.565102e-07
1.333467e-04
3.206674e-05
9.694148e-07
4.545494e-04
3.173056e-06
7.592185e-04
1.812580e-04
6.635152e-05
2.607607e-04
3.992970e-05
1.999854e-04
1.407517e-05
9.012456e-06
9.361674e-06
4.145057e-05
5.251600e-06
2.631567e-05
3.450587e-05
2.412661e-07
5.145573e-04
8.179532e-07
3.383144e-06
8.252116e-06
3.093105e-06
1.481746e-04
3.413961e-06
2.071784e-05
1.108589e-05
3.251089e-06
2.690748e-05
1.868929e-05
5.197731e-05
1.010060e-05
1.304022e-06
2.236420e-05
3.797560e-06
1.265081e-04
2.207662e-07
5.778330e-06
2.589865e-06
7.877848e-06
7.720411e-07
2.523487e-06
8.193727e-07
8.131964e-08
3.596147e-07
4.002116e-09
3.093159e-09
3.962982e-09
2.325986e-09
1.723562e-09
1.049062e-09
1.785765e-08
2.556732e-09
2.342615e-08
5.943196e-08
7.735111e-08
6.774978e-08
8.805202e-08
3.464003e-08
3.817635e-08
5.705292e-08
3.073655e-08
2.966821e-08
1.083183e-09
1.151833e-08
1.252425e-09
2.293350e-09
2.390374e-09
8.166637e-09
4.740841e-09
1.120966e-08
1.950582e-08
8.765687e-09
1.833009e-09
8.657775e-10
4.760401e-09
3.404890e-09
5.211039e-09
4.004580e-09
8.066479e-09
4.192231e-08
4.006766e-09
7.126668e-09
3.504473e-09
7.213276e-09
5.262329e-09
5.649465e-09
1.011214e-08
4.157231e-08
4.177311e-09
7.238534e-09
3.508440e-09
7.218402e-09
5.262587e-09
5.649466e-09
1.011214e-08
4.157231e-08
4.177307e-09
7.238537e-09
3.508440e-09
7.218406e-09
5.262587e-09
5.649493e-09
1.011218e-08
4.157273e-08
4.177447e-09
7.241032e-09
3.522127e-09
7.206537e-09
5.398513e-09
6.807611e-09
1.138601e-08
9.128335e-08
6.319975e-09
2.309067e-08
1.042265e-08
1.636363e-07
8.834969e-08
1.407235e-07
3.901770e-07
4.696598e-08
4.525741e-06
1.144565e-07
9.335896e-08
5.486919e-08
5.717024e-09
2.961669e-08
2.978417e-08
1.888146e-08
9.247035e-08
3.736465e-08
4.660061e-07
2.687015e-07
8.035793e-07
2.530578e-07
8.395353e-08
3.663817e-07
4.732233e-08
7.254515e-08
1.663443e-07
1.032538e-07
8.329445e-08
3.012062e-07
8.906393e-07
5.127339e-06
6.865683e-07
3.941242e-07
1.810211e-06
1.977471e-07
9.316087e-08
1.320193e-07
5.875291e-07
9.370005e-07
1.467001e-07
9.081902e-08
1.060257e-07
3.103564e-07
4.309533e-08
1.670009e-07
3.801847e-07
6.884320e-07
5.684479e-06
5.265801e-07
9.509449e-06
3.727600e-07
6.196781e-07
1.066132e-07
4.050813e-07
5.239888e-07
8.413406e-07
4.356832e-07
3.987272e-07
7.911843e-06
4.928002e-07
1.773940e-07
2.977592e-07
1.017971e-06
1.883298e-06
5.160936e-07
1.860031e-07
2.394494e-07
5.985148e-07
4.165434e-07
3.853215e-06
2.397144e-06
2.751081e-06
6.511586e-07
1.352961e-07
2.970905e-07
8.464617e-08
9.801571e-08
6.389664e-07
7.020651e-08
5.819007e-08
3.177737e-08
7.163126e-08
1.624007e-07
3.725022e-06
1.945249e-06
1.866696e-05
8.174455e-07
1.251965e-07
4.501297e-03
2.682303e-07
1.837044e-04
6.565102e-07
5.857058e-02
3.168842e-05
8.037590e-05
4.497986e-04
2.622586e-06
7.601553e-04
1.920576e-04
8.121655e-05
2.922029e-04
6.818304e-05
4.817473e-04
2.784923e-05
8.994082e-06
1.189675e-05
4.734160e-05
6.411491e-06
3.168845e-05
3.836207e-05
1.971845e-07
5.795892e-04
6.457966e-07
1.066933e-05
9.617667e-06
1.088489e-06
1.200661e-04
5.496213e-06
6.904436e-05
1.062963e-05
3.419700e-06
1.234020e-05
2.071634e-05
6.312481e-05
9.689168e-06
5.259382e-06
3.327695e-05
5.283618e-06
1.932329e-04
2.651190e-07
5.905581e-06
3.029437e-06
8.125579e-06
1.071364e-06
3.001640e-06
1.034575e-06
2.622913e-07
6.283244e-07
1.264849e-08
2.068735e-09
3.607348e-09
2.167499e-09
1.534373e-09
2.275047e-09
2.116534e-09
2.761289e-10
6.775372e-09
5.612294e-08
2.387190e-08
7.394554e-08
2.940633e-08
1.954684e-08
4.674626e-08
3.998102e-08
1.496255e-07
1.744384e-08
1.130678e-09
1.395851e-08
1.851964e-09
3.684758e-09
1.438243e-09
1.378774e-09
2.573703e-09
4.198488e-09
1.273849e-08
2.726306e-08
1.966559e-09
3.643421e-10
4.088719e-09
1.131399e-09
1.504276e-09
8.096168e-10
2.193834e-09
4.010149e-08
2.861495e-09
9.760325e-09
1.003114e-09
4.943304e-09
2.272491e-09
2.267555e-09
2.836185e-09
3.934358e-08
3.274637e-09
1.019161e-08
1.009251e-09
4.954288e-09
2.272957e-09
2.267557e-09
2.836194e-09
3.934359e-08
3.274626e-09
1.019162e-08
1.009251e-09
4.954289e-09
2.272957e-09
2.267559e-09
2.836196e-09
3.934387e-08
3.274644e-09
1.019274e-08
1.009825e-09
4.950933e-09
2.281581e-09
2.357201e-09
2.927701e-09
8.631385e-08
3.951482e-09
1.862897e-08
2.814607e-09
1.795941e-08
9.443710e-09
1.369109e-07
3.362319e-07
4.828517e-08
5.168588e-06
3.315418e-07
1.726364e-07
1.817027e-07
3.972696e-09
5.128592e-08
1.912480e-08
6.785998e-09
5.231499e-08
5.273695e-08
2.987422e-07
2.683699e-07
2.093660e-07
2.463258e-07
1.013625e-07
6.143487e-07
1.403942e-08
2.356063e-08
1.961753e-08
4.957972e-08
1.296773e-07
8.240997e-08
1.478589e-07
2.023209e-07
5.167923e-07
7.234835e-07
2.073945e-07
1.416041e-07
2.037691e-07
5.221944e-08
3.397580e-07
1.012370e-07
1.113915e-07
1.949986e-07
1.085041e-07
1.420665e-07
3.553732e-08
1.944340e-07
1.874603e-07
2.306188e-07
4.656493e-06
2.610742e-07
7.881630e-07
4.837662e-07
1.963481e-06
3.548870e-07
3.914664e-07
7.208847e-07
1.061803e-06
3.170066e-07
2.240588e-07
7.958943e-06
6.092440e-07
1.643149e-07
6.942284e-07
8.642973e-07
2.011009e-06
1.948162e-07
1.463174e-07
9.165124e-07
2.799021e-07
1.867134e-07
3.117063e-06
1.661015e-06
1.955065e-06
1.192395e-06
3.232170e-07
3.190432e-07
1.056628e-07
1.360538e-07
6.432085e-07
9.247114e-08
8.235501e-08
3.129334e-08
1.093690e-07
1.618939e-07
3.647610e-07
7.940653e-07
3.571874e-06
8.689252e-07
1.745078e-05
4.288290e-03
7.752294e-07
2.744011e-05
4.646764e-07
1.333467e-04
3.168842e-05
3.635007e-02
4.473692e-04
5.508767e-05
7.539503e-04
1.995952e-04
6.048352e-05
3.170113e-04
8.355084e-05
8.573148e-04
5.213398e-05
1.136504e-05
2.947926e-05
4.608685e-05
7.230260e-06
4.361644e-05
4.133497e-05
8.396185e-07
5.868275e-04
7.056574e-07
3.998335e-06
9.214332e-06
3.683469e-06
1.234666e-04
1.963968e-06
3.141556e-05
1.244184e-05
4.218042e-05
1.106866e-05
2.021534e-05
4.737811e-05
9.680272e-06
1.430150e-05
3.438117e-05
9.794976e-06
2.555572e-04
4.061147e-07
6.443074e-06
3.874745e-06
8.194212e-06
1.020856e-06
2.921248e-06
1.406817e-06
4.230880e-07
1.047111e-06
3.339822e-08
3.645733e-07
2.233469e-09
1.982151e-09
1.469915e-09
3.813853e-09
7.509166e-09
8.911836e-10
3.145000e-09
2.100636e-08
2.334043e-08
6.649633e-08
2.132257e-08
3.295474e-08
5.005989e-08
4.003172e-08
1.983736e-07
1.287904e-07
7.630290e-09
1.365524e-08
2.061021e-08
3.647896e-09
1.628595e-08
8.884780e-10
3.404105e-09
6.096542e-09
1.223840e-08
2.519425e-08
2.087008e-08
1.465500e-09
1.672658e-09
5.546073e-09
1.036696e-09
1.983080e-09
1.780882e-09
2.630152e-08
7.789354e-09
8.718016e-09
2.566933e-09
2.525893e-09
4.585873e-09
7.053902e-09
3.181077e-09
2.544346e-08
1.280167e-08
9.641610e-09
2.667289e-09
2.549208e-09
4.590972e-09
7.053942e-09
3.181123e-09
2.544347e-08
1.280151e-08
9.641637e-09
2.667293e-09
2.549208e-09
4.590972e-09
7.053943e-09
3.181124e-09
2.544352e-08
1.280153e-08
9.641988e-09
2.667547e-09
2.548851e-09
4.594614e-09
7.102657e-09
3.203058e-09
3.413431e-08
1.373178e-08
1.454438e-08
3.455020e-09
1.057314e-08
1.027768e-08
4.724235e-08
2.632463e-07
8.261929e-08
5.743634e-06
4.093670e-07
5.891753e-07
4.948987e-07
4.739955e-08
8.048910e-08
1.538253e-08
1.185172e-08
9.613993e-09
1.065208e-07
2.574382e-07
2.702533e-07
1.838417e-07
2.970902e-07
1.169194e-07
2.785712e-06
4.769858e-08
4.223918e-08
2.718137e-08
1.530958e-08
1.711065e-08
1.258826e-07
3.344707e-07
9.696853e-08
1.157237e-07
1.056910e-07
2.162907e-07
2.566236e-07
9.509204e-08
4.174485e-08
3.020414e-07
1.195623e-07
6.176024e-08
2.739534e-08
1.034599e-07
1.871187e-07
4.692487e-08
1.365356e-07
1.508149e-07
3.731486e-07
1.973215e-06
4.551526e-07
3.008497e-07
2.427996e-07
3.481686e-06
6.894333e-07
7.376346e-07
7.544777e-07
1.055072e-06
2.077373e-07
1.648558e-07
7.443475e-06
5.298947e-07
1.945688e-07
8.882786e-07
1.060367e-06
2.345596e-06
2.411107e-07
1.932660e-07
9.371487e-07
1.062835e-06
1.399024e-07
1.607645e-06
1.455140e-06
1.748536e-06
8.677880e-07
3.900267e-07
2.487155e-06
1.904284e-07
2.437810e-07
5.631236e-07
7.860117e-08
1.350577e-07
4.690764e-08
9.981781e-08
3.493078e-07
3.671116e-07
6.953470e-07
2.080062e-07
3.342862e-07
3.847900e-06
4.210547e-03
1.866079e-05
2.146830e-05
1.146826e-06
5.193974e-06
3.206674e-05
8.037590e-05
4.473692e-04
3.481806e-02
7.478749e-04
2.546406e-04
5.766407e-05
3.342707e-04
8.202572e-05
1.135131e-03
1.164848e-04
6.670936e-05
4.159329e-05
5.099439e-05
9.219372e-06
4.966096e-05
4.278999e-05
2.196670e-06
6.077644e-04
1.147356e-06
4.697415e-06
1.017179e-05
1.022193e-06
1.239662e-04
4.209835e-06
3.254162e-05
1.038734e-05
4.206671e-06
1.134007e-05
5.867767e-05
4.703437e-05
9.658294e-06
2.029481e-06
3.758643e-05
1.117724e-05
2.963359e-04
1.061387e-06
6.575234e-06
5.056375e-06
8.501199e-06
1.473207e-06
2.219922e-06
1.484283e-06
5.544999e-07
2.524942e-06
4.644926e-07
8.591373e-07
6.186293e-08
1.043350e-09
2.076303e-09
3.797434e-09
1.292001e-08
1.149933e-08
6.687881e-09
1.724176e-08
1.369997e-08
6.180125e-08
1.976133e-08
7.005353e-08
3.425035e-08
3.745170e-08
2.676278e-07
2.179943e-07
8.699257e-08
2.511266e-08
4.775076e-08
8.195429e-09
2.606766e-08
5.292867e-09
1.114075e-08
2.748845e-09
1.300967e-08
2.886700e-08
2.651798e-08
7.834939e-09
6.161006e-09
1.094910e-08
2.502647e-09
2.986526e-09
2.120790e-09
1.842180e-08
9.446503e-09
1.167659e-08
3.728032e-09
7.215205e-09
5.460561e-09
1.382358e-08
8.652554e-09
1.515479e-08
1.736308e-08
1.573049e-08
3.984491e-09
7.502410e-09
5.475710e-09
1.382397e-08
8.652828e-09
1.515481e-08
1.736284e-08
1.573061e-08
3.984501e-09
7.502410e-09
5.475710e-09
1.382398e-08
8.652828e-09
1.515483e-08
1.736285e-08
1.573084e-08
3.984570e-09
7.502227e-09
5.476595e-09
1.386173e-08
8.661148e-09
1.772812e-08
1.758457e-08
1.995575e-08
4.625328e-09
1.222658e-08
1.406784e-08
2.539164e-08
1.195448e-07
7.984388e-08
6.017864e-06
4.913660e-07
8.101474e-07
1.198998e-06
1.163012e-07
7.642874e-07
1.328933e-08
1.903389e-08
2.178522e-08
2.212182e-08
1.398859e-07
7.620946e-07
1.924856e-07
4.056474e-07
1.657057e-07
8.116748e-06
2.698030e-07
1.550023e-07
1.286949e-07
5.959256e-08
3.002421e-08
3.220010e-08
1.087898e-07
7.541662e-07
6.060048e-07
1.321408e-07
1.860840e-07
3.005581e-07
2.250003e-07
1.002662e-07
1.145047e-07
1.255508e-07
3.269671e-07
7.105271e-08
9.045284e-08
1.605830e-07
1.714456e-07
1.646129e-07
9.658884e-08
4.483763e-07
2.136440e-06
1.911711e-07
3.946245e-07
6.863846e-07
4.403098e-06
1.902540e-06
4.853377e-07
1.156517e-06
1.223911e-06
1.956499e-07
1.235505e-07
6.678395e-06
5.239226e-07
2.268859e-07
9.161007e-07
1.821465e-06
3.307440e-06
3.770206e-07
3.425482e-07
1.126079e-06
1.797886e-06
6.949454e-07
8.756326e-07
1.354140e-06
1.313533e-06
9.917323e-07
3.657100e-07
4.382288e-06
2.209178e-06
5.346612e-07
4.988947e-07
1.066093e-07
1.412972e-07
6.730499e-08
1.539229e-07
5.017528e-07
2.299090e-07
9.526060e-07
7.459513e-07
3.835264e-07
2.450201e-07
4.194629e-03
6.585880e-06
1.542213e-05
2.969562e-05
3.964886e-06
3.439468e-05
9.694148e-07
4.497986e-04
5.508767e-05
7.478749e-04
3.495418e-02
6.069886e-05
3.899610e-04
8.453120e-05
1.302998e-03
1.534697e-04
1.593304e-04
1.138886e-04
7.117601e-05
1.481077e-05
5.900424e-05
4.312365e-05
3.210602e-07
6.189763e-04
3.768991e-06
5.362719e-06
1.275680e-05
1.425015e-06
1.290550e-04
2.158682e-06
3.470954e-05
1.338440e-05
4.636729e-06
9.612275e-06
2.340646e-05
4.994542e-05
5.114251e-05
2.730097e-06
3.916260e-05
1.205164e-05
3.431031e-04
3.521448e-06
6.732277e-06
9.921468e-06
9.190250e-06
2.244893e-06
2.305568e-06
1.549128e-06
7.284554e-07
4.965151e-06
8.647983e-07
3.634371e-06
1.447806e-07
1.027662e-07
1.358832e-09
4.139697e-09
1.365630e-08
2.416290e-08
4.968730e-08
6.422989e-09
1.093448e-08
7.222660e-08
1.488165e-08
7.191744e-08
4.384621e-08
3.909096e-08
2.754494e-07
3.107923e-07
1.518699e-07
9.900120e-08
1.223626e-07
1.685546e-08
6.248514e-08
6.422333e-09
3.681962e-08
4.736844e-09
1.084041e-08
2.546188e-08
3.095473e-08
1.283396e-08
2.041831e-08
3.967169e-08
4.644104e-09
8.362314e-09
2.201481e-09
1.435485e-08
1.319592e-08
1.483195e-08
4.928354e-09
9.273050e-09
1.135040e-08
1.244748e-08
1.501411e-08
1.322860e-08
2.312947e-08
2.186251e-08
5.860808e-09
1.012366e-08
1.148046e-08
1.244795e-08
1.501545e-08
1.322872e-08
2.312884e-08
2.186271e-08
5.860844e-09
1.012366e-08
1.148046e-08
1.244795e-08
1.501545e-08
1.322873e-08
2.312884e-08
2.186280e-08
5.860870e-09
1.012355e-08
1.148115e-08
1.245616e-08
1.501980e-08
1.433782e-08
2.320905e-08
2.365497e-08
6.318245e-09
1.297471e-08
1.622748e-08
1.275462e-08
8.223786e-08
7.010042e-08
5.684485e-06
4.621660e-07
9.383700e-07
1.804997e-06
2.661158e-07
2.083596e-06
6.190873e-08
1.661191e-08
3.644642e-08
4.379944e-08
5.956694e-08
3.379094e-07
2.743123e-07
1.061104e-06
1.994122e-07
9.367479e-06
5.688227e-07
4.217589e-07
4.655932e-07
1.313805e-07
6.015101e-08
4.628516e-08
8.338605e-08
9.782462e-08
3.063435e-07
1.194355e-06
9.975395e-07
5.038457e-07
3.026846e-07
1.469051e-07
1.597040e-07
1.130217e-07
8.533326e-08
1.019818e-07
4.278967e-07
2.028620e-07
1.578978e-07
2.429550e-07
1.532385e-07
4.594063e-07
2.077881e-06
1.811454e-07
5.055501e-07
3.711858e-06
4.771773e-06
2.771919e-06
4.885406e-07
1.421949e-06
1.357197e-06
2.095525e-07
1.913742e-07
6.321828e-06
3.749855e-07
3.543026e-07
1.013197e-06
2.322688e-06
4.520648e-06
7.007720e-07
8.199138e-07
1.088761e-06
2.578048e-06
1.117111e-06
1.002926e-06
1.265241e-06
8.013492e-07
1.059414e-06
7.155913e-07
5.203976e-06
3.827613e-06
3.631427e-06
4.688367e-07
1.394264e-07
1.866521e-07
9.740590e-08
1.474630e-07
6.959011e-07
2.631310e-07
5.465343e-07
2.976301e-07
1.942030e-06
1.456343e-06
4.111193e-03
2.742128e-06
1.261651e-05
8.586551e-06
3.721676e-06
6.417068e-05
1.303467e-06
4.545494e-04
2.622586e-06
7.539503e-04
2.546406e-04
6.069886e-05
3.503102e-02
8.999172e-05
1.449528e-03
1.757895e-04
2.195352e-04
2.628796e-04
1.577454e-04
2.465319e-05
8.181860e-05
4.384584e-05
3.468296e-07
6.438731e-04
1.016672e-06
6.721005e-06
1.626382e-05
2.062272e-06
1.390363e-04
2.949151e-06
3.589585e-05
1.086884e-05
6.863933e-06
1.314690e-05
2.655848e-05
5.023700e-05
1.118094e-05
6.439821e-06
8.190940e-05
1.350352e-05
4.421010e-04
4.145567e-06
7.415955e-06
1.539658e-05
1.094718e-05
3.083749e-06
2.650639e-06
1.846626e-06
8.613769e-07
6.843234e-06
1.593777e-06
6.395337e-06
4.212814e-07
1.993181e-07
4.382647e-07
3.132907e-09
1.324116e-08
2.460398e-08
6.843968e-08
2.489831e-08
1.073167e-08
2.894583e-08
2.573713e-08
1.256627e-07
1.960609e-08
3.981763e-08
2.980521e-07
3.477764e-07
1.703969e-07
1.385305e-07
3.285751e-07
3.843022e-08
7.917127e-08
1.198190e-08
4.196212e-08
9.908178e-09
1.075234e-08
2.516720e-08
4.233877e-08
1.031236e-08
2.597992e-08
1.035672e-07
1.372031e-08
1.035878e-08
3.667331e-09
1.412307e-08
1.490452e-08
1.529467e-08
6.625600e-09
1.522359e-08
1.237875e-08
1.313275e-08
1.523901e-08
1.423269e-08
4.096855e-08
2.290337e-08
1.022986e-08
1.838646e-08
1.257943e-08
1.313452e-08
1.524101e-08
1.423309e-08
4.096649e-08
2.290390e-08
1.022999e-08
1.838646e-08
1.257943e-08
1.313452e-08
1.524101e-08
1.423309e-08
4.096649e-08
2.290396e-08
1.023001e-08
1.838638e-08
1.257980e-08
1.313924e-08
1.524247e-08
1.496762e-08
4.101727e-08
2.388457e-08
1.033749e-08
2.193176e-08
1.611448e-08
7.358123e-09
6.290052e-08
5.987259e-08
3.639356e-06
4.031800e-07
9.738096e-07
1.831668e-06
7.452470e-07
4.225558e-06
8.949697e-08
4.603595e-08
4.152703e-08
3.403582e-08
7.285066e-08
1.935604e-07
2.336039e-07
5.082083e-07
2.337452e-07
1.071777e-05
6.892066e-07
7.121626e-07
1.001167e-06
3.859446e-07
1.113491e-07
6.248839e-08
6.486415e-08
7.284370e-08
1.813081e-07
2.056983e-07
6.150265e-07
1.849108e-06
1.297794e-06
2.581349e-07
1.628820e-07
2.227632e-07
7.299305e-08
6.721100e-08
1.810712e-07
2.483568e-07
5.559599e-07
2.253060e-07
6.569054e-08
5.684586e-07
2.014561e-06
1.329609e-07
2.414264e-07
3.203452e-07
8.247595e-06
6.295166e-06
6.154068e-07
2.697147e-06
1.396862e-06
2.063398e-07
1.136309e-07
6.061828e-06
3.564686e-07
1.795091e-07
8.691605e-07
2.732893e-06
5.135720e-06
1.028353e-06
6.729079e-07
8.668223e-07
3.455087e-06
1.349767e-06
1.037111e-06
2.228055e-06
5.471452e-07
2.936912e-07
4.164708e-07
5.976210e-06
4.755439e-06
5.367541e-06
9.954098e-07
2.000997e-07
2.997598e-07
5.686156e-08
1.376163e-07
8.133573e-07
2.222752e-07
4.071738e-07
3.892965e-07
3.673874e-07
2.873111e-07
3.935328e-03
4.820932e-06
1.183968e-05
4.293291e-07
1.752048e-06
4.935475e-05
1.135610e-06
4.746988e-04
3.173056e-06
7.601553e-04
1.995952e-04
5.766407e-05
3.899610e-04
8.999172e-05
3.602743e-02
1.828291e-04
2.723133e-04
2.931800e-04
2.202153e-04
6.384824e-05
1.096666e-04
4.433056e-05
3.174317e-07
6.466949e-04
1.013742e-06
6.605195e-06
1.596790e-05
2.312910e-06
1.482110e-04
3.007165e-06
3.989306e-05
1.193194e-05
3.859180e-06
8.495201e-06
3.017184e-05
5.615156e-05
1.095721e-05
3.940914e-06
4.215736e-05
1.762691e-05
5.054286e-04
5.005176e-06
7.670106e-06
2.016880e-05
1.200939e-05
4.161368e-06
2.787064e-06
1.835909e-06
1.073625e-06
8.192123e-06
2.093247e-06
8.010393e-06
5.467356e-07
4.530277e-07
6.843272e-07
2.911343e-07
1.017217e-08
2.466985e-08
6.802962e-08
3.681020e-08
2.705464e-08
1.337272e-08
6.891771e-09
5.132079e-08
2.527254e-08
8.220250e-08
2.773563e-07
3.120794e-07
1.975325e-07
1.704752e-07
3.248622e-07
6.632953e-08
8.648904e-08
1.576851e-08
4.441815e-08
1.135913e-08
1.768160e-08
1.439953e-08
1.674512e-08
1.487276e-08
3.596497e-08
1.017892e-07
2.708695e-08
1.595875e-08
4.373717e-09
1.329885e-08
1.156745e-08
1.255583e-08
5.883010e-09
1.179172e-08
9.944430e-09
1.263103e-08
1.613393e-08
1.100622e-08
4.669639e-08
2.229470e-08
9.981578e-09
1.629800e-08
1.027969e-08
1.266030e-08
1.613961e-08
1.100670e-08
4.669257e-08
2.229561e-08
9.981834e-09
1.629801e-08
1.027969e-08
1.266030e-08
1.613961e-08
1.100670e-08
4.669257e-08
2.229563e-08
9.981839e-09
1.629799e-08
1.027979e-08
1.266154e-08
1.614061e-08
1.120815e-08
4.672714e-08
2.272366e-08
9.996562e-09
1.703147e-08
1.339652e-08
7.939625e-09
4.755948e-08
3.339418e-08
1.499293e-06
1.633795e-07
9.124485e-07
1.821760e-06
8.654146e-07
4.806080e-06
1.904317e-07
1.234957e-07
6.778582e-08
2.760781e-08
7.876108e-08
1.782071e-07
1.509276e-07
3.167000e-07
3.058389e-07
9.660713e-06
8.184854e-07
1.660380e-06
1.033289e-06
4.841887e-07
1.873637e-07
9.157590e-08
4.860882e-08
4.443914e-08
5.699047e-08
7.165213e-08
2.813651e-07
5.420359e-07
8.697013e-07
1.576938e-06
7.934451e-07
2.078091e-07
4.719919e-08
6.072503e-08
8.700280e-08
1.646173e-07
2.694928e-07
2.259972e-07
2.676315e-07
4.551753e-07
1.281276e-06
2.095971e-07
3.103783e-07
2.537103e-07
3.033960e-06
2.514116e-06
3.935547e-06
5.900369e-06
1.526301e-06
4.827214e-07
1.625344e-07
3.684230e-06
2.808640e-07
2.018399e-07
6.450937e-07
2.389039e-06
4.771391e-06
1.282236e-06
8.869779e-07
8.773249e-07
2.949594e-06
1.489792e-06
1.380375e-06
2.200515e-06
6.174196e-07
2.042879e-07
2.772129e-07
4.568262e-06
4.500836e-06
6.099040e-06
1.535765e-06
6.426989e-07
2.518093e-07
8.622729e-08
1.274779e-07
6.290119e-07
2.005292e-07
4.539148e-07
3.498901e-07
4.745858e-07
4.030628e-07
2.695612e-03
3.058396e-06
1.238223e-05
2.054532e-06
1.484912e-06
1.874264e-05
7.309861e-07
3.403432e-04
2.853277e-06
7.592185e-04
1.920576e-04
6.048352e-05
3.342707e-04
8.453120e-05
1.449528e-03
1.828291e-04
3.005627e-02
3.089569e-04
2.777670e-04
1.031746e-04
1.420987e-04
4.618462e-05
5.595144e-07
6.196331e-04
8.355027e-07
7.215092e-06
1.689875e-05
3.135957e-06
1.373686e-04
3.538166e-06
4.247696e-05
9.773568e-06
4.035891e-06
7.646274e-06
2.348117e-05
4.838946e-05
1.398334e-05
6.771438e-06
3.885360e-05
1.309011e-05
4.627613e-04
8.449411e-06
3.580245e-05
2.052567e-05
1.312892e-05
4.695585e-06
2.990391e-06
1.831546e-06
1.235139e-06
8.748442e-06
1.969559e-06
8.183610e-06
6.888906e-07
5.634317e-07
8.589293e-07
5.779661e-07
1.882913e-07
1.919737e-08
6.636556e-08
3.681805e-08
2.826474e-08
1.440068e-08
3.848796e-09
1.778158e-08
7.885379e-09
1.734966e-08
1.711644e-07
3.418376e-07
2.284931e-07
1.560151e-07
3.232385e-07
7.553990e-08
8.794123e-08
2.023655e-08
3.832315e-08
1.554613e-08
1.654612e-08
1.408253e-08
8.919417e-09
3.853682e-09
2.132982e-08
1.013341e-07
3.752816e-08
1.752127e-08
6.188130e-09
7.190900e-09
1.204480e-08
9.092229e-09
4.456522e-09
7.962849e-09
7.418861e-09
4.598536e-09
1.092722e-08
1.200991e-08
4.230093e-08
1.963273e-08
9.505131e-09
1.150228e-08
9.158533e-09
4.794264e-09
1.094363e-08
1.201738e-08
4.229587e-08
1.963512e-08
9.505835e-09
1.150229e-08
9.158535e-09
4.794265e-09
1.094363e-08
1.201738e-08
4.229587e-08
1.963513e-08
9.505837e-09
1.150228e-08
9.158561e-09
4.794595e-09
1.094389e-08
1.215529e-08
4.230699e-08
1.991970e-08
9.511729e-09
1.172250e-08
9.945854e-09
3.727224e-09
2.116979e-08
2.885836e-08
7.971860e-07
5.978384e-08
3.515901e-07
1.642707e-06
8.725464e-07
4.781457e-06
4.138910e-07
9.092080e-08
7.734146e-08
6.769232e-08
6.625713e-08
1.366574e-07
1.393654e-07
1.561278e-07
2.369703e-07
8.905106e-06
7.827559e-07
9.351582e-07
1.068340e-06
1.180929e-06
1.736118e-07
9.843283e-08
6.073527e-08
4.589770e-08
3.170747e-08
3.516376e-08
9.492096e-08
2.869673e-07
4.938554e-07
3.551570e-07
5.751011e-07
9.599875e-07
4.305950e-07
5.818959e-08
4.634839e-08
1.006318e-07
1.794168e-07
1.507031e-07
9.728037e-08
3.044631e-07
1.076791e-06
1.270165e-07
1.898716e-07
3.062402e-07
2.657384e-06
1.301374e-06
3.921187e-07
2.068948e-06
4.727406e-06
4.050936e-06
1.948198e-07
2.872132e-06
1.900106e-07
1.441660e-07
5.212533e-07
1.737540e-06
4.220783e-06
1.172755e-06
7.788010e-07
9.106419e-07
2.871193e-06
1.584177e-06
8.014406e-07
2.064069e-06
9.460215e-07
2.337497e-07
1.368505e-07
2.459964e-06
3.925416e-06
5.273019e-06
1.283063e-06
1.311168e-06
5.901353e-07
1.233584e-07
1.186919e-07
4.244584e-07
1.544232e-07
3.303990e-07
3.456563e-07
5.421674e-07
3.861016e-07
1.989415e-03
2.591158e-06
7.506784e-06
4.754734e-07
3.155063e-06
1.536969e-05
3.647524e-07
2.536537e-04
1.955986e-06
6.064154e-04
1.812580e-04
8.121655e-05
3.170113e-04
8.202572e-05
1.302998e-03
1.757895e-04
2.723133e-04
3.089569e-04
2.444704e-02
1.106706e-04
1.839240e-04
5.456368e-05
6.492788e-07
6.053031e-04
6.275875e-07
5.033835e-06
1.802872e-05
3.527780e-06
1.348924e-04
3.459248e-06
3.811826e-05
8.857534e-06
5.616028e-06
5.124260e-06
1.782368e-05
4.041443e-05
1.021376e-05
5.171417e-06
3.658489e-05
1.358232e-05
4.590898e-04
5.049533e-06
7.859302e-06
2.276547e-05
2.263068e-05
5.037977e-06
2.949657e-06
1.807184e-06
1.255228e-06
8.790144e-06
1.891753e-06
7.807892e-06
6.613246e-07
5.617747e-07
9.196403e-07
1.590989e-06
2.963637e-07
3.511913e-08
4.570479e-08
3.507383e-08
2.749682e-08
9.609326e-09
3.668767e-09
6.034314e-09
1.943821e-09
6.712864e-09
6.942183e-08
1.468793e-07
2.634519e-07
1.570478e-07
2.424273e-07
6.493543e-08
8.322387e-08
3.542181e-08
1.588391e-08
1.319906e-08
1.711224e-08
1.054568e-08
9.215624e-09
1.555631e-09
7.484778e-09
7.067213e-08
2.436611e-08
2.056972e-08
1.844512e-08
4.789001e-09
6.154413e-09
8.229912e-09
3.502294e-09
4.674465e-09
2.636857e-09
2.167951e-09
4.832786e-09
6.420578e-09
4.501920e-08
1.197662e-08
9.359050e-09
8.324982e-09
3.641217e-09
2.372958e-09
5.153900e-09
6.455687e-09
4.500592e-08
1.198033e-08
9.361457e-09
8.325010e-09
3.641222e-09
2.372959e-09
5.153901e-09
6.455688e-09
4.500592e-08
1.198033e-08
9.361459e-09
8.325007e-09
3.641229e-09
2.373041e-09
5.153969e-09
6.490347e-09
4.501425e-08
1.205065e-08
9.365222e-09
8.412749e-09
3.850237e-09
2.100875e-09
1.060423e-08
1.176925e-08
6.073405e-07
3.004845e-08
1.187339e-07
4.827137e-07
7.959890e-07
4.559166e-06
4.396003e-07
1.093939e-07
7.537901e-08
3.285701e-08
8.448732e-08
6.305708e-08
9.144160e-08
1.321983e-07
1.449302e-07
5.661028e-06
6.951741e-07
7.144973e-07
9.150041e-07
5.267102e-07
1.932994e-07
5.621293e-07
3.216738e-08
2.615483e-08
3.149384e-08
2.279718e-08
3.903810e-08
1.290464e-07
2.242457e-07
1.628532e-07
2.726862e-07
2.902737e-07
2.560061e-07
4.035743e-07
2.350124e-07
4.439456e-08
8.588926e-08
1.083247e-07
4.024624e-08
2.201136e-07
3.823498e-07
1.065926e-07
2.138026e-07
1.820483e-07
1.928697e-06
1.155699e-06
1.771472e-07
1.424005e-06
1.028865e-06
4.837283e-07
3.475437e-06
2.361024e-06
1.606252e-07
1.408645e-07
3.996417e-07
1.296906e-06
2.813734e-06
1.070976e-06
7.028932e-07
6.540555e-07
2.528708e-06
1.776523e-06
5.616823e-07
1.736560e-06
5.383983e-07
2.152750e-07
3.344043e-07
7.033217e-07
2.080384e-06
4.349155e-06
1.190009e-06
5.671275e-07
3.827311e-07
8.358088e-07
1.316921e-07
2.552220e-07
8.445256e-08
2.148863e-07
3.065003e-07
4.701941e-07
3.420041e-07
1.587256e-03
1.775280e-06
3.985171e-06
4.116201e-07
1.263751e-06
1.230979e-05
9.699971e-07
1.098109e-04
1.371575e-06
4.130179e-04
1.321454e-04
6.635152e-05
2.922029e-04
8.355084e-05
1.135131e-03
1.534697e-04
2.195352e-04
2.931800e-04
2.777670e-04
1.106706e-04
1.775069e-02
6.116411e-05
1.022276e-05
5.935990e-04
3.676421e-07
2.747396e-06
1.717774e-05
2.886617e-06
1.204372e-04
3.997012e-06
3.490507e-05
7.237913e-06
2.525694e-06
3.939516e-06
1.331569e-05
2.550384e-05
8.330243e-06
5.989225e-06
3.102015e-05
9.965386e-06
4.583329e-04
5.715250e-06
4.902866e-06
1.658877e-05
1.456442e-05
6.062530e-06
6.574473e-06
1.560647e-06
1.211211e-06
8.338501e-06
1.540212e-06
7.666327e-06
5.604840e-07
4.709180e-07
7.819290e-07
2.112354e-06
5.616484e-07
6.379846e-08
4.794749e-09
2.538522e-08
2.472621e-08
7.654339e-09
1.544422e-09
4.374242e-09
6.127517e-10
1.782447e-09
2.055340e-08
3.861708e-08
2.035473e-07
1.181764e-07
1.114067e-07
4.090036e-08
5.536687e-08
2.960114e-08
1.441742e-08
9.185604e-09
1.157265e-08
8.130408e-09
5.228602e-09
1.313743e-09
2.221500e-09
1.680869e-08
1.357581e-08
1.018541e-08
9.265768e-09
6.834953e-09
4.616839e-09
2.399539e-09
2.709667e-09
1.917777e-09
7.668349e-10
6.982887e-10
2.076925e-09
2.105823e-09
3.122892e-08
9.137201e-09
4.420715e-09
5.806709e-09
1.549913e-09
7.477871e-10
2.361003e-09
2.158303e-09
3.125540e-08
9.155180e-09
4.424333e-09
5.807001e-09
1.549928e-09
7.477883e-10
2.361005e-09
2.158303e-09
3.125540e-08
9.155182e-09
4.424334e-09
5.806999e-09
1.549930e-09
7.478060e-10
2.361020e-09
2.166010e-09
3.125920e-08
9.199968e-09
4.424978e-09
5.860142e-09
1.608516e-09
6.890767e-10
3.535228e-09
3.869140e-09
2.870176e-07
1.933200e-08
4.183649e-08
1.195455e-07
2.536559e-07
3.857341e-06
3.923125e-07
8.883140e-08
8.381905e-08
2.225752e-08
7.956621e-08
6.028733e-08
1.874628e-08
8.452698e-08
1.330988e-07
8.616180e-07
4.487924e-07
6.190961e-07
5.494509e-07
2.570928e-07
1.588336e-07
1.415845e-07
4.715044e-08
1.566884e-07
9.572017e-09
8.831909e-09
1.744857e-08
4.310336e-08
7.513250e-08
5.136987e-08
6.415547e-08
1.291566e-07
1.314252e-07
4.871723e-08
4.841331e-08
1.825654e-07
5.658987e-08
2.668067e-08
1.990585e-08
1.635879e-07
1.796681e-07
3.685743e-08
1.052689e-07
1.167903e-07
9.321865e-07
7.517399e-07
1.359671e-07
2.122942e-07
6.199695e-07
2.550914e-07
1.759498e-07
1.063505e-06
5.846042e-07
4.624382e-07
2.188610e-07
8.687951e-07
2.098884e-06
7.399076e-07
5.427038e-07
4.492984e-07
2.055434e-06
1.854478e-06
3.245550e-07
1.149761e-06
3.405714e-07
1.674510e-07
1.604512e-07
4.637191e-07
6.121407e-07
1.843650e-06
8.679981e-07
5.499961e-07
3.008321e-07
3.147763e-07
2.463272e-07
6.940755e-08
5.568894e-08
1.138144e-07
2.021163e-07
4.163240e-07
3.138726e-07
9.335793e-04
1.201641e-06
1.987268e-06
2.014883e-07
6.764011e-07
9.452195e-06
3.829354e-07
5.108587e-05
7.368371e-07
3.126473e-04
7.074600e-05
3.137346e-05
2.607607e-04
6.818304e-05
8.573148e-04
1.164848e-04
1.593304e-04
2.628796e-04
2.202153e-04
1.031746e-04
1.839240e-04
6.116411e-05
9.812147e-03
5.972814e-04
1.985321e-06
1.360209e-06
1.573728e-05
2.024720e-06
1.080204e-04
3.102294e-06
3.376233e-05
3.775770e-06
1.961595e-06
2.877335e-06
6.534553e-06
1.316522e-05
5.154723e-06
4.326142e-06
2.300554e-05
9.006620e-06
4.509467e-04
4.187041e-06
3.272443e-06
1.054844e-05
1.120929e-05
4.772255e-06
2.868982e-06
1.827285e-06
1.720607e-06
7.847936e-06
8.417411e-07
6.984952e-06
5.285995e-07
2.567240e-07
5.619070e-07
2.378818e-06
5.972574e-07
9.658822e-08
1.077572e-08
4.797918e-09
9.150289e-09
4.760397e-09
6.996237e-10
4.107118e-10
5.278850e-10
6.953706e-11
1.026945e-09
3.296989e-09
1.671487e-07
3.863430e-08
6.929781e-08
4.088035e-09
1.240532e-08
2.177201e-08
3.784863e-09
1.027635e-08
5.287358e-09
1.532692e-09
3.911685e-09
2.493276e-10
1.740606e-09
5.605959e-10
9.694422e-10
2.712395e-09
4.658270e-09
1.307324e-09
5.239840e-09
1.812239e-09
2.384581e-10
1.029777e-09
1.066267e-10
1.297690e-10
1.841066e-10
3.669454e-10
2.469130e-08
1.918891e-09
3.625824e-09
3.624565e-10
8.119382e-10
1.552638e-10
2.586776e-10
4.259218e-10
2.468185e-08
1.937071e-09
3.644413e-09
3.625671e-10
8.120065e-10
1.552719e-10
2.586853e-10
4.259219e-10
2.468185e-08
1.937072e-09
3.644416e-09
3.625671e-10
8.120072e-10
1.552728e-10
2.586860e-10
4.262995e-10
2.468446e-08
1.940363e-09
3.644689e-09
3.640775e-10
8.313675e-10
1.522233e-10
3.193758e-10
5.103129e-10
2.022910e-07
2.464828e-09
1.876687e-08
6.521174e-09
1.686433e-08
2.090183e-07
3.270286e-07
4.665224e-08
5.162118e-08
1.955255e-08
7.011017e-08
3.460789e-08
9.865225e-09
2.603965e-09
7.405548e-08
2.736147e-07
1.551726e-08
2.015041e-07
3.348070e-07
7.883301e-08
5.811390e-08
3.583641e-08
2.345899e-08
1.838686e-08
7.111579e-09
6.882582e-09
2.574305e-09
5.685335e-09
9.751390e-09
7.609444e-09
7.111320e-09
2.257520e-08
2.188176e-08
1.916580e-08
9.681879e-09
5.871770e-09
1.182315e-08
8.375879e-09
4.039537e-09
1.133968e-07
7.371878e-08
1.618492e-08
7.784287e-09
6.257388e-08
1.205199e-07
2.412705e-07
7.615971e-08
5.662598e-08
1.961232e-08
1.573240e-07
1.098655e-07
4.610802e-07
4.182440e-08
2.143968e-08
2.056674e-07
3.673068e-07
1.493193e-06
5.914172e-07
1.874559e-07
1.279814e-07
1.446189e-06
1.729810e-06
1.627927e-07
7.584605e-07
1.021237e-07
8.801408e-08
6.798668e-08
1.276603e-07
4.440755e-07
3.381542e-07
1.739418e-07
2.574200e-07
2.045882e-07
3.345318e-07
2.417127e-07
3.253720e-08
3.864137e-09
4.725593e-08
9.431984e-08
2.936120e-07
2.460328e-07
5.614222e-04
2.622931e-07
8.044270e-07
5.491783e-08
1.414583e-07
3.289550e-06
1.691582e-07
2.786967e-05
2.906697e-07
9.965907e-05
3.586500e-05
8.363038e-06
1.209609e-04
3.992970e-05
4.817473e-04
5.213398e-05
6.670936e-05
1.138886e-04
1.577454e-04
6.384824e-05
1.420987e-04
5.456368e-05
1.022276e-05
5.972814e-04
6.744652e-04
1.686050e-07
1.571953e-05
3.721909e-07
5.175349e-05
2.550456e-06
2.705372e-05
2.256619e-06
8.246253e-07
1.547921e-06
2.827204e-06
3.690598e-06
2.053686e-06
3.309912e-06
5.347618e-06
4.180882e-06
4.464632e-04
3.849938e-06
1.146395e-06
3.257448e-06
7.636473e-06
2.897553e-06
2.044305e-06
1.025253e-06
9.382516e-07
7.048833e-06
2.632009e-07
5.892605e-06
3.887528e-07
1.231760e-07
1.467198e-07
2.571941e-06
5.978457e-07
9.136280e-08
1.073513e-08
1.128381e-09
5.316197e-08
3.108175e-10
3.277833e-10
2.690551e-10
3.929192e-10
2.661211e-11
2.778882e-10
6.389520e-10
5.194770e-08
2.221937e-08
8.399705e-09
1.850755e-09
1.345397e-08
1.147778e-08
1.178742e-09
3.151299e-09
3.591405e-08
4.645869e-10
2.228537e-09
4.212866e-10
1.236571e-09
2.774555e-10
7.222333e-11
8.735744e-10
2.686541e-09
3.194198e-10
8.206717e-10
1.395784e-08
2.916168e-10
8.955025e-11
2.186747e-10
2.235425e-10
1.446385e-10
1.202137e-10
8.492004e-09
1.205154e-09
2.039116e-09
2.413031e-10
2.232553e-10
1.981577e-10
3.143093e-10
2.463130e-10
8.452310e-09
1.342482e-09
2.070855e-09
2.428931e-10
2.235258e-10
1.981621e-10
3.144432e-10
2.463147e-10
8.452310e-09
1.342485e-09
2.070862e-09
2.428931e-10
2.235258e-10
1.981623e-10
3.144434e-10
2.463704e-10
8.452685e-09
1.343954e-09
2.070914e-09
2.431183e-10
2.239912e-10
1.975581e-10
3.262779e-10
2.587857e-10
3.395878e-08
1.773717e-09
4.672011e-09
1.126366e-09
4.122717e-09
3.278432e-08
6.363874e-08
2.009711e-08
2.860606e-08
9.331084e-09
4.039425e-08
5.320602e-08
4.311381e-09
1.120330e-09
2.845212e-08
4.485291e-08
1.394254e-09
2.018202e-08
1.675453e-08
3.709362e-08
1.476090e-08
2.452775e-08
1.439616e-09
1.897352e-08
2.212715e-08
2.154263e-09
1.434258e-09
2.834327e-09
1.766932e-09
1.489558e-09
2.244750e-09
7.640001e-09
6.634469e-09
8.213339e-09
6.098810e-09
4.258698e-09
3.937271e-09
4.217905e-09
1.393581e-09
2.239197e-08
3.632430e-08
1.033567e-08
3.943900e-09
1.612411e-08
2.158427e-08
5.987042e-08
2.438910e-08
1.098581e-08
3.479980e-09
4.222532e-08
7.338173e-08
2.159150e-07
1.237640e-08
4.599854e-08
9.259570e-08
4.956335e-08
2.652545e-07
3.326396e-07
2.535897e-08
1.623115e-08
1.362988e-07
1.398314e-06
1.187205e-07
1.495334e-07
7.308481e-08
3.033447e-08
3.779082e-08
3.514790e-08
5.183480e-08
4.726022e-07
1.301995e-08
2.607908e-08
5.638435e-08
2.767302e-07
2.106565e-07
5.177959e-08
2.888559e-08
2.827158e-08
3.327202e-08
3.878392e-08
1.848971e-08
2.953433e-04
8.162790e-08
1.011037e-07
2.984350e-08
1.717039e-08
3.418198e-07
9.660489e-08
1.666890e-05
7.758490e-08
2.085006e-05
4.134554e-06
4.013246e-06
1.612642e-05
1.719992e-05
1.999854e-04
2.784923e-05
1.136504e-05
4.159329e-05
7.117601e-05
2.465319e-05
1.096666e-04
4.618462e-05
6.492788e-07
5.935990e-04
1.985321e-06
1.686050e-07
6.050891e-05
3.611625e-08
2.442412e-05
1.706995e-06
1.667299e-05
2.517838e-07
3.727998e-07
2.961626e-07
1.487162e-06
3.352654e-07
1.050356e-06
1.336524e-06
3.613289e-07
5.373718e-07
4.427268e-04
2.321180e-06
1.485392e-07
9.405422e-07
5.322786e-06
1.034204e-06
1.049894e-06
8.139511e-07
3.726717e-07
5.299611e-06
5.417243e-08
4.102983e-06
2.829316e-07
2.954346e-08
1.216586e-07
2.362359e-06
4.995062e-07
8.757402e-08
2.812115e-08
5.246992e-09
1.210866e-07
4.553624e-10
2.395389e-10
3.056154e-10
3.576187e-10
2.540733e-10
8.344798e-09
7.529978e-10
3.638089e-09
3.168547e-09
4.333803e-09
1.765807e-09
2.127278e-08
1.900885e-09
6.622272e-10
7.886098e-09
5.030005e-08
2.601615e-09
1.314474e-09
1.636266e-09
2.952584e-09
4.502710e-10
3.964924e-10
1.128763e-09
3.154724e-10
4.240574e-10
6.421564e-10
1.707909e-08
6.715403e-10
3.403920e-10
8.601843e-10
1.004395e-09
2.348276e-10
8.328572e-11
1.159680e-09
4.103081e-10
1.351920e-09
2.776469e-10
1.105617e-09
2.556269e-10
6.354599e-10
7.234749e-10
9.473667e-10
6.961976e-10
1.485224e-09
2.874960e-10
1.110591e-09
2.556402e-10
6.364162e-10
7.234832e-10
9.473679e-10
6.962042e-10
1.485256e-09
2.874960e-10
1.110591e-09
2.556402e-10
6.364163e-10
7.234882e-10
9.473909e-10
6.962969e-10
1.485273e-09
2.875144e-10
1.110718e-09
2.556032e-10
6.405670e-10
7.246165e-10
2.512813e-09
7.241469e-10
2.519515e-09
3.726767e-10
2.637688e-09
3.393112e-09
4.948913e-09
2.385450e-09
1.994157e-08
9.608187e-09
2.965542e-08
7.292063e-08
1.775635e-08
1.507884e-08
2.934748e-07
2.085033e-09
1.148175e-09
3.428865e-08
9.614278e-10
3.163089e-08
2.603209e-08
1.069207e-08
4.030248e-09
5.439720e-08
3.480224e-08
4.189991e-09
3.549897e-09
5.184462e-09
1.152567e-09
5.972160e-10
4.826269e-10
2.201348e-09
5.260123e-09
5.468834e-09
4.648989e-09
6.220295e-09
4.364350e-09
4.581128e-09
2.560905e-09
3.063658e-09
4.161523e-09
8.613322e-09
2.551281e-09
9.600522e-09
4.355936e-09
3.465913e-08
9.346101e-09
2.393395e-09
7.361235e-09
1.321159e-07
6.117948e-09
7.971442e-08
2.291574e-08
3.757073e-08
1.386236e-07
8.016898e-09
1.832944e-07
5.099735e-08
1.809952e-08
4.606496e-09
2.708524e-08
1.070908e-06
7.414125e-08
1.080341e-07
3.133459e-07
7.352924e-08
2.574793e-08
1.897601e-08
2.852499e-08
5.489217e-07
3.943548e-08
3.877124e-09
3.102807e-08
1.386996e-07
1.835315e-07
3.536809e-08
2.505763e-07
4.984537e-07
1.851993e-08
1.109523e-08
3.236046e-09
8.460147e-05
4.802404e-08
5.266695e-08
4.234291e-08
9.100959e-09
1.329361e-07
4.749925e-08
7.406208e-06
3.868833e-08
1.428111e-05
1.416661e-06
3.898056e-07
8.126968e-06
4.063142e-06
1.267873e-04
1.407517e-05
8.994082e-06
2.947926e-05
5.099439e-05
1.481077e-05
8.181860e-05
4.433056e-05
5.595144e-07
6.053031e-04
3.676421e-07
1.360209e-06
1.571953e-05
3.611625e-08
2.594592e-05
1.063333e-06
1.410835e-05
1.396411e-07
2.653440e-07
2.225303e-07
3.350573e-07
1.988171e-07
7.906333e-07
7.407360e-07
8.337523e-08
2.701787e-07
4.406223e-04
1.305826e-06
1.024096e-07
4.961590e-07
4.824288e-06
4.492539e-07
4.184109e-07
9.600376e-07
3.027666e-07
3.956721e-06
8.117469e-08
4.863488e-06
8.272850e-07
1.301590e-08
3.268750e-07
3.127394e-06
2.864688e-07
7.639681e-08
1.134572e-07
4.526383e-08
4.048503e-07
2.179554e-09
6.197080e-09
5.777828e-11
2.897632e-10
3.128001e-10
1.151773e-08
1.333349e-08
9.612800e-10
8.093551e-10
2.692076e-09
1.805313e-09
2.127123e-08
1.779113e-09
1.890779e-09
1.008177e-08
5.367250e-08
3.462179e-09
2.717752e-09
9.827316e-09
9.441658e-09
4.014724e-09
4.839003e-10
2.505886e-09
1.748005e-10
7.973490e-10
6.248195e-10
1.689965e-08
7.075235e-10
8.734009e-10
5.056911e-09
3.351802e-09
1.936486e-09
1.239939e-10
6.974605e-10
3.855311e-10
9.755820e-10
4.681137e-10
1.333887e-09
4.783804e-10
7.434771e-10
1.361675e-09
5.241407e-10
8.839530e-10
1.353184e-09
6.255335e-10
1.357382e-09
4.787004e-10
7.460543e-10
1.361810e-09
5.241568e-10
8.840238e-10
1.353276e-09
6.255336e-10
1.357386e-09
4.787005e-10
7.460545e-10
1.361812e-09
5.241603e-10
8.840402e-10
1.353279e-09
6.255404e-10
1.357428e-09
4.786860e-10
7.464448e-10
1.362312e-09
7.642829e-10
8.890591e-10
1.499091e-09
6.934540e-10
2.254333e-09
1.862284e-09
1.414457e-09
1.598667e-09
4.915303e-09
9.544919e-09
1.899341e-08
7.691400e-08
3.923782e-08
6.044547e-08
3.992230e-07
9.563243e-10
1.664028e-09
2.975561e-08
1.996907e-09
5.830377e-09
9.328372e-09
2.255039e-08
3.521109e-08
5.641736e-08
6.444324e-08
2.160334e-08
6.790055e-09
6.083259e-08
4.483886e-09
1.493557e-09
8.625855e-10
8.052150e-10
1.292189e-09
6.070315e-09
1.083014e-08
9.363306e-09
6.684218e-09
1.207321e-08
8.118755e-09
2.525500e-09
2.480027e-09
5.293199e-09
3.669442e-09
1.008847e-08
3.896410e-09
2.813015e-08
1.235480e-08
2.000017e-09
7.573494e-09
1.442708e-07
5.001327e-09
1.608195e-08
2.258175e-08
5.377172e-08
1.623494e-07
1.345480e-08
1.650903e-07
5.245535e-08
9.707463e-09
3.713532e-09
3.441159e-08
2.802242e-07
3.026770e-08
6.480032e-08
3.204945e-07
2.896818e-07
4.421555e-08
7.189312e-08
1.907985e-08
5.147321e-07
6.163692e-08
1.077032e-08
3.887790e-08
1.098601e-07
9.756514e-08
3.565970e-08
3.061207e-07
5.704830e-07
1.594145e-07
1.166247e-08
1.178602e-08
4.613876e-05
1.241691e-08
2.723743e-08
5.266549e-08
1.214752e-08
6.146300e-08
3.407458e-08
3.214807e-06
2.242871e-08
1.112624e-05
1.303843e-06
1.854677e-07
1.344107e-06
9.997342e-07
9.497792e-05
2.987177e-06
9.012456e-06
1.189675e-05
4.608685e-05
9.219372e-06
5.900424e-05
4.384584e-05
3.174317e-07
6.196331e-04
6.275875e-07
2.747396e-06
1.573728e-05
3.721909e-07
2.442412e-05
1.063333e-06
1.619603e-05
5.102098e-08
3.153816e-07
1.287103e-07
3.347416e-07
1.152231e-07
3.285343e-07
7.283562e-07
5.010736e-08
2.907870e-07
4.325814e-04
4.585958e-07
1.196915e-07
4.597166e-07
5.387292e-06
3.293180e-07
2.901836e-07
1.476890e-06
2.277507e-07
3.710233e-06
9.196263e-08
9.814008e-06
1.027730e-06
2.465420e-08
8.117603e-07
6.463739e-06
4.131466e-07
3.827144e-08
1.763539e-07
1.687073e-07
4.562207e-07
2.433021e-08
1.631715e-08
7.342869e-08
1.918876e-10
2.569959e-10
1.153060e-08
5.178466e-08
8.577338e-09
2.192379e-09
2.740361e-09
2.069858e-09
2.340210e-08
7.478760e-10
5.708016e-09
1.911442e-08
5.776866e-08
6.044421e-09
3.846023e-09
5.614592e-08
6.383166e-08
9.769568e-09
1.366953e-09
2.971935e-09
6.976431e-10
2.267586e-09
9.703312e-10
1.911536e-08
8.291718e-10
1.378366e-09
2.483404e-08
2.319114e-08
4.587379e-09
4.193668e-10
8.632782e-10
6.286402e-10
1.382115e-09
6.336937e-10
2.262852e-09
6.478594e-10
1.893455e-09
1.733399e-09
7.829084e-10
3.969704e-09
1.969425e-09
1.252461e-09
2.525215e-09
6.492927e-10
1.930411e-09
1.733844e-09
7.830756e-10
3.970587e-09
1.970273e-09
1.252461e-09
2.525255e-09
6.492931e-10
1.930413e-09
1.733845e-09
7.830776e-10
3.970597e-09
1.970275e-09
1.252464e-09
2.525293e-09
6.492860e-10
1.930626e-09
1.734092e-09
9.184607e-10
3.973589e-09
2.037683e-09
1.269784e-09
3.524756e-09
1.347736e-09
2.104656e-09
1.828774e-09
4.441109e-09
1.101209e-08
1.472899e-08
7.895912e-08
4.522496e-08
1.772707e-07
7.163340e-07
2.596257e-09
1.638394e-08
2.766032e-08
5.768223e-09
7.300118e-09
9.686101e-09
1.443579e-08
1.340940e-08
8.226805e-08
1.967495e-07
3.685449e-08
1.810899e-08
4.255335e-07
2.766579e-08
1.116312e-08
3.536302e-09
2.705864e-09
5.384759e-09
4.631019e-09
1.115760e-08
2.071384e-08
2.608944e-08
3.694244e-08
3.085207e-08
1.567890e-08
9.307736e-09
4.452200e-09
4.659998e-09
1.587976e-08
8.711251e-09
6.000299e-08
1.240830e-08
2.523306e-09
1.715009e-08
1.583174e-07
9.370047e-09
1.853091e-08
1.473746e-08
2.911128e-07
1.953581e-07
1.934711e-08
4.099058e-07
6.533304e-08
1.977505e-08
6.111076e-09
6.415485e-08
1.807905e-07
1.516969e-08
4.337788e-08
3.532488e-07
7.270640e-07
1.061746e-07
1.138055e-07
4.151106e-08
5.810034e-07
1.476827e-07
2.072357e-08
2.780935e-07
1.350698e-07
3.522944e-08
3.977894e-08
3.703404e-07
6.738521e-07
5.503593e-07
1.224860e-07
4.806190e-08
4.162347e-05
4.289697e-09
2.417456e-08
6.546110e-08
1.436683e-08
4.979637e-08
3.681360e-08
1.797845e-06
1.741494e-08
1.086551e-05
1.315579e-06
2.225615e-07
5.128715e-07
2.121354e-07
8.637631e-05
1.345322e-06
8.466304e-06
9.361674e-06
4.734160e-05
7.230260e-06
4.966096e-05
4.312365e-05
3.468296e-07
6.466949e-04
8.355027e-07
5.033835e-06
1.717774e-05
2.024720e-06
5.175349e-05
1.706995e-06
1.410835e-05
5.102098e-08
3.302444e-06
1.438113e-07
3.626458e-07
1.323118e-07
2.475441e-07
1.230588e-06
3.837756e-08
5.468119e-07
4.373414e-04
2.482355e-07
9.206784e-08
5.100620e-07
7.645273e-06
3.361163e-07
3.837092e-07
3.229371e-06
3.705496e-07
3.735858e-06
1.118426e-07
2.229701e-05
1.716163e-06
8.160971e-08
2.887704e-06
1.310827e-05
7.553463e-07
6.322567e-08
3.026217e-07
4.643129e-07
5.559835e-07
7.373021e-08
9.078139e-08
2.102330e-07
9.695064e-08
2.967802e-10
1.154875e-08
5.171266e-08
1.288111e-08
4.142591e-09
3.239224e-09
1.366260e-09
1.335674e-08
5.218964e-10
7.954653e-09
1.997844e-08
3.846656e-08
7.918231e-09
5.999226e-09
5.865381e-08
1.020548e-07
1.200178e-08
1.917432e-09
3.185521e-09
7.920046e-10
2.994782e-09
1.065023e-09
7.185424e-09
7.572498e-10
3.712121e-09
2.527526e-08
3.139936e-08
6.038802e-09
5.457589e-10
8.716256e-10
5.224800e-10
1.111232e-09
5.753667e-10
2.084321e-09
6.089489e-10
2.120326e-09
1.869097e-09
7.214763e-10
5.084818e-09
2.225474e-09
1.164797e-09
2.446488e-09
6.139915e-10
2.198443e-09
1.870556e-09
7.217822e-10
5.086955e-09
2.227484e-09
1.164797e-09
2.446537e-09
6.139924e-10
2.198449e-09
1.870556e-09
7.217825e-10
5.086961e-09
2.227487e-09
1.164798e-09
2.446545e-09
6.139908e-10
2.198512e-09
1.870705e-09
7.402856e-10
5.089079e-09
2.246891e-09
1.167640e-09
2.639722e-09
8.173950e-10
2.329152e-09
1.672464e-09
2.034439e-09
5.328427e-09
6.995775e-09
7.683448e-08
4.867529e-08
1.970619e-07
7.384560e-07
7.375922e-09
3.651329e-08
2.873020e-08
7.465380e-09
8.822633e-09
1.121570e-08
1.400341e-08
9.836860e-09
9.015373e-08
1.640549e-07
7.218326e-08
6.099227e-08
4.514593e-07
2.945346e-08
2.485968e-08
3.676088e-09
1.451903e-09
2.830271e-09
5.083269e-09
1.003485e-08
6.833325e-09
1.674972e-08
5.035875e-08
5.427659e-08
2.201412e-08
7.916590e-09
4.983959e-09
5.771796e-09
7.694282e-09
7.092120e-09
6.245291e-08
1.332884e-08
4.945851e-09
1.128816e-08
1.384376e-07
2.062534e-08
2.492022e-08
1.500527e-08
1.362203e-07
1.503898e-07
1.748448e-07
3.981423e-07
6.339988e-08
3.710556e-08
3.092562e-08
5.615035e-08
1.406564e-07
2.322863e-08
2.457965e-08
3.193088e-07
7.691059e-07
1.289511e-07
2.017543e-07
7.760702e-08
3.726941e-07
2.222518e-07
7.035948e-08
2.991973e-07
1.478297e-07
3.463386e-08
2.792553e-08
3.203149e-07
6.817218e-07
6.005726e-07
1.633570e-07
9.442006e-08
2.490284e-05
6.391862e-09
3.381535e-08
5.740619e-08
9.348188e-09
5.287105e-08
4.050295e-08
1.685166e-06
2.124956e-08
5.342636e-06
8.539486e-07
6.821129e-07
4.436461e-07
1.872670e-07
3.004834e-05
1.041879e-06
4.452724e-06
6.506118e-06
4.145057e-05
6.411491e-06
4.361644e-05
4.278999e-05
3.210602e-07
6.438731e-04
1.013742e-06
7.215092e-06
1.802872e-05
2.886617e-06
1.080204e-04
2.550456e-06
1.667299e-05
1.396411e-07
3.153816e-07
1.438113e-07
2.040411e-06
1.309287e-07
3.201921e-07
1.082416e-06
5.249172e-08
6.066361e-07
4.309922e-04
1.486093e-07
1.428465e-07
3.803442e-07
7.382409e-06
3.614558e-07
6.314462e-07
3.592877e-06
3.063927e-07
2.608492e-06
1.622834e-07
3.705981e-05
1.741792e-06
1.468786e-07
5.330168e-06
2.674288e-05
1.237365e-06
7.853055e-08
3.915169e-07
5.092495e-07
5.248833e-07
1.167450e-07
1.064855e-07
4.035578e-07
2.119132e-07
1.555753e-07
8.537549e-09
5.162837e-08
1.293935e-08
4.559359e-09
8.267134e-09
7.269851e-10
1.928472e-09
4.580202e-10
5.596225e-09
1.505383e-08
3.099854e-08
8.952086e-09
5.166265e-09
5.996145e-08
1.258092e-07
2.119748e-08
2.647126e-09
2.372187e-09
1.149322e-09
3.165322e-09
2.083241e-09
1.424611e-09
2.467814e-10
2.519622e-09
2.469065e-08
3.655562e-08
1.192374e-08
8.238494e-10
6.007497e-10
6.245313e-10
8.396826e-10
4.625852e-10
1.203304e-09
5.125953e-10
2.103608e-09
1.355613e-09
1.147884e-09
5.266667e-09
3.795935e-09
1.174821e-09
1.537221e-09
5.356362e-10
2.341773e-09
1.357695e-09
1.149392e-09
5.269642e-09
3.802405e-09
1.174822e-09
1.537303e-09
5.356388e-10
2.341789e-09
1.357695e-09
1.149392e-09
5.269643e-09
3.802411e-09
1.174822e-09
1.537304e-09
5.356386e-10
2.341811e-09
1.357705e-09
1.153982e-09
5.269835e-09
3.809606e-09
1.175683e-09
1.552626e-09
5.492414e-10
2.471265e-09
1.323174e-09
1.830993e-09
3.245602e-09
1.872478e-09
1.638391e-08
4.300033e-08
2.051572e-07
6.374445e-07
2.031508e-08
5.255010e-08
1.425247e-08
2.249886e-08
6.867136e-09
8.560146e-09
1.563177e-08
6.285567e-09
1.053991e-07
1.470396e-07
5.567022e-08
3.713444e-08
4.900702e-07
6.070304e-08
4.106469e-08
5.247842e-09
2.192329e-09
2.409568e-09
2.783878e-09
3.595992e-09
8.176901e-09
2.331118e-08
3.122961e-08
4.924180e-08
4.060866e-08
2.239880e-08
8.489674e-09
8.810820e-09
5.560630e-09
6.797813e-09
5.593326e-08
1.113732e-08
9.133058e-09
7.885426e-09
8.038657e-08
1.706895e-08
1.378138e-08
2.355880e-08
1.708078e-07
5.876612e-08
1.402339e-07
3.313417e-07
2.080703e-07
9.478265e-08
4.633509e-08
6.335527e-08
7.908159e-08
2.463050e-08
1.182982e-08
7.660819e-08
7.924103e-07
1.154469e-07
2.290617e-07
1.284594e-07
2.173907e-07
3.053562e-07
3.802867e-08
3.100171e-07
1.911590e-07
1.316483e-07
1.435930e-08
1.345137e-07
3.583993e-07
5.583388e-07
1.760404e-07
1.522420e-07
2.318669e-05
8.868616e-09
6.788571e-08
3.171960e-08
6.072562e-09
4.932973e-08
2.394454e-08
1.361694e-06
5.677105e-08
2.448155e-06
3.388553e-07
1.306838e-07
2.924014e-07
5.769641e-07
7.589142e-06
5.149643e-07
2.390961e-06
2.955684e-06
1.813045e-05
5.251600e-06
3.168845e-05
4.133497e-05
2.196670e-06
6.189763e-04
1.016672e-06
6.605195e-06
1.689875e-05
3.527780e-06
1.204372e-04
3.102294e-06
2.705372e-05
2.517838e-07
2.653440e-07
1.287103e-07
3.626458e-07
1.309287e-07
3.270726e-07
1.142421e-06
4.746460e-08
5.606836e-07
4.272887e-04
9.208711e-08
1.712687e-07
1.828455e-07
6.824614e-06
3.233428e-07
5.588684e-07
3.780114e-06
4.680972e-07
1.452787e-06
1.148827e-07
4.030649e-05
1.617641e-06
2.324413e-07
8.277468e-06
3.629188e-05
1.825274e-06
8.022216e-08
4.095330e-07
6.210930e-07
2.909393e-07
1.388789e-07
1.094865e-07
5.416929e-07
6.376562e-07
2.670580e-07
2.778164e-08
4.595578e-08
1.303093e-08
4.569898e-09
8.669597e-09
1.299093e-09
8.782276e-10
2.073334e-10
3.924583e-09
1.212486e-08
1.700889e-08
1.277086e-08
7.652402e-09
5.430979e-08
1.308755e-07
2.122405e-08
6.203911e-09
2.335729e-09
1.526262e-09
6.021633e-09
2.185524e-09
1.801592e-09
7.659986e-10
4.471038e-10
2.163486e-08
3.387514e-08
1.153169e-08
3.527135e-09
7.762589e-10
6.120393e-10
1.364558e-09
3.504175e-10
1.048784e-09
9.131668e-10
1.861285e-09
8.504739e-10
1.003235e-09
6.077941e-09
6.105014e-09
1.278958e-09
2.295001e-09
5.425359e-10
2.458168e-09
8.669237e-10
1.010082e-09
6.103507e-09
6.120718e-09
1.278971e-09
2.295685e-09
5.425692e-10
2.458208e-09
8.669241e-10
1.010083e-09
6.103507e-09
6.120731e-09
1.278971e-09
2.295686e-09
5.425692e-10
2.458213e-09
8.669266e-10
1.011203e-09
6.103639e-09
6.122186e-09
1.279439e-09
2.299833e-09
5.518887e-10
2.519440e-09
1.139700e-09
1.326715e-09
3.804575e-09
7.811933e-09
7.144151e-09
2.246919e-08
1.942871e-07
5.620738e-07
2.844415e-08
8.486067e-08
1.164713e-08
2.237493e-08
2.806142e-08
8.444871e-09
1.330969e-08
7.024098e-09
4.553115e-08
1.263110e-07
1.026128e-07
2.176734e-08
4.437261e-07
5.168630e-08
8.990212e-08
3.053973e-08
4.417454e-09
4.655247e-09
5.027295e-09
2.940377e-09
4.461762e-09
1.903256e-08
5.007896e-08
7.444244e-08
2.819449e-08
2.302142e-08
2.748558e-08
3.427392e-08
1.981563e-08
4.700453e-09
4.480605e-08
1.356340e-08
5.762549e-09
6.337514e-09
4.954600e-08
4.076025e-08
1.830080e-08
1.380774e-08
1.584020e-07
7.461421e-08
3.954683e-08
2.982010e-07
1.789750e-07
7.837472e-08
3.395920e-07
8.188520e-08
2.706603e-07
2.742515e-08
9.519070e-09
6.438195e-08
6.710315e-07
1.080154e-07
2.495370e-07
1.139162e-07
1.973110e-07
6.190672e-07
4.380793e-08
3.311629e-07
1.363544e-07
1.586272e-07
9.589965e-08
5.252661e-08
3.757507e-07
5.173417e-07
1.788778e-07
1.161006e-07
1.957169e-05
1.098806e-07
2.501870e-07
4.813584e-08
5.045276e-09
3.691670e-08
2.028990e-08
1.617558e-06
8.085370e-08
1.778059e-06
2.691949e-07
1.171638e-07
1.895167e-07
1.378353e-07
6.262901e-06
6.016623e-07
8.988124e-07
6.451272e-06
7.983897e-06
4.392170e-06
2.631567e-05
3.836207e-05
8.396185e-07
6.077644e-04
3.768991e-06
6.721005e-06
1.596790e-05
3.135957e-06
1.348924e-04
3.997012e-06
3.376233e-05
2.256619e-06
3.727998e-07
2.225303e-07
3.347416e-07
1.323118e-07
3.201921e-07
1.142421e-06
1.817381e-07
5.161296e-07
4.196186e-04
8.822550e-08
2.553091e-07
1.523508e-07
5.442396e-06
5.942752e-07
6.603535e-07
5.277486e-06
3.177940e-07
1.290277e-06
5.309147e-07
4.768362e-05
1.403039e-06
3.491921e-07
1.112314e-05
8.865422e-05
2.103602e-06
1.399091e-07
4.862348e-07
1.089868e-06
3.142276e-07
1.560469e-07
1.041848e-07
1.057424e-06
8.126078e-07
2.202194e-06
8.757790e-08
3.786547e-08
6.612404e-09
3.458668e-09
8.379221e-09
1.013622e-09
8.884849e-10
5.012796e-11
9.439006e-10
3.835664e-09
6.355594e-09
1.083992e-08
8.416083e-09
2.385280e-08
8.613071e-08
1.516015e-08
6.384692e-09
5.570744e-09
1.766002e-09
4.871873e-09
2.446102e-09
1.261852e-09
2.228225e-09
6.955673e-11
2.981126e-09
1.404147e-08
8.694987e-09
2.815160e-09
1.210314e-09
6.955928e-10
7.586595e-10
3.804475e-10
4.366457e-10
1.052711e-09
1.083893e-09
5.596608e-10
6.863513e-10
3.642935e-09
1.180511e-08
4.197637e-10
3.735315e-09
5.509467e-10
1.945238e-09
6.821537e-10
7.099617e-10
3.682658e-09
1.189831e-08
4.197852e-10
3.738305e-09
5.510974e-10
1.945373e-09
6.821555e-10
7.099659e-10
3.682657e-09
1.189839e-08
4.197853e-10
3.738308e-09
5.510975e-10
1.945374e-09
6.821559e-10
7.101810e-10
3.682689e-09
1.189911e-08
4.197975e-10
3.741308e-09
5.521204e-10
1.950669e-09
7.581505e-10
1.108243e-09
2.711086e-09
1.317955e-08
2.273077e-09
1.228733e-08
4.920461e-08
2.656655e-07
2.704096e-08
8.341140e-08
1.716587e-08
2.245577e-08
3.469997e-08
1.293334e-08
5.218310e-09
4.005178e-09
3.435383e-08
8.898799e-09
4.088899e-08
1.274241e-08
2.324217e-07
9.724220e-09
7.777277e-08
3.769540e-08
2.009995e-08
1.282525e-08
7.353473e-09
4.103190e-09
2.787954e-09
3.982863e-09
1.312769e-08
6.095583e-08
1.041974e-07
8.837618e-08
2.268889e-08
5.574001e-08
4.010635e-08
5.244860e-09
2.789569e-08
8.315929e-09
7.882517e-09
6.783796e-09
3.551099e-08
4.535577e-08
2.745494e-08
8.906033e-09
7.826378e-08
3.755809e-08
2.990605e-08
7.522027e-08
2.519724e-07
6.921616e-08
3.454655e-07
1.283482e-07
4.052100e-07
3.471420e-08
5.857106e-09
4.716342e-08
4.573662e-07
2.968599e-08
2.294216e-07
9.612758e-08
1.289222e-07
7.014336e-07
6.102634e-08
2.802781e-07
4.789275e-08
1.637947e-07
1.179735e-07
5.338746e-08
1.143814e-07
1.158950e-07
3.524868e-07
1.079557e-07
1.502050e-05
8.659494e-08
1.534327e-06
6.564869e-08
3.387322e-09
1.782877e-08
6.089720e-09
1.732422e-06
9.886580e-08
6.165978e-07
7.319005e-08
3.686576e-08
1.609641e-07
5.837162e-08
4.281006e-06
3.296677e-07
2.604354e-07
6.268056e-07
2.089252e-06
8.758481e-06
4.809167e-06
3.450587e-05
1.971845e-07
5.868275e-04
1.147356e-06
5.362719e-06
1.626382e-05
2.312910e-06
1.373686e-04
3.459248e-06
3.490507e-05
3.775770e-06
8.246253e-07
2.961626e-07
3.350573e-07
1.152231e-07
2.475441e-07
1.082416e-06
4.746460e-08
5.161296e-07
4.005372e-04
2.374099e-08
3.332690e-07
9.398627e-08
3.336792e-06
1.674013e-07
6.715332e-07
6.341073e-06
3.242511e-07
8.697133e-07
1.870378e-07
5.551627e-05
1.269263e-06
2.465118e-07
1.270790e-05
1.311675e-04
2.426673e-06
1.623809e-07
5.259771e-07
1.378850e-06
2.423800e-07
1.852843e-07
3.772163e-08
1.466795e-06
8.936740e-07
3.438566e-06
2.638155e-07
6.256208e-08
4.333586e-09
2.040562e-09
7.108470e-09
9.234165e-10
1.257286e-09
3.899313e-10
9.265779e-10
2.047407e-09
4.790579e-09
1.312349e-08
1.213612e-08
3.285944e-08
9.248715e-08
1.546236e-08
5.750675e-09
1.655588e-08
1.314676e-08
7.117609e-09
3.807524e-09
4.060982e-09
4.353190e-09
3.292183e-10
1.718989e-09
8.401254e-09
8.024017e-09
9.773509e-10
2.480463e-09
5.837036e-09
1.788790e-09
6.566691e-10
1.344222e-09
2.133945e-09
1.527137e-09
1.342159e-09
1.659113e-09
3.804902e-09
1.727900e-08
1.651334e-09
6.389438e-09
1.461863e-09
3.733779e-09
1.523079e-09
1.893324e-09
4.067983e-09
1.767037e-08
1.651916e-09
6.398359e-09
1.463417e-09
3.735043e-09
1.523097e-09
1.893353e-09
4.067978e-09
1.767070e-08
1.651919e-09
6.398367e-09
1.463417e-09
3.735044e-09
1.523097e-09
1.893454e-09
4.068002e-09
1.767124e-08
1.651924e-09
6.398817e-09
1.464525e-09
3.742637e-09
1.544244e-09
1.983104e-09
4.071230e-09
2.080509e-08
2.997942e-09
2.288523e-08
2.841247e-08
1.393180e-07
2.223445e-08
8.793208e-08
2.174322e-08
3.715290e-08
7.359326e-08
2.173430e-08
2.388691e-08
4.963295e-09
1.851762e-08
1.040429e-08
1.997975e-08
1.746905e-08
1.461069e-07
7.861058e-09
1.629197e-07
2.029872e-08
2.620536e-08
1.350411e-07
2.556764e-08
2.455164e-08
3.334170e-08
1.810176e-08
1.028468e-08
3.772286e-08
9.379714e-08
2.754909e-07
5.037005e-07
3.255782e-07
1.029203e-07
2.973275e-08
6.869769e-08
1.453165e-08
6.114556e-08
3.014755e-08
7.313022e-08
8.317577e-08
6.518190e-08
2.116375e-08
1.430994e-07
4.172285e-08
2.417039e-08
1.856090e-07
3.145043e-08
1.118234e-06
1.006125e-06
5.413060e-07
1.687429e-06
7.304431e-08
2.035912e-08
1.330769e-07
9.580910e-07
2.938739e-08
1.574280e-07
9.821090e-08
1.320809e-07
7.149234e-07
2.836866e-07
5.564988e-07
6.225563e-08
2.299618e-07
1.696860e-07
1.441501e-07
1.109513e-06
5.992206e-08
3.779757e-08
1.243360e-07
1.509645e-05
1.229474e-07
2.282034e-06
1.525817e-06
2.050374e-08
3.749003e-08
1.841056e-08
3.378422e-06
1.916014e-07
4.750303e-07
4.047514e-08
4.958989e-08
3.849695e-08
2.162744e-08
3.966234e-06
3.017974e-07
3.856748e-07
3.947898e-07
8.165434e-07
3.761685e-06
1.682305e-06
4.022521e-05
2.412661e-07
5.795892e-04
7.056574e-07
4.697415e-06
1.275680e-05
2.062272e-06
1.482110e-04
3.538166e-06
3.811826e-05
7.237913e-06
1.961595e-06
1.547921e-06
1.487162e-06
1.988171e-07
3.285343e-07
1.230588e-06
5.249172e-08
5.606836e-07
4.196186e-04
2.374099e-08
1.299076e-06
2.440712e-08
3.803887e-06
7.154471e-07
5.440421e-07
8.990262e-06
5.676301e-07
1.995665e-06
2.608574e-07
1.910296e-04
1.075667e-06
2.883518e-07
1.716500e-05
2.947441e-04
4.820373e-06
7.207206e-07
6.173228e-07
6.903499e-06
4.039680e-07
3.026421e-07
4.950597e-08
4.290528e-06
1.585302e-06
7.977326e-06
4.275894e-07
2.898580e-07
2.285402e-08
5.766718e-09
2.592955e-09
8.929635e-10
7.760745e-10
5.397771e-10
2.033590e-09
3.958992e-10
6.598741e-10
4.997671e-09
9.341438e-09
2.676784e-08
7.952133e-08
4.103923e-09
5.039487e-09
2.326557e-08
1.202820e-08
8.530840e-09
2.393927e-09
6.370292e-09
6.427188e-09
3.849726e-10
1.727105e-09
6.360425e-10
9.055292e-10
7.046481e-10
2.779435e-09
4.135591e-09
2.437583e-09
5.591565e-10
1.666105e-09
2.414680e-09
4.861977e-10
8.744661e-10
1.255255e-09
2.616927e-09
1.762456e-08
1.807063e-09
7.037116e-09
4.084595e-10
3.018394e-09
1.416255e-09
1.917238e-09
3.044648e-09
1.839147e-08
1.810401e-09
7.079404e-09
4.109972e-10
3.021024e-09
1.416293e-09
1.917295e-09
3.044641e-09
1.839211e-08
1.810406e-09
7.079445e-09
4.109978e-10
3.021024e-09
1.416293e-09
1.917302e-09
3.044643e-09
1.839249e-08
1.810407e-09
7.079654e-09
4.110142e-10
3.022264e-09
1.418677e-09
1.931568e-09
3.014619e-09
2.033898e-08
2.943554e-09
2.298408e-08
3.293209e-09
1.046983e-08
6.713575e-09
8.276756e-08
1.597333e-08
3.410663e-08
8.044389e-08
5.114408e-08
3.711072e-08
1.135931e-08
1.240320e-09
1.061882e-08
1.745708e-08
9.167657e-10
4.865448e-08
4.247628e-08
5.736271e-08
1.737325e-08
9.146549e-08
1.258163e-07
1.584927e-08
5.694868e-08
1.465382e-08
6.570359e-09
3.154480e-08
2.356367e-08
1.003307e-08
2.869709e-08
1.153874e-07
4.056907e-07
5.773404e-07
1.987373e-07
3.431892e-08
2.327677e-08
3.030340e-08
1.397929e-08
1.330383e-07
9.303534e-08
7.061696e-08
2.803485e-08
1.484856e-07
2.602317e-08
2.298498e-08
2.382254e-07
1.402981e-08
1.119535e-08
2.492375e-07
1.866906e-06
2.326333e-06
8.485893e-08
3.711950e-08
5.277586e-07
9.441580e-07
2.312522e-08
1.500808e-07
5.983337e-08
4.792632e-08
6.455251e-07
3.828534e-07
9.095269e-07
1.282837e-07
9.584739e-08
2.078815e-07
2.375346e-07
1.251027e-06
5.969372e-08
4.014906e-09
9.646781e-08
6.470587e-06
1.401740e-07
3.028661e-06
2.058130e-06
8.710453e-08
1.795630e-08
7.094370e-08
5.508315e-06
1.892650e-07
3.403395e-07
3.650796e-08
5.752608e-08
4.795439e-08
4.602670e-09
8.446883e-07
1.709836e-07
3.952569e-07
3.878579e-07
6.869338e-07
1.175616e-06
8.310235e-07
1.814605e-05
3.181627e-07
5.145573e-04
6.457966e-07
3.998335e-06
1.017179e-05
1.425015e-06
1.390363e-04
3.007165e-06
4.247696e-05
8.857534e-06
2.525694e-06
2.877335e-06
2.827204e-06
3.352654e-07
7.906333e-07
7.283562e-07
3.837756e-08
6.066361e-07
4.272887e-04
8.822550e-08
3.332690e-07
2.440712e-08
4.393044e-06
1.868173e-07
4.794272e-07
1.118421e-05
2.953941e-07
8.908609e-07
4.133504e-07
3.269247e-04
8.099935e-07
2.139692e-07
1.629160e-05
3.722204e-04
7.642357e-06
7.019903e-07
7.290298e-07
1.063958e-05
6.186795e-07
4.311860e-07
5.377351e-08
5.854557e-06
1.559030e-06
8.782012e-06
5.183341e-07
3.795654e-07
3.620409e-08
1.119012e-08
5.166386e-08
3.190119e-10
6.652696e-10
5.845425e-10
2.638456e-09
2.073221e-09
2.524127e-10
3.264327e-09
7.406414e-09
2.179361e-08
4.410860e-08
6.097054e-09
2.072195e-08
2.577443e-08
1.266236e-08
8.350573e-09
6.981318e-09
4.746791e-08
6.682325e-09
2.254104e-09
1.990250e-09
1.038822e-09
6.711968e-10
6.130157e-10
2.486038e-09
4.000419e-09
2.448911e-09
1.606263e-09
1.187834e-08
1.849789e-09
7.841570e-10
8.588060e-10
9.179339e-10
1.749039e-09
1.445154e-08
2.917763e-09
7.477394e-09
8.626781e-10
2.432115e-09
1.028778e-09
2.437500e-09
2.441011e-09
1.588066e-08
3.032046e-09
7.582315e-09
9.051750e-10
2.437569e-09
1.029265e-09
2.438226e-09
2.440968e-09
1.588146e-08
3.032102e-09
7.582409e-09
9.051859e-10
2.437569e-09
1.029265e-09
2.438228e-09
2.440969e-09
1.588157e-08
3.032105e-09
7.582514e-09
9.051922e-10
2.437703e-09
1.032802e-09
2.442045e-09
2.443184e-09
1.655714e-08
3.613278e-09
2.017257e-08
2.523621e-09
8.428531e-09
4.285304e-09
3.499759e-08
1.767041e-08
3.603735e-08
6.669713e-08
6.337915e-08
1.035268e-07
2.521371e-08
4.908603e-09
1.173708e-08
1.805386e-08
8.931334e-10
1.024910e-08
1.406421e-08
3.745531e-08
6.853792e-08
3.698866e-08
1.437654e-07
7.669849e-08
1.253254e-07
5.787850e-08
2.704709e-08
5.776950e-09
1.582396e-08
1.207904e-07
6.346443e-08
3.015239e-08
1.714862e-07
2.570475e-07
3.215454e-07
5.097781e-07
1.991488e-07
1.271487e-07
6.262462e-08
7.371591e-08
7.270657e-08
1.728284e-07
1.143948e-07
1.641391e-07
1.955778e-08
3.187893e-08
3.583607e-07
3.089439e-08
1.361910e-08
1.074597e-07
1.366481e-06
1.600522e-06
1.131581e-06
8.554721e-07
1.061499e-06
1.144551e-06
9.284564e-09
1.135903e-07
4.793615e-08
1.563476e-08
2.929264e-07
4.370634e-07
1.968912e-06
1.388735e-07
8.658432e-08
3.152810e-07
3.097692e-07
1.806725e-06
7.745755e-08
2.563066e-08
2.083085e-07
1.684508e-06
6.653191e-08
2.298209e-06
2.281074e-06
8.896231e-07
1.203734e-07
2.264585e-07
1.124490e-05
1.415666e-07
6.876694e-08
2.876944e-08
1.464350e-07
9.283666e-08
1.163312e-08
2.368580e-07
5.888206e-08
6.312740e-07
6.791178e-07
5.755997e-07
1.707127e-07
3.456508e-07
1.549148e-05
2.235729e-07
4.100258e-04
8.179532e-07
1.066933e-05
9.214332e-06
1.022193e-06
1.290550e-04
2.949151e-06
3.989306e-05
9.773568e-06
5.616028e-06
3.939516e-06
6.534553e-06
3.690598e-06
1.050356e-06
7.407360e-07
5.010736e-08
5.468119e-07
4.309922e-04
9.208711e-08
2.553091e-07
9.398627e-08
3.803887e-06
1.868173e-07
1.530483e-06
1.160632e-05
2.277679e-07
8.504062e-07
4.011030e-07
4.154624e-04
7.663229e-07
1.019109e-06
1.647823e-05
4.755839e-04
8.597098e-06
7.529768e-07
1.213649e-06
1.305045e-05
1.426440e-06
5.109660e-07
6.846483e-08
8.532621e-06
2.576268e-06
8.968303e-06
5.300801e-07
5.156258e-07
6.899275e-08
1.438023e-07
1.222650e-07
3.580586e-07
3.767967e-10
5.257145e-10
2.590472e-09
4.411670e-09
4.406634e-10
2.260147e-09
3.466640e-09
1.640847e-08
3.953252e-08
1.828679e-09
3.689590e-08
3.767599e-08
2.047861e-08
6.645431e-09
8.535673e-09
3.019834e-07
8.522370e-09
6.312590e-09
1.561451e-09
2.134167e-09
2.273188e-09
5.575683e-10
2.496398e-09
4.187154e-09
1.992463e-09
1.828764e-09
6.279725e-08
2.342105e-09
1.724016e-09
5.303960e-10
8.456239e-10
1.682997e-09
8.536124e-09
2.429977e-09
7.695641e-09
2.270694e-09
5.240635e-09
1.151285e-09
4.185616e-09
1.945291e-09
1.014079e-08
2.959255e-09
8.242310e-09
2.462877e-09
5.270233e-09
1.152535e-09
4.188640e-09
1.945124e-09
1.014215e-08
2.959335e-09
8.242589e-09
2.462917e-09
5.270236e-09
1.152535e-09
4.188641e-09
1.945124e-09
1.014218e-08
2.959335e-09
8.242671e-09
2.462922e-09
5.270277e-09
1.152616e-09
4.189635e-09
1.947032e-09
1.027597e-08
3.093161e-09
2.072973e-08
3.006715e-09
5.962435e-09
3.591529e-09
2.307790e-08
9.058596e-09
2.569431e-08
6.888036e-08
8.753427e-08
1.209466e-07
9.233913e-08
1.542690e-08
3.601923e-08
2.860978e-08
8.160877e-10
5.283562e-09
1.817357e-08
1.684500e-08
1.457595e-08
3.072169e-08
3.905706e-07
1.842907e-08
1.416050e-07
1.723940e-07
4.822420e-08
1.181472e-08
2.209277e-08
1.101671e-08
2.389356e-08
3.383784e-07
2.586402e-07
1.083244e-07
1.536324e-07
2.611290e-07
3.206060e-07
5.050646e-07
2.236281e-07
1.380450e-07
1.354345e-07
8.872725e-08
1.263918e-07
3.499977e-07
4.956095e-08
3.379815e-08
3.029625e-07
7.219720e-08
1.236403e-07
7.380322e-08
1.269397e-06
1.899618e-06
3.040724e-07
1.220393e-07
3.871457e-06
2.284501e-06
2.683945e-08
2.905567e-08
9.964550e-08
3.677262e-08
5.638558e-08
4.103105e-07
2.470760e-06
1.857892e-07
1.682408e-07
9.043551e-07
3.406661e-07
2.703423e-06
3.906304e-08
2.782345e-08
1.099651e-06
8.366255e-07
5.059394e-08
1.276736e-06
2.357206e-06
2.634851e-07
2.795510e-07
1.954261e-06
1.402868e-05
2.398772e-07
6.146663e-09
9.352431e-09
3.435617e-07
2.879569e-07
1.965015e-08
1.784425e-07
3.992897e-08
1.136623e-07
3.811476e-07
1.018468e-06
4.361110e-07
7.800438e-08
4.529862e-06
2.651461e-06
1.364524e-04
5.868073e-07
3.383144e-06
9.617667e-06
3.683469e-06
1.239662e-04
2.158682e-06
3.589585e-05
1.193194e-05
4.035891e-06
5.124260e-06
1.331569e-05
1.316522e-05
2.053686e-06
1.336524e-06
8.337523e-08
2.907870e-07
4.373414e-04
1.486093e-07
1.712687e-07
1.523508e-07
3.336792e-06
7.154471e-07
4.794272e-07
1.160632e-05
1.343708e-06
3.110657e-07
2.313508e-07
4.411551e-04
9.938279e-07
8.523121e-07
1.549232e-05
5.337371e-04
9.104044e-06
1.016962e-06
9.712380e-07
1.438364e-05
6.163718e-06
7.159442e-07
1.825253e-07
1.437008e-05
5.452975e-06
9.476585e-06
4.290247e-07
5.328220e-07
1.199467e-07
4.337756e-07
3.615201e-07
1.128464e-06
4.723706e-09
4.688683e-10
2.545179e-09
4.315669e-09
7.402601e-10
7.665541e-09
1.110645e-09
1.333981e-09
4.208277e-09
4.968282e-09
5.218683e-08
4.844452e-08
6.427080e-09
4.030909e-09
1.704711e-08
4.043948e-07
2.092413e-08
1.225251e-08
1.788401e-09
5.850801e-09
2.655596e-09
1.834226e-09
1.632338e-09
3.677863e-10
1.509121e-09
2.250119e-09
7.564860e-08
4.771924e-09
3.385735e-09
7.940488e-10
1.704513e-09
6.241174e-10
1.334885e-09
1.422390e-09
3.118775e-09
2.308842e-09
7.464625e-09
3.065789e-09
6.208261e-09
1.802392e-09
2.949290e-09
1.419881e-09
3.684335e-09
2.884314e-09
7.568589e-09
3.076553e-09
6.215075e-09
1.801800e-09
2.952588e-09
1.420039e-09
3.684694e-09
2.884451e-09
7.568599e-09
3.076554e-09
6.215075e-09
1.801801e-09
2.952591e-09
1.420039e-09
3.684699e-09
2.884453e-09
7.568623e-09
3.076579e-09
6.215164e-09
1.800771e-09
2.967355e-09
1.435880e-09
4.477501e-09
3.083290e-09
8.550000e-09
4.297346e-09
1.062859e-08
1.812826e-09
8.399413e-09
4.029974e-08
1.044750e-07
1.514882e-07
1.099254e-07
5.042787e-08
8.473783e-08
1.034796e-07
9.727715e-10
2.322801e-09
3.342738e-08
2.744220e-09
5.748445e-08
2.782813e-08
1.411097e-07
1.447588e-08
4.583422e-07
1.370117e-07
7.558419e-08
2.404615e-08
3.137387e-08
2.393180e-08
8.549944e-09
9.926882e-09
7.420406e-08
8.306297e-07
2.712349e-07
1.239595e-07
2.424420e-07
2.385391e-07
1.089405e-07
8.784572e-08
3.501212e-08
1.524248e-07
2.584879e-07
2.212993e-07
3.523390e-08
1.383943e-07
3.041727e-07
7.086997e-08
5.888463e-09
7.341116e-08
2.336537e-06
2.174533e-07
2.103326e-07
5.381119e-07
3.347960e-06
3.253542e-06
1.228919e-07
2.409276e-07
1.139325e-07
1.456578e-07
4.315358e-08
3.596725e-07
2.682809e-06
1.359702e-07
2.102644e-07
2.914662e-06
6.169776e-07
3.017205e-06
2.877637e-08
5.369058e-08
1.327160e-06
8.888998e-07
3.455466e-08
4.262184e-07
1.727939e-06
2.404214e-07
2.739723e-07
3.298447e-06
3.562226e-05
2.279657e-07
1.007748e-08
1.325703e-08
4.173234e-07
7.077147e-07
3.336359e-08
1.353700e-07
4.081143e-08
1.868081e-07
2.708833e-07
2.044070e-07
8.566015e-08
7.582136e-07
4.446642e-06
3.321775e-07
8.549145e-05
2.939983e-06
3.388846e-06
8.252116e-06
1.088489e-06
1.234666e-04
4.209835e-06
3.470954e-05
1.086884e-05
3.859180e-06
7.646274e-06
1.782368e-05
2.550384e-05
5.154723e-06
3.309912e-06
3.613289e-07
2.701787e-07
4.325814e-04
2.482355e-07
1.428465e-07
1.828455e-07
5.442396e-06
1.674013e-07
5.440421e-07
1.118421e-05
2.277679e-07
3.110657e-07
9.462225e-07
4.471156e-04
7.842089e-07
5.868273e-07
1.565259e-05
5.621117e-04
8.795309e-06
8.487047e-07
1.221759e-06
1.812770e-05
8.008820e-06
1.882366e-06
4.586603e-07
4.458395e-05
1.171797e-05
1.117671e-05
3.149743e-07
4.251282e-07
1.301807e-07
9.732786e-07
7.939708e-07
3.431111e-06
1.431041e-08
1.070970e-08
1.177293e-09
4.275834e-09
8.303276e-10
9.262922e-09
7.874964e-09
9.535306e-10
7.975542e-10
2.472035e-09
5.379267e-08
4.803206e-08
1.438152e-08
2.318269e-09
1.527788e-08
4.429912e-07
2.701441e-08
2.675459e-08
6.529283e-09
1.804315e-08
1.784353e-08
2.065846e-09
3.107498e-09
5.196456e-10
3.011898e-10
1.826466e-09
7.582930e-08
4.764418e-09
6.988993e-09
3.420010e-09
4.753083e-09
2.676252e-09
4.477929e-10
8.442121e-10
2.498413e-09
3.232930e-09
1.148474e-08
3.338334e-09
1.145041e-08
1.864239e-09
3.237849e-09
1.200157e-09
2.983220e-09
4.801563e-09
1.278064e-08
3.371935e-09
1.156076e-08
1.862842e-09
3.276104e-09
1.201720e-09
2.985018e-09
4.801930e-09
1.278078e-08
3.371940e-09
1.156077e-08
1.862842e-09
3.276106e-09
1.201720e-09
2.985019e-09
4.801930e-09
1.278079e-08
3.371952e-09
1.156096e-08
1.862776e-09
3.288204e-09
1.203960e-09
3.149993e-09
4.931891e-09
1.345963e-08
4.206782e-09
1.551586e-08
2.665292e-09
2.592234e-09
1.520744e-08
1.066267e-07
1.430830e-07
1.185692e-07
1.059062e-07
2.210751e-07
1.240048e-07
6.465577e-09
9.777449e-10
3.702191e-08
1.933276e-08
5.661640e-09
1.366572e-08
2.442174e-07
2.015219e-08
1.677214e-07
1.377107e-07
4.592410e-07
3.155650e-08
1.173246e-07
7.900435e-08
1.130069e-07
4.658820e-08
2.717265e-08
3.792785e-08
2.199704e-07
1.582509e-06
4.600479e-07
2.686463e-07
2.452494e-07
1.302606e-07
4.761711e-08
3.126895e-08
1.473276e-07
4.696083e-07
2.012225e-07
7.570278e-08
3.087912e-07
2.984792e-07
2.994171e-08
5.877359e-08
2.311898e-06
2.008291e-07
4.352473e-07
3.293260e-07
3.868843e-06
4.276774e-06
5.029305e-07
6.728411e-08
4.932610e-07
3.737589e-07
8.085780e-08
8.773438e-07
2.561180e-06
1.173181e-07
2.279748e-07
2.965652e-06
1.800481e-06
4.205878e-06
6.624949e-08
7.694261e-08
1.422852e-06
9.049771e-07
1.635490e-07
1.564879e-07
1.499924e-06
5.470813e-07
4.951987e-07
3.860921e-06
3.986837e-05
1.069341e-06
3.247355e-08
3.619140e-08
9.072218e-07
1.098070e-06
4.233821e-08
1.400723e-07
6.814741e-08
5.141876e-08
1.493294e-07
1.113384e-06
7.174259e-07
2.082653e-07
5.152181e-06
1.226704e-06
4.662424e-05
3.459826e-07
2.149897e-06
2.125781e-05
3.093105e-06
1.200661e-04
1.963968e-06
3.254162e-05
1.338440e-05
6.863933e-06
8.495201e-06
2.348117e-05
4.041443e-05
8.330243e-06
4.326142e-06
5.347618e-06
5.373718e-07
4.406223e-04
4.585958e-07
9.206784e-08
3.803442e-07
6.824614e-06
5.942752e-07
6.715332e-07
8.990262e-06
2.953941e-07
8.504062e-07
2.313508e-07
4.471156e-04
2.135473e-06
1.143803e-06
1.858478e-05
6.644137e-04
1.003729e-05
3.501706e-06
1.503582e-06
2.188140e-05
1.518912e-05
2.722138e-06
1.737669e-06
6.056228e-05
4.603413e-05
1.523404e-05
3.049688e-07
6.806852e-07
1.505409e-07
1.357542e-06
1.405457e-06
3.678759e-06
1.140158e-07
2.781131e-08
5.310095e-08
3.208328e-09
7.157880e-10
9.335197e-09
1.714512e-08
1.032079e-08
7.100780e-10
3.233766e-09
5.060866e-08
4.502904e-08
8.471998e-09
9.224976e-09
5.759464e-08
4.749217e-07
3.298013e-08
2.823123e-08
4.739571e-08
1.052474e-07
3.102409e-08
4.495646e-09
3.490614e-09
4.315568e-09
8.748975e-10
2.141384e-09
7.273959e-08
3.940219e-09
7.501259e-09
2.156523e-08
4.687408e-08
3.592606e-09
7.716928e-10
1.315846e-09
3.172483e-09
4.016645e-09
1.169306e-08
5.612083e-09
1.248632e-08
5.377014e-09
3.385149e-09
3.425517e-09
8.594631e-09
5.383727e-09
1.361519e-08
6.089249e-09
1.275187e-08
5.344560e-09
3.464321e-09
3.445302e-09
8.615030e-09
5.387068e-09
1.361539e-08
6.089301e-09
1.275188e-08
5.344562e-09
3.464321e-09
3.445303e-09
8.615031e-09
5.387068e-09
1.361540e-08
6.089307e-09
1.275192e-08
5.344640e-09
3.467631e-09
3.451495e-09
8.746492e-09
5.429991e-09
1.421885e-08
9.757837e-09
1.578460e-08
5.639813e-09
7.477547e-09
1.894393e-08
9.307836e-08
1.288931e-07
1.187873e-07
1.055079e-07
2.725868e-07
1.834079e-07
1.886334e-08
6.580633e-09
4.432434e-08
6.944335e-08
1.041696e-08
7.260065e-09
1.276391e-07
2.161472e-08
2.684973e-07
1.652319e-07
2.392638e-07
3.924692e-08
5.794107e-07
4.380714e-07
3.177535e-08
4.424316e-07
1.088233e-06
3.369300e-07
8.052097e-08
1.741798e-07
1.633284e-06
4.284842e-06
7.333254e-07
1.570492e-07
4.048599e-07
2.057644e-07
1.746281e-07
2.651482e-07
1.563522e-07
4.181140e-07
7.321020e-07
1.528148e-07
2.196501e-08
6.864792e-07
2.708943e-06
2.185586e-07
2.559468e-08
1.446587e-07
1.267397e-05
4.662766e-06
5.234360e-07
6.695339e-07
1.084452e-06
3.958701e-07
9.381010e-08
1.243996e-06
2.383421e-06
7.111140e-08
2.065000e-07
3.063838e-06
3.253954e-06
4.401152e-06
1.003773e-07
1.836097e-07
1.579576e-06
1.189122e-06
1.832140e-07
2.578700e-07
1.779723e-06
9.566258e-08
3.240897e-07
4.603713e-06
4.081358e-05
2.721263e-06
5.206027e-07
1.110698e-07
1.699660e-06
1.286893e-06
4.419111e-08
1.560425e-07
1.684718e-07
3.551418e-08
9.519702e-08
4.953444e-08
5.637133e-08
2.781103e-06
8.879869e-06
7.703698e-07
2.359356e-05
7.679091e-07
2.558605e-06
6.393659e-06
2.014652e-06
1.481746e-04
5.496213e-06
3.141556e-05
1.038734e-05
4.636729e-06
1.314690e-05
3.017184e-05
4.838946e-05
1.021376e-05
5.989225e-06
2.300554e-05
4.180882e-06
4.427268e-04
1.305826e-06
1.196915e-07
5.100620e-07
7.382409e-06
3.233428e-07
6.603535e-07
6.341073e-06
5.676301e-07
8.908609e-07
4.011030e-07
4.411551e-04
7.842089e-07
1.143803e-06
2.941537e-05
7.123091e-04
1.099504e-05
6.966766e-07
2.145230e-06
2.860638e-05
1.992439e-05
3.302472e-06
2.314069e-06
6.924251e-05
1.543016e-04
1.729846e-05
3.450590e-07
8.708990e-07
1.882174e-07
1.476714e-06
1.552112e-06
3.858132e-06
2.061262e-07
2.007869e-07
1.296624e-07
5.069563e-05
5.832432e-10
8.784773e-09
1.700699e-08
1.315619e-08
1.205071e-09
2.610041e-09
3.372460e-08
3.200625e-08
9.423664e-09
6.599806e-09
6.403393e-08
4.422352e-07
4.538679e-08
2.654346e-08
4.620374e-08
3.200070e-07
4.164617e-08
6.457932e-09
3.660601e-09
7.004436e-09
2.996751e-09
1.542807e-09
4.270520e-08
3.837738e-09
6.384624e-09
2.195664e-08
1.170855e-07
5.143839e-09
7.751340e-10
1.077311e-09
3.054249e-09
4.467793e-09
1.019506e-08
4.685218e-09
1.249294e-08
7.218805e-09
4.649778e-09
3.812069e-09
1.376842e-08
5.940057e-09
1.232616e-08
5.335200e-09
1.298614e-08
7.216938e-09
4.964824e-09
3.844632e-09
1.381160e-08
5.947017e-09
1.232645e-08
5.335269e-09
1.298615e-08
7.216941e-09
4.964826e-09
3.844632e-09
1.381160e-08
5.947017e-09
1.232645e-08
5.335272e-09
1.298618e-08
7.216901e-09
4.965978e-09
3.845294e-09
1.388647e-08
5.964110e-09
1.253142e-08
5.746760e-09
1.595843e-08
1.086787e-08
8.132199e-09
1.820997e-08
6.865906e-08
8.013260e-08
9.398505e-08
1.091264e-07
2.823633e-07
1.742344e-07
5.397159e-08
1.594822e-08
9.669976e-08
1.183614e-07
1.240613e-08
7.332913e-09
7.788368e-08
1.316567e-08
1.275141e-07
9.651453e-08
5.121298e-07
4.298062e-08
2.919685e-07
6.124321e-07
3.044376e-07
4.881249e-08
3.396367e-08
5.631545e-07
1.364779e-06
4.408589e-07
1.707880e-07
3.792634e-07
2.151735e-06
4.225260e-06
3.708646e-07
1.172112e-07
8.105490e-07
3.004170e-07
6.295670e-08
1.375437e-07
6.860985e-07
4.856373e-07
1.558988e-07
7.165535e-08
2.602964e-06
9.717855e-07
6.313564e-08
8.109954e-08
3.079637e-06
4.651711e-06
9.057439e-06
4.884783e-07
1.644213e-06
8.009913e-07
1.933476e-07
1.057417e-06
2.218584e-06
1.500770e-07
1.008267e-07
2.631318e-06
3.392729e-06
4.405524e-06
1.299371e-07
3.327166e-07
1.093298e-06
1.410814e-06
2.476651e-07
2.147334e-07
3.813664e-06
8.273500e-08
7.915468e-08
3.348806e-06
4.009793e-05
3.567593e-06
8.598311e-07
4.478408e-07
1.880395e-06
2.251066e-06
3.163482e-08
1.017364e-07
2.589369e-07
3.792613e-08
5.231989e-08
5.278547e-08
1.651602e-08
2.172544e-07
5.306280e-06
3.427717e-06
2.199721e-05
8.422589e-08
8.688590e-07
6.969261e-06
1.378599e-06
1.086585e-04
3.413961e-06
6.904436e-05
1.244184e-05
4.206671e-06
9.612275e-06
2.655848e-05
5.615156e-05
1.398334e-05
5.171417e-06
3.102015e-05
9.006620e-06
4.464632e-04
2.321180e-06
1.024096e-07
4.597166e-07
7.645273e-06
3.614558e-07
5.588684e-07
5.277486e-06
3.242511e-07
1.995665e-06
4.133504e-07
4.154624e-04
9.938279e-07
5.868273e-07
1.858478e-05
7.123091e-04
2.144288e-05
2.103276e-06
1.453589e-06
2.536204e-05
2.037744e-05
7.072518e-06
2.843829e-06
7.026316e-05
2.935103e-04
1.862389e-05
4.089732e-07
1.093275e-06
2.153067e-07
1.382742e-06
1.434529e-06
3.771520e-06
3.086648e-07
2.929135e-07
2.067460e-07
1.045930e-04
2.406347e-08
6.169784e-09
1.687892e-08
1.296033e-08
1.225297e-09
3.715803e-09
7.233330e-09
3.652917e-09
3.934753e-09
5.175384e-09
6.201362e-08
3.657602e-07
3.776874e-08
1.903025e-08
5.152929e-08
3.432988e-07
8.600738e-08
5.653591e-09
3.036038e-09
1.021825e-08
4.863945e-09
1.878280e-09
5.754017e-09
5.564827e-10
4.004302e-09
2.194727e-08
1.204889e-07
8.289439e-09
8.412422e-10
8.063283e-10
2.850685e-09
3.464613e-09
5.526667e-09
2.891288e-09
7.768608e-09
6.764226e-09
5.022248e-09
6.266455e-09
1.549828e-08
5.493388e-09
7.961693e-09
3.588562e-09
8.507252e-09
6.680095e-09
5.561273e-09
6.376164e-09
1.555690e-08
5.504671e-09
7.962083e-09
3.588654e-09
8.507263e-09
6.680100e-09
5.561276e-09
6.376165e-09
1.555690e-08
5.504672e-09
7.962083e-09
3.588654e-09
8.507264e-09
6.680086e-09
5.561460e-09
6.376211e-09
1.556586e-08
5.510745e-09
7.987507e-09
3.624766e-09
8.743314e-09
7.446769e-09
9.022285e-09
1.981118e-08
3.407513e-08
1.150732e-08
1.469277e-08
8.614818e-08
2.684031e-07
1.339230e-07
5.926976e-08
1.963791e-08
1.440975e-07
3.433016e-07
1.379164e-08
6.118088e-09
6.887615e-08
6.486140e-09
9.479306e-08
6.997877e-08
2.321111e-07
4.124787e-08
5.293410e-07
6.302890e-07
4.738238e-08
5.595624e-08
5.525200e-08
3.978427e-08
2.585283e-08
5.626421e-07
1.430461e-06
5.006341e-07
3.770364e-07
3.236425e-07
1.852593e-06
3.395307e-06
2.808052e-07
1.962340e-07
5.996352e-07
1.496436e-07
5.078476e-07
1.516225e-07
1.218571e-07
2.552764e-07
2.145747e-06
1.933204e-07
2.057141e-08
7.584713e-07
3.008058e-06
1.772172e-06
4.089762e-07
5.363100e-07
9.962644e-06
9.633152e-07
2.404126e-07
1.296602e-06
7.159361e-07
1.667504e-07
4.385499e-08
3.688618e-07
3.259899e-06
3.344926e-06
1.292705e-07
5.828141e-07
1.043279e-06
1.181716e-06
1.819856e-07
1.850566e-07
4.066650e-06
1.535557e-07
3.384925e-08
1.496684e-06
1.787466e-05
2.856709e-06
7.818575e-07
1.190002e-06
3.202560e-06
2.440617e-06
3.267789e-08
4.448596e-08
2.456466e-07
2.956398e-08
3.054317e-08
4.045871e-08
6.528953e-08
1.792476e-07
2.577397e-06
6.354442e-07
1.179150e-05
2.646944e-06
3.619593e-06
2.491486e-06
1.845441e-06
3.636062e-05
2.595438e-06
2.071784e-05
1.062963e-05
4.218042e-05
1.134007e-05
2.340646e-05
5.023700e-05
1.095721e-05
6.771438e-06
3.658489e-05
9.965386e-06
4.509467e-04
3.849938e-06
1.485392e-07
4.961590e-07
5.387292e-06
3.361163e-07
6.314462e-07
3.780114e-06
3.177940e-07
8.697133e-07
2.608574e-07
3.269247e-04
7.663229e-07
8.523121e-07
1.565259e-05
6.644137e-04
1.099504e-05
2.103276e-06
9.715947e-06
2.445885e-05
1.804192e-05
2.557729e-06
3.128469e-06
7.319132e-05
3.183602e-04
2.024252e-05
4.141560e-07
1.380927e-06
2.409323e-07
1.138420e-06
9.851673e-07
1.107979e-06
2.792971e-07
3.757362e-07
2.754715e-07
1.695604e-04
4.775047e-08
1.435891e-08
1.212031e-08
1.258884e-08
1.250424e-09
2.675436e-09
8.857277e-09
1.879284e-09
3.171259e-09
6.026354e-09
6.176464e-08
2.844583e-07
1.120546e-07
1.588951e-08
4.434322e-08
3.468250e-07
1.260978e-07
2.453769e-08
4.109068e-09
1.916397e-08
3.769344e-08
2.020198e-09
1.020335e-08
4.931208e-10
3.141146e-09
2.074518e-08
1.178468e-07
9.005213e-09
4.515718e-09
1.285951e-09
3.546766e-09
1.475251e-08
2.481259e-09
5.285278e-09
7.032616e-09
7.846120e-09
1.048323e-08
9.696096e-09
5.858976e-08
3.901718e-09
6.269690e-09
7.635686e-09
7.999638e-09
7.985311e-09
1.522958e-08
1.009135e-08
5.907201e-08
3.922054e-09
6.271733e-09
7.636163e-09
7.999675e-09
7.985320e-09
1.522960e-08
1.009135e-08
5.907201e-08
3.922055e-09
6.271734e-09
7.636163e-09
7.999675e-09
7.985317e-09
1.522973e-08
1.009137e-08
5.907884e-08
3.922307e-09
6.276909e-09
7.656165e-09
8.143616e-09
8.219048e-09
1.908059e-08
1.870740e-08
7.384166e-08
1.415043e-08
1.145022e-08
3.086654e-08
2.271084e-07
1.075905e-07
7.431357e-08
3.748610e-08
3.494085e-07
4.549796e-07
9.507295e-08
7.673224e-09
3.852426e-08
1.426204e-08
1.810666e-08
5.520723e-08
2.194331e-07
2.532208e-08
2.252666e-07
7.326153e-07
2.851302e-07
1.142398e-07
5.268261e-08
8.099147e-08
6.178740e-08
1.853960e-08
2.278663e-08
1.010563e-06
2.700366e-06
7.467065e-07
2.123610e-07
3.638772e-07
1.943597e-06
3.072610e-06
1.547996e-07
1.774281e-07
1.374120e-06
2.449909e-07
4.300792e-08
1.555797e-07
1.996289e-06
4.620148e-07
5.289609e-08
7.054774e-08
2.484021e-06
2.491488e-06
1.760447e-07
1.305936e-06
1.671500e-06
1.132174e-06
9.666498e-06
1.746927e-06
7.758710e-07
2.419328e-07
3.482535e-08
1.703177e-07
2.284642e-06
1.858609e-06
1.095755e-07
4.863770e-07
1.484366e-06
1.461666e-06
1.798020e-07
1.414589e-07
3.963486e-06
2.126827e-07
2.659635e-07
7.616965e-07
1.064448e-05
2.831093e-06
6.556263e-07
5.755290e-07
3.476289e-06
1.019540e-05
9.916665e-08
6.852015e-08
2.964476e-07
2.025796e-08
2.397604e-08
4.037814e-08
5.999103e-08
1.919190e-07
1.638118e-06
4.853374e-07
6.322428e-06
1.415481e-07
4.162730e-07
4.367725e-06
4.112758e-06
1.904881e-05
5.929420e-06
1.252667e-05
1.108589e-05
3.419700e-06
1.106866e-05
5.867767e-05
4.994542e-05
1.118094e-05
3.940914e-06
3.885360e-05
1.358232e-05
4.583329e-04
4.187041e-06
1.146395e-06
9.405422e-07
4.824288e-06
3.293180e-07
3.837092e-07
3.592877e-06
4.680972e-07
1.290277e-06
1.870378e-07
1.910296e-04
8.099935e-07
1.019109e-06
1.549232e-05
5.621117e-04
1.003729e-05
6.966766e-07
1.453589e-06
2.445885e-05
2.670326e-05
3.952652e-06
2.742074e-06
7.117611e-05
4.138304e-04
2.282231e-05
8.911410e-07
1.412548e-06
5.265206e-07
1.039242e-06
6.146865e-07
7.442401e-07
2.189283e-07
3.881592e-07
3.580392e-07
2.046620e-04
4.652980e-07
4.815089e-08
2.110518e-08
5.341598e-09
1.008797e-09
2.226623e-09
1.092319e-08
9.185632e-09
2.096367e-09
2.738592e-08
4.137525e-08
2.472060e-07
1.183598e-07
2.469080e-08
2.329193e-08
3.063224e-07
1.665863e-07
3.331826e-08
2.105543e-08
5.677959e-08
8.195996e-08
3.219601e-09
1.191315e-08
2.442339e-09
9.491859e-09
9.344161e-09
8.917448e-08
8.477395e-09
4.772141e-09
4.659726e-09
1.767087e-08
2.760720e-08
2.144896e-09
2.928422e-09
4.589965e-09
1.566176e-08
1.884587e-08
1.634278e-08
7.707537e-08
7.977199e-09
3.612849e-09
8.524271e-09
8.168864e-09
1.356966e-08
2.643342e-08
1.872420e-08
7.832800e-08
8.192797e-09
3.618459e-09
8.527181e-09
8.169045e-09
1.356970e-08
2.643346e-08
1.872422e-08
7.832800e-08
8.192807e-09
3.618461e-09
8.527181e-09
8.169045e-09
1.356970e-08
2.643350e-08
1.872424e-08
7.833360e-08
8.192929e-09
3.619543e-09
8.530439e-09
8.183437e-09
1.372774e-08
2.847003e-08
2.699087e-08
9.065193e-08
1.142603e-08
1.362588e-08
3.726710e-08
1.368203e-07
7.136500e-08
7.040933e-08
4.785940e-08
4.585204e-07
7.018684e-07
1.955089e-07
7.000735e-08
1.206509e-08
2.305076e-08
2.234111e-08
1.388650e-08
1.156141e-07
7.411443e-08
1.124287e-07
6.260059e-07
9.857073e-08
4.049827e-07
3.678319e-07
1.719066e-07
1.888988e-07
7.625290e-08
5.404597e-08
6.149356e-08
2.453602e-07
4.338532e-06
4.103166e-06
1.211319e-06
6.823877e-07
7.043570e-07
1.479966e-06
2.355795e-06
4.045241e-07
4.696107e-07
1.717245e-06
3.606028e-07
2.053423e-06
4.386820e-07
1.906499e-07
2.297691e-07
2.084877e-06
1.542179e-06
1.961009e-07
1.556341e-06
2.452491e-06
2.471449e-06
1.949063e-06
3.736185e-06
4.797596e-06
4.739183e-07
3.032192e-08
1.400542e-07
1.417084e-06
3.878277e-07
2.214657e-07
5.149040e-07
1.755418e-06
2.130497e-06
2.397568e-07
1.534991e-07
4.162130e-06
2.605887e-07
4.132867e-07
1.218772e-06
7.354494e-06
1.848002e-06
7.177768e-07
2.955017e-06
3.547468e-06
1.670781e-05
1.254973e-06
2.090611e-07
5.136427e-07
2.301684e-08
1.917101e-08
4.491759e-08
1.105476e-07
2.119895e-07
5.229258e-07
1.934150e-07
3.429472e-06
4.966781e-07
4.382463e-07
3.128818e-06
2.576657e-07
3.059944e-06
1.011818e-05
7.322155e-06
2.532702e-05
3.251089e-06
1.234020e-05
2.021534e-05
4.703437e-05
5.114251e-05
6.439821e-06
4.215736e-05
1.309011e-05
4.590898e-04
5.715250e-06
3.272443e-06
3.257448e-06
5.322786e-06
4.492539e-07
2.901836e-07
3.229371e-06
3.063927e-07
1.452787e-06
5.309147e-07
5.551627e-05
1.075667e-06
2.139692e-07
1.647823e-05
5.337371e-04
8.795309e-06
3.501706e-06
2.145230e-06
2.536204e-05
1.804192e-05
3.952652e-06
1.642700e-05
7.524912e-05
4.645350e-04
2.453385e-05
1.211019e-06
2.591946e-06
8.806605e-07
1.421434e-06
2.828920e-07
4.436198e-07
2.516672e-07
4.589968e-07
5.097967e-07
2.649807e-04
6.944879e-07
1.799928e-07
5.790792e-08
8.395424e-08
5.373836e-10
1.851001e-09
1.050033e-08
1.769061e-08
8.180935e-09
7.144214e-09
1.390189e-08
1.462089e-07
1.336861e-07
2.561330e-08
1.693547e-08
2.410928e-07
2.339226e-07
5.189848e-08
2.371154e-08
1.528189e-07
1.646629e-07
6.112781e-09
2.218433e-08
4.470639e-09
2.213359e-08
5.714878e-09
3.338495e-08
8.897537e-09
5.989984e-09
5.724478e-09
4.486295e-08
7.636466e-08
2.934700e-09
2.999515e-09
2.774775e-09
9.810653e-09
1.259064e-08
2.170144e-08
1.007890e-07
1.157994e-08
5.051507e-09
9.984632e-09
9.837683e-09
8.975026e-09
1.969494e-08
2.547599e-08
1.047788e-07
1.238582e-08
5.091441e-09
9.991370e-09
9.838362e-09
8.975175e-09
1.969501e-08
2.547602e-08
1.047789e-07
1.238586e-08
5.091451e-09
9.991370e-09
9.838362e-09
8.975175e-09
1.969503e-08
2.547602e-08
1.047841e-07
1.238593e-08
5.092080e-09
9.992350e-09
9.844847e-09
8.996751e-09
2.018590e-08
2.857015e-08
1.178697e-07
1.569911e-08
7.683807e-09
1.656187e-08
9.778252e-08
6.198027e-08
7.100540e-08
4.274886e-08
5.215157e-07
7.694672e-07
4.879658e-07
1.917113e-07
9.760334e-09
4.130499e-08
3.754390e-08
1.097107e-08
6.363177e-08
2.439974e-08
7.188522e-08
4.626008e-07
1.851728e-07
4.288171e-07
1.789008e-07
4.073826e-07
6.038480e-07
6.222189e-08
7.863045e-08
8.620816e-08
1.833273e-07
1.164370e-07
1.670943e-07
5.201153e-06
5.451088e-06
1.761937e-06
3.128951e-07
3.688084e-07
1.449686e-06
9.245020e-07
1.332630e-07
6.340945e-07
3.755932e-06
6.320351e-07
1.333827e-07
1.662089e-07
1.319959e-06
1.648041e-06
2.194829e-07
4.625478e-08
9.792517e-07
7.003596e-06
3.043221e-06
4.967798e-06
1.496680e-06
8.779241e-07
1.337075e-06
5.315164e-08
1.303256e-06
3.358542e-07
1.533204e-08
3.592253e-07
1.992261e-06
3.203183e-06
4.399080e-07
1.207025e-07
3.684470e-06
4.285340e-07
8.600171e-07
1.384887e-06
7.084244e-06
1.922057e-06
1.125713e-07
4.440534e-07
4.023940e-06
2.077529e-05
2.588332e-06
5.691141e-07
5.615618e-07
2.122702e-07
3.776109e-08
3.004376e-08
1.987757e-07
3.382551e-07
2.259249e-07
9.993011e-08
9.232777e-07
2.345041e-07
2.843914e-06
3.963419e-06
3.644384e-07
7.325083e-07
5.984702e-07
8.004082e-06
1.783571e-05
2.922415e-06
2.690748e-05
2.071634e-05
4.737811e-05
9.658294e-06
2.730097e-06
8.190940e-05
1.762691e-05
4.627613e-04
5.049533e-06
4.902866e-06
1.054844e-05
7.636473e-06
1.034204e-06
4.184109e-07
1.476890e-06
3.705496e-07
2.608492e-06
1.148827e-07
4.768362e-05
1.269263e-06
2.883518e-07
1.629160e-05
4.755839e-04
9.104044e-06
8.487047e-07
1.503582e-06
2.860638e-05
2.037744e-05
2.557729e-06
2.742074e-06
7.524912e-05
4.917911e-04
2.962705e-05
1.460334e-06
2.140999e-06
2.513802e-06
2.672677e-06
2.700877e-07
3.268149e-07
2.630708e-07
4.022947e-07
4.872715e-07
2.982914e-04
1.161238e-06
3.375911e-07
1.097943e-07
2.414025e-07
2.834667e-07
1.005442e-09
1.004793e-08
1.763437e-08
1.510279e-08
2.073607e-08
8.242098e-09
6.038505e-08
1.051763e-07
7.342411e-08
1.744540e-08
2.421178e-07
4.016101e-07
6.233076e-08
2.643354e-08
1.686380e-07
3.276081e-07
1.095392e-08
3.106899e-08
1.061824e-08
2.855885e-08
8.836654e-09
9.529583e-09
6.933599e-09
1.387706e-08
6.067716e-09
4.891219e-08
1.664608e-07
4.916539e-09
4.154694e-09
4.373077e-09
9.225222e-09
1.191265e-08
1.558717e-08
8.777355e-08
2.237986e-08
1.403787e-08
1.902847e-08
1.358991e-08
9.592452e-09
1.848757e-08
1.988357e-08
9.248919e-08
2.541506e-08
1.423434e-08
1.906971e-08
1.359198e-08
9.592853e-09
1.848776e-08
1.988363e-08
9.248921e-08
2.541516e-08
1.423436e-08
1.906971e-08
1.359198e-08
9.592852e-09
1.848778e-08
1.988363e-08
9.249153e-08
2.541523e-08
1.423464e-08
1.907025e-08
1.359390e-08
9.605153e-09
1.878199e-08
2.117354e-08
9.722691e-08
2.871992e-08
1.816703e-08
2.301952e-08
9.730019e-08
2.915418e-08
4.703466e-08
6.643747e-08
5.504582e-07
7.477622e-07
5.053801e-07
5.040584e-07
9.723384e-09
9.273913e-08
4.651711e-08
8.240562e-09
5.623779e-08
2.203926e-08
4.351485e-08
3.397059e-07
1.663571e-07
7.604212e-07
2.199275e-07
2.499188e-07
8.255534e-07
2.699904e-07
1.564131e-07
4.697319e-08
1.586990e-07
1.034352e-07
1.181494e-07
2.009590e-07
6.749951e-07
6.063205e-06
5.222487e-06
1.073691e-06
4.021244e-07
3.976762e-07
6.074979e-07
6.890500e-07
1.894013e-06
9.064435e-07
1.977989e-06
2.627308e-07
6.212716e-07
1.410076e-06
3.577759e-07
9.485043e-08
7.858128e-07
6.138643e-07
4.908439e-06
9.915865e-06
2.177899e-06
3.189719e-06
5.043205e-07
5.973107e-08
9.009177e-07
4.117286e-07
2.198713e-08
1.443729e-07
1.532292e-06
3.333931e-06
6.826264e-07
3.320318e-07
3.957021e-06
3.259009e-07
1.502966e-06
1.634271e-06
5.608497e-06
2.817689e-06
4.919182e-08
1.253672e-07
2.357363e-06
1.869101e-05
3.291309e-06
3.200235e-06
9.121330e-07
2.219291e-07
2.766576e-07
3.430441e-08
2.086413e-07
4.139112e-07
1.422782e-07
5.991654e-08
7.584633e-07
1.280890e-07
2.554529e-07
3.631562e-06
2.910099e-06
1.060837e-06
3.007413e-07
2.134690e-06
9.185977e-06
2.453783e-06
2.087094e-05
1.868929e-05
6.312481e-05
9.680272e-06
2.029481e-06
3.916260e-05
1.350352e-05
5.054286e-04
8.449411e-06
7.859302e-06
1.658877e-05
1.120929e-05
2.897553e-06
1.049894e-06
9.600376e-07
2.277507e-07
3.735858e-06
1.622834e-07
4.030649e-05
1.403039e-06
2.465118e-07
1.716500e-05
3.722204e-04
8.597098e-06
1.016962e-06
1.221759e-06
2.188140e-05
1.992439e-05
7.072518e-06
3.128469e-06
7.117611e-05
4.645350e-04
2.962705e-05
1.581411e-05
4.022591e-06
2.787315e-06
6.074876e-06
3.220666e-07
4.797434e-07
2.972221e-07
4.118758e-07
4.569322e-07
3.064273e-04
1.207271e-06
6.139257e-07
2.222914e-07
6.499589e-07
5.106638e-07
2.396479e-08
7.682484e-09
1.745927e-08
1.503373e-08
3.125062e-08
2.076048e-08
2.427819e-08
3.794434e-08
1.997645e-08
3.005664e-09
2.374801e-07
4.195344e-07
4.952533e-08
2.604587e-08
1.772250e-07
3.242937e-07
1.556651e-08
3.329581e-08
1.825229e-08
3.261171e-08
1.045097e-08
8.600218e-09
4.948261e-09
2.114722e-09
4.361479e-09
5.533444e-08
1.642750e-07
7.020177e-09
7.267313e-09
6.352580e-09
9.519381e-09
8.099910e-09
9.607946e-09
4.980435e-08
1.561670e-08
6.085531e-09
2.298416e-08
2.146754e-08
9.024868e-09
1.431312e-08
1.338891e-08
5.393830e-08
1.954844e-08
6.393821e-09
2.313305e-08
2.149980e-08
9.026322e-09
1.431396e-08
1.338898e-08
5.393832e-08
1.954858e-08
6.393860e-09
2.313305e-08
2.149980e-08
9.026322e-09
1.431396e-08
1.338898e-08
5.393894e-08
1.954859e-08
6.393933e-09
2.313332e-08
2.150122e-08
9.028919e-09
1.449634e-08
1.378220e-08
5.518306e-08
2.015921e-08
7.506527e-09
2.564319e-08
9.351834e-08
2.005836e-08
1.570955e-08
2.041334e-08
4.982490e-07
7.253230e-07
4.948959e-07
5.411424e-07
1.790894e-08
1.373382e-07
9.852807e-08
6.396331e-09
4.572547e-08
5.062551e-08
1.485544e-08
2.288465e-07
2.649654e-07
6.240252e-07
2.074972e-07
3.605170e-07
8.991108e-07
1.066945e-07
7.939316e-08
1.327518e-07
1.093849e-07
3.484442e-08
7.288570e-08
1.065975e-07
3.874678e-07
6.817314e-07
4.542765e-07
5.301073e-06
3.212525e-06
6.503566e-07
9.193167e-08
2.131147e-07
8.639050e-07
6.225162e-07
2.947484e-07
4.916227e-07
1.248615e-06
1.150811e-06
2.000150e-07
6.684085e-08
6.923512e-07
5.972460e-07
1.065691e-06
2.952832e-06
3.918505e-06
7.754087e-06
1.281629e-06
5.880720e-07
7.537532e-07
2.819306e-07
1.184027e-07
1.026566e-07
1.008535e-06
3.055131e-06
4.413600e-07
3.414010e-07
4.932682e-06
5.143990e-07
1.532195e-06
1.673701e-06
4.100617e-06
2.826368e-06
6.192964e-08
9.221426e-08
1.484817e-06
1.608006e-05
2.775147e-06
9.553108e-07
1.468114e-06
2.834806e-06
3.148492e-07
5.349986e-08
2.522198e-07
3.514491e-07
9.100119e-08
6.413935e-08
6.392172e-07
1.841132e-07
2.185722e-07
2.438518e-06
3.918144e-07
7.446153e-07
2.713580e-06
1.824566e-06
4.116359e-06
8.416746e-07
7.654954e-06
1.690588e-05
5.197731e-05
9.689168e-06
1.430150e-05
3.758643e-05
1.205164e-05
4.421010e-04
5.005176e-06
3.580245e-05
2.276547e-05
1.456442e-05
4.772255e-06
2.044305e-06
8.139511e-07
3.027666e-07
3.710233e-06
1.118426e-07
3.705981e-05
1.617641e-06
3.491921e-07
1.270790e-05
2.947441e-04
7.642357e-06
7.529768e-07
9.712380e-07
1.812770e-05
1.518912e-05
3.302472e-06
2.843829e-06
7.319132e-05
4.138304e-04
2.453385e-05
1.460334e-06
4.022591e-06
1.346542e-05
7.006050e-06
3.947864e-07
4.431575e-07
4.000852e-07
4.871087e-07
4.647334e-07
3.122174e-04
9.419666e-07
5.387829e-07
2.183796e-07
8.297520e-07
7.959127e-07
5.822849e-08
5.538770e-08
1.191382e-08
1.446184e-08
3.097013e-08
2.053645e-08
2.882337e-08
1.170461e-08
1.205799e-08
1.159665e-09
1.584394e-07
3.602080e-07
7.255009e-08
2.076966e-08
1.365050e-07
2.946502e-07
1.891330e-08
3.663309e-08
2.840646e-08
2.755821e-08
1.845943e-08
3.572153e-09
5.068840e-09
8.431655e-10
1.598016e-09
3.401378e-08
1.493608e-07
1.422884e-08
9.549835e-09
1.046383e-08
4.791230e-09
9.887464e-09
3.409679e-09
2.521932e-08
9.720474e-09
3.462651e-09
1.875763e-08
1.406742e-08
9.202568e-09
4.469699e-09
7.591844e-09
2.951118e-08
1.242414e-08
4.211881e-09
1.920919e-08
1.410038e-08
9.210720e-09
4.470562e-09
7.592245e-09
2.951128e-08
1.242436e-08
4.211987e-09
1.920919e-08
1.410038e-08
9.210720e-09
4.470562e-09
7.592245e-09
2.951144e-08
1.242437e-08
4.212004e-09
1.920940e-08
1.410102e-08
9.212162e-09
4.486049e-09
7.752068e-09
2.984874e-08
1.258226e-08
4.462905e-09
2.075341e-08
5.971074e-08
1.644530e-08
9.760071e-09
9.751398e-09
1.916969e-07
5.567175e-07
4.042838e-07
5.338890e-07
3.418855e-08
1.671881e-07
1.160617e-07
1.771087e-08
2.338430e-08
5.392104e-08
1.165623e-08
4.793560e-08
2.346313e-07
5.826146e-07
1.716407e-07
1.645424e-07
8.761594e-07
1.898084e-07
9.177995e-08
2.144261e-08
5.295640e-08
3.471558e-08
2.125573e-08
2.368970e-08
1.148906e-07
3.780943e-07
2.342326e-07
2.590272e-07
3.779721e-07
1.798890e-06
1.427575e-06
1.744799e-07
3.118730e-07
2.354353e-07
2.543670e-07
1.939033e-07
2.123855e-07
6.899294e-07
5.033122e-07
3.799724e-08
3.360216e-07
4.249986e-07
8.515508e-07
8.049709e-07
8.169424e-07
1.596590e-06
3.125602e-06
5.287052e-06
6.156682e-07
3.611312e-07
6.388663e-08
5.513626e-08
6.911935e-07
2.219868e-06
3.595954e-07
3.709553e-07
4.887470e-06
5.344058e-07
1.817994e-06
1.804224e-06
1.541570e-06
2.576731e-06
1.588258e-07
2.122430e-07
9.237621e-07
8.212918e-06
2.107452e-06
7.750709e-07
9.804903e-07
8.872275e-07
8.596131e-07
1.409341e-07
3.231275e-07
2.689338e-07
3.908340e-08
4.718592e-08
5.821881e-07
1.962249e-07
1.432600e-07
1.501247e-06
3.390128e-07
4.040585e-07
3.681297e-07
1.415246e-06
3.211563e-06
3.641941e-07
3.879375e-06
1.194285e-05
2.495464e-05
1.010060e-05
5.259382e-06
3.438117e-05
1.117724e-05
3.431031e-04
4.145567e-06
7.670106e-06
2.052567e-05
2.263068e-05
6.062530e-06
2.868982e-06
1.025253e-06
3.726717e-07
3.956721e-06
9.196263e-08
2.229701e-05
1.741792e-06
2.324413e-07
1.112314e-05
1.311675e-04
4.820373e-06
7.019903e-07
1.213649e-06
1.438364e-05
8.008820e-06
2.722138e-06
2.314069e-06
7.026316e-05
3.183602e-04
2.282231e-05
1.211019e-06
2.140999e-06
2.787315e-06
7.006050e-06
2.724022e-06
6.777760e-07
3.910840e-07
5.175622e-07
4.123691e-07
3.140445e-04
7.406491e-07
4.654633e-07
1.742083e-07
7.723929e-07
7.857693e-07
1.957148e-07
1.023039e-07
1.011199e-07
1.195750e-08
2.993447e-08
2.030527e-08
3.574673e-08
1.058195e-08
1.169121e-08
7.004869e-10
9.404785e-08
3.260882e-07
2.142672e-08
1.562203e-08
1.178784e-07
2.310328e-07
1.158507e-08
3.432471e-08
5.582892e-08
2.162581e-08
2.889771e-08
2.739556e-09
4.090110e-09
1.043601e-09
1.068727e-09
1.761760e-08
1.170582e-07
3.495596e-09
8.652592e-09
2.513344e-08
5.283889e-09
1.244114e-08
2.174966e-09
1.317213e-08
6.982499e-09
2.047169e-09
1.327833e-08
1.260408e-08
8.199094e-09
3.966799e-09
3.945713e-09
1.748913e-08
9.915146e-09
2.622917e-09
1.352274e-08
1.279402e-08
8.307036e-09
3.975271e-09
3.946331e-09
1.748938e-08
9.916004e-09
2.623460e-09
1.352274e-08
1.279402e-08
8.307036e-09
3.975272e-09
3.946331e-09
1.748948e-08
9.916006e-09
2.623468e-09
1.352284e-08
1.279454e-08
8.307809e-09
3.983088e-09
3.997294e-09
1.768081e-08
1.000176e-08
2.740483e-09
1.422029e-08
5.341873e-08
1.240258e-08
5.041630e-09
7.212076e-09
1.076385e-07
2.823686e-07
2.345208e-07
4.694897e-07
3.620157e-08
1.749740e-07
1.434442e-07
2.227879e-08
4.437220e-08
5.540054e-08
7.704053e-09
4.295167e-08
1.891136e-07
4.637981e-07
1.440438e-07
8.625196e-08
8.428373e-07
9.669413e-08
9.282331e-08
1.031666e-07
5.906520e-08
1.079487e-08
1.978981e-08
2.131476e-08
6.262565e-08
2.193375e-07
1.529870e-07
1.458532e-07
2.652969e-07
1.988023e-07
1.055433e-07
7.760078e-07
1.116033e-06
1.368642e-07
1.364183e-07
1.403576e-07
1.827363e-07
5.472880e-07
1.328566e-07
4.248805e-08
3.678137e-07
3.013667e-07
4.925834e-07
6.969692e-07
5.365525e-07
1.483082e-06
2.668406e-07
5.965601e-08
3.338653e-06
2.277784e-06
5.376417e-08
3.869556e-08
6.227701e-07
1.779898e-06
1.233770e-07
3.552476e-07
4.875244e-06
5.329366e-07
2.536175e-06
2.118407e-06
5.771180e-07
2.600057e-06
4.379476e-08
2.590562e-07
1.215443e-06
4.156400e-06
9.403466e-07
5.251967e-07
8.491450e-07
7.934976e-07
8.576145e-07
7.321217e-07
5.241216e-07
2.396962e-07
5.892171e-09
2.943533e-08
5.591715e-07
1.857757e-07
9.504355e-08
9.362470e-07
1.738337e-07
1.856643e-07
3.624285e-07
1.224528e-06
1.802111e-06
1.388289e-07
8.400062e-07
1.042234e-05
1.221518e-05
8.060622e-06
1.304022e-06
3.327695e-05
9.794976e-06
2.963359e-04
3.521448e-06
7.415955e-06
2.016880e-05
1.312892e-05
5.037977e-06
6.574473e-06
1.827285e-06
9.382516e-07
5.299611e-06
8.117469e-08
9.814008e-06
1.716163e-06
1.468786e-07
8.277468e-06
8.865422e-05
2.426673e-06
7.207206e-07
7.290298e-07
1.305045e-05
6.163718e-06
1.882366e-06
1.737669e-06
6.924251e-05
2.935103e-04
2.024252e-05
8.911410e-07
2.591946e-06
2.513802e-06
6.074876e-06
3.947864e-07
6.777760e-07
2.299095e-06
6.005704e-07
4.757253e-07
3.184570e-04
4.682225e-07
5.589248e-07
1.335718e-07
7.567307e-07
7.862221e-07
1.950785e-07
2.238204e-07
2.214450e-07
4.358630e-09
2.242256e-08
1.893196e-08
3.339855e-08
3.681332e-09
1.240677e-08
1.906670e-10
7.188948e-09
3.455846e-08
9.506400e-09
1.078125e-08
5.820411e-08
4.014980e-08
5.568440e-09
1.902262e-08
4.979788e-08
1.795533e-08
3.194364e-08
8.030477e-10
1.906210e-09
3.467949e-10
8.311426e-10
1.429315e-09
7.467860e-09
1.199474e-09
5.797978e-09
1.581473e-08
4.970458e-09
1.529501e-08
2.585581e-10
3.030410e-09
1.038289e-09
2.519381e-10
1.747919e-09
3.166597e-09
3.510537e-09
1.403776e-09
1.742116e-09
1.683379e-09
3.984645e-09
7.699973e-10
1.956220e-09
3.312332e-09
3.523728e-09
1.417629e-09
1.751919e-09
1.683558e-09
3.986184e-09
7.710501e-10
1.956222e-09
3.312335e-09
3.523728e-09
1.417629e-09
1.751919e-09
1.683564e-09
3.986185e-09
7.710508e-10
1.956227e-09
3.312364e-09
3.523972e-09
1.418812e-09
1.763010e-09
1.696036e-09
4.014849e-09
7.823255e-10
1.996949e-09
5.615238e-09
5.626278e-09
1.854627e-09
2.259128e-09
1.256295e-08
2.114028e-08
1.564001e-08
2.464422e-07
3.028635e-08
1.357283e-07
1.230620e-07
3.826528e-08
4.354621e-08
6.256652e-08
1.242835e-09
2.040563e-08
1.687768e-07
2.931665e-08
1.041444e-07
4.986945e-08
5.168969e-07
3.517752e-08
1.011428e-07
1.821859e-08
4.920086e-08
1.042858e-08
2.030408e-09
1.993064e-09
8.373468e-09
2.741973e-08
1.938170e-08
1.572310e-08
3.433203e-08
8.093340e-08
3.598071e-08
1.459271e-08
1.964050e-08
1.054175e-07
4.983802e-08
1.040498e-08
7.589184e-08
2.354502e-07
3.994213e-08
5.186645e-09
8.649884e-08
6.137992e-08
1.186165e-07
2.839840e-07
4.288151e-07
9.241016e-08
1.271146e-07
4.859544e-08
3.475570e-07
1.349012e-07
1.450424e-07
3.210238e-07
6.594223e-08
1.289587e-06
6.208930e-08
1.632898e-07
4.090176e-06
3.967795e-07
2.487894e-06
2.241644e-06
1.783618e-07
2.149064e-06
2.551636e-08
2.651436e-07
9.873638e-07
2.590436e-06
4.008123e-07
1.169902e-07
2.727654e-07
7.090474e-07
7.300574e-07
7.548342e-07
9.155141e-07
2.246357e-08
4.678654e-09
9.999136e-09
2.075000e-07
1.723799e-07
7.937110e-08
3.952589e-07
5.182733e-08
7.950181e-08
1.822995e-07
5.249233e-07
1.168165e-06
8.471140e-08
1.038701e-07
1.317496e-06
7.094163e-06
3.324171e-06
3.429711e-07
2.236420e-05
5.283618e-06
2.555572e-04
1.061387e-06
6.732277e-06
1.539658e-05
1.200939e-05
4.695585e-06
2.949657e-06
1.560647e-06
1.720607e-06
7.048833e-06
5.417243e-08
4.863488e-06
1.027730e-06
8.160971e-08
5.330168e-06
3.629188e-05
2.103602e-06
1.623809e-07
6.173228e-07
1.063958e-05
1.426440e-06
7.159442e-07
4.586603e-07
6.056228e-05
1.543016e-04
1.862389e-05
4.141560e-07
1.412548e-06
8.806605e-07
2.672677e-06
3.220666e-07
4.431575e-07
3.910840e-07
6.005704e-07
4.012657e-07
3.229913e-04
1.369280e-07
5.904223e-07
6.794908e-08
2.931722e-07
5.688468e-07
2.050872e-07
2.371011e-07
2.839869e-07
1.390324e-09
1.327411e-08
5.979677e-09
2.724633e-08
3.371648e-09
8.049523e-09
2.909720e-10
9.207023e-10
2.954927e-09
1.603122e-09
9.262799e-09
1.993736e-08
2.969592e-08
4.412032e-09
6.754277e-09
4.179926e-08
9.626233e-09
6.851975e-08
9.821793e-10
8.948056e-10
4.490869e-10
4.607021e-10
1.010344e-09
4.896296e-10
1.693657e-10
2.371505e-09
1.191653e-08
3.052941e-09
3.754583e-08
4.926844e-10
2.162203e-10
7.357892e-10
1.023791e-10
3.820853e-10
4.156478e-10
9.479905e-10
1.302180e-09
6.117150e-10
1.275652e-09
6.053398e-10
1.036791e-09
7.262207e-10
4.448451e-10
9.712977e-10
1.387646e-09
6.156775e-10
1.278073e-09
6.083909e-10
1.047327e-09
7.262166e-10
4.448506e-10
9.712978e-10
1.387646e-09
6.156775e-10
1.278076e-09
6.083909e-10
1.047328e-09
7.262171e-10
4.448529e-10
9.713165e-10
1.388462e-09
6.168468e-10
1.283900e-09
6.094723e-10
1.052775e-09
7.306308e-10
6.264907e-10
1.132295e-09
1.845601e-09
7.764303e-10
6.351735e-09
2.755420e-09
1.405287e-09
2.139555e-08
2.655695e-08
1.084911e-07
9.917229e-08
6.349905e-08
5.485931e-08
4.229493e-08
2.545965e-09
1.024158e-08
7.693088e-08
1.090269e-08
1.900700e-08
1.366906e-08
4.332117e-07
1.997643e-08
7.492759e-08
1.288006e-08
7.581949e-08
7.045211e-09
2.732399e-09
6.965987e-10
1.947243e-09
5.782154e-09
4.235084e-09
3.810689e-09
5.013015e-09
2.196546e-08
2.252931e-08
1.485936e-08
4.586314e-09
2.315486e-09
6.242812e-09
5.045420e-09
9.831111e-09
1.795624e-07
2.220269e-08
3.295578e-09
1.008349e-08
2.716071e-08
3.309068e-08
1.042046e-07
2.070684e-07
3.603203e-08
2.997121e-08
3.919081e-08
2.448782e-07
9.327450e-08
2.104818e-08
8.920578e-09
5.883758e-08
8.613961e-07
6.004265e-08
1.810629e-07
2.156256e-06
1.508111e-07
2.389107e-06
2.109810e-06
1.196601e-07
2.182524e-06
1.852346e-08
3.035606e-07
7.031246e-07
1.068601e-06
5.279539e-07
1.302588e-08
7.314936e-08
4.490960e-07
6.488307e-07
7.937360e-07
9.638666e-07
3.113450e-08
1.236271e-08
8.985731e-09
1.468928e-07
1.328695e-07
6.882225e-08
2.844776e-07
2.161862e-08
5.268510e-08
7.515814e-08
1.790588e-07
6.588102e-07
6.228548e-08
8.358356e-08
7.883715e-07
2.966161e-06
2.150966e-06
1.690568e-07
1.405710e-05
3.797560e-06
1.932329e-04
4.061147e-07
6.575234e-06
9.921468e-06
1.094718e-05
4.161368e-06
2.990391e-06
1.807184e-06
1.211211e-06
7.847936e-06
2.632009e-07
4.102983e-06
8.272850e-07
2.465420e-08
2.887704e-06
2.674288e-05
1.825274e-06
1.399091e-07
5.259771e-07
6.903499e-06
6.186795e-07
5.109660e-07
1.825253e-07
4.458395e-05
4.603413e-05
1.729846e-05
4.089732e-07
1.380927e-06
5.265206e-07
1.421434e-06
2.700877e-07
4.797434e-07
4.000852e-07
5.175622e-07
4.757253e-07
3.229913e-04
9.620682e-08
7.225583e-07
4.305609e-08
2.308223e-07
2.025967e-07
2.056808e-07
2.692630e-07
2.921972e-07
6.826411e-09
3.370905e-08
1.001983e-08
2.095097e-08
3.231411e-09
7.791386e-09
2.824467e-10
1.813551e-09
3.111247e-10
1.784927e-10
2.326428e-09
9.626021e-09
1.096282e-08
1.311985e-08
5.070900e-09
2.607815e-08
6.768791e-09
6.996736e-08
1.077690e-08
1.443757e-09
4.145322e-10
1.064017e-09
6.749638e-10
1.926136e-09
9.469399e-11
3.245824e-10
6.709838e-09
2.245727e-09
3.783744e-08
3.789878e-09
3.497097e-10
2.237242e-10
2.625302e-10
1.194204e-10
1.393647e-10
1.702884e-10
5.854801e-10
5.809113e-10
5.903187e-10
1.596465e-09
9.951385e-10
1.402459e-09
2.044806e-10
1.955657e-10
6.824056e-10
6.204053e-10
5.946993e-10
1.652362e-09
1.016640e-09
1.402409e-09
2.045355e-10
1.955658e-10
6.824056e-10
6.204053e-10
5.946996e-10
1.652362e-09
1.016640e-09
1.402409e-09
2.045357e-10
1.955670e-10
6.824579e-10
6.208065e-10
5.952036e-10
1.652671e-09
1.017018e-09
1.403988e-09
2.220365e-10
2.068904e-10
7.130275e-10
7.904498e-10
1.069886e-09
2.290964e-09
7.686655e-10
2.200915e-09
4.075811e-09
6.358541e-08
7.534533e-08
6.978085e-08
5.082104e-08
4.322386e-08
4.919278e-09
4.880667e-08
1.381787e-08
4.959845e-09
1.677907e-08
2.103430e-09
2.936003e-07
1.489175e-08
5.484060e-08
1.203601e-08
9.332513e-08
7.505986e-09
8.072583e-09
1.007094e-09
1.220382e-09
1.422203e-09
1.088539e-09
1.279390e-09
1.567660e-09
4.704413e-09
8.743411e-09
1.150530e-08
6.058874e-09
2.775665e-09
4.211147e-09
6.504647e-09
2.328791e-09
1.802998e-08
1.803405e-08
3.113637e-09
5.646009e-09
4.719142e-09
2.216723e-08
3.678672e-08
5.898781e-08
1.857245e-08
4.519469e-08
1.012786e-08
1.262598e-07
4.886924e-08
1.403463e-08
5.386945e-08
2.509218e-08
5.223700e-07
2.524580e-08
1.614540e-07
8.479872e-07
2.301214e-08
1.950605e-06
1.581100e-06
1.102473e-07
1.944128e-06
3.487659e-08
4.223944e-07
4.471270e-07
5.969773e-07
4.915847e-07
3.624527e-08
1.460968e-08
1.306822e-07
3.009332e-07
7.705625e-07
8.943816e-07
3.808347e-08
2.745671e-07
1.850847e-08
1.144188e-07
2.620328e-08
2.410250e-08
2.293197e-07
1.421923e-08
2.556737e-08
4.630922e-08
8.958293e-08
2.308289e-07
4.266206e-08
5.631523e-08
4.677429e-07
6.064471e-07
3.228734e-07
1.475058e-07
5.083112e-06
1.837707e-06
1.265081e-04
2.651190e-07
6.443074e-06
5.056375e-06
9.190250e-06
3.083749e-06
2.787064e-06
1.831546e-06
1.255228e-06
8.338501e-06
8.417411e-07
5.892605e-06
2.829316e-07
1.301590e-08
8.117603e-07
1.310827e-05
1.237365e-06
8.022216e-08
4.862348e-07
1.378850e-06
4.039680e-07
4.311860e-07
6.846483e-08
1.437008e-05
1.171797e-05
1.523404e-05
3.450590e-07
1.093275e-06
2.409323e-07
1.039242e-06
2.828920e-07
3.268149e-07
2.972221e-07
4.871087e-07
4.123691e-07
3.184570e-04
1.369280e-07
7.225583e-07
2.516468e-08
1.697094e-07
1.057057e-07
9.786938e-08
2.451765e-07
2.663737e-07
1.448047e-08
2.796987e-07
2.564456e-08
1.522622e-08
1.641968e-09
6.215708e-09
2.673523e-10
1.838137e-09
1.821194e-09
6.368369e-10
7.262760e-10
2.639088e-09
6.755803e-09
1.903712e-08
3.265716e-08
1.975735e-08
4.545991e-09
5.985806e-08
1.835907e-08
2.237990e-08
1.416568e-09
3.424671e-09
4.451974e-09
4.955031e-09
1.015491e-09
5.533522e-10
1.420147e-09
1.152149e-09
3.275622e-08
5.669874e-09
4.341608e-09
5.380107e-10
8.267849e-10
1.146790e-09
6.339849e-10
2.255912e-10
6.291163e-10
6.787450e-10
1.468465e-09
4.304955e-09
6.520181e-09
2.949203e-09
1.475333e-09
4.230617e-10
9.339117e-10
8.019268e-10
1.505533e-09
4.573465e-09
6.836780e-09
2.949020e-09
1.476283e-09
4.230626e-10
9.339117e-10
8.019268e-10
1.505533e-09
4.573465e-09
6.836780e-09
2.949020e-09
1.476283e-09
4.230628e-10
9.339218e-10
8.020015e-10
1.505743e-09
4.573581e-09
6.836970e-09
2.949236e-09
1.484681e-09
4.254281e-10
9.413851e-10
8.489258e-10
1.752868e-09
4.921565e-09
6.701686e-09
5.817350e-09
2.118227e-09
1.631731e-08
5.388733e-08
8.114196e-08
4.856296e-08
5.465551e-08
1.352718e-08
6.789737e-08
3.939476e-08
3.292203e-09
9.371862e-09
4.405645e-09
4.514575e-08
7.857288e-09
4.846967e-08
1.584842e-08
8.549612e-08
1.024460e-08
2.493916e-08
5.001777e-09
1.339847e-08
3.838028e-09
3.173630e-09
1.357085e-09
1.614081e-09
9.376993e-09
1.041801e-08
1.337523e-08
8.810086e-09
2.439454e-08
3.262721e-08
3.357875e-08
1.738318e-08
1.042739e-08
1.203911e-08
1.030137e-08
1.138721e-08
1.289686e-08
2.828793e-08
6.657826e-08
3.717924e-08
1.196883e-08
4.052408e-08
3.490204e-08
3.045754e-08
3.064586e-08
1.774043e-08
1.178133e-07
1.622432e-07
4.531351e-07
7.077968e-08
1.058117e-07
5.920112e-07
1.634906e-08
5.254080e-07
8.710757e-07
9.975451e-08
1.420345e-06
1.255438e-07
1.014229e-06
4.067503e-07
3.898681e-07
3.858760e-07
5.338164e-08
5.092663e-08
2.940761e-08
1.646484e-07
5.041883e-07
7.556231e-07
3.898668e-08
3.502260e-07
3.172155e-07
2.355942e-07
3.046309e-08
1.653589e-08
1.698601e-07
1.363481e-08
1.965653e-08
5.025199e-08
8.976118e-08
1.414117e-07
4.106010e-08
3.664255e-08
3.115129e-07
4.903268e-07
2.633389e-07
1.390813e-07
2.995338e-06
9.746651e-07
7.189200e-05
2.207662e-07
5.905581e-06
3.874745e-06
8.501199e-06
2.244893e-06
2.650639e-06
1.835909e-06
1.235139e-06
8.790144e-06
1.540212e-06
6.984952e-06
3.887528e-07
2.954346e-08
3.268750e-07
6.463739e-06
7.553463e-07
7.853055e-08
4.095330e-07
1.089868e-06
2.423800e-07
3.026421e-07
5.377351e-08
8.532621e-06
5.452975e-06
1.117671e-05
3.049688e-07
8.708990e-07
2.153067e-07
1.138420e-06
6.146865e-07
4.436198e-07
2.630708e-07
4.118758e-07
4.647334e-07
3.140445e-04
4.682225e-07
5.904223e-07
4.305609e-08
1.697094e-07
9.743894e-08
9.824227e-08
1.397418e-07
1.970845e-07
3.538339e-08
3.861247e-07
2.917083e-07
4.941633e-08
9.756320e-09
2.867716e-09
2.525696e-10
1.807796e-09
3.232306e-09
6.840556e-09
6.150332e-10
1.039597e-09
4.194559e-09
2.318097e-08
4.156335e-08
3.626732e-08
7.923888e-09
4.796123e-08
2.784497e-08
3.708010e-08
1.005725e-08
1.077346e-08
9.254494e-09
2.063201e-08
1.608978e-09
3.866644e-09
5.555334e-10
6.203927e-10
2.658827e-08
6.928760e-09
6.109316e-09
3.249350e-09
3.665812e-09
2.159127e-09
3.201930e-09
7.399991e-10
1.130275e-09
1.538759e-09
2.693179e-09
1.211563e-08
1.047285e-08
1.548040e-08
2.058782e-09
1.765425e-09
2.695715e-09
1.704633e-09
2.791595e-09
1.353167e-08
1.123247e-08
1.547846e-08
2.060788e-09
1.765425e-09
2.695715e-09
1.704633e-09
2.791595e-09
1.353167e-08
1.123247e-08
1.547846e-08
2.060788e-09
1.765425e-09
2.695717e-09
1.704648e-09
2.791634e-09
1.353175e-08
1.123254e-08
1.547859e-08
2.061419e-09
1.766239e-09
2.697168e-09
1.710924e-09
2.862354e-09
1.409632e-08
1.115069e-08
1.817536e-08
4.948420e-09
7.418718e-09
1.820430e-08
8.272040e-08
4.419332e-08
5.946212e-08
2.259913e-08
9.911429e-08
6.421882e-08
1.884065e-08
2.863713e-09
6.293787e-09
3.601163e-08
1.505383e-09
2.605629e-08
2.356607e-08
8.406684e-08
1.252789e-08
3.331783e-08
1.115410e-08
6.056106e-08
1.603246e-08
1.139475e-08
4.637036e-09
4.231304e-09
3.772413e-09
7.432289e-09
6.113363e-08
4.812981e-08
5.484424e-08
1.102028e-07
1.210711e-07
5.317910e-08
2.821159e-08
2.418857e-08
1.832615e-08
2.699732e-08
2.964778e-08
6.379467e-08
1.093753e-07
6.319957e-08
1.388993e-08
3.639084e-08
5.403635e-08
5.033850e-08
1.203907e-08
1.726022e-07
1.955043e-07
2.638693e-07
7.461898e-07
1.314037e-07
1.515565e-07
3.162006e-07
1.333186e-08
2.244975e-07
3.126253e-07
8.753751e-08
8.477205e-07
1.603482e-07
2.208988e-06
4.760491e-07
3.370434e-07
2.945863e-07
8.109715e-08
6.196722e-08
5.904716e-08
7.194067e-08
2.712036e-07
4.946104e-07
4.824751e-08
3.757250e-07
5.885577e-07
2.041076e-06
5.361693e-08
3.430757e-08
1.829962e-07
1.111510e-08
1.453258e-08
4.968688e-08
9.286496e-08
8.872608e-08
2.941951e-08
5.085428e-08
1.784266e-07
3.809875e-07
3.545867e-07
3.201805e-07
9.762112e-07
5.099438e-07
4.020756e-05
1.712162e-07
5.778330e-06
3.029437e-06
8.194212e-06
1.473207e-06
2.305568e-06
1.846626e-06
1.073625e-06
8.748442e-06
1.891753e-06
7.666327e-06
5.285995e-07
1.231760e-07
1.216586e-07
3.127394e-06
4.131466e-07
6.322567e-08
3.915169e-07
6.210930e-07
3.142276e-07
1.852843e-07
4.950597e-08
5.854557e-06
2.576268e-06
9.476585e-06
3.149743e-07
6.806852e-07
1.882174e-07
1.382742e-06
9.851673e-07
7.442401e-07
2.516672e-07
4.022947e-07
4.569322e-07
3.122174e-04
7.406491e-07
5.589248e-07
6.794908e-08
2.308223e-07
1.057057e-07
9.824227e-08
1.472906e-07
6.923502e-08
4.790233e-08
5.010718e-07
5.932161e-07
2.097056e-07
2.274591e-08
5.136353e-08
8.413476e-11
1.680153e-09
3.228192e-09
1.070021e-08
4.368763e-09
1.415398e-09
2.913226e-09
2.181736e-08
4.219440e-08
3.236845e-08
1.305452e-08
2.735369e-08
3.587212e-08
5.026713e-08
1.300789e-08
3.526210e-08
2.180442e-08
3.650004e-08
3.665734e-09
4.643362e-09
1.532767e-09
1.006910e-09
8.606385e-09
7.944851e-09
6.388311e-09
3.702997e-09
1.285489e-08
9.791138e-09
5.314641e-09
1.412868e-09
1.335406e-09
2.115012e-09
4.971093e-09
1.341688e-08
1.445054e-08
1.871856e-08
5.162153e-09
2.695276e-09
5.170085e-09
3.975687e-09
3.655957e-09
1.556757e-08
1.796507e-08
1.871364e-08
5.187134e-09
2.695276e-09
5.170085e-09
3.975687e-09
3.655957e-09
1.556757e-08
1.796507e-08
1.871364e-08
5.187134e-09
2.695276e-09
5.170086e-09
3.975691e-09
3.655969e-09
1.556759e-08
1.796512e-08
1.871371e-08
5.187411e-09
2.695353e-09
5.170626e-09
3.977603e-09
3.668840e-09
1.565660e-08
1.816278e-08
2.157268e-08
7.823779e-09
1.213197e-08
1.223272e-08
5.325091e-08
3.603058e-08
5.491839e-08
2.429258e-08
1.090038e-07
1.011223e-07
3.408640e-08
1.053253e-08
8.589876e-09
3.082578e-08
2.591282e-09
9.029551e-09
2.073140e-08
8.037244e-08
1.070758e-08
4.040801e-08
1.766071e-08
1.178295e-07
4.466239e-08
3.708586e-08
1.274732e-08
1.211634e-08
6.441332e-09
8.650896e-09
1.255749e-08
1.801819e-08
1.307832e-07
2.027766e-07
2.332692e-07
8.612873e-08
6.210302e-08
7.366413e-08
2.077111e-08
3.176281e-08
5.059622e-08
9.308770e-08
1.582094e-07
7.930673e-08
4.037246e-08
4.107681e-08
5.947054e-08
5.151583e-08
8.053951e-09
2.272872e-08
3.876289e-07
5.737452e-07
7.608499e-07
2.827009e-07
1.834743e-07
2.840426e-07
1.245523e-08
1.418946e-07
1.491012e-07
5.767869e-08
2.356293e-07
1.849391e-07
3.018706e-06
7.609103e-07
3.675053e-07
2.224977e-07
1.352394e-07
6.615315e-08
7.656881e-08
1.421981e-07
1.518929e-07
1.840646e-07
4.188152e-08
5.434933e-07
6.941950e-07
2.989640e-06
4.813016e-07
7.342292e-08
3.414232e-07
1.765199e-08
5.434632e-09
4.725604e-08
9.998814e-08
6.093180e-08
1.850449e-08
1.293828e-08
4.717716e-08
3.094219e-07
4.687869e-07
5.702725e-07
4.484338e-07
4.497687e-08
2.729085e-05
8.449023e-08
5.245865e-06
2.589865e-06
8.125579e-06
1.020856e-06
2.219922e-06
1.549128e-06
8.613769e-07
8.192123e-06
1.969559e-06
7.807892e-06
5.604840e-07
2.567240e-07
1.467198e-07
2.362359e-06
2.864688e-07
3.827144e-08
3.026217e-07
5.092495e-07
2.909393e-07
1.560469e-07
3.772163e-08
4.290528e-06
1.559030e-06
8.968303e-06
4.290247e-07
4.251282e-07
1.505409e-07
1.476714e-06
1.434529e-06
1.107979e-06
2.189283e-07
4.589968e-07
4.872715e-07
3.064273e-04
9.419666e-07
4.654633e-07
1.335718e-07
2.931722e-07
2.025967e-07
9.786938e-08
1.397418e-07
6.923502e-08
5.918731e-08
5.915901e-07
8.495631e-07
2.553609e-07
6.502035e-08
1.132765e-07
7.924157e-08
1.281582e-09
3.212327e-09
1.069107e-08
1.160978e-08
8.108142e-09
2.550892e-09
1.782416e-08
4.221348e-08
3.245652e-08
1.249285e-08
2.474957e-08
7.347162e-08
6.912769e-08
2.157300e-08
3.759527e-08
6.477697e-08
7.969151e-08
7.601842e-09
8.979650e-09
1.843899e-09
2.464266e-09
7.102552e-09
7.224358e-09
7.127142e-09
3.767888e-09
1.357814e-08
3.206609e-08
2.272655e-08
2.903048e-09
2.943164e-09
1.523835e-09
5.255803e-09
1.662616e-08
1.491135e-08
2.086173e-08
7.322051e-09
6.714951e-09
9.830782e-09
4.670514e-09
4.984313e-09
1.598780e-08
2.194638e-08
2.084525e-08
7.505505e-09
6.714960e-09
9.830782e-09
4.670514e-09
4.984313e-09
1.598780e-08
2.194638e-08
2.084525e-08
7.505505e-09
6.714960e-09
9.830783e-09
4.670517e-09
4.984321e-09
1.598782e-08
2.194641e-08
2.084531e-08
7.505731e-09
6.715016e-09
9.831032e-09
4.671721e-09
4.991734e-09
1.604221e-08
2.188998e-08
2.342594e-08
1.011361e-08
1.548090e-08
2.151256e-08
4.682152e-08
3.420761e-08
5.022318e-08
2.456248e-08
1.090595e-07
1.279591e-07
1.347234e-07
4.381321e-08
6.161707e-08
5.779062e-08
7.324793e-09
9.514497e-09
2.003442e-08
7.955058e-08
1.059495e-08
3.646690e-08
3.310818e-08
2.026253e-07
5.606061e-08
5.978117e-08
2.966009e-08
2.622611e-08
8.740668e-09
1.118879e-08
1.071997e-08
1.117638e-08
4.265376e-08
1.290989e-07
3.178255e-07
1.857050e-07
1.293906e-07
1.144884e-07
5.643917e-08
3.252003e-08
4.112036e-08
1.058954e-07
1.759999e-07
9.998466e-08
1.350949e-07
4.062376e-08
6.492772e-08
5.871559e-08
1.526995e-08
2.180537e-08
2.342732e-07
5.221327e-07
9.024442e-07
4.714468e-07
3.656449e-07
4.024132e-07
5.842032e-08
4.341841e-08
1.345592e-07
9.373041e-08
8.643692e-08
1.891867e-07
3.581984e-06
1.311900e-06
5.482673e-07
5.237013e-07
2.080739e-07
7.115559e-08
1.520468e-07
1.521530e-07
2.707838e-07
2.349448e-07
1.554074e-08
2.667752e-07
7.181823e-07
3.321528e-06
1.416006e-06
1.031279e-06
5.901401e-07
1.728731e-07
3.769170e-09
3.856403e-08
1.191659e-07
9.815086e-08
4.550510e-08
3.914597e-08
2.612770e-08
1.345615e-07
5.123702e-07
7.587709e-07
5.015625e-07
2.549833e-08
4.764399e-06
1.092533e-07
4.218591e-06
2.382039e-06
7.877848e-06
1.071364e-06
2.921248e-06
1.484283e-06
7.284554e-07
6.843234e-06
2.093247e-06
8.183610e-06
6.613246e-07
4.709180e-07
5.619070e-07
2.571941e-06
4.995062e-07
7.639681e-08
1.763539e-07
4.643129e-07
5.248833e-07
1.388789e-07
1.041848e-07
1.466795e-06
1.585302e-06
8.782012e-06
5.300801e-07
5.328220e-07
1.301807e-07
1.357542e-06
1.552112e-06
3.771520e-06
2.792971e-07
3.881592e-07
5.097967e-07
2.982914e-04
1.207271e-06
5.387829e-07
1.742083e-07
7.567307e-07
5.688468e-07
2.056808e-07
2.451765e-07
1.970845e-07
4.790233e-08
5.915901e-07
9.497365e-07
4.168606e-07
1.083440e-07
4.346579e-07
3.879197e-07
5.436213e-08
2.637269e-09
1.054569e-08
1.158804e-08
8.131335e-09
2.273220e-09
1.015547e-08
2.454258e-08
2.698856e-08
1.341228e-08
1.768535e-08
7.617445e-08
7.393984e-08
2.304442e-08
3.662091e-08
6.642386e-08
9.844077e-08
7.901826e-09
9.136631e-09
2.057043e-09
2.654127e-09
6.496756e-09
4.852910e-09
4.999983e-09
3.710720e-09
1.301034e-08
3.252274e-08
3.034319e-08
3.237033e-09
2.956879e-09
1.232893e-09
4.319829e-09
1.425676e-08
1.165696e-08
1.990214e-08
7.836547e-09
7.677683e-09
1.207898e-08
4.854304e-09
4.479194e-09
1.346731e-08
1.843515e-08
2.005477e-08
8.350292e-09
7.680477e-09
1.207911e-08
4.854304e-09
4.479194e-09
1.346731e-08
1.843515e-08
2.005477e-08
8.350292e-09
7.680477e-09
1.207912e-08
4.854305e-09
4.479198e-09
1.346732e-08
1.843517e-08
2.005480e-08
8.350478e-09
7.680515e-09
1.207926e-08
4.854761e-09
4.483441e-09
1.349638e-08
1.840200e-08
2.128914e-08
1.068556e-08
1.554418e-08
2.049484e-08
3.412092e-08
2.628865e-08
3.306150e-08
2.045757e-08
9.861707e-08
1.232155e-07
1.401506e-07
7.415207e-08
6.750625e-08
7.427473e-08
9.625796e-09
6.339570e-09
1.825191e-08
5.198499e-08
9.280831e-09
2.985708e-08
2.805782e-08
2.014801e-07
6.028658e-08
6.039387e-08
3.273926e-08
2.597793e-08
1.010111e-08
1.242140e-08
8.521389e-09
8.517549e-09
2.983673e-08
1.045380e-07
2.099241e-07
1.082211e-07
2.122905e-07
1.997381e-07
7.821993e-08
2.887112e-08
3.452452e-08
9.290500e-08
1.574953e-07
9.639714e-08
1.653435e-07
4.267516e-08
5.520958e-08
5.377404e-08
1.797481e-08
2.274223e-08
2.258641e-07
3.458805e-07
6.973717e-07
3.696284e-07
4.793170e-07
6.371739e-07
9.597274e-08
3.209518e-08
3.507564e-08
9.856301e-08
6.798498e-08
1.000172e-07
3.486538e-06
1.293332e-06
5.500091e-07
5.443941e-07
3.179766e-07
4.319119e-08
1.570236e-07
1.348202e-07
2.528953e-07
2.895597e-07
1.117756e-08
1.058482e-07
5.467655e-07
3.140173e-06
1.448775e-06
1.256094e-06
1.002115e-06
2.237852e-07
5.462060e-09
1.370350e-08
9.360648e-08
1.043716e-07
5.299614e-08
3.888020e-08
2.993875e-08
6.657543e-08
3.425924e-07
7.016665e-07
5.083638e-07
7.198041e-08
1.427168e-06
3.850802e-08
3.757570e-06
1.316514e-06
7.166250e-06
7.720411e-07
3.001640e-06
1.406817e-06
5.544999e-07
4.965151e-06
1.593777e-06
8.010393e-06
6.888906e-07
5.617747e-07
7.819290e-07
2.378818e-06
5.978457e-07
8.757402e-08
1.134572e-07
1.687073e-07
5.559835e-07
1.167450e-07
1.094865e-07
1.057424e-06
8.936740e-07
7.977326e-06
5.183341e-07
5.156258e-07
1.199467e-07
9.732786e-07
1.405457e-06
3.858132e-06
3.086648e-07
3.757362e-07
3.580392e-07
2.649807e-04
1.161238e-06
6.139257e-07
2.183796e-07
7.723929e-07
7.862221e-07
2.050872e-07
2.692630e-07
2.663737e-07
3.538339e-08
5.010718e-07
8.495631e-07
4.168606e-07
1.293410e-07
4.604830e-07
5.802274e-07
8.709175e-08
7.277000e-10
6.370706e-09
1.130573e-08
7.955888e-09
9.056124e-10
4.723563e-09
2.907504e-09
5.695669e-09
6.377127e-09
1.462864e-08
6.971325e-08
6.680642e-08
1.558826e-08
2.849479e-08
6.293371e-08
9.060075e-08
7.899223e-09
6.448838e-09
1.730828e-09
2.313195e-09
4.657289e-09
3.526238e-09
1.682496e-09
9.815724e-10
1.024953e-08
3.128104e-08
2.903551e-08
3.305050e-09
2.803908e-09
4.096348e-10
3.295349e-09
6.651760e-09
5.267874e-09
7.564271e-09
6.027071e-09
7.564012e-09
1.158709e-08
4.654711e-09
3.072944e-09
5.921933e-09
1.210562e-08
7.447071e-09
6.510860e-09
7.604154e-09
1.160209e-08
4.654862e-09
3.072945e-09
5.921933e-09
1.210562e-08
7.447071e-09
6.510860e-09
7.604154e-09
1.160209e-08
4.654862e-09
3.072946e-09
5.921935e-09
1.210563e-08
7.447076e-09
6.510888e-09
7.604179e-09
1.160214e-08
4.655044e-09
3.073303e-09
5.931388e-09
1.209789e-08
7.632029e-09
6.858372e-09
1.472009e-08
1.784185e-08
1.738477e-08
1.320194e-08
7.978570e-09
7.569753e-09
7.099857e-08
1.016229e-07
1.347536e-07
7.758611e-08
7.473021e-08
7.149292e-08
1.236289e-08
1.707704e-09
9.196956e-09
3.718267e-08
2.591978e-09
1.586689e-08
2.629426e-08
1.732349e-07
4.781705e-08
5.604795e-08
3.303664e-08
2.323852e-08
7.266978e-09
9.235631e-09
4.598581e-09
4.939282e-09
7.689464e-09
2.721544e-08
1.187719e-07
5.667211e-08
1.077174e-07
1.235392e-07
1.078251e-07
6.089511e-08
2.427716e-08
4.596754e-08
7.168827e-08
6.975853e-08
1.494563e-07
2.937396e-08
3.315443e-08
3.957018e-08
1.537131e-08
1.651175e-08
1.532446e-07
2.775814e-07
7.829937e-08
1.992487e-07
2.909390e-07
4.503546e-07
2.361369e-07
6.626484e-08
2.970382e-08
6.830733e-08
4.514392e-08
7.173728e-08
2.547703e-06
1.107278e-06
4.137689e-07
5.066013e-07
3.654667e-07
2.790913e-08
1.378974e-07
1.025898e-07
1.833344e-07
2.440383e-07
1.043560e-08
2.406105e-08
2.350580e-07
1.964414e-06
1.400162e-06
1.094848e-06
1.057943e-06
3.995760e-07
3.146613e-09
5.596253e-09
5.270447e-08
7.132561e-08
5.242397e-08
3.941770e-08
2.779018e-08
3.412035e-08
2.289755e-07
5.036633e-07
2.796659e-07
2.537354e-08
9.717730e-07
5.940831e-08
1.277822e-06
8.479097e-07
3.889284e-06
4.326812e-07
2.523487e-06
1.034575e-06
4.230880e-07
2.524942e-06
8.647983e-07
6.395337e-06
5.467356e-07
5.634317e-07
9.196403e-07
2.112354e-06
5.972574e-07
9.136280e-08
2.812115e-08
4.526383e-08
4.562207e-07
7.373021e-08
1.064855e-07
5.416929e-07
8.126078e-07
3.438566e-06
4.275894e-07
3.795654e-07
6.899275e-08
4.337756e-07
7.939708e-07
3.678759e-06
2.061262e-07
2.929135e-07
2.754715e-07
2.046620e-04
6.944879e-07
3.375911e-07
2.222914e-07
8.297520e-07
7.857693e-07
1.950785e-07
2.371011e-07
2.921972e-07
1.448047e-08
3.861247e-07
5.932161e-07
2.553609e-07
1.083440e-07
4.604830e-07
5.976495e-07
1.099430e-07
1.408339e-09
2.438325e-10
8.147090e-09
7.159660e-09
6.445478e-10
4.285056e-10
9.328098e-10
7.284873e-10
1.250834e-09
4.106534e-09
6.229289e-08
4.343079e-08
1.457116e-08
4.921757e-09
4.711418e-08
7.458532e-08
6.279355e-09
6.346290e-09
6.397960e-10
1.656616e-09
3.898688e-09
1.121245e-09
1.543140e-09
1.449431e-10
1.318793e-09
2.350949e-08
2.597976e-08
2.612145e-09
2.794769e-09
1.799076e-10
5.322626e-10
4.839656e-09
8.367489e-10
2.551312e-09
2.488675e-09
5.114558e-09
1.036281e-08
2.754979e-09
2.926435e-09
6.661605e-10
7.706550e-09
2.477009e-09
2.906781e-09
5.137790e-09
1.037157e-08
2.756462e-09
2.928124e-09
6.661617e-10
7.706551e-09
2.477009e-09
2.906781e-09
5.137790e-09
1.037157e-08
2.756462e-09
2.928124e-09
6.661617e-10
7.706552e-09
2.477009e-09
2.906784e-09
5.137792e-09
1.037161e-08
2.756486e-09
2.928303e-09
6.664671e-10
7.702906e-09
2.493315e-09
2.938347e-09
5.736116e-09
1.647648e-08
5.503409e-09
9.417693e-09
1.300289e-09
1.618840e-09
1.401247e-08
7.739231e-08
1.219209e-07
7.316747e-08
7.200221e-08
6.626085e-08
1.130720e-08
1.416472e-09
9.308642e-10
2.110958e-08
1.938043e-09
8.779893e-10
1.665741e-08
1.384210e-07
2.460070e-08
3.605984e-08
2.320616e-08
1.896784e-08
7.608892e-09
5.255383e-09
1.342590e-09
3.205178e-09
2.965129e-09
6.839647e-09
3.253742e-08
2.032838e-08
6.538191e-08
9.384266e-08
5.539923e-08
7.636643e-09
1.121623e-08
3.375249e-08
1.342046e-08
1.914537e-08
1.399954e-07
2.152182e-08
1.570405e-08
1.119615e-08
1.547111e-08
1.485789e-08
6.555084e-08
1.515938e-07
3.480358e-08
1.063216e-08
2.224231e-07
2.998559e-07
9.857430e-08
9.562737e-08
1.429074e-08
6.707710e-08
2.919332e-08
5.885226e-08
2.124990e-06
7.753024e-07
2.507602e-07
4.664433e-07
3.385377e-07
1.789357e-08
1.310703e-07
3.393940e-08
1.424253e-07
1.970469e-07
6.830385e-09
2.078759e-08
1.946359e-08
5.305642e-07
1.151924e-06
1.066001e-06
9.936631e-07
2.962379e-07
1.540787e-08
1.705669e-09
2.975850e-08
5.876517e-08
4.898058e-08
3.674694e-08
2.425233e-08
1.184441e-08
1.255836e-07
2.283589e-07
1.154272e-07
1.835572e-08
6.944459e-07
3.295152e-08
6.371383e-07
3.825445e-07
2.463723e-06
1.817848e-07
1.715762e-06
8.193727e-07
2.622913e-07
1.047111e-06
4.644926e-07
3.634371e-06
4.212814e-07
4.530277e-07
8.589293e-07
1.590989e-06
5.616484e-07
9.658822e-08
1.073513e-08
5.246992e-09
4.048503e-07
2.433021e-08
9.078139e-08
4.035578e-07
6.376562e-07
2.202194e-06
2.638155e-07
2.898580e-07
3.620409e-08
1.438023e-07
3.615201e-07
3.431111e-06
1.140158e-07
2.007869e-07
2.067460e-07
1.695604e-04
4.652980e-07
1.799928e-07
1.097943e-07
6.499589e-07
7.959127e-07
1.957148e-07
2.238204e-07
2.839869e-07
6.826411e-09
2.796987e-07
2.917083e-07
2.097056e-07
6.502035e-08
4.346579e-07
5.802274e-07
1.099430e-07
2.664900e-09
3.119903e-10
1.118003e-10
4.408520e-10
1.412764e-10
1.107635e-10
4.751735e-11
4.005105e-11
1.004383e-10
9.167465e-10
1.712168e-08
2.735235e-08
2.710572e-09
1.738712e-09
1.506483e-08
2.795665e-08
2.085844e-09
1.483299e-09
7.223368e-10
1.549034e-10
1.365111e-09
3.549323e-10
5.869525e-10
5.728279e-11
5.846735e-11
3.926834e-09
1.057082e-08
6.971197e-10
6.918643e-10
2.530452e-10
5.423964e-11
1.737017e-10
1.857202e-10
6.520834e-10
7.005231e-10
1.533590e-09
3.733204e-09
1.705220e-09
1.066981e-09
2.158059e-10
4.376494e-10
5.804962e-10
1.136691e-09
1.531682e-09
3.735477e-09
1.709043e-09
1.067655e-09
2.159592e-10
4.377002e-10
5.804964e-10
1.136691e-09
1.531682e-09
3.735477e-09
1.709044e-09
1.067656e-09
2.159592e-10
4.377003e-10
5.804965e-10
1.136691e-09
1.531683e-09
3.735483e-09
1.709055e-09
1.067691e-09
2.160081e-10
4.375949e-10
5.837471e-10
1.143798e-09
1.625761e-09
4.695387e-09
3.363486e-09
3.073425e-09
3.134232e-10
5.403138e-10
3.286871e-09
1.687374e-08
3.421965e-08
4.902644e-08
2.938469e-08
3.131175e-08
8.983819e-09
2.613835e-10
1.830366e-10
9.686320e-10
4.942060e-10
1.365569e-10
9.415513e-10
8.121038e-09
1.004788e-08
8.366587e-09
1.085310e-08
2.221084e-09
2.219356e-09
3.903424e-09
9.499405e-10
7.674746e-10
7.362998e-10
1.357162e-09
5.389432e-09
3.614610e-09
1.837845e-08
2.242782e-08
3.121751e-08
5.855799e-09
1.534925e-09
4.391923e-09
7.521397e-09
5.027576e-09
3.813674e-08
1.076789e-08
7.687715e-09
6.415123e-09
3.856388e-09
3.098415e-09
2.120291e-08
4.324244e-08
7.949380e-09
1.645301e-09
7.398931e-09
1.543299e-07
5.575385e-08
5.875315e-09
2.015095e-08
2.715561e-08
8.751587e-09
1.009956e-08
1.059267e-06
8.892575e-08
3.334707e-08
6.550232e-08
2.600900e-07
1.255049e-08
2.584159e-08
3.295500e-09
1.797499e-08
1.065656e-07
3.623904e-09
2.997018e-09
1.183326e-08
1.985195e-08
1.025793e-07
2.622161e-07
7.710213e-07
2.245720e-07
3.616851e-09
7.839887e-10
1.357481e-09
2.161389e-08
1.453951e-08
4.916473e-09
1.986865e-08
4.402630e-09
1.600728e-08
4.913056e-08
1.914921e-08
7.392778e-09
3.492955e-07
2.128741e-08
1.992591e-07
5.299925e-08
2.361836e-07
9.979815e-08
2.743922e-07
4.079887e-07
8.131964e-08
6.283244e-07
3.339822e-08
8.591373e-07
1.447806e-07
1.993181e-07
6.843272e-07
5.779661e-07
2.963637e-07
6.379846e-08
1.077572e-08
1.128381e-09
1.210866e-07
2.179554e-09
1.631715e-08
2.102330e-07
2.119132e-07
2.670580e-07
8.757790e-08
6.256208e-08
2.285402e-08
1.119012e-08
1.222650e-07
1.128464e-06
1.431041e-08
2.781131e-08
1.296624e-07
1.045930e-04
4.775047e-08
4.815089e-08
5.790792e-08
2.414025e-07
5.106638e-07
5.822849e-08
1.023039e-07
2.214450e-07
1.390324e-09
3.370905e-08
2.564456e-08
4.941633e-08
2.274591e-08
1.132765e-07
3.879197e-07
8.709175e-08
1.408339e-09
3.119903e-10
1.710679e-10
1.439763e-11
6.952119e-11
6.760898e-11
1.983135e-11
3.090279e-12
4.690827e-11
1.083706e-10
3.504668e-09
6.133864e-09
1.231814e-09
5.743231e-10
8.833503e-09
4.868418e-09
6.667077e-10
7.675190e-10
2.373924e-10
1.021142e-10
1.436585e-10
1.089094e-10
3.000439e-10
1.409766e-11
3.533964e-11
2.639639e-10
1.844542e-09
2.436476e-10
3.652210e-10
6.826469e-11
3.971226e-11
1.940736e-11
1.724510e-11
2.919940e-10
1.217047e-10
3.605566e-10
9.107053e-10
4.743476e-10
4.538485e-10
4.491378e-11
2.266248e-10
4.500970e-11
5.682127e-10
3.607399e-10
9.107930e-10
4.748845e-10
4.541393e-10
4.512917e-11
2.267397e-10
4.501101e-11
5.682308e-10
3.607399e-10
9.107930e-10
4.748845e-10
4.541393e-10
4.512917e-11
2.267397e-10
4.501102e-11
5.682311e-10
3.607399e-10
9.107939e-10
4.748862e-10
4.541523e-10
4.513682e-11
2.266976e-10
4.521916e-11
5.714885e-10
3.754476e-10
1.060860e-09
7.335311e-10
1.400751e-09
5.916564e-11
2.510047e-10
6.407181e-10
3.292859e-09
6.280149e-09
2.986422e-08
1.775352e-08
1.522728e-08
5.246720e-09
1.504427e-10
1.592771e-10
5.161497e-10
3.835277e-11
6.883058e-11
5.295511e-10
5.848398e-10
4.570379e-09
5.233910e-09
4.011983e-09
9.128555e-10
1.253996e-09
1.364801e-09
1.473867e-10
4.030729e-10
2.019110e-10
2.686949e-10
1.004294e-09
6.733416e-10
3.550137e-09
4.894640e-09
6.884276e-09
2.276225e-09
9.071670e-10
8.768988e-10
7.457011e-10
1.314349e-09
7.189166e-09
2.298880e-09
3.554557e-09
1.533773e-09
1.438571e-09
8.213712e-10
9.025171e-09
8.601010e-09
2.750282e-09
9.802110e-10
2.977971e-09
1.062648e-08
2.668319e-08
2.043256e-09
2.811461e-09
9.498472e-09
2.876593e-09
6.481831e-09
1.671326e-07
4.586218e-08
1.073976e-08
1.142029e-08
1.264589e-07
7.527013e-09
1.433081e-08
1.394501e-09
5.288837e-09
3.818246e-08
2.145924e-09
1.912085e-09
4.468406e-09
1.011750e-08
6.737420e-09
9.063589e-08
3.414892e-07
1.445523e-07
1.648715e-09
2.756684e-10
8.659408e-10
1.456850e-09
6.332383e-09
1.544096e-09
8.093300e-09
2.766321e-09
7.198228e-09
1.655044e-08
7.922047e-09
3.454045e-09
1.229400e-07
1.118238e-08
9.715230e-08
2.535115e-08
3.688443e-08
1.545103e-08
1.369669e-07
1.441971e-07
3.111924e-08
3.596147e-07
1.264849e-08
3.645733e-07
6.186293e-08
1.027662e-07
4.382647e-07
2.911343e-07
1.882913e-07
3.511913e-08
4.794749e-09
4.797918e-09
5.316197e-08
4.553624e-10
6.197080e-09
7.342869e-08
9.695064e-08
1.555753e-07
2.778164e-08
3.786547e-08
4.333586e-09
5.766718e-09
5.166386e-08
3.580586e-07
4.723706e-09
1.070970e-08
5.310095e-08
5.069563e-05
2.406347e-08
1.435891e-08
2.110518e-08
8.395424e-08
2.834667e-07
2.396479e-08
5.538770e-08
1.011199e-07
4.358630e-09
1.327411e-08
1.001983e-08
1.522622e-08
9.756320e-09
5.136353e-08
7.924157e-08
5.436213e-08
7.277000e-10
2.438325e-10
1.118003e-10
1.439763e-11
3.842110e-11
