2.010685e-15
4.184015e-16
7.659697e-18
1.227846e-12
2.443873e-12
2.459489e-13
8.038783e-14
6.426414e-13
3.456645e-12
1.280835e-11
2.419079e-10
1.299085e-10
9.691471e-12
9.000897e-12
1.710934e-11
1.557424e-10
2.701417e-11
3.842174e-12
8.599859e-12
8.896398e-13
1.138015e-11
1.620079e-12
4.985189e-13
1.673986e-13
1.606321e-13
1.865731e-12
6.183210e-11
1.893380e-11
1.490818e-12
4.923374e-12
3.402865e-13
2.600101e-13
3.030233e-13
1.415225e-13
2.943178e-12
2.944461e-12
2.488742e-11
1.034745e-11
1.245174e-11
7.405006e-13
5.168745e-13
3.619735e-13
4.177601e-12
2.952829e-12
2.488839e-11
1.034738e-11
1.245238e-11
7.405514e-13
5.168966e-13
3.619736e-13
4.177601e-12
2.952829e-12
2.488839e-11
1.034738e-11
1.245238e-11
7.405514e-13
5.168966e-13
3.619736e-13
4.177601e-12
2.952829e-12
2.488839e-11
1.034738e-11
1.245238e-11
7.405518e-13
5.172070e-13
3.632431e-13
4.527703e-12
3.020390e-12
2.499121e-11
1.828809e-11
2.280401e-12
1.282657e-12
8.630127e-12
2.567308e-11
2.247720e-10
1.123306e-09
3.454212e-09
7.399561e-10
2.940978e-10
3.193747e-11
1.781761e-11
5.758587e-12
1.136640e-12
1.086684e-11
1.499309e-11
1.448705e-11
6.080492e-11
1.311495e-10
1.947430e-10
1.783388e-10
3.041639e-11
6.115195e-12
5.145063e-12
1.218556e-12
1.548831e-12
3.115124e-12
5.251339e-12
8.227933e-12
9.528469e-12
8.689376e-11
4.292805e-11
1.389461e-11
8.378639e-12
1.316107e-12
5.058287e-12
1.819423e-11
3.072095e-11
1.397920e-10
4.699279e-11
1.135627e-10
2.300130e-11
1.516732e-11
9.663865e-11
9.610047e-11
1.472919e-11
3.212513e-11
2.780596e-11
7.310342e-11
6.688688e-10
8.486205e-11
1.024772e-10
2.655640e-10
3.111472e-10
3.060896e-09
1.185388e-09
2.453356e-09
8.830076e-10
1.569843e-09
1.568271e-09
1.450152e-08
2.427518e-09
3.180175e-10
5.618850e-11
1.673404e-10
1.738857e-09
4.501005e-11
1.708463e-11
4.684950e-11
6.288154e-11
1.721376e-09
7.561038e-09
1.152626e-08
3.633242e-10
8.726234e-11
1.703777e-11
5.405067e-11
5.278285e-09
1.454615e-09
5.105068e-10
1.555416e-09
1.403014e-10
6.726412e-11
3.137012e-11
2.060261e-10
5.649245e-10
2.583026e-09
3.218394e-09
3.743774e-09
2.267435e-10
2.796411e-10
2.746137e-09
2.487751e-09
1.270522e-09
1.372195e-09
6.423610e-10
8.359761e-10
1.926206e-09
6.252540e-09
1.180136e-08
2.809734e-08
1.560777e-08
5.626121e-09
1.910757e-10
1.472538e-10
3.551854e-11
1.179608e-10
1.824423e-10
5.248362e-09
2.825080e-08
4.064901e-09
1.254412e-09
1.593990e-09
1.961090e-10
2.316316e-10
2.882315e-10
7.237277e-10
1.972283e-09
3.585422e-10
3.792805e-09
7.450824e-09
3.283687e-09
3.303505e-10
6.180843e-10
4.722721e-09
7.323887e-09
7.350741e-09
1.378402e-08
3.675939e-09
1.287938e-08
1.009381e-09
1.762896e-09
5.172090e-11
7.878378e-10
1.621231e-09
3.916320e-09
5.008332e-09
2.710088e-10
4.273737e-11
4.184015e-16
3.892553e-15
1.228034e-12
4.224304e-12
2.960305e-12
3.580795e-13
8.882004e-14
1.718397e-12
1.521046e-11
2.519799e-10
2.581392e-10
1.514638e-10
1.202149e-11
5.308164e-11
1.595484e-10
7.393364e-11
4.043989e-11
1.225091e-11
1.427643e-11
1.192067e-11
4.411810e-12
4.499035e-12
1.929748e-13
7.798581e-13
2.112408e-12
6.317274e-11
5.149286e-11
1.113587e-11
6.731936e-12
5.213338e-12
5.009646e-13
3.901226e-13
1.057916e-12
3.558766e-12
5.842397e-12
2.667356e-11
2.820453e-11
2.913009e-11
1.803366e-12
3.994391e-12
5.777060e-13
5.446864e-12
6.041310e-12
2.667616e-11
2.820158e-11
2.913206e-11
1.804572e-12
3.994915e-12
5.777069e-13
5.446864e-12
6.041311e-12
2.667616e-11
2.820158e-11
2.913206e-11
1.804572e-12
3.994915e-12
5.777069e-13
5.446864e-12
6.041311e-12
2.667616e-11
2.820158e-11
2.913206e-11
1.804578e-12
3.994932e-12
5.777192e-13
5.456110e-12
6.079127e-12
2.709580e-11
3.624044e-11
3.212340e-11
6.895456e-13
5.421505e-12
2.993251e-11
2.447307e-10
1.207294e-09
4.514707e-09
2.134853e-09
6.463115e-10
5.374266e-10
3.441743e-11
9.073671e-12
1.434457e-11
4.818053e-12
1.939058e-11
4.868058e-11
6.450032e-11
2.230791e-10
4.303133e-10
2.694853e-10
1.020760e-10
4.694080e-11
1.933466e-11
3.731013e-12
3.197008e-12
3.373591e-12
3.471611e-12
7.113304e-12
1.594644e-11
1.081750e-10
8.889688e-11
4.796671e-11
2.235293e-11
1.238713e-11
9.307842e-13
1.798455e-11
5.982214e-11
1.646794e-10
9.222197e-11
2.186023e-10
9.174476e-11
2.730426e-11
1.032248e-10
2.394152e-10
8.173654e-11
1.879844e-11
3.559431e-11
1.296342e-10
7.149110e-10
9.066320e-10
1.667325e-10
5.271464e-10
3.619972e-10
3.191620e-09
2.559281e-09
4.957562e-09
1.184759e-09
2.121920e-09
3.131107e-09
1.666871e-08
1.105439e-08
9.719147e-10
9.461606e-11
5.364406e-10
1.886221e-09
5.378616e-10
4.206023e-11
5.843116e-11
1.188302e-10
1.763841e-09
8.185893e-09
2.713415e-08
7.472827e-09
2.523567e-10
3.480448e-11
7.386915e-11
5.358869e-09
1.995022e-09
1.309998e-09
3.135762e-09
6.333586e-10
2.459601e-10
4.935379e-11
2.946921e-10
6.944957e-10
3.738013e-09
3.922441e-09
6.026187e-09
7.723767e-10
4.068315e-10
4.025155e-09
4.099981e-09
1.897012e-09
2.215420e-09
1.221500e-09
1.277515e-09
2.545436e-09
8.138656e-09
1.516550e-08
4.079892e-08
2.156558e-08
1.520417e-08
2.926499e-09
2.015010e-10
1.878736e-10
1.781287e-10
1.579853e-10
7.099465e-09
3.173796e-08
8.010618e-09
2.126177e-09
4.369852e-09
5.489393e-10
4.089670e-10
3.231771e-10
1.564620e-09
2.628521e-09
4.400226e-10
5.400340e-09
1.037613e-08
7.738845e-09
6.201465e-10
1.137882e-09
6.176853e-09
1.073289e-08
8.890255e-09
1.840188e-08
1.163821e-08
1.674937e-08
1.986473e-09
3.821036e-09
1.552643e-10
1.032855e-09
1.974742e-09
6.482846e-09
6.950067e-09
4.401320e-09
8.684807e-11
4.156186e-11
7.659697e-18
1.228034e-12
4.228188e-12
3.130833e-12
6.545414e-13
7.616417e-14
1.482390e-12
1.409331e-11
2.500029e-10
2.594021e-10
2.199904e-10
3.126929e-11
5.734711e-11
1.615701e-10
7.457455e-11
7.177964e-11
1.800955e-11
1.501604e-11
1.571280e-11
4.462046e-12
7.568776e-12
3.273620e-13
6.938425e-13
2.111643e-12
6.347234e-11
5.186553e-11
1.902298e-11
1.083580e-11
5.379372e-12
1.588614e-12
3.843454e-13
1.238277e-12
3.260093e-12
5.904022e-12
2.807107e-11
2.886730e-11
4.341355e-11
2.266647e-12
6.450850e-12
9.365595e-13
5.338950e-12
6.203836e-12
2.811075e-11
2.885949e-11
4.346897e-11
2.270252e-12
6.462817e-12
9.365800e-13
5.338950e-12
6.203837e-12
2.811075e-11
2.885950e-11
4.346897e-11
2.270252e-12
6.462817e-12
9.365800e-13
5.338950e-12
6.203837e-12
2.811075e-11
2.885950e-11
4.346897e-11
2.270252e-12
6.462837e-12
9.366082e-13
5.339355e-12
6.204191e-12
2.837726e-11
3.680526e-11
4.646895e-11
2.227234e-12
5.514049e-12
2.560479e-11
2.402597e-10
1.211581e-09
4.559240e-09
2.231101e-09
8.409708e-10
6.523913e-10
7.042644e-11
1.049877e-11
1.764051e-11
5.222562e-12
1.933406e-11
3.735876e-11
6.489276e-11
2.373082e-10
4.444652e-10
2.860491e-10
1.153168e-10
9.359538e-11
3.016550e-11
5.399737e-12
4.940325e-12
3.570973e-12
3.659051e-12
3.458314e-12
8.770607e-12
1.053602e-10
9.755610e-11
7.530869e-11
3.633977e-11
1.878248e-11
4.029254e-12
1.815827e-11
5.098594e-11
1.709570e-10
1.054649e-10
2.738153e-10
1.190297e-10
4.618334e-11
1.078247e-10
2.463553e-10
1.018722e-10
2.552939e-11
3.385098e-11
1.236391e-10
7.106081e-10
9.384121e-10
3.221196e-10
5.715879e-10
3.842108e-10
3.223479e-09
2.584554e-09
5.541422e-09
1.222352e-09
2.207824e-09
3.184765e-09
1.681644e-08
1.121186e-08
1.956227e-09
1.544186e-10
6.175958e-10
1.913536e-09
5.510251e-10
1.734670e-10
6.047078e-11
1.019107e-10
1.772011e-09
8.204131e-09
2.754084e-08
8.671375e-09
1.419662e-09
6.235351e-11
8.900880e-11
5.358820e-09
2.002789e-09
1.441459e-09
3.321788e-09
6.678465e-10
5.074149e-10
4.781578e-11
3.061905e-10
7.067732e-10
3.866995e-09
3.964085e-09
6.430903e-09
8.270393e-10
5.160995e-10
4.191176e-09
4.160533e-09
2.067555e-09
2.430395e-09
1.338837e-09
9.057450e-10
2.335269e-09
8.393292e-09
1.512500e-08
4.182234e-08
2.263918e-08
1.690954e-08
4.705771e-09
4.300852e-10
1.653985e-10
2.198421e-10
1.922904e-10
7.088305e-09
3.178977e-08
7.954318e-09
2.809293e-09
5.151032e-09
5.676599e-10
4.770830e-10
3.593409e-10
1.592463e-09
2.653009e-09
5.104345e-10
5.738707e-09
1.045485e-08
7.967219e-09
7.686841e-10
1.368791e-09
6.454957e-09
1.084053e-08
9.241815e-09
1.903854e-08
1.248244e-08
2.053138e-08
2.072683e-09
4.789667e-09
1.643518e-10
1.111322e-09
1.984495e-09
6.572213e-09
7.123616e-09
4.890793e-09
3.962285e-10
6.809061e-11
1.219110e-11
1.227846e-12
4.224304e-12
3.130833e-12
7.028128e-13
8.548501e-14
1.497700e-12
1.408318e-11
2.496285e-10
2.583872e-10
2.243035e-10
6.823999e-11
8.753418e-11
1.635161e-10
7.503898e-11
7.405250e-11
5.142109e-11
1.708093e-11
1.614866e-11
4.693385e-12
8.203244e-12
9.385056e-13
1.065787e-12
2.286440e-12
6.329704e-11
5.181951e-11
1.966333e-11
3.497787e-11
6.180485e-12
1.659169e-12
4.511468e-13
1.307281e-12
3.255405e-12
6.047384e-12
2.795264e-11
3.042034e-11
4.705288e-11
5.854091e-12
7.838434e-12
1.722893e-12
5.609739e-12
6.376367e-12
2.814367e-11
3.034995e-11
4.717511e-11
5.943281e-12
7.863627e-12
1.723166e-12
5.609745e-12
6.376372e-12
2.814367e-11
3.034995e-11
4.717512e-11
5.943281e-12
7.863627e-12
1.723166e-12
5.609745e-12
6.376372e-12
2.814367e-11
3.034995e-11
4.717512e-11
5.943281e-12
7.863627e-12
1.723174e-12
5.609860e-12
6.377066e-12
2.815536e-11
3.826340e-11
5.006461e-11
5.794421e-12
1.000198e-11
2.592821e-11
2.401717e-10
1.207682e-09
4.565716e-09
2.253459e-09
8.710816e-10
7.764730e-10
9.534095e-11
2.064195e-11
2.052282e-11
5.620589e-12
1.954375e-11
3.737167e-11
6.485578e-11
2.251427e-10
4.448384e-10
3.025773e-10
1.164156e-10
1.037771e-10
4.369238e-11
1.053265e-11
7.460409e-12
3.914101e-12
4.022521e-12
3.778023e-12
8.545699e-12
1.023155e-10
9.004329e-11
7.669415e-11
6.766534e-11
4.401129e-11
1.112003e-11
2.221100e-11
5.325087e-11
1.753130e-10
9.926093e-11
3.001286e-10
2.016181e-10
6.536479e-11
1.108758e-10
2.528306e-10
1.130363e-10
3.146703e-11
4.615292e-11
1.140485e-10
7.105489e-10
9.310115e-10
3.186053e-10
8.590322e-10
4.158649e-10
3.234966e-09
2.590124e-09
5.640951e-09
1.225923e-09
2.227196e-09
3.204839e-09
1.682594e-08
1.126873e-08
2.006777e-09
2.201010e-10
7.703857e-10
1.940749e-09
5.561348e-10
1.782332e-10
1.340644e-10
1.042743e-10
1.763869e-09
8.185963e-09
2.755074e-08
8.719604e-09
2.005399e-09
5.651923e-10
1.305394e-10
5.367909e-09
1.996282e-09
1.436364e-09
3.400336e-09
6.888647e-10
5.324758e-10
6.108381e-11
3.164212e-10
6.996375e-10
3.880945e-09
3.974942e-09
6.497607e-09
7.965331e-10
5.598722e-10
4.302367e-09
4.162131e-09
2.171791e-09
2.534702e-09
1.448204e-09
9.466198e-10
2.345634e-09
7.940270e-09
1.485386e-08
4.207474e-08
2.263532e-08
1.738313e-08
5.907756e-09
9.494132e-10
2.524802e-10
2.415426e-10
1.561887e-10
7.080393e-09
3.183404e-08
7.918515e-09
2.802815e-09
5.329537e-09
6.231129e-10
7.729026e-10
3.318219e-10
1.621961e-09
2.712024e-09
4.550665e-10
5.694277e-09
1.053977e-08
8.087619e-09
7.532378e-10
1.644694e-09
6.714905e-09
1.087510e-08
9.284272e-09
1.921097e-08
1.262455e-08
2.197490e-08
2.263057e-09
4.948353e-09
1.736309e-10
1.129974e-09
1.987024e-09
6.577831e-09
7.136983e-09
4.998646e-09
5.567150e-10
2.634190e-10
2.921075e-11
1.899714e-12
2.443873e-12
2.960305e-12
6.545414e-13
8.548501e-14
1.132956e-12
2.046772e-12
1.838626e-11
1.343785e-10
2.280192e-10
1.176452e-10
4.268925e-10
2.805350e-11
5.243177e-11
9.199731e-11
6.075378e-11
1.209350e-10
1.170382e-11
3.798458e-12
2.450279e-11
1.868080e-12
1.500354e-11
2.392257e-12
4.600886e-12
3.387610e-11
1.865807e-11
4.432195e-11
3.721778e-11
3.927366e-12
5.659158e-13
6.067177e-12
1.022136e-12
3.517746e-12
4.893600e-12
2.201955e-11
8.586624e-11
2.319447e-11
6.484449e-11
7.482754e-12
1.849852e-11
4.215108e-12
4.499908e-12
2.188708e-11
8.974578e-11
2.514525e-11
6.713162e-11
7.485947e-12
1.849880e-11
4.215327e-12
4.499922e-12
2.188710e-11
8.974595e-11
2.514525e-11
6.713162e-11
7.485947e-12
1.849880e-11
4.215327e-12
4.499922e-12
2.188710e-11
8.974595e-11
2.514525e-11
6.713162e-11
7.485947e-12
1.850172e-11
4.215947e-12
4.504760e-12
2.226052e-11
9.637707e-11
2.546154e-11
6.771945e-11
1.465212e-11
2.821611e-11
1.339450e-10
3.175762e-09
1.850321e-09
8.234428e-10
8.696053e-10
2.105039e-10
1.597199e-10
1.836265e-10
5.725708e-12
1.530333e-11
2.782604e-11
6.596164e-12
1.349305e-10
3.651846e-10
1.446873e-10
1.015305e-10
1.815720e-10
5.147942e-11
2.335813e-11
3.237891e-11
1.092030e-11
9.824676e-12
1.475906e-11
8.544591e-12
4.561916e-11
5.884787e-11
7.450992e-11
9.619889e-11
2.347740e-10
5.984166e-11
3.643015e-11
9.939223e-11
5.803927e-11
6.659544e-11
3.685893e-10
4.437863e-10
2.565518e-10
6.827166e-11
3.469474e-10
1.407427e-10
5.018930e-11
1.561226e-10
9.344212e-11
5.839433e-11
9.493362e-10
2.706898e-10
7.498580e-10
7.720974e-10
6.018383e-10
2.129769e-09
4.046729e-09
1.180333e-09
2.233070e-09
2.118937e-09
5.579498e-09
1.051151e-08
2.113105e-09
3.685309e-10
3.131458e-09
5.381977e-10
5.371440e-10
2.162863e-10
1.302261e-10
2.459119e-10
1.187796e-10
1.843058e-09
2.061079e-08
8.529417e-09
2.178704e-09
3.765176e-09
5.277363e-09
2.954626e-10
9.496511e-10
1.092863e-09
2.801896e-09
7.137884e-10
6.216563e-10
5.229194e-11
3.496675e-10
2.931030e-10
1.740270e-09
1.889801e-09
5.018490e-09
8.339484e-10
1.043077e-09
4.149137e-09
2.969064e-09
1.037604e-09
1.898221e-09
1.689522e-09
1.113139e-09
1.405580e-09
4.609449e-09
7.069048e-09
3.054873e-08
1.532066e-08
1.665198e-08
8.854681e-09
2.255314e-09
2.689008e-09
3.245111e-10
1.635969e-11
5.129870e-09
8.196614e-09
5.272822e-09
2.546611e-09
5.082127e-09
7.986030e-10
5.461861e-10
2.397059e-10
1.250126e-09
1.274489e-09
2.708929e-10
4.712305e-09
4.841046e-09
6.344587e-09
7.408039e-10
2.284248e-09
5.444911e-09
5.646764e-09
5.029138e-09
1.274727e-08
1.276227e-08
1.771884e-08
6.505135e-09
7.626925e-09
1.788718e-10
1.114860e-09
1.119559e-09
4.205155e-09
2.685648e-09
4.984389e-09
1.397437e-09
2.903757e-09
5.734343e-10
2.462093e-11
2.883633e-11
2.459489e-13
3.580795e-13
7.616417e-14
1.497700e-12
2.046772e-12
1.194655e-12
6.720012e-12
8.788545e-11
2.076350e-10
5.008524e-10
1.616269e-10
5.859400e-11
6.208600e-11
7.104913e-11
1.408220e-10
1.557509e-10
6.608947e-12
4.222062e-11
2.219169e-11
2.280087e-11
3.803385e-11
7.931405e-12
3.277810e-12
1.062326e-11
5.858136e-11
3.950826e-11
4.905832e-11
3.619239e-12
1.037689e-11
2.338480e-12
2.040524e-12
2.215723e-11
2.382727e-11
7.493667e-11
2.182134e-10
1.049821e-10
1.191111e-10
3.310984e-11
7.922356e-12
2.411848e-11
1.426909e-11
8.085059e-11
2.625572e-10
1.110686e-10
1.192316e-10
3.311070e-11
7.927453e-12
2.411880e-11
1.426953e-11
8.085084e-11
2.625572e-10
1.110686e-10
1.192316e-10
3.311070e-11
7.927453e-12
2.411880e-11
1.426953e-11
8.085084e-11
2.625572e-10
1.110686e-10
1.192316e-10
3.311070e-11
7.927498e-12
2.413440e-11
1.429496e-11
8.112023e-11
2.643693e-10
1.134766e-10
1.236127e-10
6.975958e-11
1.972355e-11
1.791669e-10
4.930289e-10
5.281973e-10
4.783655e-10
1.972320e-10
6.588670e-10
4.704470e-10
1.501072e-10
1.017898e-11
4.540259e-12
6.183515e-12
4.011588e-12
2.673618e-11
5.598406e-11
3.426563e-11
2.776654e-10
3.825477e-11
5.154434e-11
2.124764e-10
1.278979e-10
4.402636e-11
1.036252e-10
3.015887e-11
2.407063e-11
4.543859e-11
3.213343e-10
1.460535e-10
3.632152e-10
5.415269e-10
3.366878e-10
2.497195e-10
2.449363e-10
6.138903e-11
3.150881e-10
9.794641e-10
5.935322e-10
5.135567e-10
3.389234e-10
3.662843e-10
1.093237e-10
2.141889e-10
9.432803e-11
7.607891e-11
3.088676e-11
8.663371e-10
6.704043e-10
1.069457e-09
4.207375e-09
5.669901e-10
1.382215e-09
4.285319e-10
1.276692e-09
2.747208e-10
2.595605e-10
6.131242e-10
1.516804e-09
4.438648e-10
3.872916e-09
4.162696e-10
1.028957e-10
2.311826e-10
1.469389e-10
2.052894e-10
6.204544e-10
4.230461e-11
1.507422e-09
1.654243e-09
2.284844e-09
4.167232e-09
1.757455e-08
2.036187e-09
9.299466e-11
2.908243e-10
3.430988e-10
1.667047e-10
5.964869e-10
5.010213e-11
2.810545e-10
1.341377e-10
2.598832e-10
2.216540e-10
2.006915e-09
5.665563e-10
1.514886e-09
1.708628e-09
3.942198e-10
5.398589e-10
5.625092e-10
8.871775e-10
1.217464e-09
6.687327e-10
1.286716e-09
5.477691e-10
4.116653e-09
3.972053e-09
6.627076e-09
8.223865e-09
2.365973e-09
3.709511e-09
3.766813e-10
4.275163e-11
1.708287e-10
4.628969e-10
5.909360e-10
1.347741e-09
1.991277e-09
4.469059e-10
5.398805e-10
3.081560e-11
5.696033e-10
2.433746e-10
1.551678e-10
1.389400e-09
6.827567e-10
5.861722e-10
4.365125e-10
1.604493e-09
4.446608e-09
1.155269e-09
1.288718e-09
4.391825e-09
5.066737e-09
1.492474e-08
7.195274e-09
7.187038e-09
1.172104e-10
5.659914e-10
1.912604e-10
3.914883e-10
3.780848e-10
8.701002e-10
1.568132e-09
6.242963e-09
1.787355e-09
4.478294e-10
6.174330e-11
6.661963e-11
8.038783e-14
8.882004e-14
1.482390e-12
1.408318e-11
1.838626e-11
6.720012e-12
1.585704e-09
2.907889e-10
7.581157e-10
2.639464e-10
3.407098e-10
1.782512e-10
1.251413e-10
7.792346e-10
2.821471e-10
1.045313e-10
5.265162e-10
2.077603e-10
2.619236e-10
9.087287e-11
1.194187e-10
4.588131e-11
1.640255e-11
2.008894e-10
6.915828e-11
5.821807e-11
5.356132e-11
2.460238e-10
1.527069e-11
2.936811e-11
3.200061e-11
8.435494e-11
3.505782e-10
3.215253e-10
3.321119e-10
3.477586e-10
3.678529e-10
3.203112e-11
2.807490e-11
2.095658e-10
2.517692e-10
4.861770e-10
5.507699e-10
3.504306e-10
3.679526e-10
3.209256e-11
2.809223e-11
2.095894e-10
2.517743e-10
4.861769e-10
5.507701e-10
3.504306e-10
3.679527e-10
3.209256e-11
2.809223e-11
2.095894e-10
2.517743e-10
4.861769e-10
5.507701e-10
3.504306e-10
3.679527e-10
3.209258e-11
2.809291e-11
2.095941e-10
2.524471e-10
4.872179e-10
5.598298e-10
3.574361e-10
4.092959e-10
2.509236e-10
2.026586e-10
5.279977e-10
5.010888e-10
5.131202e-10
1.822105e-09
1.272611e-09
4.983598e-09
3.631932e-09
5.128005e-10
8.152736e-12
5.736964e-11
3.546039e-11
1.332013e-11
4.236901e-11
1.005532e-10
4.151773e-10
7.597717e-11
2.038778e-10
1.199085e-09
1.158152e-09
4.724198e-10
1.692347e-09
2.976390e-10
1.352157e-10
1.281638e-10
2.196564e-10
5.301511e-10
1.771298e-09
1.243042e-09
2.099394e-09
1.210209e-09
9.102238e-10
8.971162e-10
5.371779e-10
1.131307e-09
1.575308e-09
1.657490e-09
1.276250e-09
1.780352e-09
8.736803e-10
3.912752e-10
1.867121e-10
8.480820e-10
2.567246e-10
5.596501e-10
1.506669e-09
4.739788e-09
5.739348e-09
2.436003e-09
1.709568e-09
4.173238e-09
1.054848e-09
3.776392e-10
1.464238e-10
3.629244e-10
4.607320e-10
5.864594e-10
1.392384e-08
2.425995e-09
5.028382e-10
3.350068e-10
4.510110e-10
9.281374e-10
1.120880e-09
5.582769e-10
7.814387e-10
4.494580e-10
1.540119e-09
5.137291e-09
2.574040e-08
2.923163e-08
4.212016e-09
2.459945e-10
5.450016e-10
3.740036e-10
4.547111e-10
1.010537e-10
6.718949e-10
7.088585e-10
2.422464e-10
3.239844e-10
1.473440e-09
1.020740e-09
4.554494e-09
1.022797e-08
1.367881e-09
2.742748e-10
1.401551e-08
1.444795e-09
3.034890e-09
1.330059e-09
1.065526e-08
1.688317e-10
1.954119e-09
1.069736e-08
6.805065e-09
1.780655e-08
4.236504e-09
1.093096e-08
1.194936e-09
1.095917e-09
6.313048e-10
3.927871e-10
2.236474e-09
4.975422e-10
1.684606e-09
8.398928e-10
1.185507e-09
1.274559e-10
5.802523e-10
1.258621e-09
4.056502e-10
2.006708e-09
2.131078e-09
8.200498e-10
4.902875e-10
1.987921e-09
2.073182e-08
2.245589e-09
1.949496e-09
1.683519e-08
8.546029e-09
3.712103e-08
2.332586e-08
7.412512e-09
4.306164e-10
4.419325e-09
1.816508e-09
1.097264e-10
4.464700e-10
6.390807e-10
1.790873e-09
1.095720e-08
1.508728e-08
3.501348e-09
7.689362e-10
5.635596e-10
2.154455e-09
6.426414e-13
1.718397e-12
1.409331e-11
2.496285e-10
1.343785e-10
8.788545e-11
2.907889e-10
1.490155e-08
5.654750e-10
5.448559e-10
4.068383e-10
2.718888e-10
2.589469e-09
1.680490e-09
1.284440e-10
7.418349e-09
9.223127e-10
1.222987e-09
2.955118e-10
2.294423e-10
4.160184e-10
5.420281e-11
7.121585e-10
3.246308e-10
8.082701e-11
6.643579e-11
3.313107e-09
2.931093e-10
1.235567e-10
1.260496e-10
1.512486e-10
4.226964e-10
7.083457e-10
6.674637e-10
6.993906e-10
8.647653e-10
3.358372e-10
4.004617e-11
6.254938e-10
6.146135e-10
6.643502e-10
1.170974e-09
7.182682e-10
8.654791e-10
3.390509e-10
4.013648e-11
6.256648e-10
6.146496e-10
6.643502e-10
1.170975e-09
7.182682e-10
8.654798e-10
3.390509e-10
4.013648e-11
6.256648e-10
6.146496e-10
6.643502e-10
1.170975e-09
7.182682e-10
8.654798e-10
3.390509e-10
4.013652e-11
6.256666e-10
6.146591e-10
6.644385e-10
1.181274e-09
7.362222e-10
9.112051e-10
5.308930e-10
3.697610e-10
1.366778e-09
9.529211e-10
5.297373e-10
2.669524e-10
2.263882e-09
2.169649e-08
3.281812e-08
7.885056e-09
2.528932e-10
1.294016e-10
3.954061e-10
5.410118e-11
1.560242e-10
3.844200e-10
1.387538e-09
2.343540e-10
2.472114e-09
3.972385e-09
2.634277e-09
2.082344e-09
8.248327e-09
1.287535e-09
3.610168e-10
2.881673e-10
3.237296e-10
5.255840e-10
1.274899e-09
2.133424e-09
5.483322e-09
3.221323e-09
2.302053e-09
2.764548e-09
2.566261e-09
1.554040e-09
1.129315e-09
2.129069e-09
3.207602e-09
4.836896e-09
2.964246e-09
8.878467e-10
1.121700e-09
2.123755e-09
1.826232e-09
1.375234e-10
2.068421e-09
1.738137e-08
9.778539e-09
4.696553e-09
5.366446e-09
1.783300e-08
3.171765e-09
4.438813e-10
1.027267e-09
1.936784e-09
4.990883e-10
5.520213e-10
2.180034e-08
1.071582e-08
5.175123e-09
1.848765e-09
1.124571e-09
3.625275e-09
4.543352e-09
7.722739e-10
1.512765e-08
1.042904e-09
1.284769e-09
4.919376e-09
2.908734e-08
4.308759e-08
3.840601e-08
7.504881e-09
1.350489e-09
2.635181e-09
1.554104e-09
2.069701e-10
1.892545e-09
2.897003e-09
1.357104e-09
1.896093e-09
2.875227e-09
2.156432e-09
9.373400e-09
2.578676e-08
2.867217e-09
9.193365e-10
1.082264e-08
7.576170e-09
2.746656e-08
3.655511e-09
2.262997e-08
1.551001e-09
4.281616e-09
1.333165e-08
8.709343e-09
4.442414e-08
1.582108e-08
3.154861e-08
4.847421e-09
4.127498e-09
1.263501e-08
2.026777e-09
3.193426e-08
1.947831e-09
1.654924e-09
1.272422e-09
8.210905e-09
2.815627e-10
2.412593e-09
2.357931e-09
2.944954e-09
3.072262e-09
4.553010e-09
1.008692e-08
2.586991e-09
1.519656e-09
3.111110e-08
1.967548e-08
2.418845e-09
3.704633e-09
2.543497e-08
8.988030e-08
6.465597e-08
1.228030e-08
7.128908e-10
5.781486e-08
2.124442e-08
9.855011e-10
1.430145e-09
1.622350e-09
2.578558e-09
1.341198e-08
2.595026e-08
1.659091e-08
3.920267e-09
2.524446e-09
1.052536e-08
3.770724e-09
3.456645e-12
1.521046e-11
2.500029e-10
2.583872e-10
2.280192e-10
2.076350e-10
7.581157e-10
5.654750e-10
2.720135e-08
6.856145e-10
2.671234e-10
7.954616e-09
3.085298e-09
2.392753e-10
9.405004e-09
9.121241e-09
2.339033e-09
3.982239e-10
5.811594e-10
5.286203e-10
3.488775e-10
6.206774e-10
5.297410e-10
1.858275e-09
1.028246e-10
3.859185e-09
2.725176e-09
5.795517e-10
1.633737e-10
3.496649e-10
4.435793e-10
7.437611e-10
4.471202e-10
7.885667e-10
1.718242e-09
6.496595e-10
2.007469e-10
1.435010e-09
1.225278e-09
8.509940e-10
9.395328e-10
8.286520e-10
1.725884e-09
6.724572e-10
2.049208e-10
1.435813e-09
1.225511e-09
8.509940e-10
9.395348e-10
8.286520e-10
1.725889e-09
6.724572e-10
2.049208e-10
1.435813e-09
1.225511e-09
8.509940e-10
9.395348e-10
8.286520e-10
1.725889e-09
6.724572e-10
2.049208e-10
1.435813e-09
1.225516e-09
8.510197e-10
9.398112e-10
8.313904e-10
1.903476e-09
8.717117e-10
4.936843e-10
2.794506e-09
1.680421e-09
1.049132e-09
2.782801e-10
3.027723e-09
1.511917e-08
4.210107e-08
4.331745e-08
1.507074e-09
1.016255e-09
1.441453e-09
2.691206e-10
2.295390e-10
2.074560e-10
3.264615e-09
5.540850e-10
2.415571e-09
7.839797e-09
4.433362e-09
2.178122e-09
1.961608e-08
2.200476e-09
6.735030e-10
6.184905e-10
3.515331e-10
4.950024e-10
1.136067e-09
1.909113e-09
4.252975e-09
4.520004e-09
6.973070e-09
5.196824e-09
5.420361e-09
3.357788e-09
1.432128e-09
2.527130e-09
3.213608e-09
5.472282e-09
6.433806e-09
3.196583e-09
7.072088e-10
3.505266e-09
5.026271e-09
5.004961e-10
4.829388e-09
6.277384e-09
2.691197e-08
1.572036e-08
5.504562e-09
5.267057e-08
9.242574e-09
1.042787e-09
1.183609e-09
1.574939e-08
1.359067e-09
4.789696e-10
2.556104e-08
1.178435e-08
1.065187e-08
4.399634e-09
4.469900e-09
9.645449e-09
8.892312e-09
1.245078e-09
1.714409e-08
1.294539e-08
5.103576e-09
2.645060e-09
2.734605e-08
4.434622e-08
4.323480e-08
2.313403e-08
2.737377e-08
7.863161e-09
1.238101e-08
8.812987e-11
1.350388e-09
6.549248e-09
1.679696e-09
1.399420e-09
2.009661e-08
6.247510e-09
7.809557e-09
3.083913e-08
6.645897e-09
2.124771e-09
2.700447e-09
8.981461e-09
7.094286e-08
5.703300e-09
5.734471e-08
2.817491e-09
1.669802e-08
3.690767e-08
1.551204e-08
3.805823e-08
9.147326e-09
7.724871e-08
1.553590e-08
1.066889e-08
4.267646e-08
2.373921e-08
1.027528e-07
1.365914e-08
2.664157e-09
1.109796e-09
1.438617e-08
3.208300e-10
3.440216e-09
7.453620e-09
3.907030e-09
8.067520e-09
5.742544e-09
1.339737e-08
2.430217e-08
3.054196e-09
3.306844e-08
2.768110e-08
5.793091e-09
3.181509e-09
3.796911e-08
1.519671e-07
8.218205e-08
4.513665e-08
1.847698e-09
9.739883e-08
2.004591e-07
5.843952e-09
5.694201e-09
5.917488e-09
4.153054e-09
1.425024e-08
2.593853e-08
1.995228e-08
8.245045e-09
8.992791e-09
3.829386e-08
1.681455e-08
7.572436e-10
1.280835e-11
2.519799e-10
2.594021e-10
2.243035e-10
1.176452e-10
5.008524e-10
2.639464e-10
5.448559e-10
6.856145e-10
2.707569e-08
9.232576e-09
3.200695e-09
2.754318e-10
1.029333e-08
9.961767e-09
2.976534e-09
3.791737e-10
5.893790e-10
6.091538e-10
3.924425e-10
7.768460e-10
5.432291e-10
8.636530e-11
1.069387e-10
5.749186e-09
2.853444e-09
7.908439e-10
1.680544e-10
3.372703e-10
4.433573e-10
5.682859e-10
3.853139e-10
6.867328e-10
1.396181e-09
7.370318e-10
5.329686e-10
1.814423e-09
1.463498e-09
7.135413e-10
8.779085e-10
7.272403e-10
1.406734e-09
7.857072e-10
5.399493e-10
1.817021e-09
1.463907e-09
7.135412e-10
8.779126e-10
7.272403e-10
1.406739e-09
7.857072e-10
5.399493e-10
1.817021e-09
1.463907e-09
7.135412e-10
8.779126e-10
7.272403e-10
1.406739e-09
7.857072e-10
5.399493e-10
1.817021e-09
1.463907e-09
7.135473e-10
8.779650e-10
7.274650e-10
1.410339e-09
9.699091e-10
9.108324e-10
3.093718e-09
1.897176e-09
3.877318e-10
3.025342e-10
3.519216e-09
1.680803e-08
4.292689e-08
3.087280e-08
3.073783e-09
1.472926e-08
2.408988e-09
5.181358e-10
2.457979e-10
2.139204e-10
1.669024e-09
1.218738e-10
4.064773e-09
7.534057e-09
4.517701e-09
3.341858e-09
2.096278e-08
2.106252e-09
7.496332e-10
1.095758e-09
4.159643e-10
5.087101e-10
4.766177e-10
7.466943e-10
3.621080e-09
3.770763e-09
5.056776e-09
6.673992e-09
9.080040e-09
3.532470e-09
9.290517e-10
2.126358e-09
3.389742e-09
5.730349e-09
5.568654e-09
2.493886e-09
2.228865e-09
5.169244e-09
4.597646e-09
6.016816e-10
6.159957e-09
6.660628e-09
7.095267e-09
4.024713e-09
2.135229e-08
6.369685e-08
1.213841e-08
2.902704e-09
2.827429e-09
1.869258e-08
1.423832e-09
5.113269e-10
2.473892e-08
1.161451e-08
1.052795e-08
4.528155e-09
5.705564e-09
2.228611e-08
8.231047e-09
1.397437e-09
1.924670e-08
1.359008e-08
1.187626e-08
4.473781e-10
1.812101e-08
4.501056e-08
4.208720e-08
2.388973e-08
3.158166e-08
1.795337e-08
1.485697e-08
2.507483e-10
1.803639e-09
6.177659e-09
1.385508e-09
1.925460e-09
1.499684e-08
3.536222e-09
2.422547e-08
3.757087e-08
5.025043e-09
3.860939e-09
7.775658e-09
1.310757e-08
7.001694e-09
3.939212e-09
9.693940e-08
5.188205e-09
4.995104e-08
4.000034e-08
1.638708e-08
4.098297e-08
1.214530e-08
4.420913e-08
1.205222e-08
5.054578e-08
1.052221e-07
9.029148e-08
1.251284e-07
2.375008e-08
5.163627e-09
1.085510e-09
1.307625e-08
4.597484e-10
4.890033e-09
9.254170e-09
1.045602e-08
6.663721e-09
7.460542e-09
1.645523e-08
2.711526e-08
1.124160e-09
3.208127e-08
2.952717e-08
5.208065e-09
4.057157e-09
3.812218e-08
1.748675e-07
7.276035e-08
1.574549e-08
1.072436e-08
1.459882e-07
2.214338e-07
1.317184e-08
6.627653e-09
1.225627e-08
6.739269e-09
1.170285e-08
2.555060e-08
1.989814e-08
7.679838e-09
1.087187e-08
4.285543e-08
2.669859e-08
1.666293e-09
3.530587e-10
2.419079e-10
2.581392e-10
2.199904e-10
6.823999e-11
4.268925e-10
1.616269e-10
3.407098e-10
4.068383e-10
2.671234e-10
9.232576e-09
3.065697e-08
4.292522e-10
1.010051e-08
1.247428e-08
3.954611e-09
4.783205e-10
6.344909e-10
6.964077e-10
5.682827e-10
8.009390e-10
7.401531e-10
1.443455e-10
4.392351e-11
3.691371e-09
2.901696e-09
2.750315e-09
2.277722e-10
3.950768e-10
2.797753e-10
5.304653e-10
2.122313e-10
5.070581e-10
1.246682e-09
7.736565e-10
2.512394e-10
1.865311e-09
2.699019e-09
5.051628e-10
7.974755e-10
5.481675e-10
1.178009e-09
9.129273e-10
2.916169e-10
1.872322e-09
2.703153e-09
5.051624e-10
7.975060e-10
5.481674e-10
1.178023e-09
9.129273e-10
2.916169e-10
1.872322e-09
2.703153e-09
5.051624e-10
7.975060e-10
5.481674e-10
1.178023e-09
9.129273e-10
2.916169e-10
1.872322e-09
2.703154e-09
5.051632e-10
7.975296e-10
5.482138e-10
1.179003e-09
9.563495e-10
4.564937e-10
3.042256e-09
3.223062e-09
3.952924e-10
2.925861e-10
2.351844e-09
1.750007e-08
4.269740e-08
3.129667e-08
5.752933e-09
1.823195e-09
5.948238e-09
1.627542e-08
2.326904e-10
2.638195e-10
1.803794e-09
3.350070e-11
2.115181e-09
7.077520e-09
5.499787e-09
3.060941e-09
2.224077e-08
4.464131e-09
1.328910e-09
1.436419e-09
8.652702e-10
1.184841e-09
5.222104e-10
5.815995e-10
1.673243e-09
2.419760e-09
4.526234e-09
6.509095e-09
9.221645e-09
5.309310e-09
3.946753e-09
3.218297e-09
2.724793e-09
4.690903e-09
6.247812e-09
3.702118e-09
1.912359e-09
4.273642e-09
1.045478e-08
1.771927e-09
5.030035e-09
7.048231e-09
8.479264e-09
1.313695e-09
8.776112e-09
5.196203e-08
3.006632e-08
1.637028e-08
3.870939e-09
4.009679e-08
2.915389e-09
7.610680e-10
2.076615e-08
1.027482e-08
1.274954e-08
4.771064e-09
9.580348e-09
5.372196e-08
9.301209e-09
2.543621e-09
1.882884e-08
1.487703e-08
2.933889e-08
8.519801e-10
5.508266e-09
2.585820e-08
4.420309e-08
2.847961e-08
3.268055e-08
3.613886e-08
6.023772e-08
1.049534e-09
1.643301e-09
6.571041e-09
1.974369e-09
1.443447e-09
1.474400e-08
6.032502e-09
8.214327e-09
2.409731e-08
2.611392e-08
1.331242e-08
9.078532e-09
2.904629e-08
9.996541e-09
4.035038e-09
2.787863e-08
4.937696e-09
9.152562e-08
5.697482e-08
5.215142e-08
4.565937e-08
1.310082e-08
4.306282e-08
2.695243e-08
2.450656e-08
1.705032e-07
2.101387e-07
1.619541e-07
7.264792e-08
4.260007e-08
1.137734e-09
1.307720e-08
1.093690e-09
3.508938e-09
1.228152e-08
1.905600e-08
7.850744e-09
5.173692e-09
2.019997e-08
4.888484e-08
3.748095e-09
2.268134e-08
2.978073e-08
8.840877e-09
5.670950e-09
3.936414e-08
2.248470e-07
6.888427e-08
1.517839e-08
1.041089e-08
1.488392e-07
2.579040e-07
4.459935e-08
9.603468e-09
3.578032e-08
1.825523e-08
8.065278e-09
2.007562e-08
2.229492e-08
8.025120e-09
1.521452e-08
4.682738e-08
4.106849e-08
8.957457e-09
1.068854e-09
5.430297e-09
1.299085e-10
1.514638e-10
3.126929e-11
8.753418e-11
2.805350e-11
5.859400e-11
1.782512e-10
2.718888e-10
7.954616e-09
3.200695e-09
4.292522e-10
2.039005e-08
1.284847e-08
2.898314e-09
2.775468e-10
1.124640e-09
5.622118e-10
5.725689e-10
1.113328e-09
5.324810e-10
1.818542e-10
4.524154e-11
1.019133e-09
2.679766e-09
7.664810e-10
1.383267e-10
2.135378e-09
2.166410e-10
7.895350e-11
1.595134e-10
1.692348e-10
7.727646e-10
6.191066e-10
2.429166e-10
1.683966e-09
2.123743e-09
3.986309e-10
2.989946e-10
2.365533e-10
8.061475e-10
6.494227e-10
3.990511e-10
1.709752e-09
2.130180e-09
3.986281e-10
2.990440e-10
2.365531e-10
8.061982e-10
6.494228e-10
3.990511e-10
1.709752e-09
2.130180e-09
3.986281e-10
2.990440e-10
2.365531e-10
8.061982e-10
6.494228e-10
3.990511e-10
1.709752e-09
2.130180e-09
3.986282e-10
2.990445e-10
2.365622e-10
8.063319e-10
6.567133e-10
4.263275e-10
2.762270e-09
2.413471e-09
3.102018e-10
8.646516e-10
1.532697e-09
9.884066e-09
1.803754e-08
2.547809e-08
6.146788e-09
3.496785e-09
9.725034e-09
5.139813e-09
3.065402e-10
2.256625e-09
1.007040e-09
2.560375e-11
2.142292e-10
3.266651e-09
1.831316e-09
1.420919e-09
1.835550e-08
3.361678e-09
1.530405e-09
3.123931e-09
1.645992e-09
1.487868e-09
5.046295e-10
4.773828e-10
5.161507e-10
8.606296e-10
2.141149e-09
3.647026e-09
8.241608e-09
5.588169e-09
3.632091e-09
4.364132e-09
5.336289e-09
2.276995e-09
3.279724e-09
3.697818e-09
2.744901e-09
4.223547e-09
1.096902e-08
1.474016e-09
5.385792e-09
4.960042e-09
3.738120e-09
3.390243e-10
9.158421e-10
4.365495e-08
1.668080e-08
5.760003e-09
2.331311e-08
5.289493e-08
4.928092e-09
9.548236e-10
1.419770e-08
2.654829e-09
6.454098e-09
3.426137e-09
1.465028e-08
6.559147e-08
6.371822e-09
2.689630e-09
6.930777e-09
1.562758e-08
3.785739e-08
7.211122e-10
5.825901e-09
3.571343e-09
6.378966e-09
1.820425e-08
3.608336e-08
4.338791e-08
7.496249e-08
5.529495e-09
1.722709e-09
6.525342e-09
1.133725e-09
6.367424e-10
1.413661e-08
7.725261e-09
4.425604e-09
9.906242e-09
2.709184e-09
1.882968e-09
3.143056e-08
4.099617e-08
9.018228e-09
3.187082e-09
9.990997e-09
7.344418e-09
2.126496e-08
5.142985e-08
9.078886e-08
4.190681e-08
1.806664e-08
2.025674e-08
2.105322e-08
2.406763e-08
1.832259e-07
1.918449e-07
1.404635e-07
9.654372e-08
6.848607e-08
2.513085e-09
8.270678e-09
1.168548e-09
1.162335e-09
1.175038e-08
2.364688e-08
5.503194e-09
4.704228e-09
1.466324e-08
5.685544e-08
2.522840e-09
1.273858e-08
2.316089e-08
3.950975e-09
1.425130e-09
3.540566e-08
2.718591e-07
2.321791e-08
9.767895e-09
1.431845e-08
1.482091e-07
2.468853e-07
3.044514e-08
1.276792e-08
7.246440e-08
2.468164e-08
2.712247e-09
3.117279e-09
1.214561e-08
4.871121e-09
1.681537e-08
4.516585e-08
4.545368e-08
9.582706e-09
3.025595e-09
9.260936e-09
2.992805e-09
9.691471e-12
1.202149e-11
5.734711e-11
1.635161e-10
5.243177e-11
6.208600e-11
1.251413e-10
2.589469e-09
3.085298e-09
2.754318e-10
1.010051e-08
1.284847e-08
3.861382e-09
2.708573e-10
4.634547e-10
6.371916e-09
4.864920e-10
3.354135e-09
4.165691e-10
2.540243e-10
5.776654e-10
8.112498e-11
7.111707e-10
4.733939e-10
7.986199e-11
3.105861e-10
2.532550e-09
2.691162e-10
3.560147e-10
9.765766e-11
3.180385e-10
5.365946e-10
1.561776e-10
8.326978e-10
1.939099e-09
3.536266e-10
1.410191e-09
1.640043e-10
6.799752e-10
4.401715e-10
5.145972e-10
8.810742e-10
1.959489e-09
3.537559e-10
1.411236e-09
1.640036e-10
6.802549e-10
4.401719e-10
5.145972e-10
8.810742e-10
1.959489e-09
3.537559e-10
1.411236e-09
1.640036e-10
6.802549e-10
4.401719e-10
5.145972e-10
8.810742e-10
1.959489e-09
3.537559e-10
1.411236e-09
1.640040e-10
6.802837e-10
4.418440e-10
5.193294e-10
1.049888e-09
2.202252e-09
3.651958e-10
1.850206e-09
1.506462e-09
5.212573e-09
4.065089e-09
7.460605e-09
5.597142e-09
7.394432e-09
1.202125e-08
1.566877e-08
1.200807e-09
1.222995e-09
6.128006e-10
2.174309e-10
1.028116e-10
3.781648e-10
2.436514e-10
1.053315e-09
5.524498e-09
1.353143e-08
1.596179e-09
2.795120e-09
5.448759e-09
5.085657e-09
7.997458e-10
5.488674e-10
3.118971e-10
4.257749e-10
8.867115e-10
2.288898e-09
4.466054e-09
4.397221e-09
7.222773e-09
1.026322e-08
9.617274e-09
1.931993e-09
1.316423e-09
2.397200e-09
2.592540e-09
3.416105e-09
1.864396e-08
4.530003e-09
2.524887e-09
3.372769e-09
3.542617e-09
8.182145e-10
7.749496e-10
3.330366e-09
1.325985e-08
8.807545e-09
1.215417e-08
1.173161e-07
1.850968e-08
1.795461e-09
4.746682e-09
4.490184e-09
2.599999e-09
1.937526e-09
1.312477e-08
7.209826e-08
8.351763e-09
1.965154e-08
1.720498e-08
6.531335e-09
7.500677e-08
2.070845e-09
2.047659e-09
2.233115e-08
9.096036e-10
5.282622e-09
1.216690e-08
3.860992e-08
8.104037e-08
3.660173e-08
3.518612e-08
8.267422e-09
4.528511e-09
4.641730e-10
1.913221e-09
1.632191e-08
5.343758e-09
8.390116e-09
8.490053e-09
1.546503e-09
7.081314e-09
2.797716e-08
2.904295e-08
1.524918e-08
2.046086e-08
5.319574e-09
2.371854e-08
3.406159e-08
3.897483e-08
3.296492e-08
5.372911e-08
1.201150e-08
3.077057e-08
2.308980e-08
1.693314e-07
2.137882e-07
1.214308e-07
9.590912e-08
1.490295e-07
2.514324e-08
7.626030e-09
7.055833e-09
4.070967e-10
6.197656e-09
3.551264e-08
4.867643e-09
3.175903e-09
3.338633e-08
5.294788e-08
9.505312e-09
3.097968e-09
1.584454e-08
1.258899e-08
2.477956e-09
9.391902e-09
2.919528e-07
2.790102e-08
1.169863e-08
2.725949e-08
1.883083e-07
1.438013e-07
3.831713e-08
1.601141e-08
8.391490e-08
1.420248e-07
3.423136e-09
4.152116e-09
1.603125e-08
2.794597e-09
2.948363e-08
2.205198e-08
4.249547e-08
1.416630e-08
1.751685e-08
2.896291e-08
1.718604e-08
4.098511e-10
9.000897e-12
5.308164e-11
1.615701e-10
7.503898e-11
9.199731e-11
7.104913e-11
7.792346e-10
1.680490e-09
2.392753e-10
1.029333e-08
1.247428e-08
2.898314e-09
2.708573e-10
1.047182e-09
6.487051e-09
6.292996e-10
4.408315e-09
3.758645e-10
4.328102e-10
6.196743e-10
8.997561e-11
3.346034e-10
1.586576e-10
7.198225e-11
3.700156e-10
2.539267e-09
1.530594e-10
1.171049e-09
7.507139e-11
2.991674e-10
4.578400e-10
1.119031e-10
3.960074e-10
1.420644e-09
3.030713e-10
1.550641e-09
2.621150e-10
9.711039e-10
3.714670e-10
5.641101e-10
4.325200e-10
1.469142e-09
3.032605e-10
1.557794e-09
2.621102e-10
9.723647e-10
3.714696e-10
5.641106e-10
4.325200e-10
1.469142e-09
3.032605e-10
1.557794e-09
2.621102e-10
9.723647e-10
3.714696e-10
5.641106e-10
4.325200e-10
1.469142e-09
3.032605e-10
1.557794e-09
2.621104e-10
9.723692e-10
3.722577e-10
5.654814e-10
4.626604e-10
1.508837e-09
3.407720e-10
2.010149e-09
1.406788e-09
4.383965e-09
1.040008e-09
1.821870e-09
4.729034e-09
7.816087e-09
1.193376e-08
1.725674e-08
2.563481e-09
3.839018e-09
1.582039e-09
1.496933e-10
1.902602e-10
4.341138e-10
6.432397e-11
8.230573e-10
4.476225e-09
1.275990e-08
5.381536e-10
3.557790e-09
6.198865e-09
7.612024e-09
1.165726e-09
8.461164e-10
3.278720e-10
3.526858e-10
5.143846e-10
9.814806e-10
2.791887e-09
3.470882e-09
7.032635e-09
1.110487e-08
1.105022e-08
1.837445e-09
9.642599e-10
1.699480e-09
1.912422e-09
2.930691e-09
1.825889e-08
4.751127e-09
3.610495e-09
3.789843e-09
2.794609e-09
7.493485e-10
1.785093e-09
3.115807e-09
2.944063e-09
4.049166e-09
1.221409e-08
1.184897e-07
2.756931e-08
2.838298e-09
6.272391e-09
4.514374e-09
2.773780e-09
2.132092e-09
1.348203e-08
6.833139e-08
5.140259e-09
2.371565e-08
2.551660e-08
1.256307e-08
1.331540e-07
1.416831e-09
3.640347e-09
2.370806e-08
1.985655e-09
5.196003e-09
6.336975e-09
3.140624e-08
7.456738e-08
3.502269e-08
5.771547e-08
6.024381e-08
4.221662e-09
1.259307e-09
3.247873e-09
1.513903e-08
5.894355e-09
9.162995e-09
9.673356e-09
2.428893e-09
6.527614e-09
2.347766e-08
6.339380e-09
4.948321e-09
4.123036e-08
2.020099e-08
1.985774e-08
2.822058e-08
3.318599e-08
3.236584e-08
2.558823e-08
2.125332e-08
2.868396e-08
2.480348e-08
1.645238e-07
1.910513e-07
1.047495e-07
1.047991e-07
1.987076e-07
3.991927e-08
3.403618e-08
1.338410e-08
7.246183e-10
4.847890e-09
3.299457e-08
3.715739e-09
3.687956e-09
3.686063e-08
8.045425e-08
9.319529e-09
3.535163e-09
1.430225e-08
7.784045e-09
4.085204e-09
1.047952e-08
2.723238e-07
2.027416e-08
1.631729e-08
3.167705e-08
2.132067e-07
1.024071e-07
3.190401e-08
1.624972e-08
1.089471e-07
1.811329e-07
7.121789e-09
1.169394e-08
2.569562e-08
4.161038e-09
3.679707e-08
1.711738e-08
3.090115e-08
1.326176e-08
2.251229e-08
3.868779e-08
4.585048e-08
1.282249e-09
4.718236e-10
1.710934e-11
1.595484e-10
7.457455e-11
7.405250e-11
6.075378e-11
1.408220e-10
2.821471e-10
1.284440e-10
9.405004e-09
9.961767e-09
3.954611e-09
2.775468e-10
4.634547e-10
6.487051e-09
7.386435e-10
7.195359e-09
2.071490e-10
3.962100e-10
7.610108e-10
5.771726e-11
3.799938e-10
3.889549e-11
4.196739e-11
1.865857e-10
2.490589e-09
2.255942e-10
3.031838e-09
6.711286e-11
1.404304e-10
4.728091e-10
7.614332e-11
1.734239e-10
4.406869e-10
2.318539e-10
1.669052e-09
2.547655e-10
1.970352e-09
1.501408e-10
6.882751e-10
2.193783e-10
4.839295e-10
2.326238e-10
1.711308e-09
2.547052e-10
1.985954e-09
1.501462e-10
6.882783e-10
2.193783e-10
4.839295e-10
2.326238e-10
1.711308e-09
2.547052e-10
1.985954e-09
1.501462e-10
6.882783e-10
2.193783e-10
4.839295e-10
2.326238e-10
1.711308e-09
2.547053e-10
1.985956e-09
1.501859e-10
6.890271e-10
2.238230e-10
4.889264e-10
2.372862e-10
2.136019e-09
1.165431e-09
4.573000e-09
2.477258e-10
3.767610e-10
1.232406e-09
7.538885e-09
1.038563e-08
1.630361e-08
3.200465e-09
5.854006e-09
1.825668e-09
4.740231e-10
2.412568e-10
3.337690e-10
5.032459e-11
4.053595e-10
1.750057e-09
1.233671e-08
4.403271e-10
2.243644e-09
5.268361e-09
9.161853e-09
1.391514e-09
7.007237e-10
4.012770e-10
3.650895e-10
3.942492e-10
5.852486e-10
1.221433e-09
1.354024e-09
5.434006e-09
1.126037e-08
1.252252e-08
2.028103e-09
8.564688e-10
1.467416e-09
1.191994e-09
1.354082e-09
1.739536e-08
4.884472e-09
4.411681e-09
2.600619e-09
3.166302e-09
8.517983e-10
1.525626e-09
2.576696e-09
2.062176e-09
1.466529e-09
6.817074e-09
1.095786e-07
2.799963e-08
8.049784e-09
4.368363e-09
6.146651e-09
3.411787e-09
2.031603e-09
1.392854e-08
5.125617e-08
2.754116e-09
2.410423e-08
2.527632e-08
1.321820e-08
2.051608e-07
1.387966e-09
1.440008e-09
2.279512e-08
3.633136e-09
1.304161e-08
1.502989e-09
1.302671e-08
4.975835e-08
3.412453e-08
5.870695e-08
7.338773e-08
2.437631e-08
2.510279e-09
7.058228e-10
1.374874e-08
7.327606e-09
8.996614e-09
9.767350e-09
2.526078e-09
4.472429e-09
1.082946e-08
4.368977e-09
4.246063e-09
2.931726e-08
1.771164e-08
2.411497e-08
2.682688e-08
2.814863e-08
2.214882e-08
1.986064e-08
3.375546e-08
2.324240e-08
2.496494e-08
1.219440e-07
1.340038e-07
9.336005e-08
8.516203e-08
1.997059e-07
4.643878e-08
5.116098e-08
1.819697e-08
2.326702e-09
1.937226e-09
3.092139e-08
2.128336e-09
2.364299e-09
3.605677e-08
7.733982e-08
1.304724e-08
3.924917e-09
1.017754e-08
7.394201e-09
5.133420e-09
5.247209e-09
2.485971e-07
1.660680e-08
1.735483e-08
2.840323e-08
2.110391e-07
7.751723e-08
2.048202e-08
1.457640e-08
1.036683e-07
1.993559e-07
1.162674e-08
2.110073e-08
3.061269e-08
5.917618e-09
4.301165e-08
1.128603e-08
2.279457e-08
7.996451e-09
2.311127e-08
4.083332e-08
5.569579e-08
3.860163e-09
9.118415e-10
1.459343e-10
1.557424e-10
7.393364e-11
7.177964e-11
5.142109e-11
1.209350e-10
1.557509e-10
1.045313e-10
7.418349e-09
9.121241e-09
2.976534e-09
4.783205e-10
1.124640e-09
6.371916e-09
6.292996e-10
7.195359e-09
4.981610e-10
5.578035e-10
8.282133e-10
5.560249e-11
3.390950e-10
4.774822e-11
1.034655e-10
1.283389e-10
2.428298e-09
1.382657e-10
3.099657e-09
1.980062e-10
2.492496e-10
3.778776e-10
6.395004e-11
1.160594e-10
3.310347e-10
2.357380e-10
1.596991e-09
3.035323e-10
2.114877e-09
1.840137e-10
6.752589e-10
1.618773e-10
3.928306e-10
2.147857e-10
1.657315e-09
3.033015e-10
2.149038e-09
1.841122e-10
6.752649e-10
1.618774e-10
3.928308e-10
2.147858e-10
1.657315e-09
3.033015e-10
2.149038e-09
1.841122e-10
6.752649e-10
1.618774e-10
3.928308e-10
2.147858e-10
1.657315e-09
3.033015e-10
2.149039e-09
1.841309e-10
6.754753e-10
1.643321e-10
3.951456e-10
2.168326e-10
1.846920e-09
1.173674e-09
4.003592e-09
2.162899e-10
5.307414e-10
8.880977e-10
6.220936e-09
7.273073e-09
1.486927e-08
3.135175e-09
6.559006e-09
2.405069e-09
1.047802e-09
1.631133e-09
2.923617e-10
4.594973e-11
4.229832e-10
7.750038e-10
1.164106e-08
3.232752e-10
1.401102e-09
5.309416e-09
8.996954e-09
9.185401e-10
1.376658e-09
1.329502e-09
4.314867e-10
4.158487e-10
4.934583e-10
7.851511e-10
9.729240e-10
4.339075e-09
9.064550e-09
1.169562e-08
3.468997e-09
2.053801e-09
1.505804e-09
1.531302e-09
1.176998e-09
1.286996e-08
4.649952e-09
4.599467e-09
3.886120e-09
3.246148e-09
8.210309e-10
1.787142e-09
2.182430e-09
1.813172e-09
1.602919e-09
2.926490e-09
1.027612e-07
2.323555e-08
4.074769e-09
1.270994e-08
9.337095e-09
2.553043e-09
1.315448e-09
1.336076e-08
3.597160e-08
1.427080e-09
2.356033e-08
2.488154e-08
1.403474e-08
2.185040e-07
1.775936e-09
9.480661e-10
2.243398e-08
1.933332e-09
1.312118e-08
3.420546e-09
6.186918e-09
1.852164e-08
3.101745e-08
5.793744e-08
7.427764e-08
4.935536e-08
2.891236e-08
8.777550e-10
1.211978e-08
2.804851e-09
7.113789e-09
1.194293e-08
2.523780e-09
2.523395e-09
6.531931e-09
2.106299e-09
2.879271e-09
2.948218e-08
1.937681e-08
1.944016e-08
6.286411e-09
2.132698e-08
2.420255e-08
1.473194e-08
3.058294e-08
1.648383e-08
3.612886e-08
9.192939e-08
7.916582e-08
5.347410e-08
6.086221e-08
2.019883e-07
4.077719e-08
5.406094e-08
2.177516e-08
8.862943e-09
6.317269e-09
2.207776e-08
1.599314e-09
1.670707e-09
3.451507e-08
6.273705e-08
1.303091e-08
3.813785e-09
3.424552e-09
8.081825e-09
5.244238e-09
4.291687e-09
1.856409e-07
1.286288e-08
1.644708e-08
2.913598e-08
1.967207e-07
5.287207e-08
1.508427e-08
1.294359e-08
9.394371e-08
2.013934e-07
9.569335e-09
2.251978e-08
3.432020e-08
1.103784e-08
4.212174e-08
6.624977e-09
1.375779e-08
6.182581e-09
2.167698e-08
3.982091e-08
6.051535e-08
4.855958e-09
3.901310e-09
4.440484e-10
6.277352e-11
2.701417e-11
4.043989e-11
1.800955e-11
1.708093e-11
1.170382e-11
6.608947e-12
5.265162e-10
9.223127e-10
2.339033e-09
3.791737e-10
6.344909e-10
5.622118e-10
4.864920e-10
4.408315e-09
2.071490e-10
5.578035e-10
3.013473e-10
3.167035e-11
1.746907e-10
1.870001e-11
1.178040e-10
1.301403e-11
1.059104e-10
8.426438e-11
2.783570e-09
7.291050e-11
2.692418e-10
1.304656e-10
4.940877e-12
2.170918e-11
2.104995e-11
6.810614e-11
3.403033e-10
1.966021e-10
1.844919e-09
9.705476e-11
4.554887e-10
1.893247e-11
8.349922e-11
4.000691e-11
3.980944e-10
2.005667e-10
1.901224e-09
9.726419e-11
4.555080e-10
1.893260e-11
8.349967e-11
4.000711e-11
3.980944e-10
2.005667e-10
1.901224e-09
9.726419e-11
4.555080e-10
1.893260e-11
8.349967e-11
4.000711e-11
3.980944e-10
2.005667e-10
1.901224e-09
9.726481e-11
4.555212e-10
1.894985e-11
8.368921e-11
4.005106e-11
4.021858e-10
2.186796e-10
2.984578e-09
1.127373e-10
3.846215e-10
9.841442e-11
8.495879e-10
6.426642e-10
3.860227e-09
2.108956e-09
5.530448e-09
1.857699e-09
1.549104e-09
1.754105e-09
2.147633e-10
1.635243e-11
1.326084e-10
1.387901e-10
3.255661e-10
1.086690e-10
4.785533e-10
1.572803e-09
5.300844e-09
4.114079e-10
3.792673e-10
1.135755e-09
2.269414e-10
2.067681e-10
1.405146e-10
1.260603e-10
9.207745e-11
3.140126e-10
1.191236e-09
2.823855e-09
1.934650e-09
1.547425e-09
1.101875e-09
7.136048e-10
5.393914e-10
1.370981e-09
8.854258e-10
3.714408e-09
2.854511e-09
1.972969e-09
4.137991e-10
1.075942e-09
8.834626e-10
9.780688e-10
5.294158e-10
4.014534e-10
1.517618e-09
9.409490e-09
3.534728e-09
6.810718e-09
6.183135e-09
1.609867e-09
8.895596e-10
2.306189e-09
1.429010e-08
3.199500e-10
4.905228e-09
9.092949e-09
1.083128e-08
1.854784e-07
1.053794e-09
3.380530e-10
3.041483e-09
1.639009e-09
1.062022e-08
5.175769e-10
2.581783e-09
5.467396e-10
3.053306e-09
2.410592e-08
6.749126e-08
4.805830e-08
3.020125e-08
1.459328e-09
2.643715e-10
1.260438e-09
1.549114e-09
2.399415e-09
2.156110e-09
1.486486e-09
8.104434e-10
3.288721e-10
7.554529e-10
1.094193e-08
1.593908e-08
1.124272e-08
3.543933e-09
1.758090e-09
2.335939e-09
5.209830e-09
2.001637e-08
5.045690e-09
2.217668e-08
1.889906e-08
1.071541e-08
4.689966e-09
1.544039e-08
7.522147e-08
2.362670e-08
5.316822e-08
1.244019e-08
9.764457e-09
5.646746e-09
3.250343e-09
2.855995e-10
8.080583e-10
6.041232e-09
3.923979e-08
7.377957e-09
1.627291e-09
1.435863e-09
1.085630e-09
4.375470e-09
1.471640e-09
2.918036e-08
5.239031e-09
7.532092e-09
4.013803e-09
6.469967e-08
2.560152e-08
3.475481e-09
2.526004e-09
3.490461e-08
1.012247e-07
6.733799e-09
2.046822e-08
1.746255e-08
1.329422e-08
1.963699e-08
6.037836e-10
8.875332e-10
8.708191e-10
6.622864e-09
1.340402e-08
4.898946e-08
4.857558e-09
3.964351e-09
3.933074e-10
9.522515e-11
8.831245e-11
3.842174e-12
1.225091e-11
1.501604e-11
1.614866e-11
3.798458e-12
4.222062e-11
2.077603e-10
1.222987e-09
3.982239e-10
5.893790e-10
6.964077e-10
5.725689e-10
3.354135e-09
3.758645e-10
3.962100e-10
8.282133e-10
3.167035e-11
2.225259e-10
2.881863e-11
1.422853e-10
3.036194e-11
4.494513e-11
2.992329e-11
2.086815e-09
7.393236e-11
2.171813e-10
3.528824e-10
1.844088e-11
1.500280e-11
1.386066e-11
4.906010e-11
1.868106e-10
1.713340e-10
1.393177e-09
1.812689e-10
5.616793e-10
1.083968e-10
5.772921e-11
3.059357e-11
2.560559e-10
1.150304e-10
1.517293e-09
1.881641e-10
5.618802e-10
1.084075e-10
5.773252e-11
3.059944e-11
2.560561e-10
1.150304e-10
1.517293e-09
1.881641e-10
5.618802e-10
1.084075e-10
5.773252e-11
3.059944e-11
2.560561e-10
1.150304e-10
1.517294e-09
1.881643e-10
5.618844e-10
1.084105e-10
5.773819e-11
3.060815e-11
2.568287e-10
1.178966e-10
1.690476e-09
2.052906e-10
5.469161e-10
1.423183e-10
5.385556e-10
2.357226e-10
1.174720e-09
1.067222e-09
4.238547e-09
1.179302e-09
2.332566e-09
3.626261e-09
5.041253e-10
2.526143e-10
5.955155e-11
4.209642e-11
6.815597e-11
2.499233e-11
4.923552e-11
9.706831e-10
2.514433e-09
1.001557e-09
2.158261e-10
1.601928e-09
2.812958e-10
3.756035e-10
2.419756e-10
1.591246e-10
7.580414e-11
1.044941e-10
3.762796e-10
1.525109e-09
1.319000e-09
1.202920e-09
1.637547e-09
1.517790e-09
9.573956e-10
1.051692e-09
4.997808e-10
2.305886e-09
2.480458e-09
1.828762e-09
8.742096e-10
9.608411e-10
5.643275e-10
9.634308e-10
4.334468e-10
3.576769e-10
4.186668e-10
1.067378e-09
3.440552e-09
5.773297e-09
5.544053e-09
4.339319e-09
1.060627e-09
1.917791e-09
3.421547e-09
4.807818e-10
9.753412e-10
2.411365e-09
3.323768e-09
1.494236e-07
1.242013e-09
1.015990e-09
1.956394e-09
4.157982e-10
9.346592e-09
5.203660e-10
8.082352e-10
2.170356e-09
2.107997e-10
3.551308e-09
2.622771e-08
4.675910e-08
3.142284e-08
1.153443e-08
1.450032e-09
5.548773e-10
7.055486e-10
7.128688e-10
5.170134e-10
1.302120e-09
4.681431e-10
6.401228e-10
6.184292e-10
2.736762e-09
7.888637e-09
8.017547e-09
3.450795e-09
3.713065e-09
1.609526e-09
6.703734e-10
1.617231e-08
1.623624e-09
1.921723e-08
8.000510e-09
1.817557e-08
6.947100e-10
8.400730e-09
2.935489e-08
1.036558e-08
4.866968e-08
9.693518e-09
2.355872e-08
8.113970e-09
7.114150e-09
9.422050e-10
1.369968e-09
1.005876e-09
5.804153e-09
6.005732e-09
1.178720e-09
1.458275e-09
9.382522e-10
2.994929e-09
2.340632e-09
3.916065e-09
4.107884e-09
3.880594e-09
1.099400e-09
1.109182e-08
1.907171e-08
3.969941e-09
1.866370e-09
1.178084e-08
5.038396e-08
3.757763e-09
1.909931e-08
1.122039e-08
1.694110e-08
1.776454e-08
4.936645e-10
5.500717e-10
2.548290e-10
2.105278e-09
5.689096e-09
2.243799e-08
4.673147e-09
5.616641e-09
1.064007e-09
1.018386e-09
8.391866e-10
6.695082e-11
8.599859e-12
1.427643e-11
1.571280e-11
4.693385e-12
2.450279e-11
2.219169e-11
2.619236e-10
2.955118e-10
5.811594e-10
6.091538e-10
5.682827e-10
1.113328e-09
4.165691e-10
4.328102e-10
7.610108e-10
5.560249e-11
1.746907e-10
2.881863e-11
1.943482e-10
2.948433e-11
7.394237e-11
1.184576e-11
3.837392e-10
6.636432e-11
2.085317e-10
3.226271e-10
3.519254e-11
4.464425e-11
7.242702e-12
4.808188e-11
4.726101e-11
1.332643e-10
4.541294e-10
1.643096e-10
5.259723e-10
1.225931e-10
8.333476e-11
3.197069e-11
1.218592e-10
8.075494e-11
5.716146e-10
1.793018e-10
5.281272e-10
1.227558e-10
8.349223e-11
3.200092e-11
1.218600e-10
8.075508e-11
5.716146e-10
1.793018e-10
5.281272e-10
1.227558e-10
8.349223e-11
3.200092e-11
1.218600e-10
8.075508e-11
5.716147e-10
1.793018e-10
5.281299e-10
1.227565e-10
8.349461e-11
3.200138e-11
1.221108e-10
8.123523e-11
6.013981e-10
1.815523e-10
5.702018e-10
1.445967e-10
4.012623e-10
1.287597e-10
3.820221e-10
3.294093e-10
3.178720e-09
8.719508e-10
2.293651e-09
3.855605e-09
9.837492e-10
6.968604e-10
9.871587e-11
2.150633e-11
5.936294e-11
2.400035e-11
6.682766e-12
6.222783e-10
1.886527e-09
8.133889e-10
1.845164e-10
1.906786e-09
2.298421e-10
5.309426e-10
2.413353e-10
1.413819e-10
7.781270e-11
6.571250e-11
8.639955e-11
3.394197e-10
9.206354e-10
8.734375e-10
1.345652e-09
1.349355e-09
1.116508e-09
7.286248e-10
3.961647e-10
1.030593e-09
1.560836e-09
1.504682e-09
7.612043e-10
8.226975e-10
7.056575e-10
1.038933e-09
3.817962e-10
2.886368e-10
3.781996e-10
6.687082e-10
2.597673e-10
4.953382e-09
4.813873e-09
3.578277e-09
1.932943e-09
1.534546e-09
2.383995e-09
4.892159e-10
6.007962e-10
1.048935e-09
1.593352e-09
8.214109e-08
1.031670e-09
1.195474e-09
2.215071e-09
4.102245e-10
3.882540e-09
4.812611e-10
7.039745e-10
2.128776e-09
3.227571e-10
5.027595e-10
8.841493e-09
3.302483e-08
3.050926e-08
1.207480e-08
2.349655e-09
4.093720e-09
1.545982e-10
4.137669e-10
3.218145e-10
5.893003e-10
3.758372e-10
7.635067e-10
5.523981e-10
1.623059e-09
4.025715e-09
4.002086e-09
2.492248e-09
3.520256e-09
1.751161e-09
1.069680e-09
5.092800e-09
9.844798e-10
1.498871e-08
4.155679e-09
1.769501e-08
6.594950e-10
8.609251e-09
1.267145e-08
5.048490e-09
3.841223e-08
7.365752e-09
2.730553e-08
9.556808e-09
1.051954e-08
4.998072e-09
2.404664e-09
2.589812e-10
1.815068e-09
2.468007e-09
8.403189e-10
1.958263e-09
7.065325e-10
3.701731e-09
1.503714e-09
2.496443e-09
3.951041e-09
1.385685e-09
9.598844e-10
3.596714e-09
1.096911e-08
2.763648e-09
2.250313e-09
6.281551e-09
2.317162e-08
1.979214e-09
1.363757e-08
6.527445e-09
2.004768e-08
1.134773e-08
1.684111e-09
1.171821e-09
2.760711e-10
6.540926e-10
2.736801e-09
1.268330e-08
2.253469e-09
5.520139e-09
1.264544e-09
1.422010e-09
2.396674e-09
2.181906e-10
1.844486e-10
8.896398e-13
1.192067e-11
4.462046e-12
8.203244e-12
1.868080e-12
2.280087e-11
9.087287e-11
2.294423e-10
5.286203e-10
3.924425e-10
8.009390e-10
5.324810e-10
2.540243e-10
6.196743e-10
5.771726e-11
3.390950e-10
1.870001e-11
1.422853e-10
2.948433e-11
6.939874e-11
1.651659e-11
2.250747e-11
1.981523e-11
1.009591e-10
2.548549e-10
3.781889e-11
1.518664e-10
5.543258e-12
1.362980e-11
1.631674e-11
8.448832e-11
1.288808e-10
1.137676e-10
3.065528e-10
1.257005e-10
7.631662e-11
7.671567e-11
3.693274e-11
3.536195e-11
2.502687e-10
1.288084e-10
3.083926e-10
1.263321e-10
7.680375e-11
7.728528e-11
3.693512e-11
3.536280e-11
2.502687e-10
1.288084e-10
3.083926e-10
1.263321e-10
7.680375e-11
7.728528e-11
3.693512e-11
3.536280e-11
2.502687e-10
1.288084e-10
3.083930e-10
1.263324e-10
7.680422e-11
7.728535e-11
3.694246e-11
3.545912e-11
2.569910e-10
1.291664e-10
3.147206e-10
1.387056e-10
2.938304e-10
1.392352e-10
1.999583e-10
1.081387e-10
8.591689e-10
3.411284e-10
1.831168e-09
2.901784e-09
1.009583e-09
9.474616e-10
7.916649e-11
6.332977e-11
4.892637e-11
1.393896e-11
2.712162e-12
8.881540e-11
1.155635e-10
6.545127e-10
9.513867e-11
1.325172e-09
1.219124e-10
6.663957e-10
2.843746e-10
1.066018e-10
8.915602e-11
5.399136e-11
4.105466e-11
9.415401e-11
1.820295e-10
3.413712e-10
8.848573e-10
1.208150e-09
1.044552e-09
5.417758e-10
3.731622e-10
5.067301e-10
5.039413e-10
6.132919e-10
6.284283e-10
7.183040e-10
7.897002e-10
7.786180e-10
1.965478e-10
2.707197e-10
2.864452e-10
2.430381e-10
1.163741e-10
2.800841e-10
1.938098e-09
3.391644e-09
2.270712e-09
2.296953e-09
1.292367e-09
5.529961e-10
2.038644e-10
7.543055e-10
2.247054e-10
1.142873e-08
3.937247e-10
1.183339e-09
1.994831e-09
3.638157e-10
1.085941e-09
1.882064e-10
5.427683e-10
1.975606e-09
2.922736e-10
6.961314e-10
3.720379e-10
3.123299e-09
8.658810e-09
1.138791e-08
2.385199e-09
4.976689e-09
8.590322e-10
3.193812e-10
1.467779e-10
2.699463e-10
1.211286e-10
7.549696e-10
4.845719e-10
6.208052e-10
1.118072e-09
1.001860e-09
1.144811e-09
3.065538e-09
1.669251e-09
1.107341e-09
1.587117e-09
2.156093e-10
9.298058e-09
9.421450e-10
1.491848e-08
6.687302e-10
7.152257e-09
1.141297e-09
2.266933e-09
1.602510e-08
3.948076e-09
2.579571e-08
6.982892e-09
1.017151e-08
6.482829e-09
3.214223e-09
1.532714e-10
7.601680e-10
2.767990e-10
2.974722e-10
1.826964e-09
4.868759e-10
1.945846e-09
1.343526e-09
7.757093e-10
2.676075e-09
2.366576e-10
1.223484e-09
1.311955e-09
1.632498e-09
1.269956e-09
2.145815e-09
4.305898e-09
2.990055e-09
1.241894e-09
7.323475e-09
2.748275e-09
1.755623e-08
6.424616e-09
2.195941e-09
2.514349e-09
2.131883e-10
2.832114e-10
4.149264e-10
3.046049e-09
9.891011e-10
2.854454e-09
1.133516e-09
1.631595e-09
2.863016e-09
6.892725e-10
3.608224e-10
8.666376e-12
1.138015e-11
4.411810e-12
7.568776e-12
9.385056e-13
1.500354e-11
3.803385e-11
1.194187e-10
4.160184e-10
3.488775e-10
7.768460e-10
7.401531e-10
1.818542e-10
5.776654e-10
8.997561e-11
3.799938e-10
4.774822e-11
1.178040e-10
3.036194e-11
7.394237e-11
1.651659e-11
2.906479e-11
1.446476e-11
3.892779e-11
2.392825e-10
3.878457e-11
1.698664e-10
1.707671e-11
1.671304e-11
1.005787e-11
7.759825e-11
4.206486e-11
9.739144e-11
2.294034e-10
1.201486e-10
7.292122e-11
1.187060e-10
7.733560e-11
3.094523e-11
1.710060e-10
1.122193e-10
2.292205e-10
1.231349e-10
7.500930e-11
1.225685e-10
7.743459e-11
3.094920e-11
1.710061e-10
1.122193e-10
2.292205e-10
1.231349e-10
7.500930e-11
1.225685e-10
7.743459e-11
3.094920e-11
1.710061e-10
1.122193e-10
2.292205e-10
1.231350e-10
7.500948e-11
1.225685e-10
7.743758e-11
3.095569e-11
1.740989e-10
1.122809e-10
2.302248e-10
1.251126e-10
2.705958e-10
1.745722e-10
2.012998e-10
8.917276e-11
3.959697e-10
1.580334e-10
1.499548e-09
2.697740e-09
1.059394e-09
1.028539e-09
1.349388e-10
3.875327e-10
3.077135e-10
1.579525e-11
4.131910e-12
7.732809e-11
2.050508e-11
5.984052e-10
8.419191e-11
1.010599e-09
1.079672e-10
6.312442e-10
2.768015e-10
2.483443e-10
1.134082e-10
5.491731e-11
4.946308e-11
5.800803e-11
6.541864e-11
1.779469e-10
6.691204e-10
9.335129e-10
9.492698e-10
7.274977e-10
4.826392e-10
2.332337e-10
3.552617e-10
3.882625e-10
5.068173e-10
6.233003e-10
8.039624e-10
8.576782e-10
3.069169e-10
3.296087e-10
2.667059e-10
1.776728e-10
1.906376e-10
2.655082e-10
2.884592e-10
2.794894e-09
9.250836e-10
2.314716e-09
2.727051e-09
8.631017e-10
2.675792e-10
5.305553e-10
1.700300e-10
5.099519e-09
3.389621e-10
1.101493e-09
1.729135e-09
4.836093e-10
1.751617e-09
4.669835e-10
3.771987e-10
1.911894e-09
3.828605e-10
6.181484e-10
4.385737e-10
4.011728e-10
4.015368e-09
1.097509e-08
2.210909e-09
4.554584e-09
2.610988e-09
6.349388e-09
9.490773e-11
2.347726e-10
9.322036e-11
6.668406e-10
4.944716e-10
5.497253e-10
6.357079e-10
8.754436e-10
9.071583e-10
2.804624e-09
1.252454e-09
9.773148e-10
1.725460e-09
6.562429e-10
4.568729e-09
6.705321e-10
1.205671e-08
6.283375e-10
6.883525e-09
8.027120e-10
2.377688e-09
1.001217e-08
3.253742e-09
2.263444e-08
6.090933e-09
1.086950e-08
8.657060e-09
5.665196e-09
8.076087e-10
1.070018e-09
1.705626e-10
2.437392e-10
1.540465e-09
4.288682e-10
1.841009e-09
1.280649e-09
1.107509e-09
1.369776e-09
2.023833e-10
1.061718e-09
6.386040e-10
1.397417e-09
1.127570e-09
1.910299e-09
2.652947e-09
1.842219e-09
1.154651e-09
6.272396e-09
1.501401e-09
1.360638e-08
5.432233e-09
5.286887e-09
3.116012e-09
6.415421e-10
5.109356e-10
6.210976e-10
1.184070e-09
6.242617e-10
2.376976e-09
9.422511e-10
1.514880e-09
3.993808e-09
2.167715e-09
9.486277e-10
3.521395e-11
2.172465e-11
1.620079e-12
4.499035e-12
3.273620e-13
1.065787e-12
2.392257e-12
7.931405e-12
4.588131e-11
5.420281e-11
6.206774e-10
5.432291e-10
1.443455e-10
4.524154e-11
8.112498e-11
3.346034e-10
3.889549e-11
1.034655e-10
1.301403e-11
4.494513e-11
1.184576e-11
2.250747e-11
1.446476e-11
6.350175e-12
1.063268e-11
2.236556e-11
1.586415e-10
1.391456e-11
1.908390e-11
5.217446e-12
6.029103e-12
7.974990e-12
8.459856e-12
3.435094e-11
3.414717e-11
4.628852e-11
1.283416e-10
5.406806e-11
3.198676e-11
1.410931e-11
2.354317e-11
3.701723e-11
3.290277e-11
5.159395e-11
1.500212e-10
5.428434e-11
3.203528e-11
1.410947e-11
2.354326e-11
3.701723e-11
3.290278e-11
5.159395e-11
1.500212e-10
5.428434e-11
3.203528e-11
1.410947e-11
2.354326e-11
3.701723e-11
3.290278e-11
5.159395e-11
1.500212e-10
5.428444e-11
3.203565e-11
1.413095e-11
2.354812e-11
3.703911e-11
3.297054e-11
5.569772e-11
1.905154e-10
1.025834e-10
5.830595e-11
4.770161e-11
2.805064e-11
2.046887e-10
7.653221e-10
6.791023e-10
8.146766e-10
1.375155e-10
7.628126e-10
5.039923e-10
4.834067e-11
1.536382e-12
2.124787e-11
5.457898e-12
1.739391e-11
2.857942e-11
3.730400e-10
3.417067e-11
3.623652e-10
1.173209e-10
1.339543e-10
8.340128e-11
4.699194e-11
4.994054e-11
3.077133e-11
2.115349e-11
2.401988e-11
5.642617e-11
1.638606e-10
2.877919e-10
4.775058e-10
4.802021e-10
2.090866e-10
1.013564e-10
1.998379e-10
1.043851e-10
1.481727e-10
6.973679e-10
6.717201e-10
2.566811e-10
1.358375e-10
2.659087e-10
1.080801e-10
1.329704e-10
1.592337e-10
5.053768e-11
5.005918e-11
4.570057e-10
1.482228e-09
1.192654e-09
1.031911e-09
2.157496e-10
8.715182e-10
6.612288e-11
1.781950e-09
1.176468e-10
2.515099e-10
5.998963e-10
4.678517e-10
2.360758e-09
6.160226e-10
1.827499e-10
2.489879e-10
3.489353e-10
5.131584e-10
3.796684e-10
2.014398e-10
8.857477e-11
1.132440e-09
9.489152e-10
4.501838e-09
2.790886e-09
9.146407e-09
3.275723e-10
2.849040e-11
7.693421e-11
2.014688e-10
1.515106e-10
4.215355e-10
3.202513e-10
3.934314e-10
1.284779e-10
7.548007e-10
4.937980e-10
9.935763e-10
1.031771e-09
8.198573e-10
3.752655e-10
1.281852e-10
4.347218e-09
5.071715e-10
2.958819e-09
4.981426e-10
1.644156e-09
8.851063e-10
5.462706e-10
6.848638e-09
2.911906e-09
6.609809e-09
8.851926e-09
5.483106e-09
9.563074e-10
1.365641e-09
3.446200e-10
4.439848e-11
6.938942e-10
1.074566e-10
1.393973e-09
6.547111e-10
8.757639e-10
4.708890e-10
4.275921e-11
1.056729e-09
3.909999e-10
4.126107e-10
3.427588e-10
1.003461e-09
3.194463e-10
5.378334e-10
9.484231e-10
3.537217e-09
3.031405e-10
5.835013e-09
3.513157e-09
5.858204e-09
3.041887e-09
5.183265e-10
6.569879e-10
8.786556e-10
3.009943e-10
5.821206e-11
3.401670e-10
3.415079e-10
6.189867e-10
4.366214e-09
2.983272e-09
1.034295e-09
8.910213e-11
3.594215e-11
1.622689e-10
4.985189e-13
1.929748e-13
6.938425e-13
2.286440e-12
4.600886e-12
3.277810e-12
1.640255e-11
7.121585e-10
5.297410e-10
8.636530e-11
4.392351e-11
1.019133e-09
7.111707e-10
1.586576e-10
4.196739e-11
1.283389e-10
1.059104e-10
2.992329e-11
3.837392e-10
1.981523e-11
3.892779e-11
1.063268e-11
4.325147e-11
1.691912e-10
1.322377e-11
1.176919e-11
5.883292e-11
4.053958e-11
2.630006e-12
4.502918e-11
1.539029e-11
3.520601e-11
7.536372e-11
1.235741e-10
8.407306e-11
6.109299e-11
3.988114e-11
2.710278e-11
2.789962e-11
9.407906e-11
4.272489e-11
1.960274e-10
9.153963e-11
6.211491e-11
3.989519e-11
2.710372e-11
2.789965e-11
9.407930e-11
4.272490e-11
1.960273e-10
9.153963e-11
6.211491e-11
3.989519e-11
2.710372e-11
2.789965e-11
9.407930e-11
4.272490e-11
1.960273e-10
9.153967e-11
6.211499e-11
3.989871e-11
2.710382e-11
2.790387e-11
9.408622e-11
4.338869e-11
2.035991e-10
1.344993e-10
8.551375e-11
4.533756e-11
2.082133e-10
2.030842e-10
3.603301e-10
3.327737e-10
4.711998e-10
1.915394e-10
1.557189e-09
3.423381e-09
9.029147e-10
4.871130e-11
2.399974e-11
2.085106e-11
7.867030e-12
7.803842e-12
1.077567e-10
2.914197e-11
1.783069e-10
2.697606e-10
4.182256e-10
8.617416e-11
2.604925e-10
4.070951e-10
3.269778e-10
7.196710e-11
4.467436e-11
5.578396e-11
1.151607e-10
2.353367e-10
3.689615e-10
6.064753e-10
4.739221e-10
4.224300e-10
6.612541e-10
1.054512e-09
1.386098e-10
4.724665e-10
7.139762e-10
5.210052e-10
2.981538e-10
1.328243e-09
2.341823e-10
2.481438e-10
3.095506e-10
1.476707e-10
4.351864e-11
1.241787e-10
2.139231e-09
1.359259e-09
7.909992e-10
1.144316e-09
7.108551e-09
8.895529e-10
3.588731e-10
5.437694e-10
2.369026e-10
1.613192e-10
3.965324e-10
4.497738e-09
5.650748e-09
3.516218e-10
5.558820e-10
7.031306e-10
9.188868e-10
4.726433e-09
1.161546e-10
5.866424e-10
3.279035e-10
2.015469e-10
1.601214e-09
2.999858e-09
1.179354e-08
4.773634e-09
1.705758e-09
3.673468e-10
7.508284e-10
1.395254e-10
1.154613e-10
4.084396e-10
1.703708e-09
4.653183e-10
1.445792e-09
4.763085e-10
4.192053e-10
1.614332e-09
3.876583e-09
6.221034e-10
2.185360e-10
1.708741e-09
3.150145e-09
2.867633e-09
1.032282e-09
4.185668e-09
1.486133e-09
8.484326e-10
2.092609e-09
1.689770e-09
6.663829e-09
1.547116e-08
1.029386e-08
2.369010e-09
4.601179e-09
1.033295e-08
5.959537e-10
5.370200e-10
1.939331e-10
4.901613e-10
5.965002e-10
4.417158e-09
1.517061e-10
2.748520e-10
1.832614e-09
5.164576e-09
5.566639e-10
3.768445e-10
1.534633e-09
2.260925e-10
1.851530e-10
1.316392e-09
2.625254e-08
3.420915e-10
1.930984e-09
5.744218e-09
2.052302e-08
4.262352e-09
1.300001e-09
9.823623e-10
1.083022e-08
4.590783e-09
1.041157e-10
1.995334e-10
8.730196e-10
3.813794e-10
5.290678e-09
4.441092e-09
3.073683e-09
6.034106e-10
8.107130e-10
2.413977e-09
1.133911e-09
1.673986e-13
7.798581e-13
2.111643e-12
6.329704e-11
3.387610e-11
1.062326e-11
2.008894e-10
3.246308e-10
1.858275e-09
1.069387e-10
3.691371e-09
2.679766e-09
4.733939e-10
7.198225e-11
1.865857e-10
2.428298e-09
8.426438e-11
2.086815e-09
6.636432e-11
1.009591e-10
2.392825e-10
2.236556e-11
1.691912e-10
3.699731e-10
2.128017e-11
8.539031e-11
9.645708e-10
2.440608e-11
2.322975e-10
4.076010e-11
4.534635e-11
1.569528e-10
1.117482e-10
1.006667e-10
1.531137e-10
1.154064e-10
5.483114e-10
7.403324e-11
3.233954e-10
7.339718e-11
2.638048e-10
1.190393e-10
1.603558e-10
1.155104e-10
5.483602e-10
7.403343e-11
3.233972e-10
7.339725e-11
2.638047e-10
1.190393e-10
1.603558e-10
1.155104e-10
5.483602e-10
7.403343e-11
3.233972e-10
7.339725e-11
2.638047e-10
1.190393e-10
1.603558e-10
1.155110e-10
5.483602e-10
7.403354e-11
3.233986e-10
7.351870e-11
2.647881e-10
1.252050e-10
1.991610e-10
1.211306e-10
7.191582e-10
6.140103e-10
5.350904e-10
2.520006e-10
2.621897e-10
5.319789e-10
3.664923e-09
5.588201e-09
7.225275e-09
6.204201e-10
5.500711e-10
1.015686e-10
3.961822e-11
3.430750e-11
2.760955e-11
1.515448e-10
7.687747e-10
2.937365e-10
5.608888e-09
1.908292e-10
4.392167e-10
2.000766e-09
1.668744e-09
2.221683e-10
1.759220e-10
6.570148e-11
8.954717e-11
3.149328e-10
6.010070e-10
7.844189e-10
6.777051e-10
1.517964e-09
2.369389e-09
3.559873e-09
5.036548e-10
3.191894e-10
6.856306e-10
8.027742e-10
4.345809e-10
4.793186e-09
1.100619e-09
5.333914e-10
7.217657e-10
5.144211e-10
2.381209e-10
4.839557e-10
3.743330e-10
4.473690e-09
2.046848e-09
1.400148e-09
3.981950e-08
4.947923e-09
6.383545e-10
9.578657e-10
1.810629e-09
4.627372e-10
6.592922e-10
6.113738e-09
9.281658e-09
9.885575e-10
7.132051e-09
6.067838e-09
1.517483e-09
2.082995e-08
4.916902e-10
4.875262e-10
8.002320e-09
5.507787e-10
1.608343e-09
2.974689e-09
1.271656e-08
6.474919e-09
1.227548e-08
1.326533e-08
2.596356e-09
2.752165e-09
1.127206e-10
1.697788e-10
6.524524e-09
1.024970e-09
3.865665e-09
4.794095e-09
2.578637e-09
1.171884e-09
3.356211e-09
1.609350e-09
3.683571e-09
7.460676e-09
2.503120e-09
1.259236e-08
4.630390e-09
1.334551e-08
2.542207e-09
5.039234e-09
1.582017e-09
3.747556e-09
7.996917e-09
1.565224e-08
2.602722e-08
9.142873e-09
1.311225e-08
4.344489e-08
8.345575e-09
1.667414e-09
1.651521e-09
2.606845e-10
3.841007e-10
1.175095e-08
4.655108e-10
1.548909e-09
1.329979e-08
8.631835e-09
4.932674e-09
4.331745e-10
1.528264e-09
2.574006e-09
9.277150e-10
1.122799e-09
4.471584e-08
2.359206e-09
2.461600e-09
1.275286e-08
5.481900e-08
5.469661e-09
8.530769e-09
2.681170e-09
2.090959e-08
7.196021e-08
7.373633e-10
1.457856e-09
4.124797e-09
7.082707e-10
1.634484e-08
4.884008e-09
4.381331e-09
2.281123e-09
6.300781e-09
1.445220e-08
6.498292e-09
1.497796e-10
1.606321e-13
2.112408e-12
6.347234e-11
5.181951e-11
1.865807e-11
5.858136e-11
6.915828e-11
8.082701e-11
1.028246e-10
5.749186e-09
2.901696e-09
7.664810e-10
7.986199e-11
3.700156e-10
2.490589e-09
1.382657e-10
2.783570e-09
7.393236e-11
2.085317e-10
2.548549e-10
3.878457e-11
1.586415e-10
1.322377e-11
2.128017e-11
4.368278e-10
9.899182e-10
4.630378e-11
7.262255e-10
3.956133e-11
7.963189e-11
1.553249e-10
5.529247e-11
6.971818e-11
1.539287e-10
1.232901e-10
6.084408e-10
1.277329e-10
5.788886e-10
7.073083e-11
2.416028e-10
8.348641e-11
1.691317e-10
1.241847e-10
6.087886e-10
1.277419e-10
5.788969e-10
7.073123e-11
2.416025e-10
8.348642e-11
1.691317e-10
1.241847e-10
6.087886e-10
1.277419e-10
5.788969e-10
7.073123e-11
2.416025e-10
8.348642e-11
1.691317e-10
1.241848e-10
6.087886e-10
1.277419e-10
5.788971e-10
7.076804e-11
2.417477e-10
8.400359e-11
1.707746e-10
1.278004e-10
7.957371e-10
6.494920e-10
8.210294e-10
5.522974e-11
1.602584e-10
4.827222e-10
3.780363e-09
5.850412e-09
8.107994e-09
1.301806e-09
1.525531e-09
3.227647e-10
8.915489e-11
8.592070e-11
5.279778e-11
2.669739e-11
1.280557e-10
4.291506e-10
6.129267e-09
1.470562e-10
6.857418e-10
2.363431e-09
2.715460e-09
2.603315e-10
2.660260e-10
7.659284e-11
1.028362e-10
1.319173e-10
1.567806e-10
5.677326e-10
8.660270e-10
1.735930e-09
2.638805e-09
4.209149e-09
5.805755e-10
1.155086e-10
4.582801e-10
5.956688e-10
6.131210e-10
4.908772e-09
1.096173e-09
1.249977e-09
1.139915e-09
5.776661e-10
2.807710e-10
9.172880e-10
4.974261e-10
6.954787e-10
6.697070e-10
4.546415e-09
4.120786e-08
7.012399e-09
8.525612e-10
1.790722e-09
2.341350e-09
5.788209e-10
6.784678e-10
6.342783e-09
1.042597e-08
6.908532e-10
8.672700e-09
8.638042e-09
4.999962e-09
4.105290e-08
4.216101e-10
1.105736e-09
8.590681e-09
5.853021e-10
2.222207e-09
1.915804e-09
9.429336e-09
6.936750e-09
1.289907e-08
2.110164e-08
1.978762e-08
1.815618e-09
3.215995e-10
1.981096e-09
6.328673e-09
1.235427e-09
4.623164e-09
4.431931e-09
1.349207e-09
3.345279e-09
5.462633e-09
1.086074e-09
9.884091e-10
1.203549e-08
1.030196e-08
6.251540e-09
1.617923e-09
1.631801e-08
6.158983e-09
1.018982e-08
2.911755e-09
2.579713e-09
7.520877e-09
1.774520e-08
1.902895e-08
6.339439e-09
2.210900e-08
6.229397e-08
1.497880e-08
6.261369e-09
2.863619e-09
1.963594e-10
3.947584e-10
1.038887e-08
5.097240e-10
2.281985e-09
1.517830e-08
2.082436e-08
5.345145e-09
6.008154e-10
1.708626e-09
2.459213e-09
1.224844e-09
1.383235e-09
4.661521e-08
2.422205e-09
3.924876e-09
1.349184e-08
7.244498e-08
5.211383e-09
3.682275e-09
3.730060e-09
3.401622e-08
9.181789e-08
2.148878e-09
3.564242e-09
7.325553e-09
1.380535e-09
2.013651e-08
4.259377e-09
3.927142e-09
2.316267e-09
7.997962e-09
1.922966e-08
1.597077e-08
4.285465e-10
2.245155e-10
1.865731e-12
6.317274e-11
5.186553e-11
1.966333e-11
4.432195e-11
3.950826e-11
5.821807e-11
6.643579e-11
3.859185e-09
2.853444e-09
2.750315e-09
1.383267e-10
3.105861e-10
2.539267e-09
2.255942e-10
3.099657e-09
7.291050e-11
2.171813e-10
3.226271e-10
3.781889e-11
1.698664e-10
1.391456e-11
1.176919e-11
8.539031e-11
9.899182e-10
3.969830e-10
9.426116e-10
4.438457e-11
7.570005e-11
1.794522e-10
3.331952e-11
6.331420e-11
1.323392e-10
1.210094e-10
6.335637e-10
1.317830e-10
6.973178e-10
6.544135e-11
2.334334e-10
7.557341e-11
1.524304e-10
1.245679e-10
6.376070e-10
1.318229e-10
6.974635e-10
6.544257e-11
2.334298e-10
7.557350e-11
1.524304e-10
1.245679e-10
6.376070e-10
1.318229e-10
6.974635e-10
6.544257e-11
2.334298e-10
7.557350e-11
1.524304e-10
1.245679e-10
6.376070e-10
1.318229e-10
6.974636e-10
6.544442e-11
2.335090e-10
7.564979e-11
1.526342e-10
1.248917e-10
8.031257e-10
6.382727e-10
9.457925e-10
5.622262e-11
6.638044e-11
3.148626e-10
3.661469e-09
5.700086e-09
8.178699e-09
1.673777e-09
2.272616e-09
4.703377e-10
1.958990e-10
1.242729e-10
7.104628e-11
2.779684e-11
9.945713e-11
2.926015e-10
5.491847e-09
2.489694e-10
1.118919e-09
2.381523e-09
3.542425e-09
3.877823e-10
2.973656e-10
1.361510e-10
1.484566e-10
1.235065e-10
1.465426e-10
2.525093e-10
4.195018e-10
1.606657e-09
2.941505e-09
4.559164e-09
7.306250e-10
3.192452e-10
4.208695e-10
4.241075e-10
4.771361e-10
4.924828e-09
1.282571e-09
1.315518e-09
1.234094e-09
1.103782e-09
3.571649e-10
8.876015e-10
5.650161e-10
7.287091e-10
3.346742e-10
1.318299e-09
4.001751e-08
1.028839e-08
2.352637e-09
1.598392e-09
3.050676e-09
1.086030e-09
6.761752e-10
6.520315e-09
1.032853e-08
7.438816e-10
9.023962e-09
8.609367e-09
5.530061e-09
7.426259e-08
4.845528e-10
8.879295e-10
8.675100e-09
1.220655e-09
5.568517e-09
4.457494e-10
5.209956e-09
7.079071e-09
1.296503e-08
2.256086e-08
2.427601e-08
6.164333e-09
9.101335e-10
2.241996e-10
6.271031e-09
3.074826e-09
4.657500e-09
4.374527e-09
1.518584e-09
1.217193e-09
2.687272e-09
3.256150e-09
3.278643e-09
1.222873e-08
1.034330e-08
8.254110e-09
4.220086e-09
8.833122e-09
3.065729e-09
1.339330e-08
8.215292e-09
6.875280e-09
7.823606e-09
1.548672e-08
1.630140e-08
7.889666e-09
1.597073e-08
6.257375e-08
2.307002e-08
1.264501e-08
5.696026e-09
8.036585e-10
5.044986e-10
1.049918e-08
4.349421e-10
8.473348e-10
1.553768e-08
2.247216e-08
7.088974e-09
1.730588e-09
1.524837e-09
2.542308e-09
1.505440e-09
1.124212e-09
4.650412e-08
2.928872e-09
4.611315e-09
1.349759e-08
7.406917e-08
5.535853e-09
2.933620e-09
3.519058e-09
3.006822e-08
1.009862e-07
8.747019e-09
5.319084e-09
9.721928e-09
1.876761e-09
2.326014e-08
3.485491e-09
3.755633e-09
2.276376e-09
8.347012e-09
1.999299e-08
1.784926e-08
1.605787e-09
4.253158e-10
4.196495e-11
6.183210e-11
5.149286e-11
1.902298e-11
3.497787e-11
3.721778e-11
4.905832e-11
5.356132e-11
3.313107e-09
2.725176e-09
7.908439e-10
2.277722e-10
2.135378e-09
2.532550e-09
1.530594e-10
3.031838e-09
1.980062e-10
2.692418e-10
3.528824e-10
3.519254e-11
1.518664e-10
1.707671e-11
1.908390e-11
5.883292e-11
9.645708e-10
4.630378e-11
9.426116e-10
4.160943e-10
1.145415e-10
1.559130e-10
2.708029e-11
4.251108e-11
1.139065e-10
1.096133e-10
6.106566e-10
1.338130e-10
6.945016e-10
8.575781e-11
1.872431e-10
5.845656e-11
1.360601e-10
1.090406e-10
6.214342e-10
1.346063e-10
6.948091e-10
8.579043e-11
1.872357e-10
5.845767e-11
1.360600e-10
1.090408e-10
6.214342e-10
1.346063e-10
6.948091e-10
8.579043e-11
1.872357e-10
5.845767e-11
1.360600e-10
1.090408e-10
6.214342e-10
1.346063e-10
6.948091e-10
8.579130e-11
1.872577e-10
5.849978e-11
1.361546e-10
1.091852e-10
6.951608e-10
6.233697e-10
9.087788e-10
7.357385e-11
1.055246e-10
2.729275e-10
2.925816e-09
4.172751e-09
7.843210e-09
1.651715e-09
2.536452e-09
7.456797e-10
3.123543e-10
7.331146e-10
9.378992e-11
2.643923e-11
1.092330e-10
1.978328e-10
5.363706e-09
1.152582e-10
3.486591e-10
2.510203e-09
4.308928e-09
3.278697e-10
4.897696e-10
4.069949e-10
1.758885e-10
1.325053e-10
1.442219e-10
1.815218e-10
3.100081e-10
1.132190e-09
2.270250e-09
4.370466e-09
1.172797e-09
6.208821e-10
4.520579e-10
5.758052e-10
3.535409e-10
4.117062e-09
1.166675e-09
1.262582e-09
1.863468e-09
1.196243e-09
2.876255e-10
1.045918e-09
5.814852e-10
6.112869e-10
4.374508e-10
6.644762e-10
3.869878e-08
6.989682e-09
1.200151e-09
5.446525e-09
4.094481e-09
8.591746e-10
5.026581e-10
6.329322e-09
8.196634e-09
4.888088e-10
8.829208e-09
8.607192e-09
5.946881e-09
8.160120e-08
7.041127e-10
4.130882e-10
8.726938e-09
1.034468e-09
5.724171e-09
1.076353e-09
2.737860e-09
2.984241e-09
1.171593e-08
2.275521e-08
2.466849e-08
1.179014e-08
1.244322e-08
3.315919e-10
5.770343e-09
9.606574e-10
4.149756e-09
6.169806e-09
1.501351e-09
8.323706e-10
1.952974e-09
6.595019e-10
7.182716e-10
1.449457e-08
1.349522e-08
8.243748e-09
8.577172e-10
7.514145e-09
5.191283e-09
5.568353e-09
5.376203e-09
9.640830e-09
1.196367e-08
1.675521e-08
1.282930e-08
4.816644e-09
1.255174e-08
6.366672e-08
1.665140e-08
1.077101e-08
1.133893e-08
4.201692e-09
3.221132e-09
8.580425e-09
4.128218e-10
5.369134e-10
1.526645e-08
1.930240e-08
7.329987e-09
2.168266e-09
7.440271e-10
3.588252e-09
1.498476e-09
9.874321e-10
3.860390e-08
2.933486e-09
4.296405e-09
1.325698e-08
7.197702e-08
5.095839e-09
2.775987e-09
2.864514e-09
2.757899e-08
1.023299e-07
4.315575e-09
5.870654e-09
1.545050e-08
3.055533e-09
2.308088e-08
2.329785e-09
2.668955e-09
1.997502e-09
7.902398e-09
1.971227e-08
1.865313e-08
2.031742e-09
1.718053e-09
1.555567e-10
2.441267e-11
1.893380e-11
1.113587e-11
1.083580e-11
6.180485e-12
3.927366e-12
3.619239e-12
2.460238e-10
2.931093e-10
5.795517e-10
1.680544e-10
3.950768e-10
2.166410e-10
2.691162e-10
1.171049e-09
6.711286e-11
2.492496e-10
1.304656e-10
1.844088e-11
4.464425e-11
5.543258e-12
1.671304e-11
5.217446e-12
4.053958e-11
2.440608e-11
7.262255e-10
4.438457e-11
1.145415e-10
5.711851e-11
1.767524e-12
8.213419e-12
6.724388e-12
1.667966e-11
8.698768e-11
6.620555e-11
4.860288e-10
4.291776e-11
7.519014e-11
5.703033e-12
3.057114e-11
1.734590e-11
9.303543e-11
6.738340e-11
4.867059e-10
4.299140e-11
7.517238e-11
5.704964e-12
3.057100e-11
1.734625e-11
9.303543e-11
6.738341e-11
4.867059e-10
4.299140e-11
7.517238e-11
5.704964e-12
3.057100e-11
1.734625e-11
9.303543e-11
6.738341e-11
4.867059e-10
4.299142e-11
7.517339e-11
5.705223e-12
3.057857e-11
1.734910e-11
9.436480e-11
7.615475e-11
6.704518e-10
4.775925e-11
4.948176e-11
3.192778e-11
2.859717e-10
3.258081e-10
1.705193e-09
1.011009e-09
2.049564e-09
5.474127e-10
3.696422e-10
7.349142e-10
7.887826e-11
8.288918e-12
3.768157e-11
4.813538e-11
1.574623e-10
4.088307e-11
1.269552e-10
6.628991e-10
2.390431e-09
1.478685e-10
2.021410e-10
3.617139e-10
8.459743e-11
4.479738e-11
2.855290e-11
3.058360e-11
2.300747e-11
7.364902e-11
2.671921e-10
7.123613e-10
4.643397e-10
4.523370e-10
2.928602e-10
1.149204e-10
1.221793e-10
4.278092e-10
1.532775e-10
8.485401e-10
1.280290e-09
7.684898e-10
1.349250e-10
4.613079e-10
2.992237e-10
2.536485e-10
1.849870e-10
9.959439e-11
5.980073e-10
2.943157e-09
6.533122e-10
1.483134e-09
2.596971e-09
6.883922e-10
2.504438e-10
1.023256e-09
3.406043e-09
1.177572e-10
1.951281e-09
3.044450e-09
4.839071e-09
6.987920e-08
4.365847e-10
1.172800e-10
1.299673e-09
6.469455e-10
4.701949e-09
2.168471e-10
1.111774e-09
1.188738e-10
1.136560e-09
9.321105e-09
2.220561e-08
1.107293e-08
1.285615e-08
5.234079e-10
1.088796e-10
4.546130e-10
8.895085e-10
9.603456e-10
1.304035e-09
5.971380e-10
2.575732e-10
1.220740e-10
1.819614e-10
5.197657e-09
9.585688e-09
5.740104e-09
8.759984e-10
5.582877e-10
4.277206e-10
1.999365e-09
3.555633e-09
1.400964e-09
4.701690e-09
5.381047e-09
1.208433e-09
9.011381e-10
3.787181e-09
2.438768e-08
8.434419e-09
9.810467e-09
3.804082e-09
2.943955e-09
2.838149e-09
1.114055e-09
1.792682e-10
2.092522e-10
3.108679e-09
1.425649e-08
3.712286e-09
5.064522e-10
4.771964e-10
4.276078e-10
1.099638e-09
3.437351e-10
7.302073e-09
1.439783e-09
2.081343e-09
2.102413e-09
2.881531e-08
3.162117e-09
5.171442e-10
7.905239e-10
1.086297e-08
4.694432e-08
3.022387e-09
4.467498e-09
6.432524e-09
3.248211e-09
9.402434e-09
3.028722e-10
2.149801e-10
3.307360e-10
2.253517e-09
6.018992e-09
1.397089e-08
1.989929e-09
1.723671e-09
1.105962e-10
3.334321e-11
1.193046e-11
1.490818e-12
6.731936e-12
5.379372e-12
1.659169e-12
5.659158e-13
1.037689e-11
1.527069e-11
1.235567e-10
1.633737e-10
3.372703e-10
2.797753e-10
7.895350e-11
3.560147e-10
7.507139e-11
1.404304e-10
3.778776e-10
4.940877e-12
1.500280e-11
7.242702e-12
1.362980e-11
1.005787e-11
6.029103e-12
2.630006e-12
2.322975e-10
3.956133e-11
7.570005e-11
1.559130e-10
1.767524e-12
1.634433e-12
3.182630e-12
5.306773e-12
1.952909e-11
1.402986e-11
1.562223e-10
7.932511e-11
6.225507e-11
3.041311e-11
2.295415e-11
1.054463e-11
2.550343e-11
1.279159e-11
1.584342e-10
8.129581e-11
6.201570e-11
3.055684e-11
2.295317e-11
1.055552e-11
2.550353e-11
1.279167e-11
1.584342e-10
8.129581e-11
6.201570e-11
3.055684e-11
2.295317e-11
1.055552e-11
2.550353e-11
1.279167e-11
1.584342e-10
8.129582e-11
6.201575e-11
3.055686e-11
2.295325e-11
1.055578e-11
2.553860e-11
1.298061e-11
1.623203e-10
8.861838e-11
6.206449e-11
3.722805e-11
6.711710e-11
2.535246e-11
1.018817e-10
4.134883e-10
1.357830e-09
3.723433e-10
3.626097e-10
9.895448e-10
1.283587e-10
4.351177e-11
2.144284e-11
8.808534e-12
2.731894e-11
5.994494e-12
1.675008e-11
3.365979e-10
1.293918e-09
1.548665e-10
7.675050e-11
3.654679e-10
8.744726e-11
2.042075e-11
1.827083e-11
2.193720e-11
1.238527e-11
1.403679e-11
5.073794e-11
1.820072e-10
2.259086e-10
2.327024e-10
3.364469e-10
2.200544e-10
1.328567e-10
2.757083e-10
8.108266e-11
2.946550e-10
1.026000e-09
6.925611e-10
2.150559e-10
1.226656e-10
1.593591e-10
1.829117e-10
1.665140e-10
6.976386e-11
1.100740e-10
2.348898e-10
4.703517e-10
9.634363e-10
1.646201e-09
1.820050e-09
1.549242e-10
5.475686e-10
4.728495e-10
2.473726e-10
4.347050e-10
3.703839e-10
1.055713e-09
5.337695e-08
4.445106e-10
9.343138e-11
9.971098e-10
1.952060e-10
3.761066e-09
1.458925e-10
1.811961e-10
6.282139e-10
3.897378e-11
1.410144e-09
5.829032e-09
9.746951e-09
1.273312e-08
1.638883e-09
5.086724e-10
2.041043e-10
2.738117e-10
1.174945e-10
3.053355e-10
4.609311e-10
1.283452e-10
1.120831e-10
1.291097e-10
1.221689e-09
4.272549e-09
3.048447e-09
3.762238e-10
4.520169e-10
2.835138e-10
3.166907e-10
2.456751e-09
6.145464e-10
2.412016e-09
1.926637e-09
1.120624e-09
2.254491e-10
1.027534e-09
6.730778e-09
2.854933e-09
6.367960e-09
2.688691e-09
4.420400e-09
3.783355e-09
1.475106e-09
1.465894e-10
5.505001e-11
5.287886e-10
2.060482e-09
2.820039e-09
3.354991e-10
3.693041e-10
3.762443e-10
4.663774e-10
4.036799e-10
1.024219e-09
1.137137e-09
1.059820e-09
4.881326e-10
2.921904e-09
2.208514e-09
4.765049e-10
4.956812e-10
2.180335e-09
1.697121e-08
1.804074e-09
2.554051e-09
3.905177e-09
2.945355e-09
7.648053e-09
1.589457e-10
1.329190e-10
1.375319e-10
5.082567e-10
1.327299e-09
3.267116e-09
1.784616e-09
1.817708e-09
2.518184e-10
3.272024e-10
1.067811e-10
1.060123e-11
4.923374e-12
5.213338e-12
1.588614e-12
4.511468e-13
6.067177e-12
2.338480e-12
2.936811e-11
1.260496e-10
3.496649e-10
4.433573e-10
5.304653e-10
1.595134e-10
9.765766e-11
2.991674e-10
4.728091e-10
6.395004e-11
2.170918e-11
1.386066e-11
4.808188e-11
1.631674e-11
7.759825e-11
7.974990e-12
4.502918e-11
4.076010e-11
7.963189e-11
1.794522e-10
2.708029e-11
8.213419e-12
3.182630e-12
8.944411e-12
6.197058e-12
1.346953e-11
7.001719e-11
9.685975e-11
2.742483e-10
1.282055e-10
3.692312e-10
3.547410e-11
2.547192e-11
1.591912e-11
5.814680e-11
1.044717e-10
2.616758e-10
1.314349e-10
3.690866e-10
3.560671e-11
2.547721e-11
1.592300e-11
5.814681e-11
1.044717e-10
2.616758e-10
1.314349e-10
3.690866e-10
3.560671e-11
2.547721e-11
1.592300e-11
5.814681e-11
1.044717e-10
2.616758e-10
1.314349e-10
3.690867e-10
3.560673e-11
2.548905e-11
1.595605e-11
5.881232e-11
1.058241e-10
2.699222e-10
1.367373e-10
3.994433e-10
1.100282e-10
7.696096e-11
1.762100e-10
1.257556e-09
4.092765e-10
5.274981e-10
1.163282e-09
5.280972e-10
3.359863e-10
2.246850e-10
5.587055e-12
1.761098e-11
8.550876e-12
2.788755e-12
2.481803e-10
1.012757e-09
1.219497e-10
9.433098e-11
5.398809e-10
1.364383e-10
5.536423e-11
3.204450e-11
7.919033e-11
7.019216e-11
4.092921e-11
5.568318e-11
9.475739e-11
5.122794e-10
3.236244e-10
4.346527e-10
7.938144e-10
6.892547e-10
7.752650e-10
4.958949e-10
3.390050e-10
1.228194e-09
1.004465e-09
4.902540e-10
5.168650e-10
4.855261e-10
7.734649e-10
2.317745e-10
1.506469e-10
3.022947e-10
4.491973e-10
9.102161e-11
2.175012e-09
1.443181e-09
1.755985e-09
1.910380e-09
8.838223e-10
1.670704e-09
5.088050e-10
4.033951e-10
3.037745e-10
5.864352e-10
2.966366e-08
3.906458e-10
2.280359e-10
2.005106e-09
4.651587e-10
1.535550e-09
1.681284e-10
1.639563e-10
7.445229e-10
1.516631e-10
1.665363e-10
2.233748e-09
7.227824e-09
1.250921e-08
1.832065e-09
3.079828e-09
1.258654e-08
2.266598e-10
1.029754e-10
2.116154e-10
2.195312e-10
1.370646e-10
1.938869e-10
2.145227e-10
7.825105e-10
2.264973e-09
1.846772e-09
3.409865e-10
4.685081e-10
8.712925e-10
1.092199e-09
1.169351e-09
7.409749e-10
2.250056e-09
1.256431e-09
2.558772e-09
5.823761e-10
2.502206e-09
3.409139e-09
1.538593e-09
5.140701e-09
2.254437e-09
8.174399e-09
7.404400e-09
5.059393e-09
1.665737e-09
6.330438e-10
1.344278e-10
6.174403e-10
1.190433e-09
2.578010e-10
5.358220e-10
3.839236e-10
8.388465e-10
2.338758e-10
8.263455e-10
1.484398e-09
4.820517e-10
3.260550e-10
1.047830e-09
1.645196e-09
4.743894e-10
6.622647e-10
1.752427e-09
9.068937e-09
1.318551e-09
1.843918e-09
2.688300e-09
5.851932e-09
6.078207e-09
1.337036e-09
1.862910e-09
4.523181e-10
1.613875e-10
7.049763e-10
1.968350e-09
8.685446e-10
1.809277e-09
7.579069e-10
2.025779e-09
2.975124e-09
1.141694e-10
1.795000e-10
3.402865e-13
5.009646e-13
3.843454e-13
1.307281e-12
1.022136e-12
2.040524e-12
3.200061e-11
1.512486e-10
4.435793e-10
5.682859e-10
2.122313e-10
1.692348e-10
3.180385e-10
4.578400e-10
7.614332e-11
1.160594e-10
2.104995e-11
4.906010e-11
4.726101e-11
8.448832e-11
4.206486e-11
8.459856e-12
1.539029e-11
4.534635e-11
1.553249e-10
3.331952e-11
4.251108e-11
6.724388e-12
5.306773e-12
6.197058e-12
1.097329e-11
3.600687e-11
9.454403e-11
2.931044e-10
2.657882e-10
5.060424e-10
1.766291e-10
3.090686e-11
4.114889e-11
2.858756e-11
8.895489e-11
2.723676e-10
2.882230e-10
5.056664e-10
1.794095e-10
3.092328e-11
4.117642e-11
2.858763e-11
8.895493e-11
2.723675e-10
2.882230e-10
5.056664e-10
1.794095e-10
3.092328e-11
4.117642e-11
2.858763e-11
8.895493e-11
2.723675e-10
2.882230e-10
5.056664e-10
1.794095e-10
3.092352e-11
4.118348e-11
2.869285e-11
8.915303e-11
2.737040e-10
2.939680e-10
5.334741e-10
2.493509e-10
1.884972e-10
1.917582e-10
5.540857e-10
3.650100e-10
4.749518e-10
7.713231e-10
5.928758e-10
5.046537e-10
3.202850e-10
2.480346e-11
7.711330e-12
6.976825e-12
1.241774e-12
1.055941e-11
6.372882e-11
7.013023e-11
5.539140e-11
3.905663e-10
1.220148e-10
2.146749e-10
1.479925e-10
1.228360e-10
2.156112e-10
1.226412e-10
1.122554e-10
1.297373e-10
2.869678e-10
3.669174e-10
8.795408e-10
1.161732e-09
1.556370e-09
1.463175e-09
1.321993e-09
9.392637e-10
5.571015e-10
9.235701e-10
1.506220e-09
1.262532e-09
1.015133e-09
1.174861e-09
5.182793e-10
3.650172e-10
4.027484e-10
3.459719e-10
5.808168e-11
3.321955e-10
2.927444e-09
3.167918e-09
2.223660e-09
2.600905e-09
2.877225e-09
1.124852e-09
3.320859e-10
5.616342e-10
1.438912e-10
2.896291e-09
1.420969e-10
2.875739e-10
2.050020e-09
4.825958e-10
4.823523e-10
1.073341e-10
1.977781e-10
7.689330e-10
1.517700e-10
2.490787e-10
1.285872e-10
7.564559e-10
3.241295e-09
2.123276e-09
3.539546e-09
1.533111e-08
2.912945e-09
1.422724e-10
1.832108e-10
1.079326e-10
6.095545e-11
2.189967e-10
2.520380e-10
2.803358e-10
5.166483e-10
3.330111e-10
3.694025e-10
7.856852e-10
1.170737e-09
1.386778e-09
7.248426e-10
4.134392e-10
2.370976e-09
7.857553e-10
2.832819e-09
9.413837e-10
2.897739e-09
6.949234e-10
6.376184e-10
1.836026e-09
1.353310e-09
8.680590e-09
7.110949e-09
5.589572e-09
2.152995e-09
1.178931e-09
6.554755e-11
1.374203e-10
1.443576e-10
7.622386e-11
5.306906e-10
3.211887e-10
5.161854e-10
2.154152e-10
2.684231e-10
1.311818e-09
2.988845e-10
5.279413e-10
5.198378e-10
3.836691e-10
2.752756e-10
8.089015e-10
1.877565e-09
2.129832e-09
1.525326e-09
1.800215e-09
1.705762e-09
5.671101e-09
4.979328e-09
2.096062e-09
8.097417e-09
6.382764e-10
6.293642e-11
7.341233e-11
3.897351e-10
4.549061e-10
8.209258e-10
9.367606e-10
2.655566e-09
4.089094e-09
5.143820e-10
4.008609e-10
7.481657e-11
2.600101e-13
3.901226e-13
1.238277e-12
3.255405e-12
3.517746e-12
2.215723e-11
8.435494e-11
4.226964e-10
7.437611e-10
3.853139e-10
5.070581e-10
7.727646e-10
5.365946e-10
1.119031e-10
1.734239e-10
3.310347e-10
6.810614e-11
1.868106e-10
1.332643e-10
1.288808e-10
9.739144e-11
3.435094e-11
3.520601e-11
1.569528e-10
5.529247e-11
6.331420e-11
1.139065e-10
1.667966e-11
1.952909e-11
1.346953e-11
3.600687e-11
1.755626e-10
4.413297e-10
3.530892e-10
9.400979e-10
5.891082e-10
4.545681e-10
9.725901e-11
4.581205e-11
1.810045e-10
3.258766e-10
4.007110e-10
9.381156e-10
6.083415e-10
4.552087e-10
9.738806e-11
4.581246e-11
1.810048e-10
3.258762e-10
4.007110e-10
9.381156e-10
6.083416e-10
4.552087e-10
9.738806e-11
4.581246e-11
1.810048e-10
3.258762e-10
4.007110e-10
9.381156e-10
6.083416e-10
4.552088e-10
9.738821e-11
4.583213e-11
1.810393e-10
3.260727e-10
4.015769e-10
9.691806e-10
6.819610e-10
6.103974e-10
7.705195e-10
5.296861e-10
4.793944e-10
5.342223e-10
1.174957e-09
8.460758e-10
5.741688e-10
1.132613e-09
2.461609e-10
1.397370e-10
1.633810e-11
3.855177e-12
1.280952e-11
7.049785e-12
3.015378e-11
7.196076e-11
1.947121e-10
5.338001e-10
2.500175e-10
2.736706e-10
5.648421e-10
9.918789e-10
3.322726e-10
4.430024e-10
2.246005e-10
2.032663e-10
5.680921e-10
1.498045e-09
1.739126e-09
2.806207e-09
4.039260e-09
4.096310e-09
2.457671e-09
1.461335e-09
9.994323e-10
1.372534e-09
3.269343e-09
2.727036e-09
3.021827e-09
2.080589e-09
1.320354e-09
7.900221e-10
5.864849e-10
1.947379e-10
2.028732e-10
1.601651e-10
9.532940e-09
5.092440e-09
4.876044e-09
9.815045e-09
3.967984e-09
1.310999e-09
8.591014e-10
5.895350e-10
4.946391e-10
1.140140e-10
3.129796e-10
2.050895e-09
6.805941e-10
3.156284e-09
4.172746e-10
2.384731e-10
1.013978e-09
2.925913e-10
2.443161e-10
9.917754e-10
1.352692e-10
5.926421e-10
2.324592e-09
5.284797e-09
1.657316e-08
2.509162e-08
4.127049e-09
3.528372e-10
2.056081e-10
1.268901e-10
1.910104e-10
4.798415e-10
2.739912e-10
3.053527e-10
4.214730e-10
4.207213e-10
4.348355e-10
1.584186e-09
2.218597e-09
1.954586e-09
2.217892e-09
8.401387e-10
1.335739e-09
4.361704e-09
2.193396e-09
4.066646e-09
2.085099e-09
9.263541e-10
1.219296e-09
1.303662e-09
8.822488e-09
9.162360e-09
7.719085e-09
2.739593e-09
2.873574e-09
4.714035e-10
7.977403e-11
8.891487e-11
5.119895e-11
4.287560e-10
3.864495e-10
6.831173e-10
2.843690e-10
6.447283e-10
6.471421e-10
9.387900e-10
5.375682e-10
5.642895e-10
1.034604e-09
8.206057e-10
5.189699e-10
1.950248e-09
2.746525e-09
3.397456e-09
3.249065e-09
2.821629e-09
6.030989e-09
7.323166e-09
5.906376e-09
1.550329e-08
4.292413e-09
1.548761e-10
2.348826e-10
8.567290e-11
1.386797e-10
6.948236e-10
1.300180e-09
3.230946e-09
8.764185e-09
3.238366e-09
1.568390e-09
4.306387e-10
2.216481e-10
3.030233e-13
1.057916e-12
3.260093e-12
6.047384e-12
4.893600e-12
2.382727e-11
3.505782e-10
7.083457e-10
4.471202e-10
6.867328e-10
1.246682e-09
6.191066e-10
1.561776e-10
3.960074e-10
4.406869e-10
2.357380e-10
3.403033e-10
1.713340e-10
4.541294e-10
1.137676e-10
2.294034e-10
3.414717e-11
7.536372e-11
1.117482e-10
6.971818e-11
1.323392e-10
1.096133e-10
8.698768e-11
1.402986e-11
7.001719e-11
9.454403e-11
4.413297e-10
5.074292e-10
1.049517e-09
9.978362e-10
8.594617e-10
6.884599e-10
8.699954e-11
1.562253e-10
3.734030e-10
5.074860e-10
1.046646e-09
1.121550e-09
8.639665e-10
6.942686e-10
8.700148e-11
1.562270e-10
3.734014e-10
5.074861e-10
1.046646e-09
1.121550e-09
8.639665e-10
6.942687e-10
8.700148e-11
1.562270e-10
3.734014e-10
5.074861e-10
1.046646e-09
1.121550e-09
8.639665e-10
6.942687e-10
8.700196e-11
1.562330e-10
3.734269e-10
5.076538e-10
1.051653e-09
1.196025e-09
1.021830e-09
1.357890e-09
8.403832e-10
8.376437e-10
5.287108e-10
8.310549e-10
1.018104e-09
9.870515e-10
1.394625e-09
1.331845e-09
8.136930e-10
1.464864e-10
1.259663e-11
4.450899e-11
9.311435e-12
4.362554e-12
4.863526e-11
1.519864e-10
4.503137e-10
1.318692e-10
3.505626e-10
7.426486e-10
2.478544e-09
6.201254e-10
1.048061e-09
4.798646e-10
3.109984e-10
3.257797e-10
5.595418e-10
2.333403e-09
4.023530e-09
5.069074e-09
7.610146e-09
4.266925e-09
2.974201e-09
2.379145e-09
1.256554e-09
3.031827e-09
3.568248e-09
4.752093e-09
4.424952e-09
4.085693e-09
1.590133e-09
8.167981e-10
3.775375e-10
4.076841e-10
3.534413e-10
7.493619e-10
3.585507e-09
1.239630e-08
1.261606e-08
1.229664e-08
4.031274e-09
2.036515e-09
8.450663e-10
6.317419e-10
1.068431e-10
3.061477e-10
1.538602e-09
7.348449e-10
6.882360e-09
1.024741e-09
7.494581e-10
7.482401e-10
6.774852e-10
4.133092e-10
1.126399e-09
8.179671e-10
3.897602e-10
8.968352e-10
4.391403e-09
1.718335e-08
2.882144e-08
1.400465e-08
8.174134e-09
3.410527e-10
5.838538e-10
2.140362e-10
4.266510e-10
3.136718e-10
4.623207e-10
4.095058e-10
2.775416e-10
4.971642e-10
2.220374e-09
2.006403e-09
2.717878e-09
4.928216e-09
1.818545e-09
7.989060e-10
3.866218e-09
2.486088e-09
6.339195e-09
4.163105e-09
3.234096e-09
4.987291e-10
1.094521e-09
1.132034e-08
8.111995e-09
9.403934e-09
3.616504e-09
4.895067e-09
1.620980e-09
4.292654e-10
1.131774e-10
7.389992e-11
7.129002e-10
2.370009e-10
8.496398e-10
3.537002e-10
7.397173e-10
5.613590e-10
6.663107e-10
8.250772e-10
7.716540e-10
1.075202e-09
5.247486e-09
8.743984e-10
1.535871e-09
2.469187e-09
6.267296e-09
1.777387e-09
4.323222e-09
9.627891e-09
7.739955e-09
9.582039e-09
3.061667e-08
5.975552e-09
1.258474e-09
1.074514e-09
2.555148e-10
1.046829e-10
3.867421e-10
9.459345e-10
3.055923e-09
1.022074e-08
7.165984e-09
4.650050e-09
1.529885e-09
9.427574e-10
5.598458e-10
1.415225e-13
3.558766e-12
5.904022e-12
2.795264e-11
2.201955e-11
7.493667e-11
3.215253e-10
6.674637e-10
7.885667e-10
1.396181e-09
7.736565e-10
2.429166e-10
8.326978e-10
1.420644e-09
2.318539e-10
1.596991e-09
1.966021e-10
1.393177e-09
1.643096e-10
3.065528e-10
1.201486e-10
4.628852e-11
1.235741e-10
1.006667e-10
1.539287e-10
1.210094e-10
6.106566e-10
6.620555e-11
1.562223e-10
9.685975e-11
2.931044e-10
3.530892e-10
1.049517e-09
1.188983e-09
1.223289e-09
1.210315e-09
4.558826e-10
2.963767e-10
2.961226e-10
3.721483e-10
8.160335e-10
1.461430e-09
1.252578e-09
1.251407e-09
4.559677e-10
2.963848e-10
2.961122e-10
3.721494e-10
8.160335e-10
1.461431e-09
1.252578e-09
1.251407e-09
4.559677e-10
2.963848e-10
2.961122e-10
3.721494e-10
8.160335e-10
1.461431e-09
1.252578e-09
1.251407e-09
4.559679e-10
2.963851e-10
2.961186e-10
3.721744e-10
8.170344e-10
1.478738e-09
1.403412e-09
1.898848e-09
1.043480e-09
2.340374e-09
4.854004e-10
8.839397e-10
8.185766e-10
4.536944e-10
1.492678e-09
2.750112e-09
3.768913e-09
1.488974e-09
2.334885e-10
1.568312e-10
5.239468e-11
9.070624e-12
2.978515e-11
4.628794e-11
5.621238e-10
6.575556e-11
6.985619e-10
7.687431e-10
4.011882e-09
8.372825e-10
2.566793e-09
1.023614e-09
5.077334e-10
4.707131e-10
4.254919e-10
6.871122e-10
2.050398e-09
6.435752e-09
9.516376e-09
6.363207e-09
4.837588e-09
4.794610e-09
2.204800e-09
2.537394e-09
2.784853e-09
5.443237e-09
5.360204e-09
7.150636e-09
3.898447e-09
1.393305e-09
5.368344e-10
6.305899e-10
1.391445e-09
1.278607e-10
1.324971e-09
9.819066e-09
1.141867e-08
1.989270e-08
1.277221e-08
4.783325e-09
2.116285e-09
6.279901e-10
3.827814e-10
4.833069e-10
7.669660e-10
3.827108e-10
8.147291e-09
2.724398e-09
5.520226e-09
2.650166e-09
3.190969e-10
4.896507e-10
1.737499e-09
1.142147e-09
4.094375e-09
1.823523e-10
1.753802e-09
7.804426e-09
2.904153e-08
1.813825e-08
4.751244e-08
6.682765e-09
1.316551e-09
4.722381e-10
5.258243e-10
1.390950e-10
7.020875e-10
6.916697e-10
4.663663e-10
3.397031e-10
9.234487e-10
1.901584e-09
4.431884e-09
7.600406e-09
6.299806e-09
2.489704e-09
6.506818e-10
2.678083e-09
4.851711e-09
5.997591e-09
6.906474e-09
2.480918e-09
1.347198e-09
1.615462e-08
5.807012e-09
9.120897e-09
4.072976e-09
7.248808e-09
4.560668e-09
1.332725e-09
1.276766e-09
2.255749e-10
5.220364e-09
2.522325e-10
5.997280e-10
3.895561e-10
1.281313e-09
3.151122e-10
1.144204e-09
3.440451e-10
1.019921e-09
1.608727e-09
8.883919e-09
1.493801e-09
1.917232e-09
1.987407e-09
7.188180e-09
2.880185e-09
4.775664e-09
4.823314e-09
1.158529e-08
1.334072e-08
5.395780e-08
9.600188e-09
2.128625e-09
8.162701e-09
1.946630e-09
5.827665e-10
3.599173e-10
4.172508e-10
1.655601e-09
8.247876e-09
9.166584e-09
1.223462e-08
3.705074e-09
3.144117e-09
2.294945e-09
2.915998e-10
2.943178e-12
5.842397e-12
2.807107e-11
3.042034e-11
8.586624e-11
2.182134e-10
3.321119e-10
6.993906e-10
1.718242e-09
7.370318e-10
2.512394e-10
1.683966e-09
1.939099e-09
3.030713e-10
1.669052e-09
3.035323e-10
1.844919e-09
1.812689e-10
5.259723e-10
1.257005e-10
7.292122e-11
1.283416e-10
8.407306e-11
1.531137e-10
1.232901e-10
6.335637e-10
1.338130e-10
4.860288e-10
7.932511e-11
2.742483e-10
2.657882e-10
9.400979e-10
9.978362e-10
1.223289e-09
1.417559e-09
5.084377e-10
5.271418e-10
3.292776e-10
2.860941e-10
7.117152e-10
1.253125e-09
1.289337e-09
1.691822e-09
5.090780e-10
5.275023e-10
3.292298e-10
2.861010e-10
7.117151e-10
1.253128e-09
1.289337e-09
1.691823e-09
5.090780e-10
5.275023e-10
3.292298e-10
2.861010e-10
7.117151e-10
1.253128e-09
1.289337e-09
1.691823e-09
5.090781e-10
5.275025e-10
3.292316e-10
2.861135e-10
7.121953e-10
1.260970e-09
1.355416e-09
2.333193e-09
1.059748e-09
2.532960e-09
6.339263e-10
8.477709e-10
7.445894e-10
2.548533e-10
1.403511e-09
2.365962e-09
4.309224e-09
5.307348e-09
1.756829e-09
7.316966e-10
1.374817e-10
2.564316e-11
4.593869e-11
3.350279e-11
5.128105e-10
2.304327e-11
5.558911e-10
9.413095e-10
4.816805e-09
5.661247e-10
4.110504e-09
1.198718e-09
7.371749e-10
7.895828e-10
4.153936e-10
5.525900e-10
1.267609e-09
3.339363e-09
6.835829e-09
8.240970e-09
6.954551e-09
5.916514e-09
3.179918e-09
2.989424e-09
2.367880e-09
3.814780e-09
4.855513e-09
7.491629e-09
4.718183e-09
2.931079e-09
8.261335e-10
9.100829e-10
1.572383e-09
1.801115e-10
1.012601e-09
2.193997e-09
1.119962e-08
1.745762e-08
1.133525e-08
1.486053e-08
4.236651e-09
1.135067e-09
6.372785e-10
7.267204e-10
7.677151e-10
2.237685e-10
8.634231e-09
2.826880e-09
7.478228e-09
4.083486e-09
7.373735e-10
7.028479e-10
1.510340e-09
1.438707e-09
4.757376e-09
8.596223e-10
2.025294e-09
2.229771e-09
2.657861e-08
1.909098e-08
5.021055e-08
1.241212e-08
1.160729e-08
9.995174e-10
1.487010e-09
9.951900e-11
6.652827e-10
8.744081e-10
5.343769e-10
3.782255e-10
1.887881e-09
8.156634e-10
2.238205e-09
8.527713e-09
9.199195e-09
3.777074e-09
7.241339e-10
1.528525e-09
2.844843e-09
5.478828e-09
7.097471e-09
3.627618e-09
4.940295e-09
2.457777e-08
4.787984e-09
7.186597e-09
3.029582e-09
9.358457e-09
6.113252e-09
2.826904e-09
2.970899e-09
1.294519e-09
1.517870e-08
7.408579e-10
8.310774e-10
2.877676e-10
1.391063e-09
3.743445e-10
1.293170e-09
5.228192e-10
4.219267e-10
2.339021e-09
1.083450e-08
1.793662e-09
4.730808e-09
1.419335e-09
7.060113e-09
3.449965e-09
7.679896e-09
4.158232e-09
6.444448e-09
1.004654e-08
6.195891e-08
1.375777e-08
3.741012e-09
1.153104e-08
7.748219e-09
2.158063e-09
8.005005e-10
3.571087e-10
9.027223e-10
7.447948e-09
8.883307e-09
1.282451e-08
4.817429e-09
4.649891e-09
6.370422e-09
1.048265e-09
2.789982e-10
2.944461e-12
2.667356e-11
2.886730e-11
4.705288e-11
2.319447e-11
1.049821e-10
3.477586e-10
8.647653e-10
6.496595e-10
5.329686e-10
1.865311e-09
2.123743e-09
3.536266e-10
1.550641e-09
2.547655e-10
2.114877e-09
9.705476e-11
5.616793e-10
1.225931e-10
7.631662e-11
1.187060e-10
5.406806e-11
6.109299e-11
1.154064e-10
6.084408e-10
1.317830e-10
6.945016e-10
4.291776e-11
6.225507e-11
1.282055e-10
5.060424e-10
5.891082e-10
8.594617e-10
1.210315e-09
5.084377e-10
6.121266e-10
3.232048e-10
9.508139e-11
2.782445e-10
8.401466e-10
9.269614e-10
1.523514e-09
5.104914e-10
6.133218e-10
3.230546e-10
9.509355e-11
2.782441e-10
8.401531e-10
9.269617e-10
1.523515e-09
5.104914e-10
6.133218e-10
3.230546e-10
9.509355e-11
2.782441e-10
8.401531e-10
9.269617e-10
1.523515e-09
5.104914e-10
6.133219e-10
3.230549e-10
9.509390e-11
2.783389e-10
8.416235e-10
9.372647e-10
1.621373e-09
9.578372e-10
2.444522e-09
5.340354e-10
6.696074e-10
4.528555e-10
1.365837e-10
7.295930e-10
2.252127e-09
4.230048e-09
5.202964e-09
5.690239e-09
1.133613e-09
2.292134e-10
4.403791e-11
3.857380e-11
2.403923e-11
2.147767e-10
1.120491e-11
4.555706e-10
7.035812e-10
4.334432e-09
3.550269e-10
3.950749e-09
9.544470e-10
6.991423e-10
1.021532e-09
3.438733e-10
2.735341e-10
3.968483e-10
1.034698e-09
3.669825e-09
3.552156e-09
4.270005e-09
7.892381e-09
4.347410e-09
1.953331e-09
1.790542e-09
2.072866e-09
3.046604e-09
5.731471e-09
3.701458e-09
3.404198e-09
1.389829e-09
8.650902e-10
1.551299e-09
3.037490e-10
6.195829e-10
1.063314e-09
1.496471e-09
8.908184e-09
1.107243e-08
1.201981e-08
5.294096e-09
3.011471e-09
2.635735e-09
6.875620e-10
8.056691e-10
8.512168e-11
6.007048e-09
2.444364e-09
7.677937e-09
4.142455e-09
1.251843e-09
1.173300e-09
6.125313e-10
1.664692e-09
4.423761e-09
7.755611e-10
3.036252e-09
2.234240e-10
4.450688e-09
1.384415e-08
4.865878e-08
1.372639e-08
1.369292e-08
2.194988e-09
1.569699e-09
1.051447e-10
4.832188e-10
6.086889e-10
6.086948e-10
4.151270e-10
1.773133e-09
4.953033e-10
1.129103e-09
5.809411e-09
7.312463e-09
4.826027e-09
3.140210e-09
1.106516e-09
8.337789e-10
4.869356e-09
4.434069e-09
3.644349e-09
4.834649e-09
2.566101e-08
1.758787e-09
5.372698e-09
2.291579e-09
5.700409e-09
7.609795e-09
7.764808e-09
6.717379e-09
3.946923e-09
1.919762e-08
1.179624e-09
1.253524e-09
1.706803e-10
8.199919e-10
3.982642e-10
1.303447e-09
8.333478e-10
6.167277e-10
2.239454e-09
1.062207e-08
1.110872e-09
4.596644e-09
1.395884e-09
4.588794e-09
2.052203e-09
7.675825e-09
4.437679e-09
3.087371e-09
5.960566e-09
4.738122e-08
7.118639e-09
8.629624e-09
1.412925e-08
8.647791e-09
5.040301e-09
8.629556e-10
3.760449e-10
3.628918e-10
2.646423e-09
6.438069e-09
1.150703e-08
4.501148e-09
4.719769e-09
7.123035e-09
1.693592e-09
6.559143e-10
2.761024e-11
2.488742e-11
2.820453e-11
4.341355e-11
5.854091e-12
6.484449e-11
1.191111e-10
3.678529e-10
3.358372e-10
2.007469e-10
1.814423e-09
2.699019e-09
3.986309e-10
1.410191e-09
2.621150e-10
1.970352e-09
1.840137e-10
4.554887e-10
1.083968e-10
8.333476e-11
7.671567e-11
7.733560e-11
3.198676e-11
3.988114e-11
5.483114e-10
1.277329e-10
6.973178e-10
8.575781e-11
7.519014e-11
3.041311e-11
3.692312e-10
1.766291e-10
4.545681e-10
6.884599e-10
4.558826e-10
5.271418e-10
3.232048e-10
1.708177e-10
7.397714e-11
4.441124e-10
5.259224e-10
9.971011e-10
4.644093e-10
5.301532e-10
3.224694e-10
1.711554e-10
7.397605e-11
4.441398e-10
5.259235e-10
9.971036e-10
4.644093e-10
5.301532e-10
3.224694e-10
1.711554e-10
7.397605e-11
4.441398e-10
5.259235e-10
9.971036e-10
4.644093e-10
5.301532e-10
3.224694e-10
1.711555e-10
7.398044e-11
4.446108e-10
5.274707e-10
1.011721e-09
5.276125e-10
2.191310e-09
4.818788e-10
6.077976e-10
2.696058e-10
1.023968e-10
3.362074e-10
1.828182e-09
3.853650e-09
5.524039e-09
6.895761e-09
1.369024e-09
6.409256e-10
3.636416e-10
4.065181e-11
2.773370e-11
1.957253e-10
3.651651e-12
4.285642e-10
6.428999e-10
3.173942e-09
2.862108e-10
3.704671e-09
7.748523e-10
7.007832e-10
8.799144e-10
2.929197e-10
1.774828e-10
1.581084e-10
2.302098e-10
9.194290e-10
1.912446e-09
1.960762e-09
4.388574e-09
3.306504e-09
3.226057e-09
1.310437e-09
1.266047e-09
1.588066e-09
3.003219e-09
2.982579e-09
2.190906e-09
1.104531e-09
1.498842e-09
1.690260e-09
1.984712e-10
4.704701e-10
1.054409e-09
1.320695e-09
1.026376e-09
8.023362e-09
4.886314e-09
5.236860e-09
8.593728e-09
7.835755e-09
1.174932e-09
7.738974e-10
1.878698e-10
3.338773e-09
2.006367e-09
7.422382e-09
3.864766e-09
1.863911e-09
1.866118e-09
6.656340e-10
1.608011e-09
4.209829e-09
8.360012e-10
2.580535e-09
9.531535e-10
7.830811e-10
6.585919e-09
4.366148e-08
1.167981e-08
1.221204e-08
5.480742e-09
1.099149e-08
1.050551e-10
4.796231e-10
5.344783e-10
4.095685e-10
4.885147e-10
2.054954e-09
3.948040e-10
1.165713e-09
4.046765e-09
6.332143e-09
3.895535e-09
1.767651e-09
1.843269e-09
2.053290e-09
3.458930e-09
3.241464e-09
3.044699e-09
2.892632e-09
2.500693e-08
2.450978e-09
6.043144e-09
1.577319e-09
4.435294e-09
6.977708e-09
8.073294e-09
9.918124e-09
7.382741e-09
2.767504e-08
5.617087e-09
2.228934e-09
1.483383e-10
6.796657e-10
2.940790e-10
1.163980e-09
1.149006e-09
7.056488e-10
3.736346e-09
7.257056e-09
1.015139e-09
4.325988e-09
5.303216e-10
3.221621e-09
1.884659e-09
7.039009e-09
3.305459e-09
2.858399e-09
3.852233e-09
3.601739e-08
4.903893e-09
3.105357e-09
1.169754e-08
1.319693e-08
5.657175e-09
2.438545e-09
1.070946e-09
7.841924e-10
9.814092e-10
4.008208e-09
9.516399e-09
3.173376e-09
4.127940e-09
7.425419e-09
2.861431e-09
1.798993e-09
1.326642e-10
1.393151e-10
1.034745e-11
2.913009e-11
2.266647e-12
7.838434e-12
7.482754e-12
3.310984e-11
3.203112e-11
4.004617e-11
1.435010e-09
1.463498e-09
5.051628e-10
2.989946e-10
1.640043e-10
9.711039e-10
1.501408e-10
6.752589e-10
1.893247e-11
5.772921e-11
3.197069e-11
3.693274e-11
3.094523e-11
1.410931e-11
2.710278e-11
7.403324e-11
5.788886e-10
6.544135e-11
1.872431e-10
5.703033e-12
2.295415e-11
3.547410e-11
3.090686e-11
9.725901e-11
8.699954e-11
2.963767e-10
3.292776e-10
9.508139e-11
7.397714e-11
4.337668e-11
1.092198e-10
4.211954e-10
8.910104e-11
2.988843e-10
3.245914e-10
9.591667e-11
7.395971e-11
4.344901e-11
1.092255e-10
4.212053e-10
8.910104e-11
2.988843e-10
3.245913e-10
9.591667e-11
7.395971e-11
4.344901e-11
1.092255e-10
4.212053e-10
8.910104e-11
2.988843e-10
3.245914e-10
9.591667e-11
7.395999e-11
4.345341e-11
1.093606e-10
4.224429e-10
9.055346e-11
3.359972e-10
4.540927e-10
2.154089e-10
1.362520e-10
7.359595e-11
5.943804e-11
2.869999e-10
1.110730e-09
4.502550e-09
7.108153e-09
1.292879e-09
8.613562e-10
2.426286e-10
7.762302e-11
1.788118e-11
5.547971e-11
2.882398e-12
3.569487e-11
2.229617e-10
1.467012e-09
1.333452e-10
2.252786e-09
2.274976e-10
4.722374e-10
9.655622e-10
8.728466e-11
6.289622e-11
6.341399e-11
5.940999e-11
9.170417e-11
2.002010e-10
3.934099e-10
1.032511e-09
1.972874e-09
1.497400e-09
5.438095e-10
5.337075e-10
7.740118e-10
3.824560e-10
6.690940e-10
1.887152e-09
8.941389e-10
8.155518e-10
4.647925e-10
2.378259e-10
4.305471e-10
5.875126e-10
4.606137e-10
2.471223e-10
2.864440e-10
2.274149e-09
3.063203e-09
2.411300e-09
2.062911e-08
1.007798e-09
7.538036e-10
2.478919e-10
2.081861e-09
4.074845e-10
2.514615e-09
1.732163e-09
1.816194e-09
1.792985e-09
4.145848e-10
1.675226e-09
8.595300e-10
7.695297e-10
1.876316e-09
9.757185e-10
1.094085e-09
1.722624e-10
4.861607e-09
5.810725e-09
1.132648e-08
3.904810e-09
1.184210e-08
8.524473e-10
4.122346e-10
3.345170e-10
1.448057e-10
2.570600e-10
1.970189e-09
3.074882e-10
7.343870e-10
6.469763e-10
1.808491e-09
1.995762e-09
1.718955e-09
8.989935e-10
1.204806e-09
3.096196e-09
9.341249e-10
1.942558e-09
1.832637e-09
1.445542e-08
1.346425e-09
4.474360e-09
6.150737e-10
1.552420e-09
3.357050e-09
7.652095e-09
9.367972e-09
6.765632e-09
2.600401e-08
7.362641e-09
2.717584e-09
2.228160e-10
1.372437e-10
1.571437e-10
4.570442e-10
1.065588e-09
4.435194e-10
3.237624e-09
3.752989e-09
2.580450e-10
3.927835e-09
2.510959e-10
1.495116e-09
7.077397e-10
3.816458e-09
1.146020e-09
2.080982e-09
2.343427e-09
9.527394e-09
2.398537e-09
2.220958e-09
6.137940e-09
8.354245e-09
5.547936e-09
2.747697e-09
2.425583e-09
1.034839e-09
3.721258e-10
6.117502e-10
1.812989e-09
1.265613e-09
1.656891e-09
6.043363e-09
2.984129e-09
1.889058e-09
4.095147e-10
2.690400e-10
2.766921e-11
1.245174e-11
1.803366e-12
6.450850e-12
1.722893e-12
1.849852e-11
7.922356e-12
2.807490e-11
6.254938e-10
1.225278e-09
7.135413e-10
7.974755e-10
2.365533e-10
6.799752e-10
3.714670e-10
6.882751e-10
1.618773e-10
8.349922e-11
3.059357e-11
1.218592e-10
3.536195e-11
1.710060e-10
2.354317e-11
2.789962e-11
3.233954e-10
7.073083e-11
2.334334e-10
5.845656e-11
3.057114e-11
1.054463e-11
2.547192e-11
4.114889e-11
4.581205e-11
1.562253e-10
2.961226e-10
2.860941e-10
2.782445e-10
4.441124e-10
1.092198e-10
7.218683e-10
4.960463e-11
1.404808e-10
2.821642e-10
3.151631e-10
2.779074e-10
4.518620e-10
1.092794e-10
7.222914e-10
4.960472e-11
1.404808e-10
2.821642e-10
3.151632e-10
2.779074e-10
4.518620e-10
1.092794e-10
7.222914e-10
4.960472e-11
1.404808e-10
2.821642e-10
3.151632e-10
2.779075e-10
4.518637e-10
1.092924e-10
7.232920e-10
4.993527e-11
1.486416e-10
3.114897e-10
4.040343e-10
3.218269e-10
4.721392e-10
2.366123e-10
3.099673e-10
4.417144e-10
4.066158e-09
8.130221e-09
1.438576e-09
1.047932e-09
4.875008e-10
6.280243e-10
2.360416e-10
2.902909e-11
1.303924e-11
3.013435e-11
3.087759e-11
6.498180e-10
1.577350e-10
1.112094e-09
3.874882e-10
7.454796e-10
1.232806e-09
2.633400e-10
1.805128e-10
3.000658e-10
2.352726e-10
2.328169e-10
2.428703e-10
4.470412e-10
1.187154e-09
1.575308e-09
1.740110e-09
1.999054e-09
1.463149e-09
1.756974e-09
1.041795e-09
6.862026e-10
2.111363e-09
1.915192e-09
1.917782e-09
8.651891e-10
9.990887e-10
2.106289e-09
9.846306e-10
6.378572e-10
5.702506e-10
5.689254e-10
4.019524e-10
4.618941e-09
2.628035e-09
2.222756e-08
3.607952e-09
2.922056e-09
3.318888e-09
1.715467e-09
7.887668e-10
1.783071e-09
8.373094e-10
1.670260e-09
1.693725e-09
6.593983e-10
2.717449e-09
2.477811e-09
5.341129e-10
1.513270e-09
1.764870e-09
1.098121e-09
3.660604e-10
9.347630e-10
2.335662e-09
6.124979e-09
4.069224e-09
1.216368e-08
5.050409e-09
3.056831e-08
5.727275e-10
2.900729e-10
2.636999e-10
1.184625e-09
3.351401e-10
9.732893e-10
4.402731e-10
1.027300e-09
1.244087e-09
1.803776e-09
8.054099e-10
1.683497e-09
9.075316e-09
2.402877e-09
2.822880e-09
3.772637e-09
8.988170e-09
1.152445e-09
6.539709e-09
2.115915e-09
3.034712e-09
2.819939e-09
8.498558e-09
9.229653e-09
8.748225e-09
2.870605e-08
1.206961e-08
5.753368e-09
3.569608e-09
4.991300e-10
1.218152e-10
3.906418e-10
8.370741e-10
4.812841e-10
3.125834e-09
2.333508e-09
7.862249e-10
2.296243e-09
8.986637e-10
1.855524e-09
6.324294e-10
2.573060e-09
1.108000e-09
1.990431e-09
2.105798e-09
8.463982e-09
3.376998e-09
3.854222e-09
5.240199e-09
6.047605e-09
5.896852e-09
8.798828e-09
4.667001e-09
1.075124e-08
2.449515e-09
6.373558e-10
8.621459e-10
9.069443e-10
1.085275e-09
3.178251e-09
2.871146e-09
2.753534e-09
3.640441e-09
4.737515e-09
3.568535e-10
3.493023e-10
7.405006e-13
3.994391e-12
9.365595e-13
5.609739e-12
4.215108e-12
2.411848e-11
2.095658e-10
6.146135e-10
8.509940e-10
8.779085e-10
5.481675e-10
8.061475e-10
4.401715e-10
5.641101e-10
2.193783e-10
3.928306e-10
4.000691e-11
2.560559e-10
8.075494e-11
2.502687e-10
1.122193e-10
3.701723e-11
9.407906e-11
7.339718e-11
2.416028e-10
7.557341e-11
1.360601e-10
1.734590e-11
2.550343e-11
1.591912e-11
2.858756e-11
1.810045e-10
3.734030e-10
3.721483e-10
7.117152e-10
8.401466e-10
5.259224e-10
4.211954e-10
4.960463e-11
2.024674e-10
2.602738e-10
4.277254e-10
7.101844e-10
8.643376e-10
5.266095e-10
4.217201e-10
4.960506e-11
2.024677e-10
2.602736e-10
4.277254e-10
7.101844e-10
8.643377e-10
5.266095e-10
4.217201e-10
4.960506e-11
2.024677e-10
2.602736e-10
4.277254e-10
7.101844e-10
8.643381e-10
5.266119e-10
4.217435e-10
4.966661e-11
2.038026e-10
2.647960e-10
4.421009e-10
7.522338e-10
8.889979e-10
6.499881e-10
8.268750e-10
3.306488e-10
1.680738e-09
4.277028e-09
1.917754e-09
1.234281e-09
5.589547e-10
1.430367e-09
4.537718e-10
1.561880e-10
2.160534e-11
1.691187e-11
1.604891e-11
2.854949e-11
4.678021e-11
4.982723e-10
1.234737e-10
9.097178e-10
7.366154e-10
4.868333e-10
6.718652e-10
1.048971e-09
4.282847e-10
5.743088e-10
2.806964e-10
2.458017e-10
6.329693e-10
1.851659e-09
2.157282e-09
2.862383e-09
4.062906e-09
4.435607e-09
2.500858e-09
1.498322e-09
1.092853e-09
1.707284e-09
4.627367e-09
2.439585e-09
2.707260e-09
3.383351e-09
1.892335e-09
1.038333e-09
6.677256e-10
5.227178e-10
2.921985e-10
2.663772e-10
9.527041e-09
2.406013e-08
4.643057e-09
9.805196e-09
5.959530e-09
2.272742e-09
9.905879e-10
1.604872e-09
2.367468e-10
8.912776e-10
1.130434e-09
7.624867e-10
2.686436e-09
4.934056e-09
6.421676e-10
4.853562e-10
1.951398e-09
1.109807e-09
3.146694e-10
1.447996e-09
2.085622e-10
8.208409e-10
3.440685e-09
1.376343e-08
6.316848e-09
5.272766e-08
4.530108e-09
4.239259e-10
2.875502e-10
6.398987e-10
1.780062e-10
1.124702e-09
3.293494e-10
4.639737e-10
6.561895e-10
8.702983e-10
5.421303e-10
2.047523e-09
8.953217e-09
3.454967e-09
3.646222e-09
1.013692e-09
6.208251e-09
4.029344e-09
6.507803e-09
2.805690e-09
4.428493e-09
1.399033e-09
4.337082e-09
5.318912e-09
8.130387e-09
2.518490e-08
1.370633e-08
5.843167e-09
5.117687e-09
9.527922e-10
9.544667e-11
1.932181e-10
4.447480e-10
3.222096e-10
2.440331e-09
1.368085e-09
7.222079e-10
1.410826e-09
3.386883e-10
2.295299e-09
8.706268e-10
1.498426e-09
1.195846e-09
1.813043e-09
7.377830e-10
5.283452e-09
3.651583e-09
4.894361e-09
4.693952e-09
5.021717e-09
5.517296e-09
1.136503e-08
8.230680e-09
1.814166e-08
6.095224e-09
4.733472e-10
4.464360e-10
1.257021e-10
2.600724e-10
1.657160e-09
2.444009e-09
3.064050e-09
8.278877e-09
7.441795e-09
1.522713e-09
6.987678e-10
2.217608e-10
5.168745e-13
5.777060e-13
5.338950e-12
6.376367e-12
4.499908e-12
1.426909e-11
2.517692e-10
6.643502e-10
9.395328e-10
7.272403e-10
1.178009e-09
6.494227e-10
5.145972e-10
4.325200e-10
4.839295e-10
2.147857e-10
3.980944e-10
1.150304e-10
5.716146e-10
1.288084e-10
2.292205e-10
3.290277e-11
4.272489e-11
2.638048e-10
8.348641e-11
1.524304e-10
1.090406e-10
9.303543e-11
1.279159e-11
5.814680e-11
8.895489e-11
3.258766e-10
5.074860e-10
8.160335e-10
1.253125e-09
9.269614e-10
9.971011e-10
8.910104e-11
1.404808e-10
2.602738e-10
5.408571e-10
8.117055e-10
1.382009e-09
9.315413e-10
1.003305e-09
8.910309e-11
1.404826e-10
2.602722e-10
5.408573e-10
8.117055e-10
1.382010e-09
9.315413e-10
1.003305e-09
8.910309e-11
1.404826e-10
2.602722e-10
5.408573e-10
8.117055e-10
1.382010e-09
9.315420e-10
1.003311e-09
8.910458e-11
1.407452e-10
2.610459e-10
5.433691e-10
8.184244e-10
1.408045e-09
1.064273e-09
1.385311e-09
6.614514e-10
1.382203e-09
2.261149e-09
1.077187e-09
1.133285e-09
1.154720e-09
1.706416e-09
1.554998e-09
8.206581e-10
1.507931e-10
1.549746e-11
4.425835e-11
1.197949e-11
6.003840e-12
7.787469e-11
7.272916e-11
7.178767e-10
4.508035e-10
3.966929e-10
8.767929e-10
2.679911e-09
7.880184e-10
1.143305e-09
5.225712e-10
3.728009e-10
3.306037e-10
5.974038e-10
2.048185e-09
4.221023e-09
5.495304e-09
7.644924e-09
4.346193e-09
3.060804e-09
2.414650e-09
1.340054e-09
3.430344e-09
3.496235e-09
5.227030e-09
5.586368e-09
4.384913e-09
1.582930e-09
9.412214e-10
7.694400e-10
3.991979e-10
3.630658e-10
7.687325e-10
1.836205e-08
1.307266e-08
1.271789e-08
1.321124e-08
4.730715e-09
2.094124e-09
1.238685e-09
5.203914e-10
3.126284e-10
3.531304e-10
5.756468e-10
2.431461e-09
8.667976e-09
1.183372e-09
7.741135e-10
1.465793e-09
1.391944e-09
4.717465e-10
1.291413e-09
8.597147e-10
4.279952e-10
9.314807e-10
5.071631e-09
7.121259e-09
5.683539e-08
1.442747e-08
8.216016e-09
3.745258e-10
7.949347e-10
1.631837e-10
6.331331e-10
3.412536e-10
5.821561e-10
5.191914e-10
3.890423e-10
4.413191e-10
2.068504e-09
8.335276e-09
4.234898e-09
5.882784e-09
1.861363e-09
1.261762e-09
2.636735e-09
4.887246e-09
6.493988e-09
6.169132e-09
3.266186e-09
1.395773e-09
1.955187e-09
9.312220e-09
1.421851e-08
1.408167e-08
6.136051e-09
7.070890e-09
2.238399e-09
4.596940e-10
1.590191e-10
1.514180e-10
5.823830e-10
5.434002e-10
1.210682e-09
7.160459e-10
9.449891e-10
3.335178e-10
1.195813e-09
9.362955e-10
1.178600e-09
1.500584e-09
6.233936e-09
8.728561e-10
1.833901e-09
3.309586e-09
7.577371e-09
2.206028e-09
4.917687e-09
8.341796e-09
1.210724e-08
1.222320e-08
3.315796e-08
7.637602e-09
1.612409e-09
1.202564e-09
2.734635e-10
1.202218e-10
5.741117e-10
1.047904e-09
2.247458e-09
9.828321e-09
1.133280e-08
4.578003e-09
1.786911e-09
9.415846e-10
5.598998e-10
3.619735e-13
5.446864e-12
6.203836e-12
2.814367e-11
2.188708e-11
8.085059e-11
4.861770e-10
1.170974e-09
8.286520e-10
1.406734e-09
9.129273e-10
3.990511e-10
8.810742e-10
1.469142e-09
2.326238e-10
1.657315e-09
2.005667e-10
1.517293e-09
1.793018e-10
3.083926e-10
1.231349e-10
5.159395e-11
1.960274e-10
1.190393e-10
1.691317e-10
1.245679e-10
6.214342e-10
6.738340e-11
1.584342e-10
1.044717e-10
2.723676e-10
4.007110e-10
1.046646e-09
1.461430e-09
1.289337e-09
1.523514e-09
4.644093e-10
2.988843e-10
2.821642e-10
4.277254e-10
8.117055e-10
1.765383e-09
1.318401e-09
1.565019e-09
4.644978e-10
2.988923e-10
2.821539e-10
4.277265e-10
8.117055e-10
1.765383e-09
1.318401e-09
1.565019e-09
4.644978e-10
2.988923e-10
2.821539e-10
4.277265e-10
8.117055e-10
1.765383e-09
1.318402e-09
1.565022e-09
4.644983e-10
2.989068e-10
2.823466e-10
4.283431e-10
8.131049e-10
1.771392e-09
1.456392e-09
1.945636e-09
1.013373e-09
2.777254e-09
1.777818e-09
1.170874e-09
9.638528e-10
4.968157e-10
1.908981e-09
3.252833e-09
3.803472e-09
1.517104e-09
2.374457e-10
1.574732e-10
5.478309e-11
1.090562e-11
3.650247e-11
5.135546e-11
7.675471e-10
2.029236e-10
7.716739e-10
8.818901e-10
4.093350e-09
1.038051e-09
2.810613e-09
1.227605e-09
5.863654e-10
4.848235e-10
5.010546e-10
7.042375e-10
2.531854e-09
6.708162e-09
9.846247e-09
6.914015e-09
4.943776e-09
4.983515e-09
2.396584e-09
3.047195e-09
2.813924e-09
5.378680e-09
6.775334e-09
8.237338e-09
4.154102e-09
1.665428e-09
8.011740e-10
6.762870e-10
1.491475e-09
1.429324e-10
4.162854e-09
1.093434e-08
1.141820e-08
2.191094e-08
1.390476e-08
4.862793e-09
2.490498e-09
6.520510e-10
5.277118e-10
5.242266e-10
7.355255e-10
1.495942e-09
9.891920e-09
2.966768e-09
5.584680e-09
3.386512e-09
5.284068e-10
5.703264e-10
1.902137e-09
1.188460e-09
4.183364e-09
2.068222e-10
2.030973e-09
7.231345e-09
5.655986e-08
1.871693e-08
4.813623e-08
6.896085e-09
1.368581e-09
4.743597e-10
7.297166e-10
2.119842e-10
8.387457e-10
8.083007e-10
5.082351e-10
3.457565e-10
1.036107e-09
7.564626e-09
5.785083e-09
8.854403e-09
6.592325e-09
2.668922e-09
6.821064e-10
4.620153e-09
5.273689e-09
7.984694e-09
8.345135e-09
3.493813e-09
1.742001e-09
1.562741e-08
1.067362e-08
1.344323e-08
6.288652e-09
1.001899e-08
5.630111e-09
1.458751e-09
1.451400e-09
2.618300e-10
5.195962e-09
4.279798e-10
8.318547e-10
7.699362e-10
1.503951e-09
3.292763e-10
1.511131e-09
4.193463e-10
1.163900e-09
1.871663e-09
9.762456e-09
1.819169e-09
2.264904e-09
2.951707e-09
8.369785e-09
3.279754e-09
5.229738e-09
4.908880e-09
1.624965e-08
1.566108e-08
5.685669e-08
1.201719e-08
2.589207e-09
8.312955e-09
2.036219e-09
5.970943e-10
4.195012e-10
4.929755e-10
1.716102e-09
9.569987e-09
1.349129e-08
1.232845e-08
4.002478e-09
3.158399e-09
2.296342e-09
2.919299e-10
4.177601e-12
6.041310e-12
2.811075e-11
3.034995e-11
8.974578e-11
2.625572e-10
5.507699e-10
7.182682e-10
1.725884e-09
7.857072e-10
2.916169e-10
1.709752e-09
1.959489e-09
3.032605e-10
1.711308e-09
3.033015e-10
1.901224e-09
1.881641e-10
5.281272e-10
1.263321e-10
7.500930e-11
1.500212e-10
9.153963e-11
1.603558e-10
1.241847e-10
6.376070e-10
1.346063e-10
4.867059e-10
8.129581e-11
2.616758e-10
2.882230e-10
9.381156e-10
1.121550e-09
1.252578e-09
1.691822e-09
5.104914e-10
5.301532e-10
3.245914e-10
3.151631e-10
7.101844e-10
1.382009e-09
1.318401e-09
1.989486e-09
5.110857e-10
5.305174e-10
3.245437e-10
3.151701e-10
7.101842e-10
1.382012e-09
1.318401e-09
1.989487e-09
5.110857e-10
5.305174e-10
3.245437e-10
3.151701e-10
7.101842e-10
1.382012e-09
1.318401e-09
1.989490e-09
5.110859e-10
5.305274e-10
3.246008e-10
3.154988e-10
7.108575e-10
1.384408e-09
1.378410e-09
2.401316e-09
1.038510e-09
2.837853e-09
1.248019e-09
9.864100e-10
8.119209e-10
2.624808e-10
1.642993e-09
2.464934e-09
4.321151e-09
5.575340e-09
1.761729e-09
7.352891e-10
1.381430e-10
2.623990e-11
5.061557e-11
3.479257e-11
6.479810e-10
5.356085e-11
5.660068e-10
9.926600e-10
4.864556e-09
6.256628e-10
4.199485e-09
1.261602e-09
7.834121e-10
8.494307e-10
4.517586e-10
5.593603e-10
1.516809e-09
3.461632e-09
6.981872e-09
8.258514e-09
7.036233e-09
6.027691e-09
3.253885e-09
3.413323e-09
2.382622e-09
3.796873e-09
5.907993e-09
7.770893e-09
4.853395e-09
3.170592e-09
9.630882e-10
9.388267e-10
1.576855e-09
1.903071e-10
3.076042e-09
2.500299e-09
1.115176e-08
1.925878e-08
1.177180e-08
1.489403e-08
4.529153e-09
1.140167e-09
6.593176e-10
7.482292e-10
7.485807e-10
3.608429e-10
9.851663e-09
2.963586e-09
7.505876e-09
4.709303e-09
8.109087e-10
7.235486e-10
1.584579e-09
1.455625e-09
4.796173e-09
8.831529e-10
2.155098e-09
2.084494e-09
4.403847e-08
1.939975e-08
5.026997e-08
1.251858e-08
1.174131e-08
1.008049e-09
1.631109e-09
1.100217e-10
7.036337e-10
9.582941e-10
5.529905e-10
3.811522e-10
1.957569e-09
2.440633e-09
2.594563e-09
9.502643e-09
9.278190e-09
3.930536e-09
7.343269e-10
2.145928e-09
3.111482e-09
6.151511e-09
7.430577e-09
3.989422e-09
6.183946e-09
2.411228e-08
7.869226e-09
9.679071e-09
3.602794e-09
1.130279e-08
6.319349e-09
2.947226e-09
3.168300e-09
1.326780e-09
1.517289e-08
8.252786e-10
9.130246e-10
3.845397e-10
1.552347e-09
3.774444e-10
1.439579e-09
5.329316e-10
4.364410e-10
2.500747e-09
1.130595e-08
1.863916e-09
5.066867e-09
1.773100e-09
7.856754e-09
3.743297e-09
7.983085e-09
4.106513e-09
9.362210e-09
1.151049e-08
6.441162e-08
1.562362e-08
3.930530e-09
1.180864e-08
7.864978e-09
2.166172e-09
8.530399e-10
3.813871e-10
9.255096e-10
8.318442e-09
1.104383e-08
1.281438e-08
5.133248e-09
4.674568e-09
6.375809e-09
1.050615e-09
2.791770e-10
2.952829e-12
2.667616e-11
2.885949e-11
4.717511e-11
2.514525e-11
1.110686e-10
3.504306e-10
8.654791e-10
6.724572e-10
5.399493e-10
1.872322e-09
2.130180e-09
3.537559e-10
1.557794e-09
2.547052e-10
2.149038e-09
9.726419e-11
5.618802e-10
1.227558e-10
7.680375e-11
1.225685e-10
5.428434e-11
6.211491e-11
1.155104e-10
6.087886e-10
1.318229e-10
6.948091e-10
4.299140e-11
6.201570e-11
1.314349e-10
5.056664e-10
6.083415e-10
8.639665e-10
1.251407e-09
5.090780e-10
6.133218e-10
3.224694e-10
9.591667e-11
2.779074e-10
8.643376e-10
9.315413e-10
1.565019e-09
5.110857e-10
6.160861e-10
3.223144e-10
9.592892e-11
2.779071e-10
8.643442e-10
9.315416e-10
1.565020e-09
5.110857e-10
6.160861e-10
3.223144e-10
9.592892e-11
2.779071e-10
8.643442e-10
9.315416e-10
1.565020e-09
5.110858e-10
6.160890e-10
3.223238e-10
9.593808e-11
2.780398e-10
8.647907e-10
9.408962e-10
1.627029e-09
9.475479e-10
2.535767e-09
6.356300e-10
6.976525e-10
4.633524e-10
1.376921e-10
7.854080e-10
2.289370e-09
4.232007e-09
5.204530e-09
5.691495e-09
1.153402e-09
2.293798e-10
4.412783e-11
3.933414e-11
2.412657e-11
2.186259e-10
1.254376e-11
4.584992e-10
7.125451e-10
4.346639e-09
3.580534e-10
3.973635e-09
9.659315e-10
7.049062e-10
1.024986e-09
3.514666e-10
2.827585e-10
4.344173e-10
1.052818e-09
3.692674e-09
3.553092e-09
4.294038e-09
7.910915e-09
4.366340e-09
2.017754e-09
1.795582e-09
2.074308e-09
3.210717e-09
5.872671e-09
3.730910e-09
3.437463e-09
1.415378e-09
8.740582e-10
1.557082e-09
3.139417e-10
1.037293e-09
1.100734e-09
1.495218e-09
9.577266e-09
1.128030e-08
1.205798e-08
5.403152e-09
3.008669e-09
2.645395e-09
6.899119e-10
7.965412e-10
9.804454e-11
6.133341e-09
2.456700e-09
7.693697e-09
4.510932e-09
1.263226e-09
1.176202e-09
6.195309e-10
1.669991e-09
4.429980e-09
7.772344e-10
3.117883e-09
2.185079e-10
5.824857e-09
1.390037e-08
4.869476e-08
1.374762e-08
1.371774e-08
2.197543e-09
1.578695e-09
1.109181e-10
4.872324e-10
6.143211e-10
6.168565e-10
4.152951e-10
1.782609e-09
8.063390e-10
1.170094e-09
5.908212e-09
7.336495e-09
4.916808e-09
3.145018e-09
1.182251e-09
8.497293e-10
5.210160e-09
4.470568e-09
3.759883e-09
4.950034e-09
2.539646e-08
2.012249e-09
5.940870e-09
2.449232e-09
6.223308e-09
7.733159e-09
7.782801e-09
6.727466e-09
3.968506e-09
1.921390e-08
1.190800e-09
1.273035e-09
1.767349e-10
8.344353e-10
3.991454e-10
1.351468e-09
8.346278e-10
6.209366e-10
2.263872e-09
1.086266e-08
1.112924e-09
4.661143e-09
1.514026e-09
4.652705e-09
2.072859e-09
7.839069e-09
4.436531e-09
3.418730e-09
6.203544e-09
4.815125e-08
7.614045e-09
8.750399e-09
1.422078e-08
8.668048e-09
5.106657e-09
8.714713e-10
3.784808e-10
3.655847e-10
2.811486e-09
6.905037e-09
1.150400e-08
4.613925e-09
4.721486e-09
7.132255e-09
1.694504e-09
6.563292e-10
2.774265e-11
2.488839e-11
2.820158e-11
4.346897e-11
5.943281e-12
6.713162e-11
1.192316e-10
3.679526e-10
3.390509e-10
2.049208e-10
1.817021e-09
2.703153e-09
3.986281e-10
1.411236e-09
2.621102e-10
1.985954e-09
1.841122e-10
4.555080e-10
1.084075e-10
8.349223e-11
7.728528e-11
7.743459e-11
3.203528e-11
3.989519e-11
5.483602e-10
1.277419e-10
6.974635e-10
8.579043e-11
7.517238e-11
3.055684e-11
3.690866e-10
1.794095e-10
4.552087e-10
6.942686e-10
4.559677e-10
5.275023e-10
3.230546e-10
1.711554e-10
7.395971e-11
4.518620e-10
5.266095e-10
1.003305e-09
4.644978e-10
5.305174e-10
3.223144e-10
1.715774e-10
7.395858e-11
4.518895e-10
5.266106e-10
1.003307e-09
4.644978e-10
5.305174e-10
3.223144e-10
1.715774e-10
7.395858e-11
4.518895e-10
5.266106e-10
1.003307e-09
4.644979e-10
5.305192e-10
3.223162e-10
1.715809e-10
7.396475e-11
4.520327e-10
5.280156e-10
1.012564e-09
5.261624e-10
2.246570e-09
5.010863e-10
6.184304e-10
2.711394e-10
1.025651e-10
3.440961e-10
1.851379e-09
3.854342e-09
5.524652e-09
6.896083e-09
1.369135e-09
6.409970e-10
3.658507e-10
4.068752e-11
2.778130e-11
1.972274e-10
3.713086e-12
4.296636e-10
6.485003e-10
3.177868e-09
2.870876e-10
3.713475e-09
7.776361e-10
7.021048e-10
8.803746e-10
2.936629e-10
1.778171e-10
1.631299e-10
2.333217e-10
9.225279e-10
1.912566e-09
1.963849e-09
4.395039e-09
3.315964e-09
3.237729e-09
1.310828e-09
1.266191e-09
1.613593e-09
3.023615e-09
2.994263e-09
2.204270e-09
1.111288e-09
1.498617e-09
1.691806e-09
1.993806e-10
5.870190e-10
1.072349e-09
1.319853e-09
1.057469e-09
8.100426e-09
4.897887e-09
5.275772e-09
8.597069e-09
7.837928e-09
1.175117e-09
7.720697e-10
1.939019e-10
3.373953e-09
2.009074e-09
7.429051e-09
4.039162e-09
1.870880e-09
1.867530e-09
6.670777e-10
1.609538e-09
4.211587e-09
8.366941e-10
2.617431e-09
9.505908e-10
8.871017e-10
6.602288e-09
4.367481e-08
1.168965e-08
1.222558e-08
5.481259e-09
1.099578e-08
1.051943e-10
4.810728e-10
5.360126e-10
4.112076e-10
4.886029e-10
2.059720e-09
4.941754e-10
1.181781e-09
4.076728e-09
6.339169e-09
3.937535e-09
1.766951e-09
1.873346e-09
2.057589e-09
3.536809e-09
3.257984e-09
3.081977e-09
2.931758e-09
2.479320e-08
2.553583e-09
6.303024e-09
1.638983e-09
4.611854e-09
7.057663e-09
8.074383e-09
9.921616e-09
7.387332e-09
2.766688e-08
5.628139e-09
2.240361e-09
1.493158e-10
6.827230e-10
2.942757e-10
1.186698e-09
1.149903e-09
7.065758e-10
3.752062e-09
7.314353e-09
1.015497e-09
4.351984e-09
5.564461e-10
3.239816e-09
1.891276e-09
7.106849e-09
3.285508e-09
3.052070e-09
3.919675e-09
3.631385e-08
5.036430e-09
3.129906e-09
1.172289e-08
1.321676e-08
5.662186e-09
2.443753e-09
1.076973e-09
7.856813e-10
1.015771e-09
4.202833e-09
9.515211e-09
3.188732e-09
4.127946e-09
7.425500e-09
2.861524e-09
1.800031e-09
1.327585e-10
1.393857e-10
1.034738e-11
2.913206e-11
2.270252e-12
7.863627e-12
7.485947e-12
3.311070e-11
3.209256e-11
4.013648e-11
1.435813e-09
1.463907e-09
5.051624e-10
2.990440e-10
1.640036e-10
9.723647e-10
1.501462e-10
6.752649e-10
1.893260e-11
5.773252e-11
3.200092e-11
3.693512e-11
3.094920e-11
1.410947e-11
2.710372e-11
7.403343e-11
5.788969e-10
6.544257e-11
1.872357e-10
5.704964e-12
2.295317e-11
3.560671e-11
3.092328e-11
9.738806e-11
8.700148e-11
2.963848e-10
3.292298e-10
9.509355e-11
7.397605e-11
4.344901e-11
1.092794e-10
4.217201e-10
8.910309e-11
2.988923e-10
3.245437e-10
9.592892e-11
7.395858e-11
4.352138e-11
1.092851e-10
4.217300e-10
8.910309e-11
2.988923e-10
3.245436e-10
9.592892e-11
7.395858e-11
4.352138e-11
1.092851e-10
4.217300e-10
8.910309e-11
2.988924e-10
3.245442e-10
9.592906e-11
7.395897e-11
4.352272e-11
1.094077e-10
4.225143e-10
9.052087e-11
3.372319e-10
4.600542e-10
2.158290e-10
1.363470e-10
7.360339e-11
5.961513e-11
2.875201e-10
1.110820e-09
4.502666e-09
7.108251e-09
1.292884e-09
8.613620e-10
2.426295e-10
7.762458e-11
1.788219e-11
5.558405e-11
2.885135e-12
3.570488e-11
2.231098e-10
1.467604e-09
1.334410e-10
2.254177e-09
2.276087e-10
4.723650e-10
9.656396e-10
8.731509e-11
6.290593e-11
6.358400e-11
5.951202e-11
9.183127e-11
2.002215e-10
3.934935e-10
1.032737e-09
1.974828e-09
1.500972e-09
5.438248e-10
5.336996e-10
7.768795e-10
3.829842e-10
6.693805e-10
1.891401e-09
8.955471e-10
8.156053e-10
4.648356e-10
2.378390e-10
4.370893e-10
5.901700e-10
4.605350e-10
2.488930e-10
2.873694e-10
2.275360e-09
3.070480e-09
2.411569e-09
2.063046e-08
1.007910e-09
7.536017e-10
2.481018e-10
2.094301e-09
4.077033e-10
2.514825e-09
1.738885e-09
1.818996e-09
1.793626e-09
4.147075e-10
1.675379e-09
8.596537e-10
7.696218e-10
1.880954e-09
9.753297e-10
1.139683e-09
1.724841e-10
4.862312e-09
5.811328e-09
1.132929e-08
3.904816e-09
1.184453e-08
8.524627e-10
4.122606e-10
3.346732e-10
1.448521e-10
2.570661e-10
1.971896e-09
3.210063e-10
7.361457e-10
6.489725e-10
1.808966e-09
1.998563e-09
1.718639e-09
9.073404e-10
1.205687e-09
3.108312e-09
9.350560e-10
1.950744e-09
1.836665e-09
1.442108e-08
1.367157e-09
4.543478e-09
6.188410e-10
1.566660e-09
3.366362e-09
7.652387e-09
9.369200e-09
6.765926e-09
2.600090e-08
7.364921e-09
2.719808e-09
2.228840e-10
1.374100e-10
1.571519e-10
4.586285e-10
1.065861e-09
4.437075e-10
3.239453e-09
3.762642e-09
2.580582e-10
3.933319e-09
2.526559e-10
1.498468e-09
7.085079e-10
3.820647e-09
1.145161e-09
2.129652e-09
2.363444e-09
9.563431e-09
2.411039e-09
2.224407e-09
6.142082e-09
8.355519e-09
5.548830e-09
2.748227e-09
2.425962e-09
1.034948e-09
3.740015e-10
6.249679e-10
1.812877e-09
1.266846e-09
1.656891e-09
6.043363e-09
2.984129e-09
1.889059e-09
4.095154e-10
2.690713e-10
2.767001e-11
1.245238e-11
1.804572e-12
6.462817e-12
1.723166e-12
1.849880e-11
7.927453e-12
2.809223e-11
6.256648e-10
1.225511e-09
7.135412e-10
7.975060e-10
2.365531e-10
6.802549e-10
3.714696e-10
6.882783e-10
1.618774e-10
8.349967e-11
3.059944e-11
1.218600e-10
3.536280e-11
1.710061e-10
2.354326e-11
2.789965e-11
3.233972e-10
7.073123e-11
2.334298e-10
5.845767e-11
3.057100e-11
1.055552e-11
2.547721e-11
4.117642e-11
4.581246e-11
1.562270e-10
2.961122e-10
2.861010e-10
2.782441e-10
4.441398e-10
1.092255e-10
7.222914e-10
4.960506e-11
1.404826e-10
2.821539e-10
3.151701e-10
2.779071e-10
4.518895e-10
1.092851e-10
7.227145e-10
4.960515e-11
1.404826e-10
2.821538e-10
3.151701e-10
2.779071e-10
4.518895e-10
1.092851e-10
7.227145e-10
4.960515e-11
1.404826e-10
2.821539e-10
3.151702e-10
2.779072e-10
4.518900e-10
1.092969e-10
7.233496e-10
4.992794e-11
1.489108e-10
3.127844e-10
4.042741e-10
3.218562e-10
4.721410e-10
2.366515e-10
3.100824e-10
4.417339e-10
4.066233e-09
8.130303e-09
1.438579e-09
1.047934e-09
4.875012e-10
6.280250e-10
2.360417e-10
2.903782e-11
1.304075e-11
3.013800e-11
3.088996e-11
6.500130e-10
1.577934e-10
1.112573e-09
3.875328e-10
7.455293e-10
1.232869e-09
2.633506e-10
1.805140e-10
3.001041e-10
2.353066e-10
2.328578e-10
2.428727e-10
4.470685e-10
1.187207e-09
1.575952e-09
1.742347e-09
1.999076e-09
1.463141e-09
1.757718e-09
1.041953e-09
6.862706e-10
2.112309e-09
1.916034e-09
1.917833e-09
8.651999e-10
9.990957e-10
2.109688e-09
9.855338e-10
6.378394e-10
5.712074e-10
5.694082e-10
4.020579e-10
4.622868e-09
2.628209e-09
2.222875e-08
3.607984e-09
2.921992e-09
3.319030e-09
1.719590e-09
7.888896e-10
1.783174e-09
8.393321e-10
1.671622e-09
1.694091e-09
6.594825e-10
2.717554e-09
2.477859e-09
5.341397e-10
1.515115e-09
1.764544e-09
1.122332e-09
3.661884e-10
9.348628e-10
2.335842e-09
6.125923e-09
4.069227e-09
1.216540e-08
5.050419e-09
3.056833e-08
5.727438e-10
2.900897e-10
2.637018e-10
1.185221e-09
3.427855e-10
9.743622e-10
4.409847e-10
1.027462e-09
1.245008e-09
1.803677e-09
8.099825e-10
1.684119e-09
9.086316e-09
2.403234e-09
2.825876e-09
3.775070e-09
8.973130e-09
1.164215e-09
6.589085e-09
2.118334e-09
3.041456e-09
2.823073e-09
8.498754e-09
9.230474e-09
8.748473e-09
2.870370e-08
1.207107e-08
5.754847e-09
3.569787e-09
4.991720e-10
1.218179e-10
3.912297e-10
8.371571e-10
4.813869e-10
3.127148e-09
2.337486e-09
7.862332e-10
2.298081e-09
8.996188e-10
1.857140e-09
6.327289e-10
2.574919e-09
1.107637e-09
2.013948e-09
2.117961e-09
8.490523e-09
3.383935e-09
3.855477e-09
5.241989e-09
6.048022e-09
5.897098e-09
8.799343e-09
4.667247e-09
1.075140e-08
2.450462e-09
6.438326e-10
8.621149e-10
9.075284e-10
1.085275e-09
3.178252e-09
2.871146e-09
2.753534e-09
3.640441e-09
4.737515e-09
3.568536e-10
3.493135e-10
7.405514e-13
3.994915e-12
9.365800e-13
5.609745e-12
4.215327e-12
2.411880e-11
2.095894e-10
6.146496e-10
8.509940e-10
8.779126e-10
5.481674e-10
8.061982e-10
4.401719e-10
5.641106e-10
2.193783e-10
3.928308e-10
4.000711e-11
2.560561e-10
8.075508e-11
2.502687e-10
1.122193e-10
3.701723e-11
9.407930e-11
7.339725e-11
2.416025e-10
7.557350e-11
1.360600e-10
1.734625e-11
2.550353e-11
1.592300e-11
2.858763e-11
1.810048e-10
3.734014e-10
3.721494e-10
7.117151e-10
8.401531e-10
5.259235e-10
4.212053e-10
4.960472e-11
2.024677e-10
2.602722e-10
4.277265e-10
7.101842e-10
8.643442e-10
5.266106e-10
4.217300e-10
4.960515e-11
2.024679e-10
2.602719e-10
4.277265e-10
7.101842e-10
8.643442e-10
5.266106e-10
4.217300e-10
4.960515e-11
2.024679e-10
2.602719e-10
4.277265e-10
7.101843e-10
8.643444e-10
5.266127e-10
4.217448e-10
4.966520e-11
2.038467e-10
2.650031e-10
4.421393e-10
7.522478e-10
8.889983e-10
6.499952e-10
8.268950e-10
3.306519e-10
1.680750e-09
4.277048e-09
1.917754e-09
1.234282e-09
5.589547e-10
1.430367e-09
4.537718e-10
1.561885e-10
2.160536e-11
1.691245e-11
1.604954e-11
2.855310e-11
4.678271e-11
4.983751e-10
1.234778e-10
9.097302e-10
7.366189e-10
4.868354e-10
6.718655e-10
1.048978e-09
4.282900e-10
5.743154e-10
2.806968e-10
2.458058e-10
6.329769e-10
1.851761e-09
2.157628e-09
2.862387e-09
4.062900e-09
4.435857e-09
2.500891e-09
1.498342e-09
1.093027e-09
1.707421e-09
4.627383e-09
2.439593e-09
2.707271e-09
3.384098e-09
1.892523e-09
1.038329e-09
6.679690e-10
5.228160e-10
2.922087e-10
2.664553e-10
9.527107e-09
2.406071e-08
4.643068e-09
9.805164e-09
5.959564e-09
2.273629e-09
9.906028e-10
1.604920e-09
2.369399e-10
8.913932e-10
1.130463e-09
7.625258e-10
2.686498e-09
4.934067e-09
6.421696e-10
4.855037e-10
1.951318e-09
1.115516e-09
3.146813e-10
1.448043e-09
2.085683e-10
8.209146e-10
3.440686e-09
1.376428e-08
6.316854e-09
5.272768e-08
4.530112e-09
4.239265e-10
2.875506e-10
6.399582e-10
1.784518e-10
1.125194e-09
3.295306e-10
4.639899e-10
6.563337e-10
8.702898e-10
5.424949e-10
2.047780e-09
8.959681e-09
3.455100e-09
3.646712e-09
1.013844e-09
6.201170e-09
4.030868e-09
6.527903e-09
2.806434e-09
4.431639e-09
1.399319e-09
4.337106e-09
5.319081e-09
8.130446e-09
2.518364e-08
1.370689e-08
5.843600e-09
5.117704e-09
9.528014e-10
9.545168e-11
1.933004e-10
4.447531e-10
3.222195e-10
2.440874e-09
1.369321e-09
7.222085e-10
1.411247e-09
3.387809e-10
2.296076e-09
8.706501e-10
1.498872e-09
1.195743e-09
1.815070e-09
7.387439e-10
5.295993e-09
3.655862e-09
4.894601e-09
4.694245e-09
5.021828e-09
5.517388e-09
1.136514e-08
8.230724e-09
1.814173e-08
6.095752e-09
4.739944e-10
4.464334e-10
1.257359e-10
2.600729e-10
1.657161e-09
2.444009e-09
3.064051e-09
8.278877e-09
7.441795e-09
1.522713e-09
6.987678e-10
2.217608e-10
5.168966e-13
5.777069e-13
5.338950e-12
6.376372e-12
4.499922e-12
1.426953e-11
2.517743e-10
6.643502e-10
9.395348e-10
7.272403e-10
1.178023e-09
6.494228e-10
5.145972e-10
4.325200e-10
4.839295e-10
2.147858e-10
3.980944e-10
1.150304e-10
5.716146e-10
1.288084e-10
2.292205e-10
3.290278e-11
4.272490e-11
2.638047e-10
8.348642e-11
1.524304e-10
1.090408e-10
9.303543e-11
1.279167e-11
5.814681e-11
8.895493e-11
3.258762e-10
5.074861e-10
8.160335e-10
1.253128e-09
9.269617e-10
9.971036e-10
8.910104e-11
1.404808e-10
2.602736e-10
5.408573e-10
8.117055e-10
1.382012e-09
9.315416e-10
1.003307e-09
8.910309e-11
1.404826e-10
2.602719e-10
5.408575e-10
8.117055e-10
1.382013e-09
9.315416e-10
1.003307e-09
8.910309e-11
1.404826e-10
2.602719e-10
5.408575e-10
8.117055e-10
1.382013e-09
9.315422e-10
1.003311e-09
8.910455e-11
1.407540e-10
2.610818e-10
5.433758e-10
8.184268e-10
1.408046e-09
1.064274e-09
1.385316e-09
6.614520e-10
1.382205e-09
2.261152e-09
1.077187e-09
1.133285e-09
1.154720e-09
1.706416e-09
1.554998e-09
8.206582e-10
1.507931e-10
1.549747e-11
4.425845e-11
1.197968e-11
6.003887e-12
7.787925e-11
7.273004e-11
7.178782e-10
4.508044e-10
3.966930e-10
8.767930e-10
2.679914e-09
7.880195e-10
1.143306e-09
5.225713e-10
3.728016e-10
3.306050e-10
5.974207e-10
2.048244e-09
4.221024e-09
5.495301e-09
7.645096e-09
4.346206e-09
3.060809e-09
2.414704e-09
1.340081e-09
3.430347e-09
3.496237e-09
5.227033e-09
5.586701e-09
4.384969e-09
1.582928e-09
9.412638e-10
7.694668e-10
3.992001e-10
3.630751e-10
7.687338e-10
1.836227e-08
1.307266e-08
1.271787e-08
1.321126e-08
4.731002e-09
2.094127e-09
1.238690e-09
5.204840e-10
3.126396e-10
3.531332e-10
5.756500e-10
2.431490e-09
8.667985e-09
1.183372e-09
7.741269e-10
1.465786e-09
1.393342e-09
4.717494e-10
1.291419e-09
8.597177e-10
4.280000e-10
9.314808e-10
5.071765e-09
7.121262e-09
5.683540e-08
1.442748e-08
8.216016e-09
3.745258e-10
7.949492e-10
1.632308e-10
6.331658e-10
3.413365e-10
5.821608e-10
5.192107e-10
3.890409e-10
4.413515e-10
2.068527e-09
8.337981e-09
4.234979e-09
5.883065e-09
1.861388e-09
1.261278e-09
2.637450e-09
4.890255e-09
6.494310e-09
6.170206e-09
3.266345e-09
1.395774e-09
1.955215e-09
9.312236e-09
1.421812e-08
1.408200e-08
6.136208e-09
7.070897e-09
2.238402e-09
4.596947e-10
1.590238e-10
1.514191e-10
5.823837e-10
5.434437e-10
1.211203e-09
7.160461e-10
9.450398e-10
3.335383e-10
1.195896e-09
9.363066e-10
1.178636e-09
1.500558e-09
6.234774e-09
8.729528e-10
1.835006e-09
3.311639e-09
7.577544e-09
2.206085e-09
4.917710e-09
8.341819e-09
1.210728e-08
1.222324e-08
3.315798e-08
7.637737e-09
1.612743e-09
1.202565e-09
2.734669e-10
1.202219e-10
5.741117e-10
1.047904e-09
2.247458e-09
9.828321e-09
1.133280e-08
4.578003e-09
1.786911e-09
9.415846e-10
5.598998e-10
3.619736e-13
5.446864e-12
6.203837e-12
2.814367e-11
2.188710e-11
8.085084e-11
4.861769e-10
1.170975e-09
8.286520e-10
1.406739e-09
9.129273e-10
3.990511e-10
8.810742e-10
1.469142e-09
2.326238e-10
1.657315e-09
2.005667e-10
1.517293e-09
1.793018e-10
3.083926e-10
1.231349e-10
5.159395e-11
1.960273e-10
1.190393e-10
1.691317e-10
1.245679e-10
6.214342e-10
6.738341e-11
1.584342e-10
1.044717e-10
2.723675e-10
4.007110e-10
1.046646e-09
1.461431e-09
1.289337e-09
1.523515e-09
4.644093e-10
2.988843e-10
2.821642e-10
4.277254e-10
8.117055e-10
1.765383e-09
1.318401e-09
1.565020e-09
4.644978e-10
2.988923e-10
2.821538e-10
4.277265e-10
8.117055e-10
1.765384e-09
1.318401e-09
1.565020e-09
4.644978e-10
2.988923e-10
2.821538e-10
4.277265e-10
8.117055e-10
1.765384e-09
1.318402e-09
1.565022e-09
4.644982e-10
2.989073e-10
2.823555e-10
4.283447e-10
8.131054e-10
1.771393e-09
1.456393e-09
1.945638e-09
1.013373e-09
2.777255e-09
1.777819e-09
1.170874e-09
9.638528e-10
4.968157e-10
1.908981e-09
3.252833e-09
3.803472e-09
1.517104e-09
2.374457e-10
1.574732e-10
5.478312e-11
1.090562e-11
3.650272e-11
5.135551e-11
7.675477e-10
2.029237e-10
7.716739e-10
8.818901e-10
4.093351e-09
1.038051e-09
2.810614e-09
1.227605e-09
5.863655e-10
4.848238e-10
5.010585e-10
7.042512e-10
2.531854e-09
6.708161e-09
9.846354e-09
6.914026e-09
4.943778e-09
4.983532e-09
2.396595e-09
3.047196e-09
2.813925e-09
5.378681e-09
6.775539e-09
8.237374e-09
4.154102e-09
1.665440e-09
8.011794e-10
6.762878e-10
1.491479e-09
1.429325e-10
4.162867e-09
1.093435e-08
1.141819e-08
2.191096e-08
1.390495e-08
4.862795e-09
2.490500e-09
6.520628e-10
5.277171e-10
5.242273e-10
7.355259e-10
1.495944e-09
9.891926e-09
2.966769e-09
5.584686e-09
3.386510e-09
5.285555e-10
5.703272e-10
1.902140e-09
1.188461e-09
4.183368e-09
2.068222e-10
2.030991e-09
7.231345e-09
5.655986e-08
1.871693e-08
4.813623e-08
6.896085e-09
1.368583e-09
4.743735e-10
7.297239e-10
2.119892e-10
8.387482e-10
8.083101e-10
5.082349e-10
3.457626e-10
1.036111e-09
7.564896e-09
5.785121e-09
8.854635e-09
6.592341e-09
2.668803e-09
6.821509e-10
4.621813e-09
5.273765e-09
7.985224e-09
8.345221e-09
3.493814e-09
1.742006e-09
1.562742e-08
1.067347e-08
1.344335e-08
6.288734e-09
1.001900e-08
5.630113e-09
1.458751e-09
1.451401e-09
2.618301e-10
5.195962e-09
4.279839e-10
8.319113e-10
7.699363e-10
1.503981e-09
3.292779e-10
1.511156e-09
4.193474e-10
1.163917e-09
1.871659e-09
9.762950e-09
1.819218e-09
2.265124e-09
2.951932e-09
8.369911e-09
3.279797e-09
5.229744e-09
4.908886e-09
1.624967e-08
1.566110e-08
5.685670e-08
1.201727e-08
2.589272e-09
8.312954e-09
2.036221e-09
5.970944e-10
4.195012e-10
4.929755e-10
1.716102e-09
9.569987e-09
1.349129e-08
1.232845e-08
4.002478e-09
3.158399e-09
2.296342e-09
2.919299e-10
4.177601e-12
6.041311e-12
2.811075e-11
3.034995e-11
8.974595e-11
2.625572e-10
5.507701e-10
7.182682e-10
1.725889e-09
7.857072e-10
2.916169e-10
1.709752e-09
1.959489e-09
3.032605e-10
1.711308e-09
3.033015e-10
1.901224e-09
1.881641e-10
5.281272e-10
1.263321e-10
7.500930e-11
1.500212e-10
9.153963e-11
1.603558e-10
1.241847e-10
6.376070e-10
1.346063e-10
4.867059e-10
8.129581e-11
2.616758e-10
2.882230e-10
9.381156e-10
1.121550e-09
1.252578e-09
1.691823e-09
5.104914e-10
5.301532e-10
3.245913e-10
3.151632e-10
7.101844e-10
1.382010e-09
1.318401e-09
1.989487e-09
5.110857e-10
5.305174e-10
3.245436e-10
3.151701e-10
7.101842e-10
1.382013e-09
1.318401e-09
1.989489e-09
5.110857e-10
5.305174e-10
3.245436e-10
3.151701e-10
7.101842e-10
1.382013e-09
1.318401e-09
1.989490e-09
5.110859e-10
5.305277e-10
3.246034e-10
3.154997e-10
7.108578e-10
1.384408e-09
1.378410e-09
2.401319e-09
1.038510e-09
2.837853e-09
1.248020e-09
9.864100e-10
8.119209e-10
2.624808e-10
1.642993e-09
2.464934e-09
4.321151e-09
5.575340e-09
1.761729e-09
7.352891e-10
1.381430e-10
2.623990e-11
5.061574e-11
3.479258e-11
6.479815e-10
5.356087e-11
5.660068e-10
9.926600e-10
4.864557e-09
6.256630e-10
4.199485e-09
1.261602e-09
7.834122e-10
8.494309e-10
4.517606e-10
5.593671e-10
1.516809e-09
3.461632e-09
6.981925e-09
8.258522e-09
7.036235e-09
6.027703e-09
3.253891e-09
3.413324e-09
2.382622e-09
3.796873e-09
5.908161e-09
7.770922e-09
4.853394e-09
3.170598e-09
9.630904e-10
9.388271e-10
1.576858e-09
1.903072e-10
3.076052e-09
2.500300e-09
1.115175e-08
1.925879e-08
1.177193e-08
1.489403e-08
4.529154e-09
1.140172e-09
6.593184e-10
7.482297e-10
7.485809e-10
3.608432e-10
9.851668e-09
2.963587e-09
7.505881e-09
4.709301e-09
8.109587e-10
7.235489e-10
1.584581e-09
1.455625e-09
4.796175e-09
8.831529e-10
2.155106e-09
2.084495e-09
4.403848e-08
1.939975e-08
5.026997e-08
1.251858e-08
1.174131e-08
1.008053e-09
1.631114e-09
1.100225e-10
7.036345e-10
9.583016e-10
5.529904e-10
3.811540e-10
1.957571e-09
2.440711e-09
2.594573e-09
9.502834e-09
9.278203e-09
3.930448e-09
7.343343e-10
2.146469e-09
3.111539e-09
6.151725e-09
7.430644e-09
3.989422e-09
6.183950e-09
2.411229e-08
7.869131e-09
9.679143e-09
3.602816e-09
1.130279e-08
6.319349e-09
2.947226e-09
3.168301e-09
1.326780e-09
1.517289e-08
8.252807e-10
9.130446e-10
3.845397e-10
1.552372e-09
3.774449e-10
1.439588e-09
5.329318e-10
4.364435e-10
2.500743e-09
1.130634e-08
1.863951e-09
5.067039e-09
1.773184e-09
7.856841e-09
3.743329e-09
7.983090e-09
4.106516e-09
9.362223e-09
1.151050e-08
6.441163e-08
1.562369e-08
3.930554e-09
1.180864e-08
7.864979e-09
2.166172e-09
8.530400e-10
3.813872e-10
9.255096e-10
8.318442e-09
1.104383e-08
1.281438e-08
5.133248e-09
4.674568e-09
6.375809e-09
1.050615e-09
2.791770e-10
2.952829e-12
2.667616e-11
2.885950e-11
4.717512e-11
2.514525e-11
1.110686e-10
3.504306e-10
8.654798e-10
6.724572e-10
5.399493e-10
1.872322e-09
2.130180e-09
3.537559e-10
1.557794e-09
2.547052e-10
2.149038e-09
9.726419e-11
5.618802e-10
1.227558e-10
7.680375e-11
1.225685e-10
5.428434e-11
6.211491e-11
1.155104e-10
6.087886e-10
1.318229e-10
6.948091e-10
4.299140e-11
6.201570e-11
1.314349e-10
5.056664e-10
6.083416e-10
8.639665e-10
1.251407e-09
5.090780e-10
6.133218e-10
3.224694e-10
9.591667e-11
2.779074e-10
8.643377e-10
9.315413e-10
1.565019e-09
5.110857e-10
6.160861e-10
3.223144e-10
9.592892e-11
2.779071e-10
8.643442e-10
9.315416e-10
1.565020e-09
5.110857e-10
6.160861e-10
3.223144e-10
9.592892e-11
2.779071e-10
8.643442e-10
9.315416e-10
1.565020e-09
5.110858e-10
6.160891e-10
3.223243e-10
9.593810e-11
2.780398e-10
8.647907e-10
9.408963e-10
1.627030e-09
9.475479e-10
2.535767e-09
6.356301e-10
6.976525e-10
4.633524e-10
1.376921e-10
7.854080e-10
2.289370e-09
4.232007e-09
5.204530e-09
5.691495e-09
1.153402e-09
2.293798e-10
4.412783e-11
3.933417e-11
2.412657e-11
2.186259e-10
1.254376e-11
4.584992e-10
7.125451e-10
4.346640e-09
3.580534e-10
3.973635e-09
9.659315e-10
7.049062e-10
1.024986e-09
3.514669e-10
2.827595e-10
4.344173e-10
1.052818e-09
3.692682e-09
3.553093e-09
4.294039e-09
7.910922e-09
4.366341e-09
2.017754e-09
1.795582e-09
2.074308e-09
3.210743e-09
5.872685e-09
3.730909e-09
3.437465e-09
1.415378e-09
8.740583e-10
1.557083e-09
3.139417e-10
1.037295e-09
1.100735e-09
1.495218e-09
9.577270e-09
1.128036e-08
1.205798e-08
5.403153e-09
3.008670e-09
2.645395e-09
6.899120e-10
7.965414e-10
9.804456e-11
6.133342e-09
2.456700e-09
7.693700e-09
4.510931e-09
1.263234e-09
1.176202e-09
6.195311e-10
1.669991e-09
4.429981e-09
7.772344e-10
3.117888e-09
2.185079e-10
5.824858e-09
1.390037e-08
4.869476e-08
1.374762e-08
1.371775e-08
2.197544e-09
1.578695e-09
1.109182e-10
4.872325e-10
6.143216e-10
6.168565e-10
4.152956e-10
1.782610e-09
8.063539e-10
1.170095e-09
5.908231e-09
7.336501e-09
4.916754e-09
3.145021e-09
1.182316e-09
8.497332e-10
5.210270e-09
4.470578e-09
3.759884e-09
4.950036e-09
2.539647e-08
2.012242e-09
5.940887e-09
2.449238e-09
6.223309e-09
7.733160e-09
7.782801e-09
6.727467e-09
3.968506e-09
1.921390e-08
1.190800e-09
1.273039e-09
1.767349e-10
8.344376e-10
3.991456e-10
1.351471e-09
8.346279e-10
6.209372e-10
2.263872e-09
1.086287e-08
1.112927e-09
4.661201e-09
1.514050e-09
4.652711e-09
2.072862e-09
7.839072e-09
4.436533e-09
3.418732e-09
6.203546e-09
4.815126e-08
7.614066e-09
8.750412e-09
1.422078e-08
8.668048e-09
5.106657e-09
8.714713e-10
3.784808e-10
3.655849e-10
2.811486e-09
6.905037e-09
1.150400e-08
4.613925e-09
4.721486e-09
7.132255e-09
1.694504e-09
6.563292e-10
2.774265e-11
2.488839e-11
2.820158e-11
4.346897e-11
5.943281e-12
6.713162e-11
1.192316e-10
3.679527e-10
3.390509e-10
2.049208e-10
1.817021e-09
2.703153e-09
3.986281e-10
1.411236e-09
2.621102e-10
1.985954e-09
1.841122e-10
4.555080e-10
1.084075e-10
8.349223e-11
7.728528e-11
7.743459e-11
3.203528e-11
3.989519e-11
5.483602e-10
1.277419e-10
6.974635e-10
8.579043e-11
7.517238e-11
3.055684e-11
3.690866e-10
1.794095e-10
4.552087e-10
6.942687e-10
4.559677e-10
5.275023e-10
3.230546e-10
1.711554e-10
7.395971e-11
4.518620e-10
5.266095e-10
1.003305e-09
4.644978e-10
5.305174e-10
3.223144e-10
1.715774e-10
7.395858e-11
4.518895e-10
5.266106e-10
1.003307e-09
4.644978e-10
5.305174e-10
3.223144e-10
1.715774e-10
7.395858e-11
4.518895e-10
5.266106e-10
1.003307e-09
4.644979e-10
5.305193e-10
3.223163e-10
1.715809e-10
7.396475e-11
4.520327e-10
5.280156e-10
1.012564e-09
5.261624e-10
2.246570e-09
5.010863e-10
6.184304e-10
2.711394e-10
1.025651e-10
3.440961e-10
1.851379e-09
3.854342e-09
5.524652e-09
6.896083e-09
1.369135e-09
6.409970e-10
3.658507e-10
4.068752e-11
2.778130e-11
1.972274e-10
3.713086e-12
4.296636e-10
6.485003e-10
3.177868e-09
2.870876e-10
3.713475e-09
7.776361e-10
7.021048e-10
8.803746e-10
2.936630e-10
1.778173e-10
1.631299e-10
2.333217e-10
9.225290e-10
1.912566e-09
1.963849e-09
4.395042e-09
3.315965e-09
3.237729e-09
1.310828e-09
1.266191e-09
1.613597e-09
3.023617e-09
2.994263e-09
2.204271e-09
1.111288e-09
1.498617e-09
1.691807e-09
1.993806e-10
5.870196e-10
1.072349e-09
1.319853e-09
1.057469e-09
8.100450e-09
4.897887e-09
5.275773e-09
8.597070e-09
7.837928e-09
1.175117e-09
7.720698e-10
1.939020e-10
3.373953e-09
2.009074e-09
7.429052e-09
4.039161e-09
1.870885e-09
1.867530e-09
6.670777e-10
1.609538e-09
4.211587e-09
8.366941e-10
2.617434e-09
9.505908e-10
8.871018e-10
6.602288e-09
4.367481e-08
1.168965e-08
1.222558e-08
5.481259e-09
1.099578e-08
1.051943e-10
4.810728e-10
5.360127e-10
4.112076e-10
4.886031e-10
2.059720e-09
4.941801e-10
1.181782e-09
4.076734e-09
6.339170e-09
3.937509e-09
1.766952e-09
1.873372e-09
2.057590e-09
3.536834e-09
3.257989e-09
3.081977e-09
2.931759e-09
2.479321e-08
2.553580e-09
6.303031e-09
1.638985e-09
4.611854e-09
7.057664e-09
8.074383e-09
9.921616e-09
7.387333e-09
2.766688e-08
5.628144e-09
2.240363e-09
1.493158e-10
6.827235e-10
2.942757e-10
1.186700e-09
1.149904e-09
7.065760e-10
3.752062e-09
7.314402e-09
1.015499e-09
4.352009e-09
5.564528e-10
3.239818e-09
1.891277e-09
7.106851e-09
3.285509e-09
3.052071e-09
3.919676e-09
3.631385e-08
5.036436e-09
3.129912e-09
1.172289e-08
1.321676e-08
5.662186e-09
2.443753e-09
1.076973e-09
7.856830e-10
1.015771e-09
4.202834e-09
9.515211e-09
3.188732e-09
4.127946e-09
7.425500e-09
2.861524e-09
1.800031e-09
1.327585e-10
1.393857e-10
1.034738e-11
2.913206e-11
2.270252e-12
7.863627e-12
7.485947e-12
3.311070e-11
3.209256e-11
4.013648e-11
1.435813e-09
1.463907e-09
5.051624e-10
2.990440e-10
1.640036e-10
9.723647e-10
1.501462e-10
6.752649e-10
1.893260e-11
5.773252e-11
3.200092e-11
3.693512e-11
3.094920e-11
1.410947e-11
2.710372e-11
7.403343e-11
5.788969e-10
6.544257e-11
1.872357e-10
5.704964e-12
2.295317e-11
3.560671e-11
3.092328e-11
9.738806e-11
8.700148e-11
2.963848e-10
3.292298e-10
9.509355e-11
7.397605e-11
4.344901e-11
1.092794e-10
4.217201e-10
8.910309e-11
2.988923e-10
3.245437e-10
9.592892e-11
7.395858e-11
4.352138e-11
1.092851e-10
4.217300e-10
8.910309e-11
2.988923e-10
3.245436e-10
9.592892e-11
7.395858e-11
4.352139e-11
1.092851e-10
4.217300e-10
8.910309e-11
2.988924e-10
3.245442e-10
9.592906e-11
7.395897e-11
4.352272e-11
1.094077e-10
4.225143e-10
9.052087e-11
3.372319e-10
4.600542e-10
2.158290e-10
1.363470e-10
7.360339e-11
5.961513e-11
2.875201e-10
1.110820e-09
4.502666e-09
7.108251e-09
1.292884e-09
8.613620e-10
2.426295e-10
7.762458e-11
1.788219e-11
5.558406e-11
2.885135e-12
3.570488e-11
2.231098e-10
1.467604e-09
1.334410e-10
2.254177e-09
2.276087e-10
4.723650e-10
9.656396e-10
8.731509e-11
6.290593e-11
6.358400e-11
5.951202e-11
9.183132e-11
2.002215e-10
3.934935e-10
1.032737e-09
1.974828e-09
1.500972e-09
5.438248e-10
5.336996e-10
7.768799e-10
3.829842e-10
6.693805e-10
1.891401e-09
8.955471e-10
8.156053e-10
4.648356e-10
2.378390e-10
4.370893e-10
5.901700e-10
4.605350e-10
2.488931e-10
2.873697e-10
2.275360e-09
3.070480e-09
2.411569e-09
2.063046e-08
1.007910e-09
7.536017e-10
2.481018e-10
2.094301e-09
4.077033e-10
2.514825e-09
1.738885e-09
1.818999e-09
1.793626e-09
4.147075e-10
1.675379e-09
8.596537e-10
7.696218e-10
1.880955e-09
9.753297e-10
1.139683e-09
1.724841e-10
4.862312e-09
5.811328e-09
1.132929e-08
3.904816e-09
1.184453e-08
8.524627e-10
4.122606e-10
3.346732e-10
1.448521e-10
2.570661e-10
1.971896e-09
3.210070e-10
7.361458e-10
6.489729e-10
1.808966e-09
1.998561e-09
1.718640e-09
9.073476e-10
1.205687e-09
3.108316e-09
9.350563e-10
1.950744e-09
1.836665e-09
1.442108e-08
1.367156e-09
4.543480e-09
6.188412e-10
1.566661e-09
3.366362e-09
7.652387e-09
9.369200e-09
6.765927e-09
2.600090e-08
7.364929e-09
2.719809e-09
2.228840e-10
1.374100e-10
1.571519e-10
4.586286e-10
1.065862e-09
4.437077e-10
3.239453e-09
3.762651e-09
2.580583e-10
3.933324e-09
2.526563e-10
1.498468e-09
7.085080e-10
3.820648e-09
1.145161e-09
2.129653e-09
2.363444e-09
9.563431e-09
2.411039e-09
2.224408e-09
6.142082e-09
8.355519e-09
5.548829e-09
2.748228e-09
2.425962e-09
1.034952e-09
3.740015e-10
6.249680e-10
1.812877e-09
1.266846e-09
1.656891e-09
6.043363e-09
2.984129e-09
1.889059e-09
4.095154e-10
2.690713e-10
2.767002e-11
1.245238e-11
1.804572e-12
6.462817e-12
1.723166e-12
1.849880e-11
7.927453e-12
2.809223e-11
6.256648e-10
1.225511e-09
7.135412e-10
7.975060e-10
2.365531e-10
6.802549e-10
3.714696e-10
6.882783e-10
1.618774e-10
8.349967e-11
3.059944e-11
1.218600e-10
3.536280e-11
1.710061e-10
2.354326e-11
2.789965e-11
3.233972e-10
7.073123e-11
2.334298e-10
5.845767e-11
3.057100e-11
1.055552e-11
2.547721e-11
4.117642e-11
4.581246e-11
1.562270e-10
2.961122e-10
2.861010e-10
2.782441e-10
4.441398e-10
1.092255e-10
7.222914e-10
4.960506e-11
1.404826e-10
2.821539e-10
3.151701e-10
2.779071e-10
4.518895e-10
1.092851e-10
7.227145e-10
4.960515e-11
1.404826e-10
2.821538e-10
3.151701e-10
2.779071e-10
4.518895e-10
1.092851e-10
7.227145e-10
4.960515e-11
1.404826e-10
2.821539e-10
3.151702e-10
2.779072e-10
4.518900e-10
1.092969e-10
7.233496e-10
4.992794e-11
1.489108e-10
3.127844e-10
4.042741e-10
3.218562e-10
4.721410e-10
2.366515e-10
3.100824e-10
4.417339e-10
4.066233e-09
8.130303e-09
1.438579e-09
1.047934e-09
4.875012e-10
6.280250e-10
2.360418e-10
2.903782e-11
1.304077e-11
3.013801e-11
3.088996e-11
6.500130e-10
1.577934e-10
1.112573e-09
3.875328e-10
7.455293e-10
1.232869e-09
2.633506e-10
1.805140e-10
3.001041e-10
2.353066e-10
2.328579e-10
2.428727e-10
4.470685e-10
1.187207e-09
1.575952e-09
1.742347e-09
1.999076e-09
1.463141e-09
1.757718e-09
1.041953e-09
6.862706e-10
2.112309e-09
1.916034e-09
1.917833e-09
8.651999e-10
9.990957e-10
2.109688e-09
9.855338e-10
6.378395e-10
5.712083e-10
5.694088e-10
4.020580e-10
4.622868e-09
2.628209e-09
2.222876e-08
3.607985e-09
2.921992e-09
3.319030e-09
1.719590e-09
7.888896e-10
1.783174e-09
8.393321e-10
1.671623e-09
1.694091e-09
6.594826e-10
2.717554e-09
2.477860e-09
5.341398e-10
1.515115e-09
1.764544e-09
1.122332e-09
3.661884e-10
9.348628e-10
2.335842e-09
6.125923e-09
4.069227e-09
1.216540e-08
5.050419e-09
3.056833e-08
5.727438e-10
2.900897e-10
2.637018e-10
1.185221e-09
3.427858e-10
9.743628e-10
4.409848e-10
1.027462e-09
1.245007e-09
1.803678e-09
8.099865e-10
1.684120e-09
9.086319e-09
2.403234e-09
2.825876e-09
3.775070e-09
8.973130e-09
1.164215e-09
6.589087e-09
2.118335e-09
3.041457e-09
2.823073e-09
8.498755e-09
9.230475e-09
8.748475e-09
2.870370e-08
1.207111e-08
5.754848e-09
3.569786e-09
4.991721e-10
1.218180e-10
3.912297e-10
8.371587e-10
4.813882e-10
3.127152e-09
2.337489e-09
7.862332e-10
2.298083e-09
8.996191e-10
1.857140e-09
6.327289e-10
2.574920e-09
1.107637e-09
2.013949e-09
2.117961e-09
8.490523e-09
3.383935e-09
3.855478e-09
5.241989e-09
6.048022e-09
5.897098e-09
8.799348e-09
4.667247e-09
1.075146e-08
2.450462e-09
6.438328e-10
8.621150e-10
9.075285e-10
1.085275e-09
3.178252e-09
2.871148e-09
2.753537e-09
3.640443e-09
4.737516e-09
3.568537e-10
3.493136e-10
7.405514e-13
3.994915e-12
9.365800e-13
5.609745e-12
4.215327e-12
2.411880e-11
2.095894e-10
6.146496e-10
8.509940e-10
8.779126e-10
5.481674e-10
8.061982e-10
4.401719e-10
5.641106e-10
2.193783e-10
3.928308e-10
4.000711e-11
2.560561e-10
8.075508e-11
2.502687e-10
1.122193e-10
3.701723e-11
9.407930e-11
7.339725e-11
2.416025e-10
7.557350e-11
1.360600e-10
1.734625e-11
2.550353e-11
1.592300e-11
2.858763e-11
1.810048e-10
3.734014e-10
3.721494e-10
7.117151e-10
8.401531e-10
5.259235e-10
4.212053e-10
4.960472e-11
2.024677e-10
2.602722e-10
4.277265e-10
7.101842e-10
8.643442e-10
5.266106e-10
4.217300e-10
4.960515e-11
2.024679e-10
2.602719e-10
4.277265e-10
7.101842e-10
8.643442e-10
5.266106e-10
4.217300e-10
4.960515e-11
2.024679e-10
2.602719e-10
4.277265e-10
7.101843e-10
8.643444e-10
5.266127e-10
4.217448e-10
4.966520e-11
2.038467e-10
2.650031e-10
4.421393e-10
7.522478e-10
8.889983e-10
6.499952e-10
8.268950e-10
3.306519e-10
1.680750e-09
4.277048e-09
1.917754e-09
1.234282e-09
5.589547e-10
1.430367e-09
4.537718e-10
1.561885e-10
2.160542e-11
1.691246e-11
1.604955e-11
2.855310e-11
4.678271e-11
4.983751e-10
1.234778e-10
9.097302e-10
7.366189e-10
4.868354e-10
6.718655e-10
1.048978e-09
4.282900e-10
5.743154e-10
2.806968e-10
2.458058e-10
6.329769e-10
1.851761e-09
2.157628e-09
2.862387e-09
4.062900e-09
4.435857e-09
2.500891e-09
1.498342e-09
1.093027e-09
1.707421e-09
4.627383e-09
2.439593e-09
2.707271e-09
3.384099e-09
1.892523e-09
1.038329e-09
6.679708e-10
5.228171e-10
2.922089e-10
2.664553e-10
9.527107e-09
2.406071e-08
4.643070e-09
9.805165e-09
5.959565e-09
2.273629e-09
9.906028e-10
1.604920e-09
2.369399e-10
8.913934e-10
1.130463e-09
7.625260e-10
2.686498e-09
4.934068e-09
6.421699e-10
4.855043e-10
1.951318e-09
1.115516e-09
3.146814e-10
1.448043e-09
2.085683e-10
8.209147e-10
3.440686e-09
1.376428e-08
6.316855e-09
5.272768e-08
4.530112e-09
4.239265e-10
2.875506e-10
6.399582e-10
1.784518e-10
1.125195e-09
3.295306e-10
4.639899e-10
6.563336e-10
8.702898e-10
5.424953e-10
2.047782e-09
8.959683e-09
3.455100e-09
3.646712e-09
1.013844e-09
6.201170e-09
4.030868e-09
6.527903e-09
2.806434e-09
4.431642e-09
1.399319e-09
4.337106e-09
5.319081e-09
8.130449e-09
2.518364e-08
1.370694e-08
5.843601e-09
5.117702e-09
9.528015e-10
9.545220e-11
1.933005e-10
4.447566e-10
3.222217e-10
2.440880e-09
1.369322e-09
7.222086e-10
1.411247e-09
3.387810e-10
2.296076e-09
8.706501e-10
1.498873e-09
1.195743e-09
1.815072e-09
7.387439e-10
5.295993e-09
3.655862e-09
4.894601e-09
4.694245e-09
5.021828e-09
5.517388e-09
1.136515e-08
8.230725e-09
1.814183e-08
6.095753e-09
4.739948e-10
4.464338e-10
1.257360e-10
2.600731e-10
1.657162e-09
2.444011e-09
3.064055e-09
8.278882e-09
7.441797e-09
1.522713e-09
6.987682e-10
2.217608e-10
5.168966e-13
5.777069e-13
5.338950e-12
6.376372e-12
4.499922e-12
1.426953e-11
2.517743e-10
6.643502e-10
9.395348e-10
7.272403e-10
1.178023e-09
6.494228e-10
5.145972e-10
4.325200e-10
4.839295e-10
2.147858e-10
3.980944e-10
1.150304e-10
5.716147e-10
1.288084e-10
2.292205e-10
3.290278e-11
4.272490e-11
2.638047e-10
8.348642e-11
1.524304e-10
1.090408e-10
9.303543e-11
1.279167e-11
5.814681e-11
8.895493e-11
3.258762e-10
5.074861e-10
8.160335e-10
1.253128e-09
9.269617e-10
9.971036e-10
8.910104e-11
1.404808e-10
2.602736e-10
5.408573e-10
8.117055e-10
1.382012e-09
9.315416e-10
1.003307e-09
8.910309e-11
1.404826e-10
2.602719e-10
5.408575e-10
8.117055e-10
1.382013e-09
9.315416e-10
1.003307e-09
8.910309e-11
1.404826e-10
2.602719e-10
5.408575e-10
8.117055e-10
1.382013e-09
9.315422e-10
1.003311e-09
8.910455e-11
1.407540e-10
2.610818e-10
5.433758e-10
8.184268e-10
1.408046e-09
1.064275e-09
1.385316e-09
6.614520e-10
1.382205e-09
2.261152e-09
1.077187e-09
1.133285e-09
1.154720e-09
1.706416e-09
1.554998e-09
8.206585e-10
1.507948e-10
1.549753e-11
4.425859e-11
1.197969e-11
6.003887e-12
7.787925e-11
7.273005e-11
7.178782e-10
4.508044e-10
3.966930e-10
8.767930e-10
2.679914e-09
7.880195e-10
1.143306e-09
5.225713e-10
3.728016e-10
3.306050e-10
5.974207e-10
2.048244e-09
4.221024e-09
5.495301e-09
7.645097e-09
4.346206e-09
3.060809e-09
2.414704e-09
1.340082e-09
3.430347e-09
3.496237e-09
5.227033e-09
5.586703e-09
4.384970e-09
1.582929e-09
9.412690e-10
7.694709e-10
3.992027e-10
3.630753e-10
7.687338e-10
1.836227e-08
1.307267e-08
1.271788e-08
1.321126e-08
4.731003e-09
2.094128e-09
1.238690e-09
5.204840e-10
3.126403e-10
3.531334e-10
5.756504e-10
2.431490e-09
8.667991e-09
1.183376e-09
7.741317e-10
1.465786e-09
1.393342e-09
4.717497e-10
1.291419e-09
8.597178e-10
4.280012e-10
9.314808e-10
5.071765e-09
7.121263e-09
5.683540e-08
1.442748e-08
8.216018e-09
3.745258e-10
7.949492e-10
1.632309e-10
6.331677e-10
3.413365e-10
5.821608e-10
5.192107e-10
3.890410e-10
4.413515e-10
2.068530e-09
8.337982e-09
4.234982e-09
5.883065e-09
1.861388e-09
1.261278e-09
2.637450e-09
4.890255e-09
6.494311e-09
6.170212e-09
3.266345e-09
1.395775e-09
1.955215e-09
9.312242e-09
1.421812e-08
1.408211e-08
6.136210e-09
7.070893e-09
2.238403e-09
4.597047e-10
1.590242e-10
1.514574e-10
5.823982e-10
5.434542e-10
1.211204e-09
7.160465e-10
9.450402e-10
3.335383e-10
1.195896e-09
9.363068e-10
1.178640e-09
1.500558e-09
6.234790e-09
8.729528e-10
1.835007e-09
3.311640e-09
7.577545e-09
2.206085e-09
4.917710e-09
8.341819e-09
1.210730e-08
1.222324e-08
3.315835e-08
7.637740e-09
1.612747e-09
1.202569e-09
2.734683e-10
1.202226e-10
5.741179e-10
1.047913e-09
2.247465e-09
9.828331e-09
1.133281e-08
4.578006e-09
1.786913e-09
9.415848e-10
5.599003e-10
3.619736e-13
5.446864e-12
6.203837e-12
2.814367e-11
2.188710e-11
8.085084e-11
4.861769e-10
1.170975e-09
8.286520e-10
1.406739e-09
9.129273e-10
3.990511e-10
8.810742e-10
1.469142e-09
2.326238e-10
1.657315e-09
2.005667e-10
1.517294e-09
1.793018e-10
3.083930e-10
1.231350e-10
5.159395e-11
1.960273e-10
1.190393e-10
1.691317e-10
1.245679e-10
6.214342e-10
6.738341e-11
1.584342e-10
1.044717e-10
2.723675e-10
4.007110e-10
1.046646e-09
1.461431e-09
1.289337e-09
1.523515e-09
4.644093e-10
2.988843e-10
2.821642e-10
4.277254e-10
8.117055e-10
1.765383e-09
1.318401e-09
1.565020e-09
4.644979e-10
2.988924e-10
2.821539e-10
4.277265e-10
8.117055e-10
1.765384e-09
1.318401e-09
1.565020e-09
4.644979e-10
2.988924e-10
2.821539e-10
4.277265e-10
8.117055e-10
1.765384e-09
1.318402e-09
1.565022e-09
4.644983e-10
2.989073e-10
2.823556e-10
4.283448e-10
8.131054e-10
1.771393e-09
1.456394e-09
1.945639e-09
1.013373e-09
2.777255e-09
1.777819e-09
1.170874e-09
9.638528e-10
4.968158e-10
1.908981e-09
3.252833e-09
3.803477e-09
1.517143e-09
2.374483e-10
1.574740e-10
5.478328e-11
1.090562e-11
3.650274e-11
5.135553e-11
7.675478e-10
2.029237e-10
7.716739e-10
8.818901e-10
4.093351e-09
1.038051e-09
2.810614e-09
1.227605e-09
5.863657e-10
4.848238e-10
5.010585e-10
7.042513e-10
2.531855e-09
6.708162e-09
9.846356e-09
6.914026e-09
4.943778e-09
4.983532e-09
2.396596e-09
3.047197e-09
2.813925e-09
5.378682e-09
6.775545e-09
8.237377e-09
4.154106e-09
1.665467e-09
8.011939e-10
6.763032e-10
1.491483e-09
1.429330e-10
4.162870e-09
1.093436e-08
1.141820e-08
2.191096e-08
1.390495e-08
4.862796e-09
2.490501e-09
6.520629e-10
5.277288e-10
5.242287e-10
7.355279e-10
1.495945e-09
9.891939e-09
2.966820e-09
5.584767e-09
3.386511e-09
5.285548e-10
5.703286e-10
1.902141e-09
1.188461e-09
4.183425e-09
2.068222e-10
2.030992e-09
7.231346e-09
5.655987e-08
1.871693e-08
4.813625e-08
6.896084e-09
1.368583e-09
4.743739e-10
7.297392e-10
2.119892e-10
8.387487e-10
8.083107e-10
5.082351e-10
3.457631e-10
1.036127e-09
7.564897e-09
5.785126e-09
8.854635e-09
6.592341e-09
2.668804e-09
6.821511e-10
4.621814e-09
5.273767e-09
7.985241e-09
8.345221e-09
3.493834e-09
1.742007e-09
1.562744e-08
1.067347e-08
1.344354e-08
6.288740e-09
1.001898e-08
5.630115e-09
1.458797e-09
1.451408e-09
2.620896e-10
5.196197e-09
4.280435e-10
8.319128e-10
7.699383e-10
1.503986e-09
3.292778e-10
1.511159e-09
4.193476e-10
1.163980e-09
1.871660e-09
9.763017e-09
1.819218e-09
2.265127e-09
2.951932e-09
8.369914e-09
3.279798e-09
5.229745e-09
4.908884e-09
1.624970e-08
1.566110e-08
5.685813e-08
1.201728e-08
2.589282e-09
8.313011e-09
2.036239e-09
5.971059e-10
4.195333e-10
4.930214e-10
1.716126e-09
9.570002e-09
1.349131e-08
1.232846e-08
4.002495e-09
3.158400e-09
2.296346e-09
2.919309e-10
4.177601e-12
6.041311e-12
2.811075e-11
3.034995e-11
8.974595e-11
2.625572e-10
5.507701e-10
7.182682e-10
1.725889e-09
7.857072e-10
2.916169e-10
1.709752e-09
1.959489e-09
3.032605e-10
1.711308e-09
3.033015e-10
1.901224e-09
1.881643e-10
5.281299e-10
1.263324e-10
7.500948e-11
1.500212e-10
9.153967e-11
1.603558e-10
1.241848e-10
6.376070e-10
1.346063e-10
4.867059e-10
8.129582e-11
2.616758e-10
2.882230e-10
9.381156e-10
1.121550e-09
1.252578e-09
1.691823e-09
5.104914e-10
5.301532e-10
3.245914e-10
3.151632e-10
7.101844e-10
1.382010e-09
1.318402e-09
1.989490e-09
5.110858e-10
5.305192e-10
3.245442e-10
3.151702e-10
7.101843e-10
1.382013e-09
1.318402e-09
1.989490e-09
5.110858e-10
5.305193e-10
3.245442e-10
3.151702e-10
7.101843e-10
1.382013e-09
1.318402e-09
1.989492e-09
5.110860e-10
5.305296e-10
3.246040e-10
3.154997e-10
7.108579e-10
1.384408e-09
1.378411e-09
2.401320e-09
1.038510e-09
2.837855e-09
1.248021e-09
9.864105e-10
8.119210e-10
2.624808e-10
1.642994e-09
2.464935e-09
4.321162e-09
5.575849e-09
1.761790e-09
7.353289e-10
1.381440e-10
2.623996e-11
5.061646e-11
3.479285e-11
6.479817e-10
5.356087e-11
5.660068e-10
9.926601e-10
4.864557e-09
6.256631e-10
4.199485e-09
1.261602e-09
7.834129e-10
8.494309e-10
4.517606e-10
5.593674e-10
1.516810e-09
3.461632e-09
6.981928e-09
8.258523e-09
7.036237e-09
6.027701e-09
3.253895e-09
3.413329e-09
2.382624e-09
3.796875e-09
5.908183e-09
7.770933e-09
4.853420e-09
3.170745e-09
9.631742e-10
9.388869e-10
1.576880e-09
1.903137e-10
3.076085e-09
2.500324e-09
1.115179e-08
1.925881e-08
1.177193e-08
1.489404e-08
4.529165e-09
1.140173e-09
6.593439e-10
7.482550e-10
7.486018e-10
3.608434e-10
9.851689e-09
2.963697e-09
7.506950e-09
4.709328e-09
8.109521e-10
7.235540e-10
1.584586e-09
1.455628e-09
4.796304e-09
8.831540e-10
2.155123e-09
2.084496e-09
4.403848e-08
1.939976e-08
5.027002e-08
1.251857e-08
1.174132e-08
1.008055e-09
1.631290e-09
1.100224e-10
7.036356e-10
9.583051e-10
5.529929e-10
3.811570e-10
1.957747e-09
2.440713e-09
2.594582e-09
9.502837e-09
9.278204e-09
3.930457e-09
7.343354e-10
2.146469e-09
3.111553e-09
6.151764e-09
7.430643e-09
3.989475e-09
6.183966e-09
2.411240e-08
7.869136e-09
9.679614e-09
3.602827e-09
1.130274e-08
6.319356e-09
2.947412e-09
3.168335e-09
1.332077e-09
1.517453e-08
8.262260e-10
9.130551e-10
3.845441e-10
1.552395e-09
3.774439e-10
1.439602e-09
5.329333e-10
4.365766e-10
2.500758e-09
1.130658e-08
1.863952e-09
5.067089e-09
1.773185e-09
7.856846e-09
3.743333e-09
7.983108e-09
4.106508e-09
9.362303e-09
1.151051e-08
6.441485e-08
1.562372e-08
3.930598e-09
1.180876e-08
7.865297e-09
2.166322e-09
8.535416e-10
3.816338e-10
9.256385e-10
8.318492e-09
1.104385e-08
1.281442e-08
5.133362e-09
4.674583e-09
6.375831e-09
1.050622e-09
2.791850e-10
2.952829e-12
2.667616e-11
2.885950e-11
4.717512e-11
2.514525e-11
1.110686e-10
3.504306e-10
8.654798e-10
6.724572e-10
5.399493e-10
1.872322e-09
2.130180e-09
3.537559e-10
1.557794e-09
2.547053e-10
2.149039e-09
9.726481e-11
5.618844e-10
1.227565e-10
7.680422e-11
1.225685e-10
5.428444e-11
6.211499e-11
1.155110e-10
6.087886e-10
1.318229e-10
6.948091e-10
4.299142e-11
6.201575e-11
1.314349e-10
5.056664e-10
6.083416e-10
8.639665e-10
1.251407e-09
5.090781e-10
6.133219e-10
3.224694e-10
9.591667e-11
2.779075e-10
8.643381e-10
9.315420e-10
1.565022e-09
5.110859e-10
6.160890e-10
3.223162e-10
9.592906e-11
2.779072e-10
8.643444e-10
9.315422e-10
1.565022e-09
5.110859e-10
6.160891e-10
3.223163e-10
9.592906e-11
2.779072e-10
8.643444e-10
9.315422e-10
1.565022e-09
5.110860e-10
6.160922e-10
3.223262e-10
9.593824e-11
2.780400e-10
8.647908e-10
9.408969e-10
1.627032e-09
9.475482e-10
2.535771e-09
6.356326e-10
6.976535e-10
4.633527e-10
1.376921e-10
7.854085e-10
2.289373e-09
4.232021e-09
5.205129e-09
5.691733e-09
1.153463e-09
2.293830e-10
4.412800e-11
3.933526e-11
2.412757e-11
2.186262e-10
1.254376e-11
4.584993e-10
7.125453e-10
4.346640e-09
3.580534e-10
3.973635e-09
9.659318e-10
7.049077e-10
1.024986e-09
3.514672e-10
2.827597e-10
4.344190e-10
1.052818e-09
3.692686e-09
3.553095e-09
4.294041e-09
7.910918e-09
4.366351e-09
2.017761e-09
1.795586e-09
2.074312e-09
3.210769e-09
5.872700e-09
3.730945e-09
3.437769e-09
1.415582e-09
8.741699e-10
1.557113e-09
3.139587e-10
1.037343e-09
1.100793e-09
1.495255e-09
9.577297e-09
1.128037e-08
1.205798e-08
5.403175e-09
3.008672e-09
2.645530e-09
6.899434e-10
7.966066e-10
9.804605e-11
6.133367e-09
2.456825e-09
7.695025e-09
4.510969e-09
1.263213e-09
1.176219e-09
6.195374e-10
1.669997e-09
4.430143e-09
7.772358e-10
3.117947e-09
2.185132e-10
5.824862e-09
1.390037e-08
4.869481e-08
1.374761e-08
1.371775e-08
2.197550e-09
1.578940e-09
1.109178e-10
4.872349e-10
6.143259e-10
6.168629e-10
4.153061e-10
1.782885e-09
8.063579e-10
1.170115e-09
5.908235e-09
7.336503e-09
4.916774e-09
3.145030e-09
1.182317e-09
8.497503e-10
5.210367e-09
4.470578e-09
3.760065e-09
4.950056e-09
2.539664e-08
2.012249e-09
5.941613e-09
2.449267e-09
6.223249e-09
7.733185e-09
7.783499e-09
6.727600e-09
3.992325e-09
1.921629e-08
1.192918e-09
1.273071e-09
1.767465e-10
8.344639e-10
3.991413e-10
1.351511e-09
8.346342e-10
6.216298e-10
2.263892e-09
1.086319e-08
1.112927e-09
4.661265e-09
1.514053e-09
4.652726e-09
2.072869e-09
7.839098e-09
4.436509e-09
3.418845e-09
6.203557e-09
4.815470e-08
7.614113e-09
8.750583e-09
1.422095e-08
8.668444e-09
5.107132e-09
8.721986e-10
3.791996e-10
3.658947e-10
2.811558e-09
6.905077e-09
1.150404e-08
4.614064e-09
4.721510e-09
7.132286e-09
1.694518e-09
6.563510e-10
2.774735e-11
2.488839e-11
2.820158e-11
4.346897e-11
5.943281e-12
6.713162e-11
1.192316e-10
3.679527e-10
3.390509e-10
2.049208e-10
1.817021e-09
2.703154e-09
3.986282e-10
1.411236e-09
2.621104e-10
1.985956e-09
1.841309e-10
4.555212e-10
1.084105e-10
8.349461e-11
7.728535e-11
7.743758e-11
3.203565e-11
3.989871e-11
5.483602e-10
1.277419e-10
6.974636e-10
8.579130e-11
7.517339e-11
3.055686e-11
3.690867e-10
1.794095e-10
4.552088e-10
6.942687e-10
4.559679e-10
5.275025e-10
3.230549e-10
1.711555e-10
7.395999e-11
4.518637e-10
5.266119e-10
1.003311e-09
4.644983e-10
5.305274e-10
3.223238e-10
1.715809e-10
7.395897e-11
4.518900e-10
5.266127e-10
1.003311e-09
4.644982e-10
5.305277e-10
3.223243e-10
1.715809e-10
7.395897e-11
4.518900e-10
5.266127e-10
1.003311e-09
4.644983e-10
5.305296e-10
3.223262e-10
1.715843e-10
7.396513e-11
4.520332e-10
5.280178e-10
1.012568e-09
5.261628e-10
2.246580e-09
5.010968e-10
6.184347e-10
2.711406e-10
1.025657e-10
3.440975e-10
1.851392e-09
3.854375e-09
5.525814e-09
6.896555e-09
1.369456e-09
6.410516e-10
3.658568e-10
4.069064e-11
2.779891e-11
1.972327e-10
3.713143e-12
4.296637e-10
6.485009e-10
3.177869e-09
2.870877e-10
3.713475e-09
7.776365e-10
7.021118e-10
8.803753e-10
2.936633e-10
1.778183e-10
1.631381e-10
2.333216e-10
9.225401e-10
1.912569e-09
1.963856e-09
4.395044e-09
3.316003e-09
3.237749e-09
1.310840e-09
1.266204e-09
1.613648e-09
3.023637e-09
2.994333e-09
2.205092e-09
1.112252e-09
1.499009e-09
1.691891e-09
1.994339e-10
5.871483e-10
1.072839e-09
1.320209e-09
1.057505e-09
8.100463e-09
4.897897e-09
5.275813e-09
8.597078e-09
7.838654e-09
1.175221e-09
7.721910e-10
1.939267e-10
3.374027e-09
2.009398e-09
7.430700e-09
4.039214e-09
1.870683e-09
1.867754e-09
6.671041e-10
1.609553e-09
4.211897e-09
8.366992e-10
2.617547e-09
9.507923e-10
8.871147e-10
6.602296e-09
4.367487e-08
1.168964e-08
1.222559e-08
5.481315e-09
1.099990e-08
1.051924e-10
4.810906e-10
5.360305e-10
4.112192e-10
4.886547e-10
2.061263e-09
4.942015e-10
1.181940e-09
4.076735e-09
6.339175e-09
3.937582e-09
1.766997e-09
1.873379e-09
2.057683e-09
3.537010e-09
3.257988e-09
3.082356e-09
2.931802e-09
2.479348e-08
2.553637e-09
6.305350e-09
1.639088e-09
4.611746e-09
7.057712e-09
8.077042e-09
9.922128e-09
7.482103e-09
2.767211e-08
5.656960e-09
2.240531e-09
1.494579e-10
6.828016e-10
2.942669e-10
1.186830e-09
1.149995e-09
7.094140e-10
3.752143e-09
7.314842e-09
1.015502e-09
4.352138e-09
5.564567e-10
3.239843e-09
1.891292e-09
7.106972e-09
3.285557e-09
3.052779e-09
3.919704e-09
3.631805e-08
5.036511e-09
3.130299e-09
1.172322e-08
1.321764e-08
5.663072e-09
2.448558e-09
1.083790e-09
7.892628e-10
1.015961e-09
4.202950e-09
9.515286e-09
3.188903e-09
4.127980e-09
7.425588e-09
2.861636e-09
1.800141e-09
1.327885e-10
1.393598e-10
1.034738e-11
2.913206e-11
2.270252e-12
7.863627e-12
7.485947e-12
3.311070e-11
3.209258e-11
4.013652e-11
1.435813e-09
1.463907e-09
5.051632e-10
2.990445e-10
1.640040e-10
9.723692e-10
1.501859e-10
6.754753e-10
1.894985e-11
5.773819e-11
3.200138e-11
3.694246e-11
3.095569e-11
1.413095e-11
2.710382e-11
7.403354e-11
5.788971e-10
6.544442e-11
1.872577e-10
5.705223e-12
2.295325e-11
3.560673e-11
3.092352e-11
9.738821e-11
8.700196e-11
2.963851e-10
3.292316e-10
9.509390e-11
7.398044e-11
4.345341e-11
1.092924e-10
4.217435e-10
8.910458e-11
2.989068e-10
3.246008e-10
9.593808e-11
7.396475e-11
4.352272e-11
1.092969e-10
4.217448e-10
8.910455e-11
2.989073e-10
3.246034e-10
9.593810e-11
7.396475e-11
4.352272e-11
1.092969e-10
4.217448e-10
8.910455e-11
2.989073e-10
3.246040e-10
9.593824e-11
7.396513e-11
4.352406e-11
1.094195e-10
4.225291e-10
9.052236e-11
3.372472e-10
4.601147e-10
2.158392e-10
1.363540e-10
7.360652e-11
5.962191e-11
2.875396e-10
1.110894e-09
4.504673e-09
7.109130e-09
1.293369e-09
8.615428e-10
2.426456e-10
7.767178e-11
1.792476e-11
5.559774e-11
2.886370e-12
3.570440e-11
2.231107e-10
1.467608e-09
1.334414e-10
2.254181e-09
2.276090e-10
4.723861e-10
9.656416e-10
8.731779e-11
6.291424e-11
6.362752e-11
5.951619e-11
9.190357e-11
2.002265e-10
3.935037e-10
1.032742e-09
1.974950e-09
1.501095e-09
5.438756e-10
5.337386e-10
7.771015e-10
3.830447e-10
6.694940e-10
1.893655e-09
8.989003e-10
8.177338e-10
4.650016e-10
2.381389e-10
4.374501e-10
5.913141e-10
4.612891e-10
2.491184e-10
2.873902e-10
2.275377e-09
3.070560e-09
2.411584e-09
2.063486e-08
1.008125e-09
7.539391e-10
2.481534e-10
2.094570e-09
4.087931e-10
2.516876e-09
1.738956e-09
1.818589e-09
1.794110e-09
4.148148e-10
1.675414e-09
8.603692e-10
7.696364e-10
1.881137e-09
9.757585e-10
1.139881e-09
1.725007e-10
4.862390e-09
5.811311e-09
1.132931e-08
3.904931e-09
1.185349e-08
8.524304e-10
4.123210e-10
3.347435e-10
1.448835e-10
2.571650e-10
1.975343e-09
3.210714e-10
7.365450e-10
6.489762e-10
1.808966e-09
1.998598e-09
1.718753e-09
9.075644e-10
1.206075e-09
3.108784e-09
9.350575e-10
1.951717e-09
1.836740e-09
1.442139e-08
1.367307e-09
4.548522e-09
6.190743e-10
1.566450e-09
3.366425e-09
7.657007e-09
9.369948e-09
6.904366e-09
2.600788e-08
7.410176e-09
2.720205e-09
2.238368e-10
1.376966e-10
1.571293e-10
4.588687e-10
1.066013e-09
4.551492e-10
3.239572e-09
3.763545e-09
2.580658e-10
3.933600e-09
2.526663e-10
1.498550e-09
7.085575e-10
3.820702e-09
1.145121e-09
2.131687e-09
2.363851e-09
9.568936e-09
2.411194e-09
2.225074e-09
6.142684e-09
8.356694e-09
5.550426e-09
2.757748e-09
2.457291e-09
1.042619e-09
3.746663e-10
6.252004e-10
1.813010e-09
1.267234e-09
1.656938e-09
6.043516e-09
2.984410e-09
1.889278e-09
4.097031e-10
2.690065e-10
2.779797e-11
1.245238e-11
1.804578e-12
6.462837e-12
1.723174e-12
1.850172e-11
7.927498e-12
2.809291e-11
6.256666e-10
1.225516e-09
7.135473e-10
7.975296e-10
2.365622e-10
6.802837e-10
3.722577e-10
6.890271e-10
1.643321e-10
8.368921e-11
3.060815e-11
1.221108e-10
3.545912e-11
1.740989e-10
2.354812e-11
2.790387e-11
3.233986e-10
7.076804e-11
2.335090e-10
5.849978e-11
3.057857e-11
1.055578e-11
2.548905e-11
4.118348e-11
4.583213e-11
1.562330e-10
2.961186e-10
2.861135e-10
2.783389e-10
4.446108e-10
1.093606e-10
7.232920e-10
4.966661e-11
1.407452e-10
2.823466e-10
3.154988e-10
2.780398e-10
4.520327e-10
1.094077e-10
7.233496e-10
4.966520e-11
1.407540e-10
2.823555e-10
3.154997e-10
2.780398e-10
4.520327e-10
1.094077e-10
7.233496e-10
4.966520e-11
1.407540e-10
2.823556e-10
3.154997e-10
2.780400e-10
4.520332e-10
1.094195e-10
7.239888e-10
4.998844e-11
1.491825e-10
3.129882e-10
4.046057e-10
3.219903e-10
4.722893e-10
2.369565e-10
3.104168e-10
4.421587e-10
4.078056e-09
8.137122e-09
1.442618e-09
1.048474e-09
4.877258e-10
6.298428e-10
2.403533e-10
2.917375e-11
1.308934e-11
3.009473e-11
3.090186e-11
6.500740e-10
1.578130e-10
1.112657e-09
3.876182e-10
7.457890e-10
1.233054e-09
2.634120e-10
1.807120e-10
3.014785e-10
2.354939e-10
2.346690e-10
2.432615e-10
4.480038e-10
1.187158e-09
1.576416e-09
1.743735e-09
2.001731e-09
1.464733e-09
1.759623e-09
1.043691e-09
6.889551e-10
2.118998e-09
1.938920e-09
1.938348e-09
8.697767e-10
1.003005e-09
2.118014e-09
9.919804e-10
6.448849e-10
5.782646e-10
5.707746e-10
4.022329e-10
4.624248e-09
2.628326e-09
2.224417e-08
3.614377e-09
2.925491e-09
3.320671e-09
1.720401e-09
8.105674e-10
1.809037e-09
8.400663e-10
1.670656e-09
1.695297e-09
6.625051e-10
2.718151e-09
2.487038e-09
5.342230e-10
1.516089e-09
1.773109e-09
1.123141e-09
3.677366e-10
9.352409e-10
2.335779e-09
6.125993e-09
4.069530e-09
1.218758e-08
5.049301e-09
3.057568e-08
5.732382e-10
2.912983e-10
2.650803e-10
1.193885e-09
3.434989e-10
9.798495e-10
4.410714e-10
1.027548e-09
1.245316e-09
1.803918e-09
8.110107e-10
1.688714e-09
9.105171e-09
2.403584e-09
2.830996e-09
3.777116e-09
8.974612e-09
1.166341e-09
6.619231e-09
2.123958e-09
3.039500e-09
2.823590e-09
8.520034e-09
9.232725e-09
9.253240e-09
2.872540e-08
1.225420e-08
5.757161e-09
3.603311e-09
5.110989e-10
1.214482e-10
3.937832e-10
8.374658e-10
5.651031e-10
3.128454e-09
2.341914e-09
7.865208e-10
2.299927e-09
9.003002e-10
1.857903e-09
6.349035e-10
2.575531e-09
1.107004e-09
2.021386e-09
2.121767e-09
8.536549e-09
3.387668e-09
3.858659e-09
5.243991e-09
6.052009e-09
5.904660e-09
8.911460e-09
4.765496e-09
1.086908e-08
2.468083e-09
6.471814e-10
8.630859e-10
9.126912e-10
1.085775e-09
3.178584e-09
2.871888e-09
2.756145e-09
3.646254e-09
4.735275e-09
3.588519e-10
3.513161e-10
7.405518e-13
3.994932e-12
9.366082e-13
5.609860e-12
4.215947e-12
2.413440e-11
2.095941e-10
6.146591e-10
8.510197e-10
8.779650e-10
5.482138e-10
8.063319e-10
4.418440e-10
5.654814e-10
2.238230e-10
3.951456e-10
4.005106e-11
2.568287e-10
8.123523e-11
2.569910e-10
1.122809e-10
3.703911e-11
9.408622e-11
7.351870e-11
2.417477e-10
7.564979e-11
1.361546e-10
1.734910e-11
2.553860e-11
1.595605e-11
2.869285e-11
1.810393e-10
3.734269e-10
3.721744e-10
7.121953e-10
8.416235e-10
5.274707e-10
4.224429e-10
4.993527e-11
2.038026e-10
2.610459e-10
4.283431e-10
7.108575e-10
8.647907e-10
5.280156e-10
4.225143e-10
4.992794e-11
2.038467e-10
2.610818e-10
4.283447e-10
7.108578e-10
8.647907e-10
5.280156e-10
4.225143e-10
4.992794e-11
2.038467e-10
2.610818e-10
4.283448e-10
7.108579e-10
8.647908e-10
5.280178e-10
4.225291e-10
4.998844e-11
2.052348e-10
2.658158e-10
4.427587e-10
7.529298e-10
8.894577e-10
6.515855e-10
8.285771e-10
3.325661e-10
1.699083e-09
4.285339e-09
1.926095e-09
1.235590e-09
5.593675e-10
1.436473e-09
4.669482e-10
1.577364e-10
2.170980e-11
1.677051e-11
1.618060e-11
2.858870e-11
4.684290e-11
4.986729e-10
1.235149e-10
9.107816e-10
7.367712e-10
4.872885e-10
6.728116e-10
1.055641e-09
4.283804e-10
5.805202e-10
2.822257e-10
2.467827e-10
6.339595e-10
1.856601e-09
2.158817e-09
2.867494e-09
4.071621e-09
4.445435e-09
2.507840e-09
1.510660e-09
1.116257e-09
1.747568e-09
4.680520e-09
2.457088e-09
2.726874e-09
3.401475e-09
1.911513e-09
1.054965e-09
6.830758e-10
5.265306e-10
2.932572e-10
2.673486e-10
9.534612e-09
2.408069e-08
4.655033e-09
9.822221e-09
5.963076e-09
2.275823e-09
1.029084e-09
1.680102e-09
2.392242e-10
8.897603e-10
1.132391e-09
7.679543e-10
2.687777e-09
4.960820e-09
6.423979e-10
4.877588e-10
1.961886e-09
1.116836e-09
3.174795e-10
1.452426e-09
2.084368e-10
8.211812e-10
3.441199e-09
1.379745e-08
6.314894e-09
5.274349e-08
4.535506e-09
4.270810e-10
2.922150e-10
6.593627e-10
1.796638e-10
1.136645e-09
3.297144e-10
4.641966e-10
6.574147e-10
8.711482e-10
5.429339e-10
2.054263e-09
8.984437e-09
3.456308e-09
3.659113e-09
1.016416e-09
6.210516e-09
4.034376e-09
6.578711e-09
2.818921e-09
4.424655e-09
1.400236e-09
4.364749e-09
5.323589e-09
8.892568e-09
2.521552e-08
1.398233e-08
5.847222e-09
5.173054e-09
9.888930e-10
9.358566e-11
2.005809e-10
4.454499e-10
4.707028e-10
2.442719e-09
1.381253e-09
7.227381e-10
1.413797e-09
3.394098e-10
2.300744e-09
8.721154e-10
1.501220e-09
1.196916e-09
1.824148e-09
7.401207e-10
5.376807e-09
3.666369e-09
4.910230e-09
4.706541e-09
5.030676e-09
5.530651e-09
1.154602e-08
8.472451e-09
1.834918e-08
6.148469e-09
4.809258e-10
4.491471e-10
1.364944e-10
2.615271e-10
1.658053e-09
2.445187e-09
3.068612e-09
8.296749e-09
7.437040e-09
1.532737e-09
7.031371e-10
2.308022e-10
5.172070e-13
5.777192e-13
5.339355e-12
6.377066e-12
4.504760e-12
1.429496e-11
2.524471e-10
6.644385e-10
9.398112e-10
7.274650e-10
1.179003e-09
6.567133e-10
5.193294e-10
4.626604e-10
4.889264e-10
2.168326e-10
4.021858e-10
1.178966e-10
6.013981e-10
1.291664e-10
2.302248e-10
3.297054e-11
4.338869e-11
2.647881e-10
8.400359e-11
1.526342e-10
1.091852e-10
9.436480e-11
1.298061e-11
5.881232e-11
8.915303e-11
3.260727e-10
5.076538e-10
8.170344e-10
1.260970e-09
9.372647e-10
1.011721e-09
9.055346e-11
1.486416e-10
2.647960e-10
5.433691e-10
8.131049e-10
1.384408e-09
9.408962e-10
1.012564e-09
9.052087e-11
1.489108e-10
2.650031e-10
5.433758e-10
8.131054e-10
1.384408e-09
9.408963e-10
1.012564e-09
9.052087e-11
1.489108e-10
2.650031e-10
5.433758e-10
8.131054e-10
1.384408e-09
9.408969e-10
1.012568e-09
9.052236e-11
1.491825e-10
2.658158e-10
5.459747e-10
8.198559e-10
1.410447e-09
1.073852e-09
1.395607e-09
6.728889e-10
1.442287e-09
2.275040e-09
1.103794e-09
1.138824e-09
1.156586e-09
1.718199e-09
1.680450e-09
8.543566e-10
1.540239e-10
1.483392e-11
4.711645e-11
1.257506e-11
6.034415e-12
7.872417e-11
7.445216e-11
7.213104e-10
4.510563e-10
3.981785e-10
8.807568e-10
2.723315e-09
7.882631e-10
1.175667e-09
5.268272e-10
3.786890e-10
3.338641e-10
6.028626e-10
2.060374e-09
4.281118e-09
5.512014e-09
7.701800e-09
4.383314e-09
3.108389e-09
2.553166e-09
1.479918e-09
3.522341e-09
3.576379e-09
5.304586e-09
5.663101e-09
4.472148e-09
1.662456e-09
9.838630e-10
7.829341e-10
4.097222e-10
3.884908e-10
7.738508e-10
1.839078e-08
1.312458e-08
1.275884e-08
1.322679e-08
4.740606e-09
2.333162e-09
1.376362e-09
5.516222e-10
3.031935e-10
3.624515e-10
5.840937e-10
2.437001e-09
8.921129e-09
1.186411e-09
7.936385e-10
1.483198e-09
1.397389e-09
4.902419e-10
1.299646e-09
8.521330e-10
4.300719e-10
9.357035e-10
5.120737e-09
7.119210e-09
5.686228e-08
1.449623e-08
8.327412e-09
3.904863e-10
9.434193e-10
1.736437e-10
6.520153e-10
3.422349e-10
5.824927e-10
5.237978e-10
3.944910e-10
4.442032e-10
2.083608e-09
8.370007e-09
4.235575e-09
5.968776e-09
1.874256e-09
1.293181e-09
2.671346e-09
4.980522e-09
6.533745e-09
6.163060e-09
3.284900e-09
1.446275e-09
1.967313e-09
1.107824e-08
1.426834e-08
1.471295e-08
6.145259e-09
7.209819e-09
2.367161e-09
4.237581e-10
1.963597e-10
1.590858e-10
1.550389e-09
5.465395e-10
1.252651e-09
7.177939e-10
9.544593e-10
3.392674e-10
1.199152e-09
9.493065e-10
1.187409e-09
1.501920e-09
6.317040e-09
8.826909e-10
1.936423e-09
3.338026e-09
7.703552e-09
2.228284e-09
5.006196e-09
8.438971e-09
1.240906e-08
1.301619e-08
3.392316e-08
7.734803e-09
1.684681e-09
1.227602e-09
3.851281e-10
1.271836e-10
5.787059e-10
1.051771e-09
2.255378e-09
9.861767e-09
1.131242e-08
4.691704e-09
1.806315e-09
9.994181e-10
6.521518e-10
3.632431e-13
5.456110e-12
6.204191e-12
2.815536e-11
2.226052e-11
8.112023e-11
4.872179e-10
1.181274e-09
8.313904e-10
1.410339e-09
9.563495e-10
4.263275e-10
1.049888e-09
1.508837e-09
2.372862e-10
1.846920e-09
2.186796e-10
1.690476e-09
1.815523e-10
3.147206e-10
1.251126e-10
5.569772e-11
2.035991e-10
1.252050e-10
1.707746e-10
1.248917e-10
6.951608e-10
7.615475e-11
1.623203e-10
1.058241e-10
2.737040e-10
4.015769e-10
1.051653e-09
1.478738e-09
1.355416e-09
1.621373e-09
5.276125e-10
3.359972e-10
3.114897e-10
4.421009e-10
8.184244e-10
1.771392e-09
1.378410e-09
1.627029e-09
5.261624e-10
3.372319e-10
3.127844e-10
4.421393e-10
8.184268e-10
1.771393e-09
1.378410e-09
1.627030e-09
5.261624e-10
3.372319e-10
3.127844e-10
4.421393e-10
8.184268e-10
1.771393e-09
1.378411e-09
1.627032e-09
5.261628e-10
3.372472e-10
3.129882e-10
4.427587e-10
8.198559e-10
1.778504e-09
1.516991e-09
2.008556e-09
1.085549e-09
3.102352e-09
1.827956e-09
1.269760e-09
9.874117e-10
5.069206e-10
1.956388e-09
3.530401e-09
4.244339e-09
1.591573e-09
2.075948e-10
1.750392e-10
6.793272e-11
1.228779e-11
3.756725e-11
5.169143e-11
8.081972e-10
2.145618e-10
7.973104e-10
8.900018e-10
4.278843e-09
1.044946e-09
3.014182e-09
1.242669e-09
6.093736e-10
4.755664e-10
5.361133e-10
7.614297e-10
2.564490e-09
6.852814e-09
1.030965e-08
7.137609e-09
5.194826e-09
5.472540e-09
3.221622e-09
3.401885e-09
2.935590e-09
5.675449e-09
7.100769e-09
8.769940e-09
4.575682e-09
1.892600e-09
8.431465e-10
7.377415e-10
1.741875e-09
1.544425e-10
4.382866e-09
1.124464e-08
1.155852e-08
2.197192e-08
1.396932e-08
6.184390e-09
3.371429e-09
7.194781e-10
3.808392e-10
6.230219e-10
7.833632e-10
1.500603e-09
1.043389e-08
3.015625e-09
5.895933e-09
3.492110e-09
5.666491e-10
6.562927e-10
1.966880e-09
1.168889e-09
4.209241e-09
2.209279e-10
2.210019e-09
7.272043e-09
5.662748e-08
1.886777e-08
4.964598e-08
7.544465e-09
1.961208e-09
5.949118e-10
8.852756e-10
2.137182e-10
8.395264e-10
8.534776e-10
5.341076e-10
3.560218e-10
1.109102e-09
7.635401e-09
5.858644e-09
9.252235e-09
6.703523e-09
2.715153e-09
7.405511e-10
5.698581e-09
5.384124e-09
8.055844e-09
8.391549e-09
4.148722e-09
1.792034e-09
2.159940e-08
1.081164e-08
1.459229e-08
6.354805e-09
1.048161e-08
6.115120e-09
1.292212e-09
2.173764e-09
3.137103e-10
2.096812e-08
4.451636e-10
9.215657e-10
7.805863e-10
1.622739e-09
3.376403e-10
1.548799e-09
4.660645e-10
1.219091e-09
1.853203e-09
1.017831e-08
1.901486e-09
2.752493e-09
3.031824e-09
8.740878e-09
3.532756e-09
5.374854e-09
5.052567e-09
1.750163e-08
1.756318e-08
5.976915e-08
1.239264e-08
2.743521e-09
8.741766e-09
3.451904e-09
6.960658e-10
4.383256e-10
5.218676e-10
1.759600e-09
9.624716e-09
1.345662e-08
1.308726e-08
4.216107e-09
3.526213e-09
2.886436e-09
4.509300e-10
4.527703e-12
6.079127e-12
2.837726e-11
3.826340e-11
9.637707e-11
2.643693e-10
5.598298e-10
7.362222e-10
1.903476e-09
9.699091e-10
4.564937e-10
2.762270e-09
2.202252e-09
3.407720e-10
2.136019e-09
1.173674e-09
2.984578e-09
2.052906e-10
5.702018e-10
1.387056e-10
2.705958e-10
1.905154e-10
1.344993e-10
1.991610e-10
1.278004e-10
8.031257e-10
6.233697e-10
6.704518e-10
8.861838e-11
2.699222e-10
2.939680e-10
9.691806e-10
1.196025e-09
1.403412e-09
2.333193e-09
9.578372e-10
2.191310e-09
4.540927e-10
4.040343e-10
7.522338e-10
1.408045e-09
1.456392e-09
2.401316e-09
9.475479e-10
2.246570e-09
4.600542e-10
4.042741e-10
7.522478e-10
1.408046e-09
1.456393e-09
2.401319e-09
9.475479e-10
2.246570e-09
4.600542e-10
4.042741e-10
7.522478e-10
1.408046e-09
1.456394e-09
2.401320e-09
9.475482e-10
2.246580e-09
4.601147e-10
4.046057e-10
7.529298e-10
1.410447e-09
1.516991e-09
2.829874e-09
1.487405e-09
4.839625e-09
1.528784e-09
1.540351e-09
9.142981e-10
3.488582e-10
1.882327e-09
3.672568e-09
5.306066e-09
6.583005e-09
1.067286e-09
1.576446e-09
2.187427e-10
5.788811e-11
6.230709e-11
3.812387e-11
7.638702e-10
5.942228e-11
7.485379e-10
1.278091e-09
5.602549e-09
6.236262e-10
5.617415e-09
1.362539e-09
9.323582e-10
7.206625e-10
5.926521e-10
7.504957e-10
1.710576e-09
3.792599e-09
7.348630e-09
9.491711e-09
9.297483e-09
8.731785e-09
6.160117e-09
5.408118e-09
2.977729e-09
4.522405e-09
6.916330e-09
9.855747e-09
7.561876e-09
4.404881e-09
1.198197e-09
1.220311e-09
3.060878e-09
2.883071e-10
3.608395e-09
2.766464e-09
2.074042e-08
1.988693e-08
1.192225e-08
2.316384e-08
9.438860e-09
1.642928e-09
3.313484e-10
2.459874e-09
1.269199e-09
3.846980e-10
1.077087e-08
3.090928e-09
1.160312e-08
6.410630e-09
9.423031e-10
1.070178e-09
2.254520e-09
1.294199e-09
4.852377e-09
1.395860e-09
3.310257e-09
2.216640e-09
4.484963e-08
2.006232e-08
5.360184e-08
2.133942e-08
3.715035e-08
1.508307e-09
3.458414e-09
1.232060e-10
7.230987e-10
1.232949e-09
8.156170e-10
4.027410e-10
2.639105e-09
2.653963e-09
2.829009e-09
1.074698e-08
1.003370e-08
4.303474e-09
9.267634e-10
3.241679e-09
4.450901e-09
7.443557e-09
7.957505e-09
5.833719e-09
6.850593e-09
5.638279e-08
8.446965e-09
1.239669e-08
3.883983e-09
1.352528e-08
8.239236e-09
2.294160e-09
6.521247e-09
2.378535e-09
1.249991e-07
1.090412e-09
1.548967e-09
4.262949e-10
2.166804e-09
5.024891e-10
1.519190e-09
7.006180e-10
6.812798e-10
2.502743e-09
1.250316e-08
2.221222e-09
1.274337e-08
1.895418e-09
8.274154e-09
5.998520e-09
9.810267e-09
4.577817e-09
1.172958e-08
1.659233e-08
7.245909e-08
1.765525e-08
4.614553e-09
1.275793e-08
3.283857e-08
3.458691e-09
1.134562e-09
4.859201e-10
1.077556e-09
8.665554e-09
1.116537e-08
1.440083e-08
6.568829e-09
9.049008e-09
1.012873e-08
2.067665e-09
8.610960e-10
3.020390e-12
2.709580e-11
3.680526e-11
5.006461e-11
2.546154e-11
1.134766e-10
3.574361e-10
9.112051e-10
8.717117e-10
9.108324e-10
3.042256e-09
2.413471e-09
3.651958e-10
2.010149e-09
1.165431e-09
4.003592e-09
1.127373e-10
5.469161e-10
1.445967e-10
2.938304e-10
1.745722e-10
1.025834e-10
8.551375e-11
1.211306e-10
7.957371e-10
6.382727e-10
9.087788e-10
4.775925e-11
6.206449e-11
1.367373e-10
5.334741e-10
6.819610e-10
1.021830e-09
1.898848e-09
1.059748e-09
2.444522e-09
4.818788e-10
2.154089e-10
3.218269e-10
8.889979e-10
1.064273e-09
1.945636e-09
1.038510e-09
2.535767e-09
5.010863e-10
2.158290e-10
3.218562e-10
8.889983e-10
1.064274e-09
1.945638e-09
1.038510e-09
2.535767e-09
5.010863e-10
2.158290e-10
3.218562e-10
8.889983e-10
1.064275e-09
1.945639e-09
1.038510e-09
2.535771e-09
5.010968e-10
2.158392e-10
3.219903e-10
8.894577e-10
1.073852e-09
2.008556e-09
1.487405e-09
4.756229e-09
9.575251e-10
1.500673e-09
5.819045e-10
2.081986e-10
1.067008e-09
3.867751e-09
5.251551e-09
5.981837e-09
1.711537e-09
2.106377e-09
3.252613e-10
1.206323e-10
5.100542e-11
2.506690e-11
2.934249e-10
2.257531e-11
5.156029e-10
8.553997e-10
5.354929e-09
4.939539e-10
5.259010e-09
1.080461e-09
9.143533e-10
6.360165e-10
5.489229e-10
4.443053e-10
5.890111e-10
1.335572e-09
4.043575e-09
4.294942e-09
6.085335e-09
1.191263e-08
8.244953e-09
4.216506e-09
2.646655e-09
2.878461e-09
4.475026e-09
8.310255e-09
6.559781e-09
4.968097e-09
1.914900e-09
1.188796e-09
3.216153e-09
4.995142e-10
1.549995e-09
1.243184e-09
1.904580e-09
1.115200e-08
2.079872e-08
2.076968e-08
1.209733e-08
3.860409e-09
6.809439e-10
2.627993e-09
1.797796e-09
1.471600e-10
7.037230e-09
2.552647e-09
1.174280e-08
6.167500e-09
9.610790e-10
1.782579e-09
1.015835e-09
1.398501e-09
4.807386e-09
1.262654e-09
4.903946e-09
1.783041e-10
5.909993e-09
1.453706e-08
5.287771e-08
2.286645e-08
4.020866e-08
3.076106e-09
3.896135e-09
2.136751e-10
5.396553e-10
8.761340e-10
1.007414e-09
3.934489e-10
2.232180e-09
1.100078e-09
1.262325e-09
6.771907e-09
8.111349e-09
5.535135e-09
3.104060e-09
2.521399e-09
1.409031e-09
5.267505e-09
5.537275e-09
6.696130e-09
6.050004e-09
6.081590e-08
2.436856e-09
9.140411e-09
2.843138e-09
8.030551e-09
9.920593e-09
4.891662e-09
1.302328e-08
7.235123e-09
1.773755e-07
1.515314e-09
2.872441e-09
2.291037e-10
1.385826e-09
8.285265e-10
1.431841e-09
8.134063e-10
8.155834e-10
1.666609e-09
1.278969e-08
1.809517e-09
1.240086e-08
1.848344e-09
5.256016e-09
2.586072e-09
9.703403e-09
6.680900e-09
5.546348e-09
1.150016e-08
5.572725e-08
9.650848e-09
1.116798e-08
1.576386e-08
3.670650e-08
7.624345e-09
1.140111e-09
4.773018e-10
6.577001e-10
3.025476e-09
6.854761e-09
1.326156e-08
6.217225e-09
9.555613e-09
1.096808e-08
3.383158e-09
1.889353e-09
3.637141e-11
2.499121e-11
3.624044e-11
4.646895e-11
5.794421e-12
6.771945e-11
1.236127e-10
4.092959e-10
5.308930e-10
4.936843e-10
3.093718e-09
3.223062e-09
3.102018e-10
1.850206e-09
1.406788e-09
4.573000e-09
2.162899e-10
3.846215e-10
1.423183e-10
4.012623e-10
1.392352e-10
2.012998e-10
5.830595e-11
4.533756e-11
7.191582e-10
6.494920e-10
9.457925e-10
7.357385e-11
4.948176e-11
3.722805e-11
3.994433e-10
2.493509e-10
6.103974e-10
1.357890e-09
1.043480e-09
2.532960e-09
5.340354e-10
6.077976e-10
1.362520e-10
4.721392e-10
6.499881e-10
1.385311e-09
1.013373e-09
2.837853e-09
6.356300e-10
6.184304e-10
1.363470e-10
4.721410e-10
6.499952e-10
1.385316e-09
1.013373e-09
2.837853e-09
6.356301e-10
6.184304e-10
1.363470e-10
4.721410e-10
6.499952e-10
1.385316e-09
1.013373e-09
2.837855e-09
6.356326e-10
6.184347e-10
1.363540e-10
4.722893e-10
6.515855e-10
1.395607e-09
1.085549e-09
4.839625e-09
9.575251e-10
1.766655e-09
4.520005e-10
1.546609e-10
6.414858e-10
3.856845e-09
4.947834e-09
6.190028e-09
1.888803e-09
3.676901e-09
1.516224e-09
2.858111e-09
6.673059e-11
2.396946e-11
2.729933e-10
3.522856e-12
4.730135e-10
8.244725e-10
3.790071e-09
2.815258e-10
5.498364e-09
1.164941e-09
8.244939e-10
4.182854e-10
8.150095e-10
4.185577e-10
4.213134e-10
4.240401e-10
1.226658e-09
2.867125e-09
3.831192e-09
7.981007e-09
7.113918e-09
6.689023e-09
3.380489e-09
2.481042e-09
2.903160e-09
5.867778e-09
6.496345e-09
4.049081e-09
1.664829e-09
2.129569e-09
4.068904e-09
4.215276e-10
1.114243e-09
1.251261e-09
2.067318e-09
1.225370e-09
9.508816e-09
1.477877e-08
2.165827e-08
1.085337e-08
1.713794e-09
4.564095e-09
2.327667e-09
7.158002e-10
4.178594e-09
2.168213e-09
1.152821e-08
5.668122e-09
1.306776e-09
3.532818e-09
1.964092e-09
9.770391e-10
4.195670e-09
1.461496e-09
5.283445e-09
4.499810e-10
8.588465e-10
7.095401e-09
4.759053e-08
2.084183e-08
3.965914e-08
8.790192e-09
4.050136e-08
3.850584e-10
4.102656e-10
8.169523e-10
8.537558e-10
4.194991e-10
2.356735e-09
8.537018e-10
1.062295e-09
5.072092e-09
7.281449e-09
4.209859e-09
1.901289e-09
4.734624e-09
3.953516e-09
3.003323e-09
3.684064e-09
5.666802e-09
4.925939e-09
6.618133e-08
3.937280e-09
1.208092e-08
2.123076e-09
7.614740e-09
1.000276e-08
4.564748e-09
2.927277e-08
1.774079e-08
3.754074e-07
1.188533e-08
1.153870e-08
6.924808e-10
1.621490e-09
1.144864e-09
1.293887e-09
1.028128e-09
1.125583e-09
2.338820e-09
8.101980e-09
1.842952e-09
1.412920e-08
1.551368e-09
3.665340e-09
2.641745e-09
9.538198e-09
3.467012e-09
4.999177e-09
1.217870e-08
4.539333e-08
7.024025e-09
4.723534e-09
1.415099e-08
5.748934e-08
1.010957e-08
3.099285e-09
1.388774e-09
3.904657e-09
1.408345e-09
4.119786e-09
1.117310e-08
4.809580e-09
9.516707e-09
1.259897e-08
1.068709e-08
5.789421e-09
1.926734e-10
1.543023e-10
1.828809e-11
3.212340e-11
2.227234e-12
1.000198e-11
1.465212e-11
6.975958e-11
2.509236e-10
3.697610e-10
2.794506e-09
1.897176e-09
3.952924e-10
8.646516e-10
1.506462e-09
4.383965e-09
2.477258e-10
5.307414e-10
9.841442e-11
5.385556e-10
1.287597e-10
1.999583e-10
8.917276e-11
4.770161e-11
2.082133e-10
6.140103e-10
8.210294e-10
5.622262e-11
1.055246e-10
3.192778e-11
6.711710e-11
1.100282e-10
1.884972e-10
7.705195e-10
8.403832e-10
2.340374e-09
6.339263e-10
6.696074e-10
2.696058e-10
7.359595e-11
2.366123e-10
8.268750e-10
6.614514e-10
2.777254e-09
1.248019e-09
6.976525e-10
2.711394e-10
7.360339e-11
2.366515e-10
8.268950e-10
6.614520e-10
2.777255e-09
1.248020e-09
6.976525e-10
2.711394e-10
7.360339e-11
2.366515e-10
8.268950e-10
6.614520e-10
2.777255e-09
1.248021e-09
6.976535e-10
2.711406e-10
7.360652e-11
2.369565e-10
8.285771e-10
6.728889e-10
3.102352e-09
1.528784e-09
1.500673e-09
4.520005e-10
1.865300e-10
4.410003e-10
2.491255e-09
2.248725e-09
5.094985e-09
1.885247e-09
4.614661e-09
3.833860e-09
6.696197e-09
5.528543e-10
4.062773e-11
1.385963e-10
1.303096e-11
4.491150e-11
3.658575e-10
2.287356e-09
2.320518e-10
3.867583e-09
6.552310e-10
1.287946e-09
7.357133e-10
1.709095e-09
7.549304e-10
1.104243e-09
3.591824e-10
4.166273e-10
1.107876e-09
2.838231e-09
5.364233e-09
6.304372e-09
5.295408e-09
3.424532e-09
4.146171e-09
3.643678e-09
2.746210e-09
4.201783e-09
5.245104e-09
2.413703e-09
1.970617e-09
3.187014e-09
1.038049e-09
1.326278e-09
7.214724e-10
1.444743e-09
5.467483e-10
1.067367e-09
1.407844e-08
1.241836e-08
6.597493e-09
1.531560e-08
6.393727e-09
4.170891e-09
1.403977e-09
3.067324e-09
7.197752e-10
6.618118e-09
3.541730e-09
1.570275e-09
4.404480e-09
4.547647e-09
8.121557e-10
1.106061e-09
1.606103e-09
4.804826e-09
7.061036e-10
1.584876e-09
6.011229e-10
8.857048e-09
1.532191e-08
4.142353e-08
9.050995e-09
7.237334e-08
5.318913e-09
2.970069e-10
5.929339e-10
6.514631e-10
2.587892e-10
2.277435e-09
8.182036e-10
9.760675e-10
1.498061e-09
2.787755e-09
3.502528e-09
2.979112e-09
5.135368e-09
6.351479e-09
2.638542e-09
1.623158e-09
6.913158e-09
4.149101e-09
6.080164e-08
4.221824e-09
1.555513e-08
1.727927e-09
6.691750e-09
8.682949e-09
7.912750e-09
3.871994e-08
2.052934e-08
4.928002e-07
1.847383e-08
2.572317e-08
4.009219e-09
2.534398e-09
2.085985e-09
8.696571e-10
1.124218e-09
1.250651e-09
1.995198e-09
4.802297e-09
1.397350e-09
1.406844e-08
2.024463e-09
5.181346e-09
2.207852e-09
6.533804e-09
1.638458e-09
4.596738e-09
1.119437e-08
2.094730e-08
8.698817e-09
8.376356e-09
1.018122e-08
5.981420e-08
1.233065e-08
5.999894e-09
4.433542e-09
7.722933e-09
1.693863e-09
4.725284e-10
3.576150e-09
3.041985e-09
7.457992e-09
1.322461e-08
2.097545e-08
8.115745e-09
7.993381e-10
3.321518e-10
3.938742e-10
2.280401e-12
6.895456e-13
5.514049e-12
2.592821e-11
2.821611e-11
1.972355e-11
2.026586e-10
1.366778e-09
1.680421e-09
3.877318e-10
2.925861e-10
1.532697e-09
5.212573e-09
1.040008e-09
3.767610e-10
8.880977e-10
8.495879e-10
2.357226e-10
3.820221e-10
1.081387e-10
3.959697e-10
2.805064e-11
2.030842e-10
5.350904e-10
5.522974e-11
6.638044e-11
2.729275e-10
2.859717e-10
2.535246e-11
7.696096e-11
1.917582e-10
5.296861e-10
8.376437e-10
4.854004e-10
8.477709e-10
4.528555e-10
1.023968e-10
5.943804e-11
3.099673e-10
3.306488e-10
1.382203e-09
1.777818e-09
9.864100e-10
4.633524e-10
1.025651e-10
5.961513e-11
3.100824e-10
3.306519e-10
1.382205e-09
1.777819e-09
9.864100e-10
4.633524e-10
1.025651e-10
5.961513e-11
3.100824e-10
3.306519e-10
1.382205e-09
1.777819e-09
9.864105e-10
4.633527e-10
1.025657e-10
5.962191e-11
3.104168e-10
3.325661e-10
1.442287e-09
1.827956e-09
1.540351e-09
5.819045e-10
1.546609e-10
4.410003e-10
1.939537e-09
1.001957e-09
1.918560e-09
1.323031e-09
4.987543e-09
5.862523e-09
5.368242e-08
9.260807e-09
3.111855e-11
5.619565e-11
1.172451e-10
7.906585e-11
3.191011e-11
3.228503e-10
1.722316e-10
2.096728e-09
2.762100e-09
9.838634e-10
9.937265e-10
7.609209e-09
2.132198e-09
4.667909e-09
9.427636e-10
4.414687e-10
3.511156e-10
9.874229e-10
3.301945e-09
5.554866e-09
5.795982e-09
5.629020e-09
6.441988e-09
4.248095e-09
2.705732e-09
1.632127e-09
2.074054e-09
3.922167e-09
4.241427e-09
3.607070e-09
2.237306e-09
1.190007e-09
9.678979e-10
2.033393e-09
8.741678e-10
3.731444e-10
1.508839e-09
1.678287e-08
1.099549e-08
8.481288e-09
1.278175e-08
1.198097e-08
8.086921e-09
1.439514e-09
2.198660e-09
1.817503e-09
6.346730e-10
1.127827e-09
5.952409e-09
2.059752e-08
2.890237e-09
4.817853e-10
1.489147e-09
7.797781e-09
2.908685e-09
1.336295e-09
3.542108e-09
5.745499e-09
2.082767e-09
9.727494e-09
1.055464e-08
8.853299e-08
3.018005e-08
5.827438e-09
2.696667e-10
1.734631e-09
5.658654e-10
5.084662e-10
1.268696e-09
2.691972e-09
6.778330e-10
1.824150e-09
1.096726e-09
4.398910e-09
1.171137e-08
1.441652e-08
6.651165e-09
3.244793e-09
3.202223e-09
1.297668e-08
3.409479e-08
6.985678e-09
2.156160e-08
6.374219e-09
1.182030e-08
6.386434e-09
1.579791e-08
5.062719e-08
3.680742e-08
9.270463e-07
3.675593e-08
7.300527e-08
7.349742e-08
1.036718e-08
2.015501e-08
3.043209e-09
9.827629e-10
2.730134e-09
3.275593e-09
1.151082e-09
4.391795e-09
7.553498e-09
1.746625e-08
6.436211e-09
2.634342e-09
1.418688e-08
1.114414e-09
1.593547e-09
1.164557e-08
4.220738e-08
7.073997e-09
7.038895e-09
2.290953e-08
6.011071e-08
1.792221e-08
9.657271e-09
5.994562e-09
6.616957e-08
1.299575e-08
8.638841e-10
1.352988e-09
1.302156e-09
4.560573e-09
7.519924e-09
2.878300e-08
1.616065e-08
4.904736e-09
9.951633e-10
2.020567e-09
2.024248e-09
1.282657e-12
5.421505e-12
2.560479e-11
2.401717e-10
1.339450e-10
1.791669e-10
5.279977e-10
9.529211e-10
1.049132e-09
3.025342e-10
2.351844e-09
9.884066e-09
4.065089e-09
1.821870e-09
1.232406e-09
6.220936e-09
6.426642e-10
1.174720e-09
3.294093e-10
8.591689e-10
1.580334e-10
2.046887e-10
3.603301e-10
2.520006e-10
1.602584e-10
3.148626e-10
2.925816e-09
3.258081e-10
1.018817e-10
1.762100e-10
5.540857e-10
4.793944e-10
5.287108e-10
8.839397e-10
7.445894e-10
1.365837e-10
3.362074e-10
2.869999e-10
4.417144e-10
1.680738e-09
2.261149e-09
1.170874e-09
8.119209e-10
1.376921e-10
3.440961e-10
2.875201e-10
4.417339e-10
1.680750e-09
2.261152e-09
1.170874e-09
8.119209e-10
1.376921e-10
3.440961e-10
2.875201e-10
4.417339e-10
1.680750e-09
2.261152e-09
1.170874e-09
8.119210e-10
1.376921e-10
3.440975e-10
2.875396e-10
4.421587e-10
1.699083e-09
2.275040e-09
1.269760e-09
9.142981e-10
2.081986e-10
6.414858e-10
2.491255e-09
1.001957e-09
1.992889e-09
1.780029e-09
6.566517e-09
8.201459e-09
9.355683e-08
9.449427e-08
3.429674e-10
1.352819e-09
4.335426e-10
9.998149e-10
4.929231e-10
2.304942e-10
1.581043e-10
2.672031e-09
2.594000e-09
9.181601e-09
2.486145e-09
2.102941e-08
6.154169e-09
1.766617e-08
4.180495e-09
7.951701e-10
4.381602e-10
7.954183e-10
9.797682e-10
2.833856e-09
5.611766e-09
9.150619e-09
1.238989e-08
7.719948e-09
3.350615e-09
2.447563e-09
1.780618e-09
1.816833e-09
2.898754e-09
5.892255e-09
6.440715e-09
3.327005e-09
1.275240e-09
3.384808e-09
2.358148e-09
2.107461e-09
1.007382e-09
2.723500e-09
2.585073e-08
1.995090e-08
1.655912e-08
3.301933e-08
2.774370e-08
5.201748e-09
3.359196e-09
5.400893e-09
1.385704e-09
2.137888e-09
4.322697e-09
3.014923e-08
1.373335e-08
2.966019e-09
6.475147e-09
1.057368e-08
1.201172e-08
8.539008e-09
5.378639e-09
9.660944e-08
1.002942e-09
2.439153e-09
1.019580e-08
9.124680e-08
4.415462e-08
4.600514e-08
5.167609e-09
4.542570e-09
4.869539e-09
1.073611e-09
1.008265e-09
6.524749e-09
1.597096e-09
4.079006e-09
3.375505e-09
3.810788e-09
7.156520e-09
2.984896e-08
2.388363e-08
2.129425e-08
6.885734e-09
1.205347e-08
7.821948e-08
1.161840e-08
3.178850e-08
1.250638e-08
1.147646e-07
6.081795e-09
2.973303e-08
7.363720e-08
4.309557e-08
2.252714e-06
1.004502e-07
2.161905e-07
2.967807e-07
1.559326e-07
1.284999e-07
3.913630e-08
1.466429e-09
3.021653e-09
6.769570e-09
4.300536e-09
1.007186e-08
1.381268e-08
3.024798e-08
8.564420e-08
4.127095e-09
2.151438e-08
5.568670e-09
5.163445e-09
9.348603e-09
5.721888e-08
4.926061e-08
9.032215e-09
1.897486e-08
8.410875e-08
3.810167e-08
2.891403e-08
1.254887e-08
1.178435e-07
1.735829e-07
9.614519e-09
1.315267e-08
2.505559e-09
1.003088e-08
1.119089e-08
3.273540e-08
2.102874e-08
2.032418e-08
4.653421e-09
8.614011e-09
1.037294e-08
3.860651e-09
8.630127e-12
2.993251e-11
2.402597e-10
1.207682e-09
3.175762e-09
4.930289e-10
5.010888e-10
5.297373e-10
2.782801e-10
3.519216e-09
1.750007e-08
1.803754e-08
7.460605e-09
4.729034e-09
7.538885e-09
7.273073e-09
3.860227e-09
1.067222e-09
3.178720e-09
3.411284e-10
1.499548e-09
7.653221e-10
3.327737e-10
2.621897e-10
4.827222e-10
3.661469e-09
4.172751e-09
1.705193e-09
4.134883e-10
1.257556e-09
3.650100e-10
5.342223e-10
8.310549e-10
8.185766e-10
2.548533e-10
7.295930e-10
1.828182e-09
1.110730e-09
4.066158e-09
4.277028e-09
1.077187e-09
9.638528e-10
2.624808e-10
7.854080e-10
1.851379e-09
1.110820e-09
4.066233e-09
4.277048e-09
1.077187e-09
9.638528e-10
2.624808e-10
7.854080e-10
1.851379e-09
1.110820e-09
4.066233e-09
4.277048e-09
1.077187e-09
9.638528e-10
2.624808e-10
7.854085e-10
1.851392e-09
1.110894e-09
4.078056e-09
4.285339e-09
1.103794e-09
9.874117e-10
3.488582e-10
1.067008e-09
3.856845e-09
2.248725e-09
1.918560e-09
1.780029e-09
1.405566e-08
1.331584e-08
1.506033e-07
1.785715e-07
1.634065e-09
2.065249e-08
1.027458e-08
5.355723e-09
9.120584e-09
1.841326e-09
3.038804e-10
4.747352e-09
5.966053e-09
1.059371e-08
1.164005e-08
7.405156e-08
1.175328e-08
4.806878e-08
1.956504e-08
2.853659e-09
9.217294e-10
1.137110e-09
1.030471e-09
2.147700e-09
2.445102e-09
7.109426e-09
1.576226e-08
1.627211e-08
6.987455e-09
4.898794e-09
3.864850e-09
1.679412e-09
2.425043e-09
4.309142e-09
6.872188e-09
8.208751e-09
4.585733e-09
8.702089e-09
4.796589e-09
6.116486e-09
7.029006e-09
5.241556e-09
6.911048e-09
2.199343e-08
3.528089e-08
4.615373e-08
8.910493e-08
2.173841e-08
1.490415e-08
7.971568e-09
1.248598e-08
8.280515e-09
5.494722e-09
3.652491e-08
1.898341e-08
1.294958e-08
5.061729e-08
7.037497e-08
3.536641e-08
2.550771e-08
2.256574e-08
1.483416e-07
1.240781e-08
6.283272e-09
8.926033e-09
8.354274e-08
5.028428e-08
6.300492e-08
3.447289e-08
1.408369e-07
1.590413e-08
6.639306e-09
3.789455e-09
7.490815e-09
3.255055e-09
2.067265e-08
7.114646e-09
1.811384e-08
1.931347e-08
2.133905e-08
2.438703e-08
8.240878e-08
3.615042e-08
6.030503e-08
1.073835e-07
2.035518e-08
4.415627e-08
2.288958e-08
2.093833e-07
5.932886e-08
8.798617e-08
1.623021e-07
4.908895e-08
3.522107e-06
2.479031e-07
5.611228e-07
1.009988e-06
4.893276e-07
2.371426e-06
2.011423e-07
1.235448e-08
1.225905e-08
5.867659e-09
9.054310e-09
4.723367e-08
2.643398e-08
1.194358e-07
1.633149e-07
1.366837e-08
5.088042e-08
1.086269e-08
1.579528e-08
2.477381e-08
6.554757e-08
7.923557e-08
5.777625e-08
5.295862e-08
1.396123e-07
4.387083e-08
4.364977e-08
4.084169e-08
3.062929e-07
3.422358e-07
1.441690e-07
1.514976e-07
1.632559e-08
3.908841e-08
3.312663e-08
5.085143e-08
2.214939e-08
3.087414e-08
1.257606e-08
4.364557e-08
4.757605e-08
2.103614e-08
1.835869e-08
2.567308e-11
2.447307e-10
1.211581e-09
4.565716e-09
1.850321e-09
5.281973e-10
5.131202e-10
2.669524e-10
3.027723e-09
1.680803e-08
4.269740e-08
2.547809e-08
5.597142e-09
7.816087e-09
1.038563e-08
1.486927e-08
2.108956e-09
4.238547e-09
8.719508e-10
1.831168e-09
2.697740e-09
6.791023e-10
4.711998e-10
5.319789e-10
3.780363e-09
5.700086e-09
7.843210e-09
1.011009e-09
1.357830e-09
4.092765e-10
4.749518e-10
1.174957e-09
1.018104e-09
4.536944e-10
1.403511e-09
2.252127e-09
3.853650e-09
4.502550e-09
8.130221e-09
1.917754e-09
1.133285e-09
4.968157e-10
1.642993e-09
2.289370e-09
3.854342e-09
4.502666e-09
8.130303e-09
1.917754e-09
1.133285e-09
4.968157e-10
1.642993e-09
2.289370e-09
3.854342e-09
4.502666e-09
8.130303e-09
1.917754e-09
1.133285e-09
4.968158e-10
1.642994e-09
2.289373e-09
3.854375e-09
4.504673e-09
8.137122e-09
1.926095e-09
1.138824e-09
5.069206e-10
1.882327e-09
3.867751e-09
4.947834e-09
5.094985e-09
1.323031e-09
6.566517e-09
1.331584e-08
1.783279e-07
2.038408e-07
2.951876e-09
4.211713e-08
1.414046e-08
3.251451e-08
1.473977e-08
2.255341e-09
1.532848e-09
3.693119e-09
6.130564e-09
1.317995e-08
1.457648e-08
9.760807e-08
1.173321e-08
6.639096e-08
4.876065e-08
7.817953e-09
1.985136e-09
2.160555e-09
1.219875e-09
1.287770e-09
1.767896e-09
5.439471e-09
1.064884e-08
1.581989e-08
1.376597e-08
1.280484e-08
7.476830e-09
2.100698e-09
2.160945e-09
3.485818e-09
8.463180e-09
8.107765e-09
6.015609e-09
1.349014e-08
9.632040e-09
9.643909e-09
9.080310e-09
6.176975e-09
1.362071e-08
1.149568e-08
1.829423e-08
4.702546e-08
1.224527e-07
7.455703e-08
2.268432e-08
1.348276e-08
2.067528e-08
1.146483e-08
6.769177e-09
3.493113e-08
2.337176e-08
1.676479e-08
5.424428e-08
1.251062e-07
6.615357e-08
4.466455e-08
3.398294e-08
1.633628e-07
1.677918e-08
4.126032e-08
6.987703e-09
4.592491e-08
4.667458e-08
6.778334e-08
4.332112e-08
2.025360e-07
9.318518e-08
1.232506e-08
9.392648e-09
8.262585e-09
3.998355e-09
2.943889e-08
7.542440e-09
2.063773e-08
3.809559e-08
2.190160e-08
2.398477e-08
7.559732e-08
3.485478e-08
1.199615e-07
1.537134e-07
2.183023e-08
3.539697e-08
2.078649e-08
2.251950e-07
9.693497e-08
9.265384e-08
2.073694e-07
5.080112e-08
3.729769e-06
2.841824e-07
5.988776e-07
1.120084e-06
5.363908e-07
2.802902e-06
2.413416e-07
2.867900e-08
1.758567e-08
5.906578e-09
1.167569e-08
4.853988e-08
2.992260e-08
1.261181e-07
3.455288e-07
1.662313e-08
5.405526e-08
9.819427e-09
2.215355e-08
4.234343e-08
6.422480e-08
8.795865e-08
7.302314e-08
6.708423e-08
1.649978e-07
6.614008e-08
4.328334e-08
2.627938e-08
3.383880e-07
4.458842e-07
2.485289e-07
2.886135e-07
1.861819e-08
6.669371e-08
4.631770e-08
4.988110e-08
2.716735e-08
3.376046e-08
1.509950e-08
6.062373e-08
6.247155e-08
7.494953e-08
3.013845e-08
1.091378e-08
2.247720e-10
1.207294e-09
4.559240e-09
2.253459e-09
8.234428e-10
4.783655e-10
1.822105e-09
2.263882e-09
1.511917e-08
4.292689e-08
3.129667e-08
6.146788e-09
7.394432e-09
1.193376e-08
1.630361e-08
3.135175e-09
5.530448e-09
1.179302e-09
2.293651e-09
2.901784e-09
1.059394e-09
8.146766e-10
1.915394e-10
3.664923e-09
5.850412e-09
8.178699e-09
1.651715e-09
2.049564e-09
3.723433e-10
5.274981e-10
7.713231e-10
8.460758e-10
9.870515e-10
1.492678e-09
2.365962e-09
4.230048e-09
5.524039e-09
7.108153e-09
1.438576e-09
1.234281e-09
1.154720e-09
1.908981e-09
2.464934e-09
4.232007e-09
5.524652e-09
7.108251e-09
1.438579e-09
1.234282e-09
1.154720e-09
1.908981e-09
2.464934e-09
4.232007e-09
5.524652e-09
7.108251e-09
1.438579e-09
1.234282e-09
1.154720e-09
1.908981e-09
2.464935e-09
4.232021e-09
5.525814e-09
7.109130e-09
1.442618e-09
1.235590e-09
1.156586e-09
1.956388e-09
3.672568e-09
5.251551e-09
6.190028e-09
1.885247e-09
4.987543e-09
8.201459e-09
1.506033e-07
2.038408e-07
1.462087e-08
5.121407e-08
1.889659e-08
5.707605e-08
4.270428e-08
2.416335e-09
2.642408e-09
4.630924e-09
4.562949e-09
1.229299e-08
1.687925e-08
9.680566e-08
9.858611e-09
6.522511e-08
6.513996e-08
1.284714e-08
3.160208e-09
2.895071e-09
1.482068e-09
9.722563e-10
9.099532e-10
1.714412e-09
6.943001e-09
1.259847e-08
9.562916e-09
1.381480e-08
1.021158e-08
3.256944e-09
2.382586e-09
2.220477e-09
6.976177e-09
7.837302e-09
6.355576e-09
1.206283e-08
9.530516e-09
1.395973e-08
9.224410e-09
5.242494e-09
1.523688e-08
1.466010e-08
7.352907e-09
3.211176e-08
1.035565e-07
7.650846e-08
4.372365e-08
1.446208e-08
2.980368e-08
1.237480e-08
6.563463e-09
2.540340e-08
2.260270e-08
1.742722e-08
5.568474e-08
1.429351e-07
8.111138e-08
6.161281e-08
3.672508e-08
1.613734e-07
2.050020e-08
5.110814e-08
1.288080e-08
2.082369e-08
2.922539e-08
6.437707e-08
4.182837e-08
2.126146e-07
1.247939e-07
3.472234e-08
1.257235e-08
7.991026e-09
4.481307e-09
2.929099e-08
7.735080e-09
2.186452e-08
4.725335e-08
2.043842e-08
2.527225e-08
7.940339e-08
3.307755e-08
9.683959e-08
1.730515e-07
4.235104e-08
2.984663e-08
2.291975e-08
2.082978e-07
9.930317e-08
1.050383e-07
2.409290e-07
2.969847e-08
3.561858e-06
3.021473e-07
5.771152e-07
1.126192e-06
5.320068e-07
2.939576e-06
2.704560e-07
5.460826e-08
3.173487e-08
5.736285e-09
1.822975e-08
4.728277e-08
2.780155e-08
1.211416e-07
3.918622e-07
1.748572e-08
5.127622e-08
1.336640e-08
2.096667e-08
4.100131e-08
5.381070e-08
9.312565e-08
7.288908e-08
6.485980e-08
1.735796e-07
8.232767e-08
4.568343e-08
2.942103e-08
3.205959e-07
4.596784e-07
3.042317e-07
3.282023e-07
2.225451e-08
8.343744e-08
6.096505e-08
4.289699e-08
2.985353e-08
3.655367e-08
1.493359e-08
6.704311e-08
7.574531e-08
8.283824e-08
4.497888e-08
1.806391e-08
9.360801e-09
1.123306e-09
4.514707e-09
2.231101e-09
8.710816e-10
8.696053e-10
1.972320e-10
1.272611e-09
2.169649e-08
4.210107e-08
3.087280e-08
5.752933e-09
3.496785e-09
1.202125e-08
1.725674e-08
3.200465e-09
6.559006e-09
1.857699e-09
2.332566e-09
3.855605e-09
1.009583e-09
1.028539e-09
1.375155e-10
1.557189e-09
5.588201e-09
8.107994e-09
1.673777e-09
2.536452e-09
5.474127e-10
3.626097e-10
1.163282e-09
5.928758e-10
5.741688e-10
1.394625e-09
2.750112e-09
4.309224e-09
5.202964e-09
6.895761e-09
1.292879e-09
1.047932e-09
5.589547e-10
1.706416e-09
3.252833e-09
4.321151e-09
5.204530e-09
6.896083e-09
1.292884e-09
1.047934e-09
5.589547e-10
1.706416e-09
3.252833e-09
4.321151e-09
5.204530e-09
6.896083e-09
1.292884e-09
1.047934e-09
5.589547e-10
1.706416e-09
3.252833e-09
4.321162e-09
5.205129e-09
6.896555e-09
1.293369e-09
1.048474e-09
5.593675e-10
1.718199e-09
3.530401e-09
5.306066e-09
5.981837e-09
1.888803e-09
4.614661e-09
5.862523e-09
9.355683e-08
1.785715e-07
2.951876e-09
5.121407e-08
3.507718e-08
7.563649e-08
6.081910e-08
3.504648e-09
3.677695e-09
4.397817e-09
4.348018e-09
7.725123e-09
1.665239e-08
9.374444e-08
7.212704e-09
5.452799e-08
7.460805e-08
1.303919e-08
3.850591e-09
5.005100e-09
2.338948e-09
8.200875e-10
7.515297e-10
7.011851e-10
2.654043e-09
7.570232e-09
7.448958e-09
1.299681e-08
7.894280e-09
4.236055e-09
3.889539e-09
2.496466e-09
5.307167e-09
5.522263e-09
6.273988e-09
1.128657e-08
9.163502e-09
1.475982e-08
9.359298e-09
5.247183e-09
1.314068e-08
1.524450e-08
6.665160e-09
1.345877e-08
8.872631e-08
6.542013e-08
2.726491e-08
2.426401e-08
3.903160e-08
1.319105e-08
5.611988e-09
1.698106e-08
2.042245e-08
1.513694e-08
5.416489e-08
1.527492e-07
8.755484e-08
7.000294e-08
4.472318e-08
1.118681e-07
1.630042e-08
6.080532e-08
1.576742e-08
2.618613e-08
1.179799e-08
3.997432e-08
3.752148e-08
2.101023e-07
1.266987e-07
4.838744e-08
4.381199e-08
6.996029e-09
6.203574e-09
2.731372e-08
5.650553e-09
2.123921e-08
5.277760e-08
1.916831e-08
2.319671e-08
7.391680e-08
3.039108e-08
9.572157e-08
1.689342e-07
1.881993e-08
2.114856e-08
2.950760e-08
1.676133e-07
1.056944e-07
8.203297e-08
2.653384e-07
2.883774e-08
3.209356e-06
2.517515e-07
4.983088e-07
1.109816e-06
4.581353e-07
2.954730e-06
2.546837e-07
6.724889e-08
5.152943e-08
1.202010e-08
2.483065e-08
4.482809e-08
2.412104e-08
1.089751e-07
4.539580e-07
1.248846e-08
5.216714e-08
1.055253e-08
2.283933e-08
4.945197e-08
3.896162e-08
7.435057e-08
6.757542e-08
6.510462e-08
1.675697e-07
1.071086e-07
3.643542e-08
2.304416e-08
2.818702e-07
4.730213e-07
3.106767e-07
3.326612e-07
2.101703e-08
1.075633e-07
7.565097e-08
3.903533e-08
3.124166e-08
3.359886e-08
1.389256e-08
6.700885e-08
7.866143e-08
8.615601e-08
4.769519e-08
4.426255e-08
1.924854e-08
3.225362e-09
3.454212e-09
2.134853e-09
8.409708e-10
7.764730e-10
2.105039e-10
6.588670e-10
4.983598e-09
3.281812e-08
4.331745e-08
3.073783e-09
1.823195e-09
9.725034e-09
1.566877e-08
2.563481e-09
5.854006e-09
2.405069e-09
1.549104e-09
3.626261e-09
9.837492e-10
9.474616e-10
1.349388e-10
7.628126e-10
3.423381e-09
7.225275e-09
1.301806e-09
2.272616e-09
7.456797e-10
3.696422e-10
9.895448e-10
5.280972e-10
5.046537e-10
1.132613e-09
1.331845e-09
3.768913e-09
5.307348e-09
5.690239e-09
1.369024e-09
8.613562e-10
4.875008e-10
1.430367e-09
1.554998e-09
3.803472e-09
5.575340e-09
5.691495e-09
1.369135e-09
8.613620e-10
4.875012e-10
1.430367e-09
1.554998e-09
3.803472e-09
5.575340e-09
5.691495e-09
1.369135e-09
8.613620e-10
4.875012e-10
1.430367e-09
1.554998e-09
3.803477e-09
5.575849e-09
5.691733e-09
1.369456e-09
8.615428e-10
4.877258e-10
1.436473e-09
1.680450e-09
4.244339e-09
6.583005e-09
1.711537e-09
3.676901e-09
3.833860e-09
5.368242e-08
9.449427e-08
1.634065e-09
4.211713e-08
1.889659e-08
7.563649e-08
7.914329e-08
3.005936e-09
5.726244e-09
2.877690e-09
1.990363e-09
6.863771e-09
1.000236e-08
7.216529e-08
2.458475e-09
3.050430e-08
7.152631e-08
1.056782e-08
2.613855e-09
8.295978e-09
1.916176e-09
9.037045e-10
1.074048e-09
4.702036e-10
1.503896e-09
4.215982e-09
5.513558e-09
9.072190e-09
7.023816e-09
4.366179e-09
2.374819e-09
2.648492e-09
5.298980e-09
3.869126e-09
4.939831e-09
9.544451e-09
8.269718e-09
1.401718e-08
6.326386e-09
2.663168e-09
1.194293e-08
1.375613e-08
3.564214e-09
1.167942e-08
4.302954e-08
6.150318e-08
2.071921e-08
1.189543e-08
4.122768e-08
1.259036e-08
4.791166e-09
4.041111e-09
1.851300e-08
8.961197e-09
1.643397e-08
1.390029e-07
8.346983e-08
6.711767e-08
4.326639e-08
6.725335e-08
8.293995e-09
6.222825e-08
1.051752e-08
2.248727e-08
1.608676e-08
1.865652e-08
1.537076e-08
1.646890e-07
1.218950e-07
4.667422e-08
4.525522e-08
2.019601e-08
8.933604e-09
2.317693e-08
1.490906e-09
9.741873e-09
5.162241e-08
1.550191e-08
1.678014e-08
6.368002e-08
1.393490e-08
5.710531e-08
1.557705e-07
1.879424e-08
1.573246e-08
3.630245e-09
6.254490e-08
1.043206e-07
4.073655e-08
2.449112e-07
9.042732e-09
2.815805e-06
2.039256e-07
3.625047e-07
7.372943e-07
1.635950e-07
2.597873e-06
1.173345e-07
5.589281e-08
4.634180e-08
1.368343e-08
4.309398e-08
3.270955e-08
1.091557e-08
3.715818e-08
4.403589e-07
4.534264e-09
3.230458e-08
7.159950e-09
1.380443e-08
4.524063e-08
3.144025e-08
6.364193e-08
5.676444e-08
3.099997e-08
1.359034e-07
1.127479e-07
3.317842e-08
1.207218e-08
2.147950e-07
4.314657e-07
2.999715e-07
3.098642e-07
1.100932e-08
1.027770e-07
8.818073e-08
2.352315e-08
3.372414e-08
2.657138e-08
8.315684e-09
6.092939e-08
6.216377e-08
8.281967e-08
4.558415e-08
4.593956e-08
4.073311e-08
5.522702e-09
9.248295e-11
7.399561e-10
6.463115e-10
6.523913e-10
9.534095e-11
1.597199e-10
4.704470e-10
3.631932e-09
7.885056e-09
1.507074e-09
1.472926e-08
5.948238e-09
5.139813e-09
1.200807e-09
3.839018e-09
1.825668e-09
1.047802e-09
1.754105e-09
5.041253e-10
6.968604e-10
7.916649e-11
3.875327e-10
5.039923e-10
9.029147e-10
6.204201e-10
1.525531e-09
4.703377e-10
3.123543e-10
7.349142e-10
1.283587e-10
3.359863e-10
3.202850e-10
2.461609e-10
8.136930e-10
1.488974e-09
1.756829e-09
1.133613e-09
6.409256e-10
2.426286e-10
6.280243e-10
4.537718e-10
8.206581e-10
1.517104e-09
1.761729e-09
1.153402e-09
6.409970e-10
2.426295e-10
6.280250e-10
4.537718e-10
8.206582e-10
1.517104e-09
1.761729e-09
1.153402e-09
6.409970e-10
2.426295e-10
6.280250e-10
4.537718e-10
8.206585e-10
1.517143e-09
1.761790e-09
1.153463e-09
6.410516e-10
2.426456e-10
6.298428e-10
4.669482e-10
8.543566e-10
1.591573e-09
1.067286e-09
2.106377e-09
1.516224e-09
6.696197e-09
9.260807e-09
3.429674e-10
2.065249e-08
1.414046e-08
5.707605e-08
6.081910e-08
3.005936e-09
1.267942e-08
2.299749e-09
3.606180e-10
2.921048e-09
4.753216e-09
8.325650e-09
6.084266e-10
1.469440e-08
4.507442e-08
4.774331e-09
2.049547e-09
6.145965e-09
7.701355e-10
5.333013e-10
3.794808e-10
1.264176e-10
2.489621e-10
4.628118e-10
7.227065e-10
2.546314e-09
1.773088e-09
1.504174e-09
1.947467e-09
1.746174e-09
6.832121e-10
7.386523e-10
1.574153e-09
1.860942e-09
3.606927e-09
9.052713e-09
2.047346e-09
7.103703e-10
6.267279e-09
6.626534e-09
1.071814e-09
6.170700e-09
1.529197e-08
6.541183e-09
5.791534e-09
5.829993e-09
2.710959e-08
4.751914e-09
1.886993e-09
3.030400e-09
6.241774e-09
4.210838e-09
8.687424e-09
6.432758e-08
4.059090e-08
3.984594e-08
3.309707e-08
4.281975e-08
4.200170e-09
4.055292e-08
6.887537e-09
1.442101e-08
7.848510e-09
7.713125e-09
3.066308e-09
4.331833e-08
6.198854e-08
3.846892e-08
3.975196e-08
2.102402e-08
1.516769e-08
3.534499e-09
4.051314e-10
2.759012e-09
2.620926e-08
1.143148e-08
1.390568e-08
3.185087e-08
5.976937e-09
2.055403e-08
6.133536e-08
5.777437e-09
7.126264e-09
6.920028e-09
1.262049e-08
2.802753e-08
2.016590e-08
1.336244e-07
2.309259e-09
1.490073e-06
7.049556e-08
1.064633e-07
3.044662e-07
7.149873e-08
1.281129e-06
5.535913e-08
7.591878e-08
4.755109e-08
2.020112e-08
4.890475e-08
2.127762e-08
2.650465e-09
9.269556e-09
2.454186e-07
1.596016e-09
2.244614e-08
8.761579e-09
1.375474e-08
2.133142e-08
1.336092e-08
2.281340e-08
1.549985e-08
9.483512e-09
5.209163e-08
7.623056e-08
1.159602e-08
9.803988e-09
8.858231e-08
2.796936e-07
1.201869e-07
1.178523e-07
5.977341e-09
8.442712e-08
7.134760e-08
1.369563e-08
2.676954e-08
2.600033e-08
3.024070e-09
4.173915e-08
3.947780e-08
2.095423e-08
2.693367e-08
4.149871e-08
4.394947e-08
6.950973e-09
1.606825e-10
9.791381e-11
2.940978e-10
5.374266e-10
7.042644e-11
2.064195e-11
1.836265e-10
1.501072e-10
5.128005e-10
2.528932e-10
1.016255e-09
2.408988e-09
1.627542e-08
3.065402e-10
1.222995e-09
1.582039e-09
4.740231e-10
1.631133e-09
2.147633e-10
2.526143e-10
9.871587e-11
6.332977e-11
3.077135e-10
4.834067e-11
4.871130e-11
5.500711e-10
3.227647e-10
1.958990e-10
7.331146e-10
7.887826e-11
4.351177e-11
2.246850e-10
2.480346e-11
1.397370e-10
1.464864e-10
2.334885e-10
7.316966e-10
2.292134e-10
3.636416e-10
7.762302e-11
2.360416e-10
1.561880e-10
1.507931e-10
2.374457e-10
7.352891e-10
2.293798e-10
3.658507e-10
7.762458e-11
2.360417e-10
1.561885e-10
1.507931e-10
2.374457e-10
7.352891e-10
2.293798e-10
3.658507e-10
7.762458e-11
2.360418e-10
1.561885e-10
1.507948e-10
2.374483e-10
7.353289e-10
2.293830e-10
3.658568e-10
7.767178e-11
2.403533e-10
1.577364e-10
1.540239e-10
2.075948e-10
1.576446e-09
3.252613e-10
2.858111e-09
5.528543e-10
3.111855e-11
1.352819e-09
1.027458e-08
3.251451e-08
4.270428e-08
3.504648e-09
5.726244e-09
2.299749e-09
1.427765e-09
1.686545e-10
2.448967e-09
3.471970e-09
3.171074e-11
4.526059e-09
3.132700e-08
1.956306e-09
1.650092e-09
5.802995e-09
6.041170e-10
5.302128e-10
2.850975e-10
4.756388e-11
7.989995e-11
9.221494e-11
1.166613e-10
4.675763e-10
3.306763e-10
5.025102e-10
1.303046e-09
1.285059e-09
2.899322e-10
1.869069e-10
6.918047e-10
2.536436e-10
4.991320e-10
7.224491e-09
1.349429e-09
3.835440e-10
7.897970e-10
4.286809e-09
4.168124e-10
2.336592e-09
8.167756e-09
2.207828e-09
3.000854e-10
3.934550e-09
1.723066e-08
3.289622e-09
1.887291e-09
8.557771e-10
4.252213e-09
1.950060e-09
6.365288e-09
5.151738e-08
1.820318e-08
1.640484e-08
2.704862e-08
3.982926e-08
3.323653e-09
3.316710e-08
2.383180e-09
9.865331e-09
7.017375e-09
2.488279e-09
2.850723e-09
2.465855e-09
1.377379e-08
2.389671e-08
3.539619e-08
2.114410e-08
2.504014e-08
4.832531e-09
7.649147e-11
1.176977e-09
1.310959e-08
8.547117e-09
1.110119e-08
2.245480e-08
2.295438e-09
1.034323e-08
1.566200e-08
2.485006e-09
3.533466e-09
4.647540e-09
6.259249e-09
1.331360e-08
1.425662e-08
7.299539e-08
7.407769e-10
7.122072e-07
4.895241e-08
5.753519e-08
1.119581e-07
2.914386e-08
4.701053e-07
3.868327e-08
2.830082e-08
4.168197e-08
4.161916e-08
5.192604e-08
3.706939e-08
6.065189e-09
6.887321e-10
1.804111e-07
5.878736e-10
1.007184e-08
1.766169e-08
1.383092e-08
1.725044e-08
7.950627e-09
1.468421e-08
6.983007e-09
3.017508e-09
2.214241e-08
6.361293e-08
3.974641e-09
4.045370e-09
5.944509e-08
2.110408e-07
5.844502e-08
4.303623e-08
6.000055e-09
5.701033e-08
6.056902e-08
1.088756e-08
2.727731e-08
3.846206e-08
1.565103e-09
3.000335e-08
2.421749e-08
1.158208e-08
6.474756e-09
3.787840e-08
4.565955e-08
7.599947e-09
8.707602e-10
1.125197e-10
3.172972e-10
3.193747e-11
3.441743e-11
1.049877e-11
2.052282e-11
5.725708e-12
1.017898e-11
8.152736e-12
1.294016e-10
1.441453e-09
5.181358e-10
2.326904e-10
2.256625e-09
6.128006e-10
1.496933e-10
2.412568e-10
2.923617e-10
1.635243e-11
5.955155e-11
2.150633e-11
4.892637e-11
1.579525e-11
1.536382e-12
2.399974e-11
1.015686e-10
8.915489e-11
1.242729e-10
9.378992e-11
8.288918e-12
2.144284e-11
5.587055e-12
7.711330e-12
1.633810e-11
1.259663e-11
1.568312e-10
1.374817e-10
4.403791e-11
4.065181e-11
1.788118e-11
2.902909e-11
2.160534e-11
1.549746e-11
1.574732e-10
1.381430e-10
4.412783e-11
4.068752e-11
1.788219e-11
2.903782e-11
2.160536e-11
1.549747e-11
1.574732e-10
1.381430e-10
4.412783e-11
4.068752e-11
1.788219e-11
2.903782e-11
2.160542e-11
1.549753e-11
1.574740e-10
1.381440e-10
4.412800e-11
4.069064e-11
1.792476e-11
2.917375e-11
2.170980e-11
1.483392e-11
1.750392e-10
2.187427e-10
1.206323e-10
6.673059e-11
4.062773e-11
5.619565e-11
4.335426e-10
5.355723e-09
1.473977e-08
2.416335e-09
3.677695e-09
2.877690e-09
3.606180e-10
1.686545e-10
1.121830e-10
3.471924e-10
5.096044e-12
1.445822e-10
1.383857e-09
6.775009e-10
7.507813e-10
4.206794e-09
1.573889e-10
5.241238e-10
5.152105e-10
2.095863e-11
1.892225e-11
1.931456e-11
1.432754e-11
2.723908e-11
2.269670e-11
6.603453e-11
2.399276e-10
5.473541e-10
1.567078e-10
7.572774e-11
9.784329e-11
8.339826e-11
4.193642e-11
6.347766e-10
6.802015e-10
2.509239e-10
4.042011e-10
3.009389e-10
1.184233e-10
6.449500e-10
1.885681e-09
3.423892e-10
4.785118e-11
1.667678e-10
5.263624e-09
8.964890e-10
7.187714e-10
1.594901e-09
6.763108e-10
4.331075e-10
4.139513e-10
2.152700e-08
2.494815e-09
1.198436e-09
4.256192e-09
2.383199e-08
2.878767e-09
8.409029e-09
1.332428e-09
2.045911e-09
5.873721e-09
5.921423e-10
8.892408e-10
1.767035e-09
2.878809e-10
2.227030e-09
4.771878e-09
1.782621e-08
2.285715e-08
4.742230e-09
6.088873e-10
4.621553e-10
2.959872e-09
5.346302e-10
1.175161e-09
1.261006e-08
1.314466e-09
2.778201e-09
2.663606e-09
5.432210e-10
8.768911e-10
3.810551e-09
2.310607e-09
3.744902e-09
1.938952e-09
4.354111e-09
8.446822e-10
1.061349e-07
1.220841e-08
1.269669e-08
3.405123e-08
2.450411e-09
4.976258e-08
9.005439e-09
1.021302e-08
2.554344e-08
1.697967e-08
4.071635e-08
3.877625e-08
1.152624e-08
1.601070e-09
1.749152e-08
1.281671e-09
1.022943e-09
1.700406e-08
4.589261e-09
4.221494e-09
5.191389e-09
3.207897e-09
3.051130e-09
7.624728e-10
7.215237e-09
1.758754e-08
5.980003e-10
6.010577e-10
2.724789e-08
7.276132e-08
8.478253e-09
4.717028e-09
7.416876e-09
2.539178e-08
2.859587e-08
3.932073e-09
1.437523e-08
3.405686e-08
7.640187e-10
6.295896e-09
8.494383e-09
2.023845e-09
1.760435e-09
5.280530e-09
3.552613e-08
5.917349e-09
1.049792e-09
5.722383e-10
5.954556e-10
2.357693e-11
1.781761e-11
9.073671e-12
1.764051e-11
5.620589e-12
1.530333e-11
4.540259e-12
5.736964e-11
3.954061e-10
2.691206e-10
2.457979e-10
2.638195e-10
1.007040e-09
2.174309e-10
1.902602e-10
3.337690e-10
4.594973e-11
1.326084e-10
4.209642e-11
5.936294e-11
1.393896e-11
4.131910e-12
2.124787e-11
2.085106e-11
3.961822e-11
8.592070e-11
7.104628e-11
2.643923e-11
3.768157e-11
8.808534e-12
1.761098e-11
6.976825e-12
3.855177e-12
4.450899e-11
5.239468e-11
2.564316e-11
3.857380e-11
2.773370e-11
5.547971e-11
1.303924e-11
1.691187e-11
4.425835e-11
5.478309e-11
2.623990e-11
3.933414e-11
2.778130e-11
5.558405e-11
1.304075e-11
1.691245e-11
4.425845e-11
5.478312e-11
2.623990e-11
3.933417e-11
2.778130e-11
5.558406e-11
1.304077e-11
1.691246e-11
4.425859e-11
5.478328e-11
2.623996e-11
3.933526e-11
2.779891e-11
5.559774e-11
1.308934e-11
1.677051e-11
4.711645e-11
6.793272e-11
5.788811e-11
5.100542e-11
2.396946e-11
1.385963e-10
1.172451e-10
9.998149e-10
9.120584e-09
2.255341e-09
2.642408e-09
4.397817e-09
1.990363e-09
2.921048e-09
2.448967e-09
3.471924e-10
7.336241e-12
1.697770e-10
1.654314e-10
3.455557e-10
6.911605e-10
2.954238e-09
2.095295e-10
1.467408e-09
1.629205e-09
1.166336e-10
1.479378e-10
9.635957e-11
1.483076e-11
1.217405e-11
8.957137e-12
2.183706e-11
8.990422e-11
2.020950e-10
1.120569e-10
9.639581e-11
1.722459e-10
7.478546e-11
4.367827e-11
1.966388e-10
1.977641e-10
1.873060e-10
3.513544e-10
2.381103e-10
4.958808e-10
3.959109e-10
9.645997e-10
1.582535e-10
2.184623e-10
5.631457e-10
5.673309e-10
4.585130e-10
6.896519e-10
1.495600e-09
1.152940e-09
5.944903e-10
6.200635e-10
7.193049e-09
1.733762e-09
1.124669e-09
6.122483e-09
1.703305e-08
2.880827e-09
8.251965e-09
6.803190e-09
7.225602e-09
6.974948e-09
4.139532e-10
3.181098e-09
1.837969e-09
6.308808e-10
5.955408e-10
1.963086e-09
1.013598e-08
2.062255e-08
4.702455e-09
1.019545e-08
3.283956e-08
2.088352e-09
3.020350e-10
5.444864e-10
6.316839e-09
1.547067e-09
3.296616e-09
9.126825e-09
1.202873e-09
1.248443e-09
3.148822e-09
1.614277e-09
3.234036e-09
4.155789e-09
1.689945e-09
1.276348e-09
7.696559e-08
8.267574e-09
7.356076e-09
2.746528e-08
3.647821e-09
3.212259e-08
1.272117e-08
1.170459e-08
2.244151e-08
2.095060e-08
4.837873e-08
8.405617e-08
5.622758e-08
5.197400e-08
4.553016e-08
2.757104e-08
7.058285e-10
1.829232e-08
3.545960e-09
5.423604e-09
5.262253e-09
8.181982e-09
2.462138e-09
1.138350e-08
6.527803e-09
1.109841e-08
5.016807e-10
1.427916e-09
2.275880e-08
4.268952e-08
7.626530e-09
3.761026e-09
2.368235e-08
1.417020e-08
2.307969e-08
5.065793e-09
2.810922e-08
3.314735e-08
4.735980e-09
1.254413e-08
4.729239e-08
3.049009e-09
5.761247e-09
3.869034e-09
1.894980e-08
4.502834e-09
3.897179e-09
5.653725e-09
1.297688e-08
3.038076e-10
4.231282e-11
5.758587e-12
1.434457e-11
5.222562e-12
1.954375e-11
2.782604e-11
6.183515e-12
3.546039e-11
5.410118e-11
2.295390e-10
2.139204e-10
1.803794e-09
2.560375e-11
1.028116e-10
4.341138e-10
5.032459e-11
4.229832e-10
1.387901e-10
6.815597e-11
2.400035e-11
2.712162e-12
7.732809e-11
5.457898e-12
7.867030e-12
3.430750e-11
5.279778e-11
2.779684e-11
1.092330e-10
4.813538e-11
2.731894e-11
8.550876e-12
1.241774e-12
1.280952e-11
9.311435e-12
9.070624e-12
4.593869e-11
2.403923e-11
1.957253e-10
2.882398e-12
3.013435e-11
1.604891e-11
1.197949e-11
1.090562e-11
5.061557e-11
2.412657e-11
1.972274e-10
2.885135e-12
3.013800e-11
1.604954e-11
1.197968e-11
1.090562e-11
5.061574e-11
2.412657e-11
1.972274e-10
2.885135e-12
3.013801e-11
1.604955e-11
1.197969e-11
1.090562e-11
5.061646e-11
2.412757e-11
1.972327e-10
2.886370e-12
3.009473e-11
1.618060e-11
1.257506e-11
1.228779e-11
6.230709e-11
2.506690e-11
2.729933e-10
1.303096e-11
7.906585e-11
4.929231e-10
1.841326e-09
1.532848e-09
4.630924e-09
4.348018e-09
6.863771e-09
4.753216e-09
3.471970e-09
5.096044e-12
1.697770e-10
1.248733e-10
3.156151e-11
4.308830e-10
2.126217e-09
1.962954e-10
2.194980e-09
2.738759e-09
2.270186e-10
4.606434e-10
3.899771e-10
4.143544e-11
1.448303e-11
6.231956e-12
1.121467e-11
3.852885e-11
6.933632e-11
7.377198e-11
1.062387e-10
3.135531e-10
1.478109e-10
6.675089e-11
1.044050e-10
5.647702e-11
6.192861e-11
3.227179e-10
2.132071e-10
1.034292e-09
1.420342e-10
7.464196e-10
7.311378e-11
2.857657e-10
9.941206e-10
3.160880e-10
5.725469e-11
7.385183e-10
1.460507e-09
1.152030e-09
1.565379e-09
6.242861e-10
4.591489e-09
8.691913e-10
1.148603e-09
2.030020e-08
1.069363e-08
2.063680e-09
7.270692e-09
1.084674e-08
1.549015e-08
9.283936e-09
2.950348e-10
5.231715e-09
2.215234e-09
7.280707e-10
1.128495e-09
3.469884e-10
2.982792e-09
1.465724e-08
3.967135e-09
1.444253e-08
7.019828e-08
1.755352e-08
1.142935e-10
3.124539e-10
3.025368e-09
1.453731e-09
3.515241e-09
1.354076e-08
1.740010e-09
1.799657e-09
1.336979e-09
1.339748e-09
1.862201e-09
4.868053e-09
2.521485e-09
2.317102e-09
4.972052e-08
6.452559e-09
5.805520e-09
1.583130e-08
4.550071e-09
1.923983e-08
1.867196e-08
7.292528e-09
1.344407e-08
2.697331e-08
4.472784e-08
1.096236e-07
8.569737e-08
8.128780e-08
8.183267e-08
1.681905e-07
8.571052e-10
2.107937e-08
1.227596e-09
4.487649e-09
6.894720e-09
9.609462e-09
4.317985e-09
2.111863e-08
6.395923e-09
1.073155e-08
5.490437e-10
3.248010e-09
2.054911e-08
1.188460e-08
6.403711e-09
4.507825e-09
4.234084e-08
8.767431e-09
1.373394e-08
6.744339e-09
3.457155e-08
3.112146e-08
7.165537e-09
2.640405e-08
1.037536e-07
6.702307e-09
1.031475e-08
2.708320e-09
2.213774e-08
1.592961e-09
5.848930e-09
1.122016e-08
2.285763e-08
1.191390e-09
8.394684e-11
3.255356e-10
1.136640e-12
4.818053e-12
1.933406e-11
3.737167e-11
6.596164e-12
4.011588e-12
1.332013e-11
1.560242e-10
2.074560e-10
1.669024e-09
3.350070e-11
2.142292e-10
3.781648e-10
6.432397e-11
4.053595e-10
7.750038e-10
3.255661e-10
2.499233e-11
6.682766e-12
8.881540e-11
2.050508e-11
1.739391e-11
7.803842e-12
2.760955e-11
2.669739e-11
9.945713e-11
1.978328e-10
1.574623e-10
5.994494e-12
2.788755e-12
1.055941e-11
7.049785e-12
4.362554e-12
2.978515e-11
3.350279e-11
2.147767e-10
3.651651e-12
3.569487e-11
3.087759e-11
2.854949e-11
6.003840e-12
3.650247e-11
3.479257e-11
2.186259e-10
3.713086e-12
3.570488e-11
3.088996e-11
2.855310e-11
6.003887e-12
3.650272e-11
3.479258e-11
2.186259e-10
3.713086e-12
3.570488e-11
3.088996e-11
2.855310e-11
6.003887e-12
3.650274e-11
3.479285e-11
2.186262e-10
3.713143e-12
3.570440e-11
3.090186e-11
2.858870e-11
6.034415e-12
3.756725e-11
3.812387e-11
2.934249e-10
3.522856e-12
4.491150e-11
3.191011e-11
2.304942e-10
3.038804e-10
3.693119e-09
4.562949e-09
7.725123e-09
1.000236e-08
8.325650e-09
3.171074e-11
1.445822e-10
1.654314e-10
3.156151e-11
1.138857e-10
2.001065e-10
1.941750e-10
2.142498e-09
3.218819e-09
3.073572e-10
7.606846e-10
9.520152e-10
3.343593e-10
3.860468e-11
1.054004e-11
1.899549e-11
2.104347e-11
2.189284e-11
7.227001e-11
1.374068e-10
3.659243e-10
3.834177e-10
1.731687e-10
4.445087e-11
5.156202e-11
4.617848e-11
1.252852e-10
1.688877e-10
1.379057e-09
2.355609e-10
2.352891e-10
5.011343e-11
3.889709e-10
1.094129e-09
3.654866e-10
7.401315e-11
1.561319e-10
1.462367e-09
1.176565e-09
1.636596e-09
1.540651e-09
8.844228e-10
5.246337e-10
6.763150e-10
2.447325e-08
6.033142e-09
1.149582e-09
2.174538e-09
1.153908e-08
2.080451e-08
7.285709e-09
4.099626e-10
8.366836e-09
3.083733e-09
1.031376e-09
8.758952e-10
2.127321e-09
1.169361e-09
1.051083e-09
9.409581e-10
1.533908e-08
7.599414e-08
3.545581e-08
7.211563e-10
2.393680e-10
9.489789e-10
6.129262e-10
1.880953e-09
1.459976e-08
2.779538e-09
1.786500e-09
4.445083e-10
2.677904e-09
1.094157e-09
4.706091e-09
1.834215e-09
2.831179e-09
7.069383e-09
3.137052e-09
1.462135e-08
5.377657e-09
4.143050e-09
9.305510e-09
3.507252e-08
4.183786e-09
5.993924e-09
1.366252e-08
3.654245e-08
1.190806e-07
9.281193e-08
9.600444e-08
8.911057e-08
5.296341e-07
9.539113e-09
1.240775e-08
5.911013e-10
3.584129e-09
5.954419e-09
8.608444e-09
3.863982e-09
2.798976e-08
5.470437e-09
1.228233e-08
5.635714e-10
6.300517e-09
1.117200e-08
1.686978e-09
3.480429e-09
4.463043e-09
4.787811e-08
3.987281e-09
1.113087e-08
8.536571e-09
3.911691e-08
1.354839e-08
9.132213e-09
2.946787e-08
1.162555e-07
1.802208e-08
1.168434e-08
1.293060e-09
2.775284e-08
9.254170e-10
5.550815e-09
1.231593e-08
3.195719e-08
1.593389e-09
5.397340e-10
5.788080e-10
3.595237e-10
1.086684e-11
1.939058e-11
3.735876e-11
6.485578e-11
1.349305e-10
2.673618e-11
4.236901e-11
3.844200e-10
3.264615e-09
1.218738e-10
2.115181e-09
3.266651e-09
2.436514e-10
8.230573e-10
1.750057e-09
1.164106e-08
1.086690e-10
4.923552e-11
6.222783e-10
1.155635e-10
5.984052e-10
2.857942e-11
1.077567e-10
1.515448e-10
1.280557e-10
2.926015e-10
5.363706e-09
4.088307e-11
1.675008e-11
2.481803e-10
6.372882e-11
3.015378e-11
4.863526e-11
4.628794e-11
5.128105e-10
1.120491e-11
4.285642e-10
2.229617e-10
6.498180e-10
4.678021e-11
7.787469e-11
5.135546e-11
6.479810e-10
1.254376e-11
4.296636e-10
2.231098e-10
6.500130e-10
4.678271e-11
7.787925e-11
5.135551e-11
6.479815e-10
1.254376e-11
4.296636e-10
2.231098e-10
6.500130e-10
4.678271e-11
7.787925e-11
5.135553e-11
6.479817e-10
1.254376e-11
4.296637e-10
2.231107e-10
6.500740e-10
4.684290e-11
7.872417e-11
5.169143e-11
7.638702e-10
2.257531e-11
4.730135e-10
3.658575e-10
3.228503e-10
1.581043e-10
4.747352e-09
6.130564e-09
1.229299e-08
1.665239e-08
7.216529e-08
6.084266e-10
4.526059e-09
1.383857e-09
3.455557e-10
4.308830e-10
2.001065e-10
3.650830e-09
3.627682e-09
3.929118e-09
1.558678e-09
2.735335e-09
2.765973e-09
8.204672e-09
5.637822e-10
1.018565e-10
3.169702e-10
2.623117e-10
9.090120e-11
2.365379e-10
6.693561e-10
1.117492e-09
2.238570e-09
1.847626e-09
4.278667e-10
4.201125e-10
1.291111e-09
1.483507e-10
3.126466e-10
3.580563e-09
6.070995e-10
9.141386e-10
2.893171e-10
3.811851e-09
2.154099e-09
1.355894e-09
7.118680e-10
2.712738e-09
1.804243e-09
5.607985e-09
4.217751e-09
2.326599e-09
8.575023e-09
3.175113e-09
2.347923e-09
3.694655e-08
5.106552e-08
4.780011e-09
3.381296e-09
1.333324e-08
2.733282e-08
1.090195e-08
3.280906e-09
6.391682e-08
1.061986e-08
4.143876e-09
1.927199e-09
5.212321e-09
8.125677e-08
3.531505e-10
7.181087e-10
2.021626e-08
8.311759e-08
4.370569e-08
7.680116e-09
2.223692e-08
1.967360e-09
3.661382e-09
3.665260e-09
1.567205e-08
1.502726e-08
2.254328e-09
1.193585e-09
4.148501e-08
5.667691e-09
5.153320e-09
2.877150e-09
5.576120e-09
4.920327e-09
1.941216e-08
4.338743e-07
1.097068e-08
1.653506e-08
1.496435e-08
1.936258e-07
1.183321e-08
3.293893e-08
6.572239e-08
8.575504e-08
2.079232e-07
1.436934e-07
1.947668e-07
1.457303e-07
3.479809e-06
2.758920e-07
1.238887e-07
1.030120e-08
1.944443e-08
5.734506e-09
8.874258e-09
6.047097e-09
6.479293e-08
7.764826e-08
2.513605e-08
1.073890e-08
2.990979e-08
8.645813e-09
1.035528e-08
3.533792e-08
8.400845e-09
7.846472e-08
8.093448e-09
5.827297e-08
3.393802e-08
7.107246e-08
1.499947e-08
2.675027e-08
1.406808e-07
1.442370e-07
2.851147e-07
6.402162e-08
8.402900e-09
1.804875e-07
4.830180e-09
1.601781e-08
1.274439e-08
4.890282e-08
5.705286e-09
9.753993e-09
1.023995e-08
4.992317e-09
2.809589e-09
1.499309e-11
4.868058e-11
6.489276e-11
2.251427e-10
3.651846e-10
5.598406e-11
1.005532e-10
1.387538e-09
5.540850e-10
4.064773e-09
7.077520e-09
1.831316e-09
1.053315e-09
4.476225e-09
1.233671e-08
3.232752e-10
4.785533e-10
9.706831e-10
1.886527e-09
6.545127e-10
8.419191e-11
3.730400e-10
2.914197e-11
7.687747e-10
4.291506e-10
5.491847e-09
1.152582e-10
1.269552e-10
3.365979e-10
1.012757e-09
7.013023e-11
7.196076e-11
1.519864e-10
5.621238e-10
2.304327e-11
4.555706e-10
6.428999e-10
1.467012e-09
1.577350e-10
4.982723e-10
7.272916e-11
7.675471e-10
5.356085e-11
4.584992e-10
6.485003e-10
1.467604e-09
1.577934e-10
4.983751e-10
7.273004e-11
7.675477e-10
5.356087e-11
4.584992e-10
6.485003e-10
1.467604e-09
1.577934e-10
4.983751e-10
7.273005e-11
7.675478e-10
5.356087e-11
4.584993e-10
6.485009e-10
1.467608e-09
1.578130e-10
4.986729e-10
7.445216e-11
8.081972e-10
5.942228e-11
5.156029e-10
8.244725e-10
2.287356e-09
1.722316e-10
2.672031e-09
5.966053e-09
1.317995e-08
1.687925e-08
9.374444e-08
2.458475e-09
1.469440e-08
3.132700e-08
6.775009e-10
6.911605e-10
2.126217e-09
1.941750e-10
3.627682e-09
1.864339e-08
1.673072e-09
4.047458e-09
5.372392e-09
1.648235e-08
2.496143e-09
8.813020e-10
1.635650e-09
1.515142e-09
1.813260e-10
4.969250e-10
6.444359e-10
1.385188e-09
2.527453e-09
3.249142e-09
2.756683e-09
1.633795e-09
3.731133e-09
2.667068e-09
2.368858e-10
3.112160e-09
1.350353e-09
1.524138e-09
6.605539e-10
7.135414e-09
6.147652e-09
2.692531e-09
8.477459e-10
7.915118e-09
1.207509e-08
1.575276e-09
4.771523e-09
7.612495e-09
1.191976e-08
2.973932e-08
3.598005e-09
6.341639e-08
7.149115e-08
4.119636e-09
3.371657e-09
1.520329e-08
2.848527e-08
1.156685e-08
7.108734e-09
7.262130e-08
4.622884e-08
1.238903e-08
3.595526e-09
1.516987e-08
9.268164e-08
2.740244e-09
1.000208e-09
2.687599e-08
8.100410e-08
4.559108e-08
8.508093e-09
5.931836e-08
3.706117e-08
1.084999e-08
7.997925e-09
1.071974e-08
1.457737e-08
2.393346e-09
3.914230e-09
7.708215e-08
1.843637e-08
3.392874e-08
1.319798e-08
1.058736e-08
6.314608e-09
3.003155e-08
5.666278e-08
1.136170e-08
8.841926e-07
2.473173e-08
3.215621e-07
1.358302e-08
5.949943e-08
3.295643e-08
1.576814e-07
4.687646e-07
1.687816e-07
3.125332e-07
1.880955e-07
5.473914e-06
4.273538e-07
3.806398e-07
2.058536e-07
2.280240e-08
1.600292e-08
1.386264e-08
8.243273e-09
5.542098e-08
9.039099e-08
6.308004e-08
7.833255e-09
8.981757e-08
2.611181e-08
2.302523e-08
8.960402e-09
1.710703e-08
1.501299e-07
1.328740e-08
7.838789e-08
4.301866e-08
1.348941e-07
4.556101e-08
4.419063e-08
2.088304e-07
1.628845e-07
3.581558e-07
8.854930e-08
3.065669e-08
2.663120e-07
9.154538e-09
2.979618e-08
1.448698e-08
4.940805e-08
6.513124e-09
1.835430e-08
1.616410e-08
8.509275e-08
6.176822e-09
3.217487e-09
1.448705e-11
6.450032e-11
2.373082e-10
4.448384e-10
1.446873e-10
3.426563e-11
4.151773e-10
2.343540e-10
2.415571e-09
7.534057e-09
5.499787e-09
1.420919e-09
5.524498e-09
1.275990e-08
4.403271e-10
1.401102e-09
1.572803e-09
2.514433e-09
8.133889e-10
9.513867e-11
1.010599e-09
3.417067e-11
1.783069e-10
2.937365e-10
6.129267e-09
2.489694e-10
3.486591e-10
6.628991e-10
1.293918e-09
1.219497e-10
5.539140e-11
1.947121e-10
4.503137e-10
6.575556e-11
5.558911e-10
7.035812e-10
3.173942e-09
1.333452e-10
1.112094e-09
1.234737e-10
7.178767e-10
2.029236e-10
5.660068e-10
7.125451e-10
3.177868e-09
1.334410e-10
1.112573e-09
1.234778e-10
7.178782e-10
2.029237e-10
5.660068e-10
7.125451e-10
3.177868e-09
1.334410e-10
1.112573e-09
1.234778e-10
7.178782e-10
2.029237e-10
5.660068e-10
7.125453e-10
3.177869e-09
1.334414e-10
1.112657e-09
1.235149e-10
7.213104e-10
2.145618e-10
7.485379e-10
8.553997e-10
3.790071e-09
2.320518e-10
2.096728e-09
2.594000e-09
1.059371e-08
1.457648e-08
9.680566e-08
7.212704e-09
3.050430e-08
4.507442e-08
1.956306e-09
7.507813e-10
2.954238e-09
1.962954e-10
2.142498e-09
3.929118e-09
1.673072e-09
2.298647e-08
5.504988e-09
1.994246e-08
3.895685e-09
1.891746e-09
4.969120e-09
4.102813e-09
2.129751e-10
2.930841e-10
4.031839e-10
1.417301e-09
2.402497e-09
4.926309e-09
3.980297e-09
3.904919e-09
8.950768e-09
2.719902e-09
4.939559e-10
6.145704e-09
1.057865e-09
1.247797e-09
1.580939e-09
1.108578e-08
7.353123e-09
4.687620e-09
1.052291e-09
9.762424e-09
1.581042e-08
1.642334e-09
3.163142e-09
1.067421e-08
1.109217e-08
3.719697e-08
9.488153e-09
6.820740e-08
1.231938e-07
7.746530e-09
2.863674e-09
1.687417e-08
1.872353e-08
9.247779e-09
9.984887e-09
7.437144e-08
6.231359e-08
1.769939e-08
1.104993e-08
2.214568e-08
9.723086e-08
3.638023e-09
2.016136e-09
1.979580e-08
4.504886e-08
4.726743e-08
1.060873e-08
7.172902e-08
4.591915e-08
5.243500e-08
1.239276e-08
6.074357e-09
1.480403e-08
1.205693e-09
3.240597e-09
1.175274e-07
2.206854e-08
5.917430e-09
5.300238e-09
4.859029e-08
1.714406e-08
3.899895e-08
6.577357e-08
1.187797e-08
6.480981e-09
3.825731e-08
1.296155e-06
1.465406e-08
1.144025e-07
2.372556e-08
1.828647e-07
1.664633e-07
1.184936e-07
6.524383e-07
1.437832e-07
5.938380e-06
4.811940e-07
4.392957e-07
3.378283e-07
4.846051e-08
9.074058e-09
6.572921e-09
2.164562e-08
5.057335e-08
1.008509e-07
3.422264e-08
1.338123e-08
1.428786e-07
4.832497e-09
3.526308e-08
4.213291e-08
1.888582e-08
8.674558e-08
1.238833e-08
1.650557e-07
5.933122e-08
1.426877e-07
1.556646e-08
6.911431e-08
2.843786e-07
1.022661e-07
3.836124e-07
1.055142e-07
5.302242e-08
3.177565e-07
1.228029e-08
3.371264e-08
9.742638e-09
5.167914e-08
6.582365e-09
2.241762e-08
1.724823e-08
1.064942e-07
1.512300e-08
5.143265e-09
2.466321e-09
6.080492e-11
2.230791e-10
4.444652e-10
3.025773e-10
1.015305e-10
2.776654e-10
7.597717e-11
2.472114e-09
7.839797e-09
4.517701e-09
3.060941e-09
1.835550e-08
1.353143e-08
5.381536e-10
2.243644e-09
5.309416e-09
5.300844e-09
1.001557e-09
1.845164e-10
1.325172e-09
1.079672e-10
3.623652e-10
2.697606e-10
5.608888e-09
1.470562e-10
1.118919e-09
2.510203e-09
2.390431e-09
1.548665e-10
9.433098e-11
3.905663e-10
5.338001e-10
1.318692e-10
6.985619e-10
9.413095e-10
4.334432e-09
2.862108e-10
2.252786e-09
3.874882e-10
9.097178e-10
4.508035e-10
7.716739e-10
9.926600e-10
4.346639e-09
2.870876e-10
2.254177e-09
3.875328e-10
9.097302e-10
4.508044e-10
7.716739e-10
9.926600e-10
4.346640e-09
2.870876e-10
2.254177e-09
3.875328e-10
9.097302e-10
4.508044e-10
7.716739e-10
9.926601e-10
4.346640e-09
2.870877e-10
2.254181e-09
3.876182e-10
9.107816e-10
4.510563e-10
7.973104e-10
1.278091e-09
5.354929e-09
2.815258e-10
3.867583e-09
2.762100e-09
9.181601e-09
1.164005e-08
9.760807e-08
9.858611e-09
5.452799e-08
7.152631e-08
4.774331e-09
1.650092e-09
4.206794e-09
2.095295e-10
2.194980e-09
3.218819e-09
1.558678e-09
4.047458e-09
5.504988e-09
4.818888e-08
4.782833e-09
2.912455e-09
3.166106e-08
1.642194e-08
9.304195e-10
1.136597e-09
8.618352e-10
1.098709e-09
3.753053e-09
1.491388e-08
8.556655e-09
2.636262e-08
2.546898e-08
1.027571e-08
4.610148e-09
8.378844e-09
2.815774e-09
2.156101e-08
2.498259e-09
2.381854e-08
1.453472e-08
8.287273e-09
1.872305e-09
1.802248e-08
1.926757e-08
2.488243e-09
5.785704e-09
4.956721e-09
8.616372e-08
5.444175e-08
1.034416e-08
2.130455e-07
2.162506e-07
5.078738e-09
4.125775e-09
3.647405e-08
1.592310e-08
6.616883e-09
1.410924e-08
7.581726e-08
6.838557e-08
2.883905e-08
7.442562e-09
4.265435e-08
1.120629e-07
6.156329e-09
3.055464e-09
1.324693e-07
3.205148e-08
1.451896e-08
1.536736e-08
1.061088e-07
5.166550e-08
1.027613e-07
1.020575e-07
9.652680e-09
2.348636e-08
1.066335e-09
3.612684e-09
1.715570e-07
2.146373e-08
5.939047e-09
7.886047e-09
6.387990e-09
4.554315e-09
7.744269e-08
8.802163e-08
3.270244e-08
1.202461e-08
8.733873e-08
4.548092e-07
2.389937e-08
1.053198e-06
4.820629e-08
2.849316e-07
1.654343e-07
1.132141e-07
2.495361e-07
1.227025e-07
6.588132e-06
5.031589e-07
5.749607e-07
5.625913e-07
1.580400e-07
3.572461e-08
1.507844e-08
2.477540e-09
3.468193e-08
1.209497e-07
4.437384e-08
2.282798e-08
2.727756e-07
5.977855e-09
1.001530e-07
1.068001e-08
2.273836e-08
2.400989e-07
8.898883e-09
1.031049e-07
1.015745e-07
3.148260e-07
2.535666e-08
1.384801e-07
3.848301e-07
1.138329e-07
4.674604e-07
1.275565e-07
1.011506e-07
5.181247e-07
2.162499e-08
4.606089e-08
7.399001e-09
5.255777e-08
7.701380e-09
2.484037e-08
2.035288e-08
1.238576e-07
2.939499e-08
2.216738e-08
6.671819e-09
5.611676e-10
1.311495e-10
4.303133e-10
2.860491e-10
1.164156e-10
1.815720e-10
3.825477e-11
2.038778e-10
3.972385e-09
4.433362e-09
3.341858e-09
2.224077e-08
3.361678e-09
1.596179e-09
3.557790e-09
5.268361e-09
8.996954e-09
4.114079e-10
2.158261e-10
1.906786e-09
1.219124e-10
6.312442e-10
1.173209e-10
4.182256e-10
1.908292e-10
6.857418e-10
2.381523e-09
4.308928e-09
1.478685e-10
7.675050e-11
5.398809e-10
1.220148e-10
2.500175e-10
3.505626e-10
7.687431e-10
4.816805e-09
3.550269e-10
3.704671e-09
2.274976e-10
7.454796e-10
7.366154e-10
3.966929e-10
8.818901e-10
4.864556e-09
3.580534e-10
3.713475e-09
2.276087e-10
7.455293e-10
7.366189e-10
3.966930e-10
8.818901e-10
4.864557e-09
3.580534e-10
3.713475e-09
2.276087e-10
7.455293e-10
7.366189e-10
3.966930e-10
8.818901e-10
4.864557e-09
3.580534e-10
3.713475e-09
2.276090e-10
7.457890e-10
7.367712e-10
3.981785e-10
8.900018e-10
5.602549e-09
4.939539e-10
5.498364e-09
6.552310e-10
9.838634e-10
2.486145e-09
7.405156e-08
1.173321e-08
6.522511e-08
7.460805e-08
1.056782e-08
2.049547e-09
5.802995e-09
1.573889e-10
1.467408e-09
2.738759e-09
3.073572e-10
2.735335e-09
5.372392e-09
1.994246e-08
4.782833e-09
2.440067e-08
3.282870e-08
2.469038e-08
1.556570e-09
1.544439e-09
1.145267e-09
8.245231e-10
1.596666e-09
2.788102e-09
7.751897e-09
2.002287e-08
3.013577e-08
3.582537e-08
9.729834e-09
7.816797e-09
4.473027e-09
1.845844e-09
4.146091e-09
5.025709e-08
1.392723e-08
8.691070e-09
3.403947e-09
2.521975e-08
1.872627e-08
2.687362e-09
7.717175e-09
8.409469e-09
3.340758e-09
4.318230e-08
8.602158e-08
2.221583e-07
3.873143e-07
4.775798e-09
2.122974e-08
3.021770e-08
1.685064e-08
1.609197e-08
1.246969e-08
3.448742e-08
6.788460e-08
2.895898e-08
1.073977e-08
1.147948e-07
4.663383e-08
4.644185e-09
1.225247e-08
1.365852e-07
4.557502e-08
1.461008e-09
3.992787e-09
7.144050e-08
5.668453e-08
1.331057e-07
1.354702e-07
4.094593e-08
1.185707e-08
1.609124e-09
6.836963e-09
1.649914e-07
2.169440e-08
5.676447e-09
6.205088e-09
8.091151e-09
3.551526e-09
2.075178e-08
4.289889e-08
5.296358e-08
3.641396e-08
2.506741e-07
4.384396e-07
1.936666e-08
7.327575e-08
6.191591e-08
1.041881e-06
1.659990e-07
1.290367e-07
1.828548e-07
1.020154e-07
5.758039e-06
4.236869e-07
1.020804e-06
6.569110e-07
3.237792e-07
9.764033e-08
2.203098e-08
8.849513e-10
3.344005e-08
3.961585e-08
2.265588e-08
3.749432e-08
3.012651e-07
3.177357e-08
4.780993e-08
1.247841e-08
5.622738e-08
8.837814e-08
1.132906e-08
2.817607e-07
8.465611e-08
1.470847e-07
2.642185e-08
3.254064e-07
4.503670e-07
6.059524e-08
2.636105e-07
1.351979e-07
2.216238e-07
5.386091e-07
5.944163e-08
6.217643e-08
7.917874e-09
5.737057e-08
6.297753e-09
2.048176e-08
1.085672e-08
1.245616e-07
3.706050e-08
3.445485e-08
1.426572e-08
1.365386e-09
7.708801e-10
1.947430e-10
2.694853e-10
1.153168e-10
1.037771e-10
5.147942e-11
5.154434e-11
1.199085e-09
2.634277e-09
2.178122e-09
2.096278e-08
4.464131e-09
1.530405e-09
2.795120e-09
6.198865e-09
9.161853e-09
9.185401e-10
3.792673e-10
1.601928e-09
2.298421e-10
6.663957e-10
2.768015e-10
1.339543e-10
8.617416e-11
4.392167e-10
2.363431e-09
3.542425e-09
3.278697e-10
2.021410e-10
3.654679e-10
1.364383e-10
2.146749e-10
2.736706e-10
7.426486e-10
4.011882e-09
5.661247e-10
3.950749e-09
7.748523e-10
4.722374e-10
1.232806e-09
4.868333e-10
8.767929e-10
4.093350e-09
6.256628e-10
3.973635e-09
7.776361e-10
4.723650e-10
1.232869e-09
4.868354e-10
8.767930e-10
4.093351e-09
6.256630e-10
3.973635e-09
7.776361e-10
4.723650e-10
1.232869e-09
4.868354e-10
8.767930e-10
4.093351e-09
6.256631e-10
3.973635e-09
7.776365e-10
4.723861e-10
1.233054e-09
4.872885e-10
8.807568e-10
4.278843e-09
6.236262e-10
5.259010e-09
1.164941e-09
1.287946e-09
9.937265e-10
2.102941e-08
1.175328e-08
6.639096e-08
6.513996e-08
1.303919e-08
2.613855e-09
6.145965e-09
6.041170e-10
5.241238e-10
1.629205e-09
2.270186e-10
7.606846e-10
2.765973e-09
1.648235e-08
3.895685e-09
2.912455e-09
3.282870e-08
4.743823e-08
2.738114e-09
2.670152e-09
2.220571e-09
1.398216e-09
1.780356e-09
2.688972e-09
6.861816e-09
1.405127e-08
3.576720e-08
3.535816e-08
2.473249e-08
3.646330e-08
1.116646e-08
2.947457e-09
6.981307e-09
2.501127e-08
1.684492e-08
3.432252e-08
6.999569e-09
2.702873e-08
1.833296e-08
3.679648e-09
7.566268e-09
1.146412e-08
5.162243e-09
1.208900e-08
2.773483e-08
2.065585e-07
4.693930e-07
3.634814e-08
3.026188e-08
3.386154e-08
1.405657e-08
5.066067e-09
9.234713e-09
2.534570e-08
4.625054e-08
2.445982e-08
1.330720e-08
1.140863e-07
3.520890e-08
5.791491e-09
4.344096e-09
1.374149e-07
4.584297e-08
3.015769e-09
1.485378e-09
3.614540e-08
3.642699e-08
1.069389e-07
1.414577e-07
8.324885e-08
5.435655e-08
3.600666e-09
3.746968e-09
1.339006e-07
1.395580e-08
5.003536e-09
6.684027e-09
6.799685e-09
1.311045e-09
1.167113e-08
3.041440e-08
1.185638e-08
1.783671e-08
2.888049e-07
3.449695e-07
2.810381e-08
7.124507e-08
5.971581e-08
2.081450e-07
1.765250e-07
5.478602e-07
1.517370e-07
7.211045e-08
4.989154e-06
3.496831e-07
4.379142e-07
6.354066e-07
7.259491e-07
1.188273e-07
8.704026e-08
1.442051e-08
1.166374e-08
2.139442e-08
1.328041e-08
1.113230e-08
2.775295e-07
3.731651e-08
5.526632e-08
2.317282e-08
1.610945e-08
7.734416e-08
4.714953e-08
8.705008e-08
8.422642e-08
2.823132e-07
2.412660e-08
1.794843e-07
3.874630e-07
1.752806e-07
2.489586e-07
1.099772e-07
1.536348e-07
5.527182e-07
1.166826e-07
5.706209e-08
1.119967e-08
4.660918e-08
4.614221e-09
1.533107e-08
6.856860e-09
7.243439e-08
3.446263e-08
3.712645e-08
2.030890e-08
1.166027e-08
1.364324e-09
8.389962e-10
1.783388e-10
1.020760e-10
9.359538e-11
4.369238e-11
2.335813e-11
2.124764e-10
1.158152e-09
2.082344e-09
1.961608e-08
2.106252e-09
1.328910e-09
3.123931e-09
5.448759e-09
7.612024e-09
1.391514e-09
1.376658e-09
1.135755e-09
2.812958e-10
5.309426e-10
2.843746e-10
2.483443e-10
8.340128e-11
2.604925e-10
2.000766e-09
2.715460e-09
3.877823e-10
4.897696e-10
3.617139e-10
8.744726e-11
5.536423e-11
1.479925e-10
5.648421e-10
2.478544e-09
8.372825e-10
4.110504e-09
9.544470e-10
7.007832e-10
9.655622e-10
2.633400e-10
6.718652e-10
2.679911e-09
1.038051e-09
4.199485e-09
9.659315e-10
7.021048e-10
9.656396e-10
2.633506e-10
6.718655e-10
2.679914e-09
1.038051e-09
4.199485e-09
9.659315e-10
7.021048e-10
9.656396e-10
2.633506e-10
6.718655e-10
2.679914e-09
1.038051e-09
4.199485e-09
9.659318e-10
7.021118e-10
9.656416e-10
2.634120e-10
6.728116e-10
2.723315e-09
1.044946e-09
5.617415e-09
1.080461e-09
8.244939e-10
7.357133e-10
7.609209e-09
6.154169e-09
4.806878e-08
4.876065e-08
1.284714e-08
3.850591e-09
8.295978e-09
7.701355e-10
5.302128e-10
5.152105e-10
1.166336e-10
4.606434e-10
9.520152e-10
8.204672e-09
2.496143e-09
1.891746e-09
3.166106e-08
2.469038e-08
2.738114e-09
2.102150e-08
3.580768e-09
2.392826e-09
2.469776e-09
2.842073e-09
3.567873e-09
9.884941e-09
4.024793e-08
2.922105e-08
4.585477e-08
4.266165e-08
2.184195e-08
2.633993e-08
1.376857e-08
2.134790e-08
1.912793e-08
1.388649e-08
1.407322e-08
5.388151e-08
1.399093e-08
4.066009e-09
8.241346e-09
1.260810e-08
3.946139e-09
5.779057e-09
6.424609e-09
3.123177e-07
3.995957e-07
2.921899e-08
1.353977e-07
4.875484e-08
1.105187e-08
1.953388e-09
9.592903e-09
7.160634e-09
8.508743e-09
2.262210e-08
1.212319e-08
1.104940e-07
2.859575e-08
3.740254e-09
1.503721e-09
1.341077e-07
3.186608e-08
2.655817e-09
8.613855e-09
1.309231e-08
7.610696e-09
7.184650e-08
1.455884e-07
6.540709e-08
6.554990e-08
3.959524e-08
4.646734e-09
1.095054e-07
2.680543e-09
1.755519e-09
9.426035e-09
6.117668e-09
1.080577e-09
5.696593e-09
7.514047e-09
6.609687e-09
2.677382e-08
2.608556e-07
2.792227e-07
5.900631e-09
2.885781e-08
7.355082e-08
1.454760e-07
1.552714e-07
8.913912e-08
1.560540e-07
6.561388e-08
1.711956e-06
1.658758e-07
2.594029e-07
6.156885e-07
2.976335e-07
1.067243e-07
3.455666e-07
2.898329e-08
1.130307e-08
1.360265e-08
2.575750e-09
4.174115e-09
2.615919e-07
1.810618e-08
2.524405e-08
1.877395e-08
1.235622e-08
8.301503e-08
9.743162e-09
7.704238e-08
1.059772e-07
4.646453e-08
1.939900e-08
3.561862e-07
3.764857e-07
2.912778e-08
7.022762e-08
2.261205e-07
2.504338e-07
5.074997e-07
6.558923e-08
5.642069e-08
6.342049e-08
3.024567e-08
4.330964e-09
4.962529e-09
3.074786e-09
3.722923e-08
2.745570e-08
3.674980e-08
2.012609e-08
1.428562e-08
4.677481e-09
2.399586e-09
9.060433e-11
3.041639e-11
4.694080e-11
3.016550e-11
1.053265e-11
3.237891e-11
1.278979e-10
4.724198e-10
8.248327e-09
2.200476e-09
7.496332e-10
1.436419e-09
1.645992e-09
5.085657e-09
1.165726e-09
7.007237e-10
1.329502e-09
2.269414e-10
3.756035e-10
2.413353e-10
1.066018e-10
1.134082e-10
4.699194e-11
4.070951e-10
1.668744e-09
2.603315e-10
2.973656e-10
4.069949e-10
8.459743e-11
2.042075e-11
3.204450e-11
1.228360e-10
9.918789e-10
6.201254e-10
2.566793e-09
1.198718e-09
6.991423e-10
8.799144e-10
8.728466e-11
1.805128e-10
1.048971e-09
7.880184e-10
2.810613e-09
1.261602e-09
7.049062e-10
8.803746e-10
8.731509e-11
1.805140e-10
1.048978e-09
7.880195e-10
2.810614e-09
1.261602e-09
7.049062e-10
8.803746e-10
8.731509e-11
1.805140e-10
1.048978e-09
7.880195e-10
2.810614e-09
1.261602e-09
7.049077e-10
8.803753e-10
8.731779e-11
1.807120e-10
1.055641e-09
7.882631e-10
3.014182e-09
1.362539e-09
9.143533e-10
4.182854e-10
1.709095e-09
2.132198e-09
1.766617e-08
1.956504e-08
7.817953e-09
3.160208e-09
5.005100e-09
1.916176e-09
5.333013e-10
2.850975e-10
2.095863e-11
1.479378e-10
3.899771e-10
3.343593e-10
5.637822e-10
8.813020e-10
4.969120e-09
1.642194e-08
1.556570e-09
2.670152e-09
3.580768e-09
1.149940e-08
3.176874e-09
2.810631e-09
2.276321e-09
4.694054e-09
1.182203e-08
2.289259e-08
4.337606e-08
4.005108e-08
4.493672e-08
1.978369e-08
1.733352e-08
2.784425e-08
4.657290e-09
7.906638e-09
2.106680e-08
2.854852e-08
1.617131e-08
1.159006e-08
5.777210e-09
1.084449e-08
3.017150e-09
1.946025e-09
2.927581e-09
8.363876e-09
3.107688e-07
1.507163e-07
7.961021e-08
5.042036e-08
2.436130e-08
5.233501e-09
1.575414e-09
4.715316e-09
2.328692e-09
2.101664e-09
6.316843e-09
9.909261e-08
2.316325e-08
4.013627e-09
1.199607e-09
1.759582e-08
2.232354e-08
3.133400e-09
3.985494e-09
8.804205e-09
9.010765e-10
7.775559e-09
4.708433e-08
6.438678e-08
7.097808e-08
3.373274e-08
1.523060e-08
7.210580e-09
1.944640e-09
5.150893e-10
2.249290e-09
4.920492e-09
1.535013e-09
1.167937e-09
1.393950e-09
1.555250e-09
8.378351e-09
2.255039e-07
2.293390e-07
5.749907e-09
4.178327e-09
1.168453e-08
1.234507e-07
5.772922e-08
8.836973e-08
9.611666e-08
4.983265e-08
3.771252e-07
2.975956e-08
9.543220e-08
2.864640e-07
2.372357e-07
1.151777e-07
6.051609e-08
1.977093e-08
9.632235e-08
4.372333e-09
1.324311e-09
2.182271e-09
3.739614e-08
1.700723e-08
1.528221e-08
3.226052e-09
2.715580e-09
7.884180e-09
1.571742e-08
3.500856e-08
3.558016e-08
2.964528e-08
1.478210e-08
7.212398e-08
2.692995e-07
1.871496e-07
3.439847e-08
3.238604e-08
1.056777e-07
3.712087e-07
1.659735e-07
4.880605e-08
1.318160e-08
3.630967e-08
6.410855e-09
1.679712e-09
6.190998e-10
8.236557e-09
9.855772e-09
2.279811e-08
1.823320e-08
1.596964e-08
4.467293e-09
3.230687e-09
5.839652e-10
2.477845e-10
6.115195e-12
1.933466e-11
5.399737e-12
7.460409e-12
1.092030e-11
4.402636e-11
1.692347e-09
1.287535e-09
6.735030e-10
1.095758e-09
8.652702e-10
1.487868e-09
7.997458e-10
8.461164e-10
4.012770e-10
4.314867e-10
2.067681e-10
2.419756e-10
1.413819e-10
8.915602e-11
5.491731e-11
4.994054e-11
3.269778e-10
2.221683e-10
2.660260e-10
1.361510e-10
1.758885e-10
4.479738e-11
1.827083e-11
7.919033e-11
2.156112e-10
3.322726e-10
1.048061e-09
1.023614e-09
7.371749e-10
1.021532e-09
2.929197e-10
6.289622e-11
3.000658e-10
4.282847e-10
1.143305e-09
1.227605e-09
7.834121e-10
1.024986e-09
2.936629e-10
6.290593e-11
3.001041e-10
4.282900e-10
1.143306e-09
1.227605e-09
7.834122e-10
1.024986e-09
2.936630e-10
6.290593e-11
3.001041e-10
4.282900e-10
1.143306e-09
1.227605e-09
7.834129e-10
1.024986e-09
2.936633e-10
6.291424e-11
3.014785e-10
4.283804e-10
1.175667e-09
1.242669e-09
9.323582e-10
6.360165e-10
8.150095e-10
7.549304e-10
4.667909e-09
4.180495e-09
2.853659e-09
1.985136e-09
2.895071e-09
2.338948e-09
9.037045e-10
3.794808e-10
4.756388e-11
1.892225e-11
9.635957e-11
4.143544e-11
3.860468e-11
1.018565e-10
1.635650e-09
4.102813e-09
9.304195e-10
1.544439e-09
2.220571e-09
2.392826e-09
3.176874e-09
1.051164e-08
4.837634e-09
2.406153e-09
3.979020e-09
1.053416e-08
2.638384e-08
4.175324e-08
4.767786e-08
3.139192e-08
4.169120e-08
1.900565e-08
7.596193e-09
5.569516e-09
9.465466e-09
2.171488e-08
2.176263e-08
7.948286e-09
8.817870e-09
8.553558e-09
2.441726e-09
1.820722e-09
1.425260e-09
1.388667e-09
1.811820e-08
3.006640e-08
6.748729e-08
1.645499e-07
4.339384e-08
1.093318e-08
3.011044e-09
1.509412e-09
1.287992e-09
4.483536e-10
2.091998e-09
1.071429e-08
1.468913e-08
6.380509e-09
1.410098e-09
3.942587e-09
3.003670e-09
2.102112e-09
2.268539e-09
2.129325e-09
3.273002e-09
6.112695e-10
5.470319e-09
2.718026e-08
5.388927e-08
3.685011e-08
3.316778e-08
9.244588e-09
8.944362e-10
6.967009e-10
1.068941e-09
7.663657e-10
8.242712e-10
6.168307e-10
4.802833e-10
4.492212e-10
2.169374e-09
4.950399e-08
9.700145e-08
9.140717e-09
1.546662e-08
8.304941e-09
8.148820e-09
2.812404e-08
6.643090e-08
6.493775e-08
5.039652e-08
2.247014e-07
8.543600e-09
2.614787e-08
7.956627e-08
8.074342e-08
6.845043e-08
5.630468e-08
3.732873e-08
1.607812e-08
5.887705e-09
4.231001e-09
8.817652e-10
3.187080e-09
2.756419e-09
6.862404e-09
2.259835e-09
1.347711e-09
2.861761e-09
4.520465e-09
1.509285e-08
9.008270e-09
1.662689e-08
7.262965e-09
1.928673e-08
4.856703e-08
1.953354e-08
3.000693e-08
3.396555e-08
4.978859e-08
1.161234e-07
3.825021e-08
9.615317e-08
8.160767e-08
3.255435e-08
6.636022e-09
1.248171e-09
4.282262e-10
7.502161e-10
2.359384e-09
7.004795e-09
7.836269e-09
1.612221e-08
6.209541e-09
5.677500e-09
8.253419e-10
4.717964e-10
1.241225e-10
5.145063e-12
3.731013e-12
4.940325e-12
3.914101e-12
9.824676e-12
1.036252e-10
2.976390e-10
3.610168e-10
6.184905e-10
4.159643e-10
1.184841e-09
5.046295e-10
5.488674e-10
3.278720e-10
3.650895e-10
4.158487e-10
1.405146e-10
1.591246e-10
7.781270e-11
5.399136e-11
4.946308e-11
3.077133e-11
7.196710e-11
1.759220e-10
7.659284e-11
1.484566e-10
1.325053e-10
2.855290e-11
2.193720e-11
7.019216e-11
1.226412e-10
4.430024e-10
4.798646e-10
5.077334e-10
7.895828e-10
3.438733e-10
1.774828e-10
6.341399e-11
2.352726e-10
5.743088e-10
5.225712e-10
5.863654e-10
8.494307e-10
3.514666e-10
1.778171e-10
6.358400e-11
2.353066e-10
5.743154e-10
5.225713e-10
5.863655e-10
8.494309e-10
3.514669e-10
1.778173e-10
6.358400e-11
2.353066e-10
5.743154e-10
5.225713e-10
5.863657e-10
8.494309e-10
3.514672e-10
1.778183e-10
6.362752e-11
2.354939e-10
5.805202e-10
5.268272e-10
6.093736e-10
7.206625e-10
5.489229e-10
4.185577e-10
1.104243e-09
9.427636e-10
7.951701e-10
9.217294e-10
2.160555e-09
1.482068e-09
8.200875e-10
1.074048e-09
1.264176e-10
7.989995e-11
1.931456e-11
1.483076e-11
1.448303e-11
1.054004e-11
3.169702e-10
1.515142e-09
2.129751e-10
1.136597e-09
1.145267e-09
1.398216e-09
2.469776e-09
2.810631e-09
4.837634e-09
4.774917e-08
1.750400e-08
4.370609e-09
1.438179e-08
4.196537e-08
4.972946e-08
5.803872e-08
5.855712e-08
2.902066e-08
2.443956e-08
1.248030e-08
6.787756e-09
1.101517e-08
1.257730e-08
7.936236e-09
1.904908e-08
8.415292e-09
3.189674e-09
2.443202e-09
1.729675e-09
1.831897e-09
5.056726e-09
2.501663e-09
8.993247e-08
4.521082e-08
3.638528e-08
1.593776e-07
1.142427e-08
2.449120e-09
6.979680e-10
1.635567e-09
8.191958e-10
9.447966e-10
4.767574e-09
3.403526e-09
1.648578e-09
4.287039e-09
1.659456e-09
5.122354e-10
2.024485e-09
1.617949e-09
1.742036e-09
2.327205e-09
6.016921e-10
3.433613e-09
1.644298e-08
3.259142e-08
2.123525e-08
2.477612e-08
1.917109e-08
6.280475e-10
1.167781e-09
3.519352e-10
3.222308e-10
6.822881e-10
3.128204e-10
2.166324e-10
4.582015e-10
5.407041e-09
1.177622e-08
9.674003e-09
6.889167e-09
1.522132e-08
8.966456e-09
6.819033e-09
2.685716e-08
2.317275e-08
9.173180e-08
1.375591e-07
3.169098e-08
1.489248e-08
1.704168e-08
3.660527e-08
3.710718e-08
3.843812e-08
2.985983e-08
2.821421e-08
1.937480e-08
5.429535e-09
1.582974e-09
1.742304e-09
7.085302e-10
9.181477e-10
2.173908e-09
8.925514e-10
1.481255e-09
3.090473e-09
2.522390e-09
2.049643e-08
4.039054e-09
3.551315e-09
1.358128e-08
1.471181e-08
6.946969e-08
2.719798e-07
2.087878e-08
2.445693e-08
3.798311e-08
4.687561e-08
4.833718e-08
2.887624e-08
6.724316e-08
2.134101e-08
1.216556e-08
1.225214e-09
1.197046e-09
8.742836e-10
1.950953e-09
2.850565e-09
7.448385e-09
5.373227e-09
7.635914e-09
2.826926e-09
1.970347e-09
4.526320e-10
1.651772e-10
1.218556e-12
3.197008e-12
3.570973e-12
4.022521e-12
1.475906e-11
3.015887e-11
1.352157e-10
2.881673e-10
3.515331e-10
5.087101e-10
5.222104e-10
4.773828e-10
3.118971e-10
3.526858e-10
3.942492e-10
4.934583e-10
1.260603e-10
7.580414e-11
6.571250e-11
4.105466e-11
5.800803e-11
2.115349e-11
4.467436e-11
6.570148e-11
1.028362e-10
1.235065e-10
1.442219e-10
3.058360e-11
1.238527e-11
4.092921e-11
1.122554e-10
2.246005e-10
3.109984e-10
4.707131e-10
4.153936e-10
2.735341e-10
1.581084e-10
5.940999e-11
2.328169e-10
2.806964e-10
3.728009e-10
4.848235e-10
4.517586e-10
2.827585e-10
1.631299e-10
5.951202e-11
2.328578e-10
2.806968e-10
3.728016e-10
4.848238e-10
4.517606e-10
2.827595e-10
1.631299e-10
5.951202e-11
2.328579e-10
2.806968e-10
3.728016e-10
4.848238e-10
4.517606e-10
2.827597e-10
1.631381e-10
5.951619e-11
2.346690e-10
2.822257e-10
3.786890e-10
4.755664e-10
5.926521e-10
4.443053e-10
4.213134e-10
3.591824e-10
4.414687e-10
4.381602e-10
1.137110e-09
1.219875e-09
9.722563e-10
7.515297e-10
4.702036e-10
2.489621e-10
9.221494e-11
1.432754e-11
1.217405e-11
6.231956e-12
1.899549e-11
2.623117e-10
1.813260e-10
2.930841e-10
8.618352e-10
8.245231e-10
1.780356e-09
2.842073e-09
2.276321e-09
2.406153e-09
1.750400e-08
1.518653e-07
5.354499e-08
1.059904e-08
2.803337e-08
8.782046e-08
7.772197e-08
7.390068e-08
2.842959e-08
1.807702e-08
2.377871e-08
1.186590e-08
9.330908e-09
8.537358e-09
1.141993e-08
1.342415e-08
8.213107e-09
2.296966e-09
3.059750e-09
6.113092e-09
3.097127e-09
1.397902e-09
5.142857e-09
4.862435e-08
6.888266e-08
4.450064e-08
3.041033e-08
2.862204e-08
4.633311e-09
2.410306e-09
1.818328e-09
4.011052e-10
7.543991e-10
1.890604e-09
1.625329e-09
4.594218e-09
2.093871e-09
1.043674e-09
5.776924e-10
1.313172e-09
1.889326e-09
2.539236e-09
1.749398e-09
3.636094e-10
1.871091e-09
1.228582e-08
2.306578e-08
2.333495e-08
2.670856e-08
9.950171e-09
1.371861e-09
2.256898e-09
3.280460e-10
3.419217e-10
3.599722e-10
4.591181e-10
3.037830e-10
8.286824e-10
1.179100e-09
5.360585e-09
1.500266e-08
1.785148e-08
7.516704e-09
1.981994e-08
1.378593e-08
2.801820e-08
2.502596e-08
8.812821e-08
8.269815e-08
4.446969e-08
1.317758e-08
9.366319e-09
1.844374e-08
2.848578e-08
3.992872e-08
2.731613e-08
1.953227e-08
1.401502e-08
1.072999e-08
3.494560e-09
1.086223e-09
3.671329e-10
5.302742e-10
1.663432e-09
1.739883e-09
1.711358e-09
1.807564e-09
1.713864e-09
1.112785e-08
1.939181e-08
9.727599e-09
6.772401e-09
5.255982e-09
2.863957e-08
6.689790e-07
3.461929e-07
1.589274e-08
1.139701e-08
3.322415e-08
5.299550e-08
9.755840e-08
2.142022e-08
1.306672e-08
1.310301e-08
5.147495e-09
3.554514e-09
6.691669e-10
8.342524e-10
2.601147e-09
3.959736e-09
6.878186e-09
5.238428e-09
3.036368e-09
1.822780e-09
8.343002e-10
6.173782e-10
1.548831e-12
3.373591e-12
3.659051e-12
3.778023e-12
8.544591e-12
2.407063e-11
1.281638e-10
3.237296e-10
4.950024e-10
4.766177e-10
5.815995e-10
5.161507e-10
4.257749e-10
5.143846e-10
5.852486e-10
7.851511e-10
9.207745e-11
1.044941e-10
8.639955e-11
9.415401e-11
6.541864e-11
2.401988e-11
5.578396e-11
8.954717e-11
1.319173e-10
1.465426e-10
1.815218e-10
2.300747e-11
1.403679e-11
5.568318e-11
1.297373e-10
2.032663e-10
3.257797e-10
4.254919e-10
5.525900e-10
3.968483e-10
2.302098e-10
9.170417e-11
2.428703e-10
2.458017e-10
3.306037e-10
5.010546e-10
5.593603e-10
4.344173e-10
2.333217e-10
9.183127e-11
2.428727e-10
2.458058e-10
3.306050e-10
5.010585e-10
5.593671e-10
4.344173e-10
2.333217e-10
9.183132e-11
2.428727e-10
2.458058e-10
3.306050e-10
5.010585e-10
5.593674e-10
4.344190e-10
2.333216e-10
9.190357e-11
2.432615e-10
2.467827e-10
3.338641e-10
5.361133e-10
7.504957e-10
5.890111e-10
4.240401e-10
4.166273e-10
3.511156e-10
7.954183e-10
1.030471e-09
1.287770e-09
9.099532e-10
7.011851e-10
1.503896e-09
4.628118e-10
1.166613e-10
2.723908e-11
8.957137e-12
1.121467e-11
2.104347e-11
9.090120e-11
4.969250e-10
4.031839e-10
1.098709e-09
1.596666e-09
2.688972e-09
3.567873e-09
4.694054e-09
3.979020e-09
4.370609e-09
5.354499e-08
4.376829e-07
1.481555e-07
2.371491e-08
9.887768e-08
2.117243e-07
8.138725e-08
4.958882e-08
2.442765e-08
6.125065e-08
2.878406e-08
1.000666e-08
1.387115e-08
2.016951e-08
1.520698e-08
5.636891e-09
5.021069e-09
9.944932e-09
8.662877e-09
5.320095e-09
3.371156e-09
6.769914e-09
1.293702e-07
5.758672e-08
6.472536e-08
3.444130e-08
2.106557e-08
2.564099e-08
2.561411e-09
1.521958e-09
1.025315e-09
5.699133e-10
1.230871e-09
4.580660e-09
2.895298e-09
2.581697e-09
1.977939e-09
8.785530e-10
2.263223e-09
3.249181e-09
1.686868e-09
2.452969e-09
7.882903e-10
1.891353e-09
1.263792e-08
2.346372e-08
3.116881e-08
1.872204e-08
2.061954e-08
5.565584e-09
3.233838e-09
4.095409e-10
2.619706e-10
7.839913e-10
2.713165e-10
8.601472e-10
2.125416e-09
9.414217e-10
2.035303e-09
4.675532e-08
2.603943e-08
1.435353e-08
6.022161e-09
1.708495e-07
1.374161e-07
3.930889e-08
2.308540e-08
3.323817e-08
1.091615e-07
2.992804e-08
1.054214e-08
1.984742e-08
5.117603e-08
4.477407e-08
3.517454e-08
2.161839e-08
2.400966e-08
2.649371e-08
5.994705e-09
9.156981e-10
2.967465e-10
4.950504e-10
3.310238e-09
3.124883e-09
2.210596e-09
2.742819e-09
2.448420e-09
6.322393e-09
1.448550e-08
7.425451e-08
1.468830e-08
6.102439e-09
1.670408e-08
2.071239e-07
8.389826e-07
3.458779e-07
1.400782e-08
3.780247e-08
1.126984e-07
6.358562e-08
4.480566e-08
1.456298e-08
3.849841e-08
1.685597e-08
2.603470e-09
7.864905e-10
9.922382e-10
2.319048e-09
5.318041e-09
6.589983e-09
5.236067e-09
4.727011e-09
4.204596e-09
3.313093e-09
4.139291e-10
3.115124e-12
3.471611e-12
3.458314e-12
8.545699e-12
4.561916e-11
4.543859e-11
2.196564e-10
5.255840e-10
1.136067e-09
7.466943e-10
1.673243e-09
8.606296e-10
8.867115e-10
9.814806e-10
1.221433e-09
9.729240e-10
3.140126e-10
3.762796e-10
3.394197e-10
1.820295e-10
1.779469e-10
5.642617e-11
1.151607e-10
3.149328e-10
1.567806e-10
2.525093e-10
3.100081e-10
7.364902e-11
5.073794e-11
9.475739e-11
2.869678e-10
5.680921e-10
5.595418e-10
6.871122e-10
1.267609e-09
1.034698e-09
9.194290e-10
2.002010e-10
4.470412e-10
6.329693e-10
5.974038e-10
7.042375e-10
1.516809e-09
1.052818e-09
9.225279e-10
2.002215e-10
4.470685e-10
6.329769e-10
5.974207e-10
7.042512e-10
1.516809e-09
1.052818e-09
9.225290e-10
2.002215e-10
4.470685e-10
6.329769e-10
5.974207e-10
7.042513e-10
1.516810e-09
1.052818e-09
9.225401e-10
2.002265e-10
4.480038e-10
6.339595e-10
6.028626e-10
7.614297e-10
1.710576e-09
1.335572e-09
1.226658e-09
1.107876e-09
9.874229e-10
9.797682e-10
2.147700e-09
1.767896e-09
1.714412e-09
2.654043e-09
4.215982e-09
7.227065e-10
4.675763e-10
2.269670e-11
2.183706e-11
3.852885e-11
2.189284e-11
2.365379e-10
6.444359e-10
1.417301e-09
3.753053e-09
2.788102e-09
6.861816e-09
9.884941e-09
1.182203e-08
1.053416e-08
1.438179e-08
1.059904e-08
1.481555e-07
1.214951e-06
4.101068e-07
8.921457e-08
2.683054e-07
2.510795e-07
7.836938e-08
1.002342e-07
1.134146e-07
4.588329e-08
4.062048e-08
3.914045e-08
2.819655e-08
2.657457e-08
1.440495e-08
2.664342e-08
1.307545e-08
5.456723e-09
8.979639e-09
2.660188e-08
2.575372e-08
2.851174e-07
1.517079e-07
5.130788e-08
1.508771e-07
1.185291e-07
2.274771e-08
2.509673e-09
7.189972e-09
9.195974e-10
8.320939e-10
4.374048e-09
3.531482e-09
5.220549e-09
1.073091e-08
4.390242e-09
2.842114e-09
6.521874e-09
2.450152e-09
1.855365e-09
4.998416e-09
3.094425e-09
2.041576e-08
1.985386e-08
4.723692e-08
2.128285e-08
7.263845e-08
1.208211e-07
8.127509e-09
4.385895e-09
4.544286e-10
8.940482e-10
6.007049e-10
6.738635e-10
6.987103e-10
9.660110e-09
2.012132e-08
8.929895e-09
6.944451e-09
8.127814e-08
2.822336e-08
2.084373e-08
5.641361e-08
2.240068e-06
1.430522e-07
6.486625e-08
4.763754e-08
6.228449e-08
7.989415e-08
7.722702e-08
6.677141e-08
6.012906e-08
1.116985e-07
4.405193e-08
5.839331e-08
7.931876e-08
4.618812e-08
4.677884e-09
1.380426e-09
1.353561e-09
7.943872e-10
2.846867e-09
6.168815e-09
5.026661e-09
1.170005e-08
8.070099e-09
2.318970e-08
6.167718e-09
3.901404e-08
2.080143e-07
4.561611e-08
2.331572e-08
4.949936e-08
2.710131e-07
8.793600e-07
6.212324e-07
1.508324e-07
7.157831e-08
7.263102e-08
6.552964e-08
7.062770e-08
1.348352e-07
1.191468e-08
2.342578e-09
9.637011e-10
5.764401e-09
4.568916e-09
7.719576e-09
6.870554e-09
1.834179e-08
1.673038e-08
2.000201e-08
2.222041e-09
2.182407e-09
5.251339e-12
7.113304e-12
8.770607e-12
1.023155e-10
5.884787e-11
3.213343e-10
5.301511e-10
1.274899e-09
1.909113e-09
3.621080e-09
2.419760e-09
2.141149e-09
2.288898e-09
2.791887e-09
1.354024e-09
4.339075e-09
1.191236e-09
1.525109e-09
9.206354e-10
3.413712e-10
6.691204e-10
1.638606e-10
2.353367e-10
6.010070e-10
5.677326e-10
4.195018e-10
1.132190e-09
2.671921e-10
1.820072e-10
5.122794e-10
3.669174e-10
1.498045e-09
2.333403e-09
2.050398e-09
3.339363e-09
3.669825e-09
1.912446e-09
3.934099e-10
1.187154e-09
1.851659e-09
2.048185e-09
2.531854e-09
3.461632e-09
3.692674e-09
1.912566e-09
3.934935e-10
1.187207e-09
1.851761e-09
2.048244e-09
2.531854e-09
3.461632e-09
3.692682e-09
1.912566e-09
3.934935e-10
1.187207e-09
1.851761e-09
2.048244e-09
2.531855e-09
3.461632e-09
3.692686e-09
1.912569e-09
3.935037e-10
1.187158e-09
1.856601e-09
2.060374e-09
2.564490e-09
3.792599e-09
4.043575e-09
2.867125e-09
2.838231e-09
3.301945e-09
2.833856e-09
2.445102e-09
5.439471e-09
6.943001e-09
7.570232e-09
5.513558e-09
2.546314e-09
3.306763e-10
6.603453e-11
8.990422e-11
6.933632e-11
7.227001e-11
6.693561e-10
1.385188e-09
2.402497e-09
1.491388e-08
7.751897e-09
1.405127e-08
4.024793e-08
2.289259e-08
2.638384e-08
4.196537e-08
2.803337e-08
2.371491e-08
4.101068e-07
3.310387e-06
1.155364e-06
1.860189e-07
3.721567e-07
4.225685e-07
2.090527e-07
6.629120e-08
4.743631e-08
1.485848e-07
1.264668e-07
5.072418e-08
5.032557e-08
1.085530e-07
3.431504e-08
9.620542e-09
5.739606e-09
1.213252e-08
4.598254e-08
1.844414e-07
1.247956e-06
3.282209e-07
2.527919e-07
6.843480e-07
1.125119e-07
1.634788e-08
1.192673e-08
2.831990e-09
1.111744e-09
5.885912e-09
4.300630e-09
8.195020e-09
1.872388e-08
2.394549e-08
1.275239e-08
8.191507e-09
1.385592e-08
4.407358e-09
4.939651e-09
2.315802e-08
3.669566e-09
7.207753e-08
2.810115e-07
5.407702e-08
9.821361e-08
3.978845e-07
1.706770e-07
9.915949e-09
6.864035e-09
3.049380e-09
6.837654e-10
2.472872e-09
1.758646e-09
2.849719e-09
3.435596e-09
9.491444e-08
2.099698e-07
3.152547e-08
9.812177e-09
1.125450e-07
1.334895e-07
8.067338e-08
2.753322e-07
2.806024e-06
3.277995e-07
1.162551e-07
5.068291e-08
5.108640e-08
2.055572e-07
4.633571e-07
1.886700e-07
1.264619e-07
1.730364e-07
1.763811e-07
1.378589e-07
3.157958e-08
4.374965e-09
4.699223e-09
3.233765e-09
3.731659e-09
6.859016e-09
4.200732e-09
1.433028e-08
3.078548e-08
3.747191e-08
5.766074e-08
1.764121e-08
1.853584e-08
1.589962e-07
5.106202e-07
1.352243e-07
1.070750e-07
1.049900e-07
3.077592e-07
1.660019e-06
2.667064e-06
1.027193e-07
1.235373e-07
2.381915e-07
2.324292e-07
9.404701e-08
9.665597e-09
3.081695e-09
2.891985e-09
6.404356e-09
3.758121e-08
1.107648e-08
2.622092e-08
6.426357e-08
7.301369e-08
1.249664e-08
1.129794e-08
3.008925e-09
8.227933e-12
1.594644e-11
1.053602e-10
9.004329e-11
7.450992e-11
1.460535e-10
1.771298e-09
2.133424e-09
4.252975e-09
3.770763e-09
4.526234e-09
3.647026e-09
4.466054e-09
3.470882e-09
5.434006e-09
9.064550e-09
2.823855e-09
1.319000e-09
8.734375e-10
8.848573e-10
9.335129e-10
2.877919e-10
3.689615e-10
7.844189e-10
8.660270e-10
1.606657e-09
2.270250e-09
7.123613e-10
2.259086e-10
3.236244e-10
8.795408e-10
1.739126e-09
4.023530e-09
6.435752e-09
6.835829e-09
3.552156e-09
1.960762e-09
1.032511e-09
1.575308e-09
2.157282e-09
4.221023e-09
6.708162e-09
6.981872e-09
3.553092e-09
1.963849e-09
1.032737e-09
1.575952e-09
2.157628e-09
4.221024e-09
6.708161e-09
6.981925e-09
3.553093e-09
1.963849e-09
1.032737e-09
1.575952e-09
2.157628e-09
4.221024e-09
6.708162e-09
6.981928e-09
3.553095e-09
1.963856e-09
1.032742e-09
1.576416e-09
2.158817e-09
4.281118e-09
6.852814e-09
7.348630e-09
4.294942e-09
3.831192e-09
5.364233e-09
5.554866e-09
5.611766e-09
7.109426e-09
1.064884e-08
1.259847e-08
7.448958e-09
9.072190e-09
1.773088e-09
5.025102e-10
2.399276e-10
2.020950e-10
7.377198e-11
1.374068e-10
1.117492e-09
2.527453e-09
4.926309e-09
8.556655e-09
2.002287e-08
3.576720e-08
2.922105e-08
4.337606e-08
4.175324e-08
4.972946e-08
8.782046e-08
9.887768e-08
8.921457e-08
1.155364e-06
6.058133e-06
1.734608e-06
5.719714e-07
5.511502e-07
2.573190e-07
1.033752e-07
8.041300e-08
1.392811e-07
2.525922e-07
1.547990e-07
2.208593e-07
9.894717e-08
3.884048e-08
1.456065e-08
2.012033e-08
1.611093e-08
3.152296e-08
3.437299e-07
2.907309e-06
1.456618e-06
9.751560e-07
4.451812e-07
6.042448e-08
4.169781e-08
4.788628e-09
2.694252e-09
3.516977e-09
5.574203e-09
1.171508e-08
2.267836e-08
4.913741e-08
2.678425e-08
2.675833e-08
8.954745e-09
9.530553e-09
1.562341e-08
2.753804e-08
2.076866e-08
3.536331e-09
3.071856e-08
3.796910e-07
4.195793e-07
4.578926e-07
5.028166e-07
1.773741e-07
1.475088e-08
1.908774e-08
2.985175e-09
3.250634e-09
3.623966e-09
5.748463e-09
2.981114e-09
1.294137e-09
7.924268e-09
3.464812e-07
4.541473e-07
6.346079e-08
1.799725e-07
1.130517e-07
1.279972e-07
4.358930e-07
4.554907e-07
3.173219e-06
3.717891e-07
1.929971e-07
8.990882e-08
5.957763e-08
3.733674e-07
7.339925e-07
3.783363e-07
3.331141e-07
3.036042e-07
1.001144e-07
3.950855e-08
1.389516e-08
4.081065e-09
3.361911e-09
6.657721e-09
1.273370e-08
1.029670e-08
1.919806e-08
4.576265e-08
6.405419e-08
1.693549e-07
7.093313e-08
1.054192e-07
6.659122e-08
1.667386e-07
9.728297e-07
1.004043e-06
2.331479e-07
2.317789e-07
4.590294e-07
2.522375e-06
3.197350e-06
4.149456e-07
4.190867e-07
1.439918e-07
8.966164e-08
2.110523e-08
1.350302e-08
5.374914e-09
8.222270e-09
2.958726e-08
8.039749e-08
7.936209e-08
1.290485e-07
3.483854e-08
4.019279e-08
1.378725e-08
4.232031e-09
9.528469e-12
1.081750e-10
9.755610e-11
7.669415e-11
9.619889e-11
3.632152e-10
1.243042e-09
5.483322e-09
4.520004e-09
5.056776e-09
6.509095e-09
8.241608e-09
4.397221e-09
7.032635e-09
1.126037e-08
1.169562e-08
1.934650e-09
1.202920e-09
1.345652e-09
1.208150e-09
9.492698e-10
4.775058e-10
6.064753e-10
6.777051e-10
1.735930e-09
2.941505e-09
4.370466e-09
4.643397e-10
2.327024e-10
4.346527e-10
1.161732e-09
2.806207e-09
5.069074e-09
9.516376e-09
8.240970e-09
4.270005e-09
4.388574e-09
1.972874e-09
1.740110e-09
2.862383e-09
5.495304e-09
9.846247e-09
8.258514e-09
4.294038e-09
4.395039e-09
1.974828e-09
1.742347e-09
2.862387e-09
5.495301e-09
9.846354e-09
8.258522e-09
4.294039e-09
4.395042e-09
1.974828e-09
1.742347e-09
2.862387e-09
5.495301e-09
9.846356e-09
8.258523e-09
4.294041e-09
4.395044e-09
1.974950e-09
1.743735e-09
2.867494e-09
5.512014e-09
1.030965e-08
9.491711e-09
6.085335e-09
7.981007e-09
6.304372e-09
5.795982e-09
9.150619e-09
1.576226e-08
1.581989e-08
9.562916e-09
1.299681e-08
7.023816e-09
1.504174e-09
1.303046e-09
5.473541e-10
1.120569e-10
1.062387e-10
3.659243e-10
2.238570e-09
3.249142e-09
3.980297e-09
2.636262e-08
3.013577e-08
3.535816e-08
4.585477e-08
4.005108e-08
4.767786e-08
5.803872e-08
7.772197e-08
2.117243e-07
2.683054e-07
1.860189e-07
1.734608e-06
8.701322e-06
2.109112e-06
2.704612e-07
3.411150e-07
3.216368e-07
1.412186e-07
1.269464e-07
1.969644e-07
4.990388e-07
2.585933e-07
7.661556e-08
3.641899e-08
4.728788e-08
4.471723e-08
1.512227e-08
1.056326e-08
1.748509e-07
8.165146e-06
3.629794e-06
1.650152e-06
4.486424e-07
2.237055e-07
3.027456e-08
5.086307e-09
9.808134e-09
6.820541e-09
7.287227e-09
2.291704e-08
5.649883e-08
3.727685e-08
4.137527e-08
3.371167e-08
5.612550e-09
1.203110e-08
3.309853e-08
3.213000e-08
2.442012e-08
5.230197e-09
6.284352e-09
2.334604e-07
9.013281e-07
8.485619e-07
3.278719e-07
2.121253e-07
4.527591e-08
7.155601e-09
2.921647e-09
5.571434e-09
1.047107e-08
4.955707e-09
1.621260e-09
4.281637e-09
4.063505e-09
2.971270e-08
7.608000e-07
7.549501e-07
7.409275e-08
1.561364e-08
1.764717e-07
1.199275e-06
5.314300e-07
5.698240e-07
3.290600e-06
5.400926e-07
1.241940e-07
7.253671e-08
8.126914e-08
6.137416e-07
1.136220e-06
5.346939e-07
2.183354e-07
1.678527e-07
7.954025e-08
1.347070e-08
5.049117e-09
2.858011e-09
5.756152e-09
1.603820e-08
3.095752e-08
3.027084e-08
1.733227e-08
5.432826e-08
3.096442e-07
2.493938e-07
1.580171e-07
9.444381e-08
7.620271e-08
2.828093e-07
2.634059e-06
1.322755e-06
1.989556e-07
1.305465e-07
7.446450e-07
3.350995e-06
3.727287e-06
2.792613e-07
1.592340e-07
1.630883e-07
4.975290e-08
1.384964e-08
7.072756e-09
5.415902e-09
3.371488e-08
1.246546e-07
1.953796e-07
6.652772e-08
6.621803e-08
5.768872e-08
1.919061e-08
1.399284e-09
8.689376e-11
8.889688e-11
7.530869e-11
6.766534e-11
2.347740e-10
5.415269e-10
2.099394e-09
3.221323e-09
6.973070e-09
6.673992e-09
9.221645e-09
5.588169e-09
7.222773e-09
1.110487e-08
1.252252e-08
3.468997e-09
1.547425e-09
1.637547e-09
1.349355e-09
1.044552e-09
7.274977e-10
4.802021e-10
4.739221e-10
1.517964e-09
2.638805e-09
4.559164e-09
1.172797e-09
4.523370e-10
3.364469e-10
7.938144e-10
1.556370e-09
4.039260e-09
7.610146e-09
6.363207e-09
6.954551e-09
7.892381e-09
3.306504e-09
1.497400e-09
1.999054e-09
4.062906e-09
7.644924e-09
6.914015e-09
7.036233e-09
7.910915e-09
3.315964e-09
1.500972e-09
1.999076e-09
4.062900e-09
7.645096e-09
6.914026e-09
7.036235e-09
7.910922e-09
3.315965e-09
1.500972e-09
1.999076e-09
4.062900e-09
7.645097e-09
6.914026e-09
7.036237e-09
7.910918e-09
3.316003e-09
1.501095e-09
2.001731e-09
4.071621e-09
7.701800e-09
7.137609e-09
9.297483e-09
1.191263e-08
7.113918e-09
5.295408e-09
5.629020e-09
1.238989e-08
1.627211e-08
1.376597e-08
1.381480e-08
7.894280e-09
4.366179e-09
1.947467e-09
1.285059e-09
1.567078e-10
9.639581e-11
3.135531e-10
3.834177e-10
1.847626e-09
2.756683e-09
3.904919e-09
2.546898e-08
3.582537e-08
2.473249e-08
4.266165e-08
4.493672e-08
3.139192e-08
5.855712e-08
7.390068e-08
8.138725e-08
2.510795e-07
3.721567e-07
5.719714e-07
2.109112e-06
8.412329e-06
1.560016e-06
2.419502e-07
3.483112e-07
1.691186e-07
1.654092e-07
3.809419e-07
2.869822e-07
3.014960e-07
1.155494e-07
5.233645e-08
6.199673e-08
2.995574e-08
1.459408e-08
2.890610e-08
4.235387e-08
1.546633e-06
8.421748e-06
3.092615e-06
1.559298e-06
2.115576e-07
4.355956e-08
1.074940e-08
1.105564e-08
6.821885e-09
1.134823e-08
5.122455e-08
3.730123e-08
4.524884e-08
4.670331e-08
8.539522e-09
4.194623e-09
3.110759e-08
2.801775e-08
2.480004e-08
1.913581e-08
6.794813e-09
2.440561e-08
3.699801e-07
7.287329e-07
7.708692e-07
5.646548e-07
1.848615e-07
1.178315e-08
7.269735e-09
3.929184e-09
9.072724e-09
8.060480e-09
2.815552e-09
2.246705e-09
3.344096e-09
9.592038e-09
3.128429e-08
2.198203e-07
7.888990e-07
5.688559e-07
4.390179e-08
8.376331e-08
3.314606e-07
1.182928e-06
6.536949e-07
7.104139e-07
3.147691e-06
3.197797e-07
6.501791e-08
1.147631e-07
3.094624e-07
7.980347e-07
9.692305e-07
3.538471e-07
1.786448e-07
8.082773e-08
1.178208e-08
3.749582e-09
3.824289e-09
4.109055e-09
2.271002e-08
3.336591e-08
2.496376e-08
1.415216e-08
1.394774e-08
2.001456e-07
3.549135e-07
1.976664e-07
1.605261e-07
1.490385e-07
1.651473e-07
4.508035e-07
2.597431e-06
1.138861e-06
2.236894e-07
4.194902e-07
1.083131e-06
3.210465e-06
3.258775e-06
2.323541e-07
1.222115e-07
2.211874e-08
9.134626e-09
3.724626e-09
1.499627e-08
6.774593e-08
1.433996e-07
1.141601e-07
1.305032e-07
7.594432e-08
3.405605e-08
3.599786e-09
5.576707e-10
4.292805e-11
4.796671e-11
3.633977e-11
4.401129e-11
5.984166e-11
3.366878e-10
1.210209e-09
2.302053e-09
5.196824e-09
9.080040e-09
5.309310e-09
3.632091e-09
1.026322e-08
1.105022e-08
2.028103e-09
2.053801e-09
1.101875e-09
1.517790e-09
1.116508e-09
5.417758e-10
4.826392e-10
2.090866e-10
4.224300e-10
2.369389e-09
4.209149e-09
7.306250e-10
6.208821e-10
2.928602e-10
2.200544e-10
6.892547e-10
1.463175e-09
4.096310e-09
4.266925e-09
4.837588e-09
5.916514e-09
4.347410e-09
3.226057e-09
5.438095e-10
1.463149e-09
4.435607e-09
4.346193e-09
4.943776e-09
6.027691e-09
4.366340e-09
3.237729e-09
5.438248e-10
1.463141e-09
4.435857e-09
4.346206e-09
4.943778e-09
6.027703e-09
4.366341e-09
3.237729e-09
5.438248e-10
1.463141e-09
4.435857e-09
4.346206e-09
4.943778e-09
6.027701e-09
4.366351e-09
3.237749e-09
5.438756e-10
1.464733e-09
4.445435e-09
4.383314e-09
5.194826e-09
8.731785e-09
8.244953e-09
6.689023e-09
3.424532e-09
6.441988e-09
7.719948e-09
6.987455e-09
1.280484e-08
1.021158e-08
4.236055e-09
2.374819e-09
1.746174e-09
2.899322e-10
7.572774e-11
1.722459e-10
1.478109e-10
1.731687e-10
4.278667e-10
1.633795e-09
8.950768e-09
1.027571e-08
9.729834e-09
3.646330e-08
2.184195e-08
1.978369e-08
4.169120e-08
2.902066e-08
2.842959e-08
4.958882e-08
7.836938e-08
4.225685e-07
5.511502e-07
2.704612e-07
1.560016e-06
5.420329e-06
7.307990e-07
9.364476e-08
7.129100e-08
2.658704e-07
2.439879e-07
1.526682e-07
1.331895e-07
1.586400e-07
6.556689e-08
1.866804e-08
1.871492e-08
1.572771e-08
1.786547e-08
4.605416e-08
2.543543e-07
1.018942e-06
8.297983e-06
2.887771e-06
1.957034e-07
2.598912e-08
1.247295e-08
6.558878e-09
2.750910e-09
2.980718e-08
2.269379e-08
3.763587e-08
4.602794e-08
8.527101e-09
4.667382e-09
7.452846e-09
2.227191e-08
2.136249e-08
1.187361e-08
6.573853e-09
2.295492e-09
6.108852e-08
3.659049e-07
2.917826e-07
4.452388e-07
5.962817e-07
9.757465e-08
4.682933e-09
4.679536e-09
7.458817e-09
4.683838e-09
1.780178e-09
2.303078e-09
2.632668e-09
1.271534e-09
1.057078e-08
1.062587e-07
4.386718e-08
4.006395e-08
6.872596e-07
4.237464e-07
1.734899e-08
6.319597e-08
3.380343e-07
1.318280e-06
4.822581e-07
4.248243e-07
4.446598e-07
1.333569e-07
1.844849e-07
1.861192e-07
1.586948e-07
4.881249e-07
5.903399e-07
1.574240e-07
2.994857e-08
5.952126e-09
2.618763e-09
2.682955e-09
7.421946e-09
1.896595e-08
1.353299e-08
1.376942e-08
1.689646e-08
3.426555e-08
6.326911e-08
1.221715e-07
3.133804e-07
1.970889e-07
1.466393e-07
1.507643e-07
9.654425e-08
2.279848e-07
2.087227e-06
1.194804e-06
4.329955e-07
1.923488e-07
6.600396e-07
1.974864e-06
1.105847e-06
6.488155e-08
8.970705e-09
2.819387e-09
1.706309e-09
2.005721e-08
7.442712e-08
5.294666e-08
7.954142e-08
1.227867e-07
6.628424e-08
4.694540e-09
9.435776e-10
5.390637e-10
1.389461e-11
2.235293e-11
1.878248e-11
1.112003e-11
3.643015e-11
2.497195e-10
9.102238e-10
2.764548e-09
5.420361e-09
3.532470e-09
3.946753e-09
4.364132e-09
9.617274e-09
1.837445e-09
8.564688e-10
1.505804e-09
7.136048e-10
9.573956e-10
7.286248e-10
3.731622e-10
2.332337e-10
1.013564e-10
6.612541e-10
3.559873e-09
5.805755e-10
3.192452e-10
4.520579e-10
1.149204e-10
1.328567e-10
7.752650e-10
1.321993e-09
2.457671e-09
2.974201e-09
4.794610e-09
3.179918e-09
1.953331e-09
1.310437e-09
5.337075e-10
1.756974e-09
2.500858e-09
3.060804e-09
4.983515e-09
3.253885e-09
2.017754e-09
1.310828e-09
5.336996e-10
1.757718e-09
2.500891e-09
3.060809e-09
4.983532e-09
3.253891e-09
2.017754e-09
1.310828e-09
5.336996e-10
1.757718e-09
2.500891e-09
3.060809e-09
4.983532e-09
3.253895e-09
2.017761e-09
1.310840e-09
5.337386e-10
1.759623e-09
2.507840e-09
3.108389e-09
5.472540e-09
6.160117e-09
4.216506e-09
3.380489e-09
4.146171e-09
4.248095e-09
3.350615e-09
4.898794e-09
7.476830e-09
3.256944e-09
3.889539e-09
2.648492e-09
6.832121e-10
1.869069e-10
9.784329e-11
7.478546e-11
6.675089e-11
4.445087e-11
4.201125e-10
3.731133e-09
2.719902e-09
4.610148e-09
7.816797e-09
1.116646e-08
2.633993e-08
1.733352e-08
1.900565e-08
2.443956e-08
1.807702e-08
2.442765e-08
1.002342e-07
2.090527e-07
2.573190e-07
3.411150e-07
2.419502e-07
7.307990e-07
3.240998e-06
3.751307e-07
1.563319e-07
1.090959e-07
1.065419e-07
1.134822e-07
1.122858e-07
7.885945e-08
4.970505e-08
1.989795e-08
1.484762e-08
1.174242e-08
8.930593e-09
2.718508e-08
1.824845e-07
2.172096e-07
9.258836e-07
7.911298e-06
3.173057e-07
2.670026e-08
8.738654e-09
4.091281e-09
8.844422e-09
9.068197e-09
1.590504e-08
3.985245e-08
8.124304e-09
3.046660e-09
5.257075e-09
5.205243e-09
1.689551e-08
8.419059e-09
3.591674e-09
6.475223e-09
5.212674e-09
5.461323e-08
1.598413e-07
2.214807e-07
1.675113e-07
2.262341e-07
1.310748e-07
8.359492e-09
7.521438e-09
3.533808e-09
1.210535e-09
2.756317e-09
1.653292e-09
7.108923e-10
2.989199e-09
2.501743e-08
2.849033e-08
2.360990e-08
1.883924e-08
7.131621e-08
4.322935e-07
2.499939e-07
1.029062e-07
1.772580e-07
2.367711e-07
1.162666e-06
2.402979e-07
1.280837e-07
1.574256e-07
1.383644e-07
9.031703e-08
1.005934e-07
1.280866e-07
2.647881e-07
2.480861e-07
2.976516e-08
3.612565e-09
2.420441e-09
2.816308e-09
4.990902e-09
9.638553e-09
4.866684e-09
5.218935e-09
2.106951e-08
2.465493e-08
1.827787e-08
2.109718e-08
1.224245e-07
3.104827e-07
6.696994e-08
8.007622e-08
2.488831e-07
7.205429e-08
1.726218e-07
1.888852e-06
9.097926e-07
2.267208e-07
2.472014e-07
3.997994e-07
8.775855e-07
4.770420e-07
1.207379e-08
1.423419e-09
2.588755e-09
2.064216e-08
3.269125e-08
3.817713e-08
7.038046e-08
4.808482e-08
3.743458e-08
6.895053e-09
2.699885e-09
4.584113e-10
8.378639e-12
1.238713e-11
4.029254e-12
2.221100e-11
9.939223e-11
2.449363e-10
8.971162e-10
2.566261e-09
3.357788e-09
9.290517e-10
3.218297e-09
5.336289e-09
1.931993e-09
9.642599e-10
1.467416e-09
1.531302e-09
5.393914e-10
1.051692e-09
3.961647e-10
5.067301e-10
3.552617e-10
1.998379e-10
1.054512e-09
5.036548e-10
1.155086e-10
4.208695e-10
5.758052e-10
1.221793e-10
2.757083e-10
4.958949e-10
9.392637e-10
1.461335e-09
2.379145e-09
2.204800e-09
2.989424e-09
1.790542e-09
1.266047e-09
7.740118e-10
1.041795e-09
1.498322e-09
2.414650e-09
2.396584e-09
3.413323e-09
1.795582e-09
1.266191e-09
7.768795e-10
1.041953e-09
1.498342e-09
2.414704e-09
2.396595e-09
3.413324e-09
1.795582e-09
1.266191e-09
7.768799e-10
1.041953e-09
1.498342e-09
2.414704e-09
2.396596e-09
3.413329e-09
1.795586e-09
1.266204e-09
7.771015e-10
1.043691e-09
1.510660e-09
2.553166e-09
3.221622e-09
5.408118e-09
2.646655e-09
2.481042e-09
3.643678e-09
2.705732e-09
2.447563e-09
3.864850e-09
2.100698e-09
2.382586e-09
2.496466e-09
5.298980e-09
7.386523e-10
6.918047e-10
8.339826e-11
4.367827e-11
1.044050e-10
5.156202e-11
1.291111e-09
2.667068e-09
4.939559e-10
8.378844e-09
4.473027e-09
2.947457e-09
1.376857e-08
2.784425e-08
7.596193e-09
1.248030e-08
2.377871e-08
6.125065e-08
1.134146e-07
6.629120e-08
1.033752e-07
3.216368e-07
3.483112e-07
9.364476e-08
3.751307e-07
2.914354e-06
1.933014e-07
4.099975e-08
4.834369e-08
8.833345e-08
1.364010e-07
5.431416e-08
1.647490e-08
4.777968e-08
2.408993e-08
5.501411e-09
1.167243e-08
1.422856e-08
5.881963e-07
1.582758e-07
1.491650e-08
9.093756e-07
2.905582e-06
8.302292e-08
4.864439e-09
1.400976e-08
3.748986e-09
1.789152e-09
2.049529e-08
7.387803e-09
2.511668e-09
2.374017e-08
3.847258e-09
2.469781e-09
1.264959e-08
1.585041e-09
2.385786e-09
8.775605e-09
1.073365e-08
1.772081e-08
8.564989e-08
1.954494e-07
2.757085e-08
5.611922e-08
1.332194e-07
1.408423e-08
1.103077e-08
7.736323e-10
9.692008e-10
2.790762e-09
7.234576e-10
9.144818e-10
8.663695e-09
5.272528e-09
3.454639e-09
2.325755e-08
6.603728e-08
8.236649e-09
1.264742e-08
2.662767e-07
4.560695e-07
1.735662e-08
1.129244e-07
1.631646e-07
1.115921e-06
8.631438e-08
5.852250e-08
6.164281e-08
9.879855e-08
1.376915e-07
2.921579e-08
3.577288e-08
1.444892e-07
1.122797e-07
7.268493e-09
2.593700e-09
1.574236e-09
1.552747e-09
5.722029e-09
3.063866e-09
5.416361e-09
1.218144e-08
3.224219e-09
4.223121e-08
1.430916e-08
7.816324e-08
1.374729e-07
5.400218e-08
2.927208e-08
1.264913e-07
4.982759e-07
1.206326e-07
9.516130e-08
1.448199e-06
8.911779e-07
2.444670e-07
5.651396e-08
1.072595e-07
6.860688e-07
6.480420e-08
3.837698e-09
3.998659e-09
1.068611e-08
1.734276e-08
4.528419e-08
3.469534e-08
1.774819e-08
1.492411e-08
2.074896e-08
4.623694e-09
8.079813e-10
1.316107e-12
9.307842e-13
1.815827e-11
5.325087e-11
5.803927e-11
6.138903e-11
5.371779e-10
1.554040e-09
1.432128e-09
2.126358e-09
2.724793e-09
2.276995e-09
1.316423e-09
1.699480e-09
1.191994e-09
1.176998e-09
1.370981e-09
4.997808e-10
1.030593e-09
5.039413e-10
3.882625e-10
1.043851e-10
1.386098e-10
3.191894e-10
4.582801e-10
4.241075e-10
3.535409e-10
4.278092e-10
8.108266e-11
3.390050e-10
5.571015e-10
9.994323e-10
1.256554e-09
2.537394e-09
2.367880e-09
2.072866e-09
1.588066e-09
3.824560e-10
6.862026e-10
1.092853e-09
1.340054e-09
3.047195e-09
2.382622e-09
2.074308e-09
1.613593e-09
3.829842e-10
6.862706e-10
1.093027e-09
1.340081e-09
3.047196e-09
2.382622e-09
2.074308e-09
1.613597e-09
3.829842e-10
6.862706e-10
1.093027e-09
1.340082e-09
3.047197e-09
2.382624e-09
2.074312e-09
1.613648e-09
3.830447e-10
6.889551e-10
1.116257e-09
1.479918e-09
3.401885e-09
2.977729e-09
2.878461e-09
2.903160e-09
2.746210e-09
1.632127e-09
1.780618e-09
1.679412e-09
2.160945e-09
2.220477e-09
5.307167e-09
3.869126e-09
1.574153e-09
2.536436e-10
4.193642e-11
1.966388e-10
5.647702e-11
4.617848e-11
1.483507e-10
2.368858e-10
6.145704e-09
2.815774e-09
1.845844e-09
6.981307e-09
2.134790e-08
4.657290e-09
5.569516e-09
6.787756e-09
1.186590e-08
2.878406e-08
4.588329e-08
4.743631e-08
8.041300e-08
1.412186e-07
1.691186e-07
7.129100e-08
1.563319e-07
1.933014e-07
4.497370e-07
5.390761e-08
6.145069e-08
6.658925e-08
3.408555e-08
1.899952e-08
3.349916e-08
1.656965e-08
1.628005e-08
4.945608e-09
4.023738e-09
2.463038e-08
6.900515e-08
4.202736e-07
1.621523e-07
8.834816e-08
1.227635e-07
2.102124e-07
1.298255e-08
5.704745e-09
6.923420e-10
3.451953e-09
3.791507e-09
2.533065e-09
2.634305e-08
5.885649e-09
2.299122e-09
8.704152e-09
4.116055e-09
3.051037e-09
3.067688e-09
1.057966e-08
4.868264e-09
1.166363e-08
4.873376e-08
3.574717e-08
9.072957e-08
8.661816e-08
4.243076e-08
8.576455e-09
8.189386e-09
1.807770e-09
1.140379e-09
8.773588e-10
1.308222e-09
2.380472e-09
2.653231e-09
4.497935e-09
9.918191e-09
2.295272e-08
1.675727e-08
2.628503e-08
2.771997e-08
3.038867e-08
3.430405e-07
1.869299e-07
1.461721e-08
9.155089e-08
1.253587e-07
1.252240e-07
2.562864e-08
7.130377e-08
7.033243e-08
4.529439e-08
3.733308e-08
2.852704e-08
2.743333e-08
3.478971e-08
5.151886e-09
8.564292e-10
1.884577e-09
1.524824e-09
2.737028e-09
3.548181e-09
3.418338e-09
2.889558e-09
1.714865e-08
8.933258e-09
1.862868e-08
3.849778e-08
8.486166e-08
2.152331e-08
1.922226e-08
1.073507e-07
1.846780e-07
3.686190e-07
1.090719e-07
2.486767e-07
5.683272e-07
3.734525e-07
1.310099e-07
1.917207e-07
8.413572e-08
3.063736e-08
3.101615e-09
1.431598e-09
6.410119e-09
1.486965e-08
1.276881e-08
1.999132e-08
2.122356e-08
2.825803e-08
8.250080e-09
3.090645e-09
4.419459e-09
5.058287e-12
1.798455e-11
5.098594e-11
1.753130e-10
6.659544e-11
3.150881e-10
1.131307e-09
1.129315e-09
2.527130e-09
3.389742e-09
4.690903e-09
3.279724e-09
2.397200e-09
1.912422e-09
1.354082e-09
1.286996e-08
8.854258e-10
2.305886e-09
1.560836e-09
6.132919e-10
5.068173e-10
1.481727e-10
4.724665e-10
6.856306e-10
5.956688e-10
4.771361e-10
4.117062e-09
1.532775e-10
2.946550e-10
1.228194e-09
9.235701e-10
1.372534e-09
3.031827e-09
2.784853e-09
3.814780e-09
3.046604e-09
3.003219e-09
6.690940e-10
2.111363e-09
1.707284e-09
3.430344e-09
2.813924e-09
3.796873e-09
3.210717e-09
3.023615e-09
6.693805e-10
2.112309e-09
1.707421e-09
3.430347e-09
2.813925e-09
3.796873e-09
3.210743e-09
3.023617e-09
6.693805e-10
2.112309e-09
1.707421e-09
3.430347e-09
2.813925e-09
3.796875e-09
3.210769e-09
3.023637e-09
6.694940e-10
2.118998e-09
1.747568e-09
3.522341e-09
2.935590e-09
4.522405e-09
4.475026e-09
5.867778e-09
4.201783e-09
2.074054e-09
1.816833e-09
2.425043e-09
3.485818e-09
6.976177e-09
5.522263e-09
4.939831e-09
1.860942e-09
4.991320e-10
6.347766e-10
1.977641e-10
6.192861e-11
1.252852e-10
3.126466e-10
3.112160e-09
1.057865e-09
2.156101e-08
4.146091e-09
2.501127e-08
1.912793e-08
7.906638e-09
9.465466e-09
1.101517e-08
9.330908e-09
1.000666e-08
4.062048e-08
1.485848e-07
1.392811e-07
1.269464e-07
1.654092e-07
2.658704e-07
1.090959e-07
4.099975e-08
5.390761e-08
3.408299e-07
1.069694e-07
4.429055e-08
4.015316e-08
8.577447e-08
3.416897e-08
8.688047e-09
6.700498e-09
7.305569e-09
1.082763e-08
2.867275e-08
5.773420e-07
1.189753e-07
5.034226e-07
3.675952e-07
9.410739e-08
2.153550e-08
3.804118e-08
4.231263e-09
1.822897e-09
4.047397e-09
2.488669e-09
2.874795e-08
9.031164e-09
1.036367e-08
2.552662e-08
7.298226e-09
1.005796e-08
4.968587e-09
8.105508e-09
6.808678e-08
2.353440e-09
1.854578e-08
5.451898e-08
7.658137e-08
1.029437e-07
1.974026e-07
9.339452e-08
1.798647e-08
8.954181e-09
2.451254e-09
1.221226e-09
3.331626e-09
2.211958e-09
1.809576e-09
2.789221e-09
1.102498e-08
2.450541e-08
2.075005e-08
1.168773e-08
4.908623e-08
6.206777e-08
2.178954e-08
4.680782e-08
4.702988e-07
2.143896e-07
7.344644e-08
5.905047e-08
3.256594e-08
1.877352e-07
7.839964e-08
5.315022e-08
4.132568e-08
5.359663e-08
6.234772e-08
5.280413e-08
1.645542e-08
2.481690e-09
1.378457e-08
2.559201e-09
3.254107e-09
2.864810e-09
4.730013e-09
4.178912e-09
2.754430e-08
5.112279e-09
3.758855e-08
8.593614e-09
4.531612e-08
8.325686e-08
9.370147e-08
9.056797e-08
1.629969e-07
3.870193e-08
9.199175e-08
8.447247e-07
2.886879e-07
8.192194e-08
4.235857e-07
5.310765e-07
1.447312e-07
8.386161e-08
6.396346e-09
6.043565e-09
1.108373e-08
7.400910e-09
1.126579e-08
1.952583e-08
2.527828e-08
5.711230e-08
4.406955e-08
1.176940e-08
2.344413e-08
1.413211e-09
1.819423e-11
5.982214e-11
1.709570e-10
9.926093e-11
3.685893e-10
9.794641e-10
1.575308e-09
2.129069e-09
3.213608e-09
5.730349e-09
6.247812e-09
3.697818e-09
2.592540e-09
2.930691e-09
1.739536e-08
4.649952e-09
3.714408e-09
2.480458e-09
1.504682e-09
6.284283e-10
6.233003e-10
6.973679e-10
7.139762e-10
8.027742e-10
6.131210e-10
4.924828e-09
1.166675e-09
8.485401e-10
1.026000e-09
1.004465e-09
1.506220e-09
3.269343e-09
3.568248e-09
5.443237e-09
4.855513e-09
5.731471e-09
2.982579e-09
1.887152e-09
1.915192e-09
4.627367e-09
3.496235e-09
5.378680e-09
5.907993e-09
5.872671e-09
2.994263e-09
1.891401e-09
1.916034e-09
4.627383e-09
3.496237e-09
5.378681e-09
5.908161e-09
5.872685e-09
2.994263e-09
1.891401e-09
1.916034e-09
4.627383e-09
3.496237e-09
5.378682e-09
5.908183e-09
5.872700e-09
2.994333e-09
1.893655e-09
1.938920e-09
4.680520e-09
3.576379e-09
5.675449e-09
6.916330e-09
8.310255e-09
6.496345e-09
5.245104e-09
3.922167e-09
2.898754e-09
4.309142e-09
8.463180e-09
7.837302e-09
6.273988e-09
9.544451e-09
3.606927e-09
7.224491e-09
6.802015e-10
1.873060e-10
3.227179e-10
1.688877e-10
3.580563e-09
1.350353e-09
1.247797e-09
2.498259e-09
5.025709e-08
1.684492e-08
1.388649e-08
2.106680e-08
2.171488e-08
1.257730e-08
8.537358e-09
1.387115e-08
3.914045e-08
1.264668e-07
2.525922e-07
1.969644e-07
3.809419e-07
2.439879e-07
1.065419e-07
4.834369e-08
6.145069e-08
1.069694e-07
3.596346e-07
7.740954e-08
1.657466e-07
1.031526e-07
2.059053e-08
9.396664e-09
8.268694e-09
2.032514e-08
4.543529e-08
3.692030e-08
2.981426e-07
7.215595e-07
3.374876e-07
6.893222e-07
9.173189e-08
1.870061e-08
6.317918e-09
2.559028e-08
3.867812e-09
3.439285e-09
2.861968e-08
1.067528e-08
2.733278e-08
5.496922e-08
3.534199e-08
3.088595e-09
8.851356e-09
1.645438e-08
8.034086e-08
1.119429e-08
9.468166e-09
1.762306e-08
9.517940e-08
1.358126e-07
1.980632e-07
3.362203e-07
4.768038e-07
2.081567e-08
1.024662e-08
1.973981e-09
3.899534e-09
3.232821e-09
2.960404e-09
3.048505e-09
3.137343e-09
7.631293e-09
4.184078e-08
4.527773e-08
6.039396e-08
8.464799e-08
2.331660e-08
3.056640e-08
1.037576e-07
9.943110e-08
6.252428e-07
1.843956e-07
8.296882e-08
2.189109e-07
7.668134e-08
2.026331e-07
6.267729e-08
1.117228e-07
1.029959e-07
1.103122e-07
6.683957e-08
1.220492e-08
6.984400e-08
2.234348e-08
5.296181e-09
2.256024e-09
9.762085e-09
4.360292e-09
3.438537e-08
8.338917e-09
4.845709e-09
1.853288e-08
8.178411e-08
4.469555e-08
5.454467e-08
1.589025e-07
2.886865e-07
9.611578e-08
8.455347e-08
3.121936e-07
1.506054e-07
1.055657e-06
3.898025e-07
1.164325e-06
3.826848e-07
1.563692e-07
8.628327e-08
4.665366e-08
1.103840e-07
1.108623e-08
6.332651e-09
1.659630e-08
3.110346e-08
6.509803e-08
9.681847e-08
4.288327e-08
8.606061e-08
6.619440e-09
2.185124e-09
3.072095e-11
1.646794e-10
1.054649e-10
3.001286e-10
4.437863e-10
5.935322e-10
1.657490e-09
3.207602e-09
5.472282e-09
5.568654e-09
3.702118e-09
2.744901e-09
3.416105e-09
1.825889e-08
4.884472e-09
4.599467e-09
2.854511e-09
1.828762e-09
7.612043e-10
7.183040e-10
8.039624e-10
6.717201e-10
5.210052e-10
4.345809e-10
4.908772e-09
1.282571e-09
1.262582e-09
1.280290e-09
6.925611e-10
4.902540e-10
1.262532e-09
2.727036e-09
4.752093e-09
5.360204e-09
7.491629e-09
3.701458e-09
2.190906e-09
8.941389e-10
1.917782e-09
2.439585e-09
5.227030e-09
6.775334e-09
7.770893e-09
3.730910e-09
2.204270e-09
8.955471e-10
1.917833e-09
2.439593e-09
5.227033e-09
6.775539e-09
7.770922e-09
3.730909e-09
2.204271e-09
8.955471e-10
1.917833e-09
2.439593e-09
5.227033e-09
6.775545e-09
7.770933e-09
3.730945e-09
2.205092e-09
8.989003e-10
1.938348e-09
2.457088e-09
5.304586e-09
7.100769e-09
9.855747e-09
6.559781e-09
4.049081e-09
2.413703e-09
4.241427e-09
5.892255e-09
6.872188e-09
8.107765e-09
6.355576e-09
1.128657e-08
8.269718e-09
9.052713e-09
1.349429e-09
2.509239e-10
3.513544e-10
2.132071e-10
1.379057e-09
6.070995e-10
1.524138e-09
1.580939e-09
2.381854e-08
1.392723e-08
3.432252e-08
1.407322e-08
2.854852e-08
2.176263e-08
7.936236e-09
1.141993e-08
2.016951e-08
2.819655e-08
5.072418e-08
1.547990e-07
4.990388e-07
2.869822e-07
1.526682e-07
1.134822e-07
8.833345e-08
6.658925e-08
4.429055e-08
7.740954e-08
4.600028e-07
1.420076e-07
4.127792e-08
2.335510e-08
1.025624e-08
2.614748e-08
3.200400e-08
5.688607e-09
5.454249e-08
4.769793e-07
5.219626e-07
9.074844e-07
9.812512e-08
2.107036e-07
2.987132e-08
2.114444e-09
4.454786e-09
4.951014e-09
7.338658e-09
1.009081e-08
2.846887e-08
5.779374e-08
4.834957e-08
4.553564e-09
3.037546e-09
9.102300e-09
8.480174e-08
1.817084e-08
1.206888e-08
5.339057e-09
1.592899e-08
7.280725e-08
2.373905e-07
3.842898e-07
5.363308e-07
5.175631e-08
1.722797e-08
5.074043e-09
3.245016e-09
2.050898e-09
3.718313e-09
4.022093e-09
3.241553e-09
2.032489e-09
2.797616e-09
1.851152e-08
1.310363e-07
1.299179e-07
4.995247e-08
5.129817e-09
1.655139e-08
9.230650e-08
1.595435e-07
8.904784e-08
6.243891e-07
3.633437e-07
6.720110e-08
4.057677e-08
4.386110e-08
2.634246e-07
1.555119e-07
1.656960e-07
9.304853e-08
2.468415e-08
1.007573e-07
4.534719e-08
6.356087e-09
1.569020e-09
6.201979e-09
5.356006e-09
3.839402e-08
6.848169e-09
3.542551e-09
4.170273e-09
4.495642e-08
5.719243e-08
1.062452e-07
7.769791e-08
1.360413e-07
1.236993e-07
2.570309e-07
4.217713e-07
9.320825e-08
2.643863e-08
2.216765e-07
2.308919e-06
5.572259e-07
1.811933e-07
1.191999e-07
1.123351e-07
1.447404e-07
1.364886e-08
1.914073e-09
7.000161e-09
1.822564e-08
5.722462e-08
1.081939e-07
5.925906e-08
9.187655e-08
1.323030e-08
4.725936e-09
9.428697e-10
1.397920e-10
9.222197e-11
2.738153e-10
2.016181e-10
2.565518e-10
5.135567e-10
1.276250e-09
4.836896e-09
6.433806e-09
2.493886e-09
1.912359e-09
4.223547e-09
1.864396e-08
4.751127e-09
4.411681e-09
3.886120e-09
1.972969e-09
8.742096e-10
8.226975e-10
7.897002e-10
8.576782e-10
2.566811e-10
2.981538e-10
4.793186e-09
1.096173e-09
1.315518e-09
1.863468e-09
7.684898e-10
2.150559e-10
5.168650e-10
1.015133e-09
3.021827e-09
4.424952e-09
7.150636e-09
4.718183e-09
3.404198e-09
1.104531e-09
8.155518e-10
8.651891e-10
2.707260e-09
5.586368e-09
8.237338e-09
4.853395e-09
3.437463e-09
1.111288e-09
8.156053e-10
8.651999e-10
2.707271e-09
5.586701e-09
8.237374e-09
4.853394e-09
3.437465e-09
1.111288e-09
8.156053e-10
8.651999e-10
2.707271e-09
5.586703e-09
8.237377e-09
4.853420e-09
3.437769e-09
1.112252e-09
8.177338e-10
8.697767e-10
2.726874e-09
5.663101e-09
8.769940e-09
7.561876e-09
4.968097e-09
1.664829e-09
1.970617e-09
3.607070e-09
6.440715e-09
8.208751e-09
6.015609e-09
1.206283e-08
9.163502e-09
1.401718e-08
2.047346e-09
3.835440e-10
4.042011e-10
2.381103e-10
1.034292e-09
2.355609e-10
9.141386e-10
6.605539e-10
1.108578e-08
1.453472e-08
8.691070e-09
6.999569e-09
5.388151e-08
1.617131e-08
7.948286e-09
1.904908e-08
1.342415e-08
1.520698e-08
2.657457e-08
5.032557e-08
2.208593e-07
2.585933e-07
3.014960e-07
1.331895e-07
1.122858e-07
1.364010e-07
3.408555e-08
4.015316e-08
1.657466e-07
1.420076e-07
3.028496e-07
4.046590e-08
1.618947e-08
3.890032e-08
3.493019e-08
3.806929e-09
1.178092e-08
2.342346e-08
6.331485e-07
6.765771e-07
2.740245e-07
6.624618e-07
6.553074e-08
4.490940e-08
4.228854e-09
8.666212e-09
4.041802e-09
3.710270e-09
2.594487e-08
5.752684e-08
5.118621e-08
7.918881e-09
3.644430e-09
4.596177e-09
8.257587e-08
1.035709e-08
1.218380e-08
1.546582e-08
1.130837e-08
9.097342e-09
1.435102e-07
3.617288e-07
5.792677e-07
9.408898e-08
5.081489e-08
8.181102e-09
9.054677e-09
1.077070e-09
2.507550e-09
5.187355e-09
3.816519e-09
8.373331e-10
2.960918e-09
5.217782e-09
2.296053e-08
1.018848e-07
1.409667e-07
3.815025e-08
1.370259e-08
4.429524e-08
1.009409e-07
4.807116e-08
1.813209e-07
2.706094e-07
6.022367e-07
7.201965e-08
1.687746e-08
5.615788e-08
1.279903e-07
3.417322e-07
1.395315e-07
5.971225e-08
1.355842e-07
1.105229e-07
9.955665e-09
2.427086e-09
5.902167e-09
2.396241e-09
3.688899e-08
8.198889e-09
5.614626e-09
3.895951e-09
2.183046e-08
5.113138e-08
4.341203e-08
7.032294e-08
2.151573e-07
2.165966e-08
4.653743e-08
4.500514e-07
2.985401e-07
7.491028e-08
9.564086e-08
1.262321e-06
3.885365e-07
1.215946e-06
3.022195e-07
1.305616e-07
3.364392e-07
2.455397e-08
2.025920e-09
3.470820e-09
7.928197e-09
3.921706e-08
9.725742e-08
6.146444e-08
1.016431e-07
1.805731e-08
9.653885e-09
3.943624e-09
8.843453e-10
4.699279e-11
2.186023e-10
1.190297e-10
6.536479e-11
6.827166e-11
3.389234e-10
1.780352e-09
2.964246e-09
3.196583e-09
2.228865e-09
4.273642e-09
1.096902e-08
4.530003e-09
3.610495e-09
2.600619e-09
3.246148e-09
4.137991e-10
9.608411e-10
7.056575e-10
7.786180e-10
3.069169e-10
1.358375e-10
1.328243e-09
1.100619e-09
1.249977e-09
1.234094e-09
1.196243e-09
1.349250e-10
1.226656e-10
4.855261e-10
1.174861e-09
2.080589e-09
4.085693e-09
3.898447e-09
2.931079e-09
1.389829e-09
1.498842e-09
4.647925e-10
9.990887e-10
3.383351e-09
4.384913e-09
4.154102e-09
3.170592e-09
1.415378e-09
1.498617e-09
4.648356e-10
9.990957e-10
3.384098e-09
4.384969e-09
4.154102e-09
3.170598e-09
1.415378e-09
1.498617e-09
4.648356e-10
9.990957e-10
3.384099e-09
4.384970e-09
4.154106e-09
3.170745e-09
1.415582e-09
1.499009e-09
4.650016e-10
1.003005e-09
3.401475e-09
4.472148e-09
4.575682e-09
4.404881e-09
1.914900e-09
2.129569e-09
3.187014e-09
2.237306e-09
3.327005e-09
4.585733e-09
1.349014e-08
9.530516e-09
1.475982e-08
6.326386e-09
7.103703e-10
7.897970e-10
3.009389e-10
4.958808e-10
1.420342e-10
2.352891e-10
2.893171e-10
7.135414e-09
7.353123e-09
8.287273e-09
3.403947e-09
2.702873e-08
1.399093e-08
1.159006e-08
8.817870e-09
8.415292e-09
8.213107e-09
5.636891e-09
1.440495e-08
1.085530e-07
9.894717e-08
7.661556e-08
1.155494e-07
1.586400e-07
7.885945e-08
5.431416e-08
1.899952e-08
8.577447e-08
1.031526e-07
4.127792e-08
4.046590e-08
7.851984e-08
2.978184e-08
3.183343e-08
1.002760e-08
5.718828e-09
1.076905e-08
2.960576e-08
2.279861e-07
3.997767e-07
4.310971e-07
3.107270e-07
1.149116e-07
6.349065e-09
1.369767e-08
4.163986e-09
1.039947e-09
1.887127e-08
3.372302e-08
4.787526e-08
9.555430e-09
3.954446e-09
8.265403e-09
2.396337e-08
1.170939e-08
8.033416e-09
5.596311e-09
5.100843e-08
1.610800e-09
2.813224e-08
2.656494e-07
5.099496e-07
7.054169e-08
1.137586e-07
3.233333e-08
5.973382e-09
3.086597e-09
2.125168e-09
3.126811e-09
4.843052e-09
6.803952e-10
1.759041e-09
3.411790e-09
1.463121e-08
6.433268e-08
3.732434e-08
1.593332e-08
1.016979e-07
7.035697e-08
1.930681e-08
3.935731e-08
9.948685e-08
2.196001e-07
1.421486e-07
1.028506e-07
1.206376e-07
6.392893e-08
1.024685e-07
9.711696e-08
1.395599e-07
1.643565e-07
1.875761e-07
2.351995e-07
2.267696e-08
4.794386e-09
9.913300e-09
2.679779e-09
1.729589e-08
7.639309e-09
3.041101e-09
4.847558e-09
3.045888e-08
2.788196e-08
4.007139e-08
1.723411e-08
1.009028e-07
3.046707e-08
8.507637e-08
1.898259e-07
9.394115e-08
9.583701e-08
1.569283e-07
1.227199e-06
2.696748e-07
8.199550e-08
1.615108e-07
7.675718e-07
4.241264e-07
8.167212e-08
3.188432e-09
6.198713e-09
2.901039e-09
1.738969e-08
6.723722e-08
4.875292e-08
8.304809e-08
2.623407e-08
2.038131e-08
6.882709e-09
2.370671e-09
5.049287e-10
1.135627e-10
9.174476e-11
4.618334e-11
1.108758e-10
3.469474e-10
3.662843e-10
8.736803e-10
8.878467e-10
7.072088e-10
5.169244e-09
1.045478e-08
1.474016e-09
2.524887e-09
3.789843e-09
3.166302e-09
8.210309e-10
1.075942e-09
5.643275e-10
1.038933e-09
1.965478e-10
3.296087e-10
2.659087e-10
2.341823e-10
5.333914e-10
1.139915e-09
1.103782e-09
2.876255e-10
4.613079e-10
1.593591e-10
7.734649e-10
5.182793e-10
1.320354e-09
1.590133e-09
1.393305e-09
8.261335e-10
8.650902e-10
1.690260e-09
2.378259e-10
2.106289e-09
1.892335e-09
1.582930e-09
1.665428e-09
9.630882e-10
8.740582e-10
1.691806e-09
2.378390e-10
2.109688e-09
1.892523e-09
1.582928e-09
1.665440e-09
9.630904e-10
8.740583e-10
1.691807e-09
2.378390e-10
2.109688e-09
1.892523e-09
1.582929e-09
1.665467e-09
9.631742e-10
8.741699e-10
1.691891e-09
2.381389e-10
2.118014e-09
1.911513e-09
1.662456e-09
1.892600e-09
1.198197e-09
1.188796e-09
4.068904e-09
1.038049e-09
1.190007e-09
1.275240e-09
8.702089e-09
9.632040e-09
1.395973e-08
9.359298e-09
2.663168e-09
6.267279e-09
4.286809e-09
1.184233e-10
3.959109e-10
7.464196e-10
5.011343e-11
3.811851e-09
6.147652e-09
4.687620e-09
1.872305e-09
2.521975e-08
1.833296e-08
4.066009e-09
5.777210e-09
8.553558e-09
3.189674e-09
2.296966e-09
5.021069e-09
2.664342e-08
3.431504e-08
3.884048e-08
3.641899e-08
5.233645e-08
6.556689e-08
4.970505e-08
1.647490e-08
3.349916e-08
3.416897e-08
2.059053e-08
2.335510e-08
1.618947e-08
2.978184e-08
6.026556e-08
2.362864e-09
3.927333e-09
1.488751e-08
2.154386e-08
2.681305e-08
3.902641e-08
3.733938e-08
4.563725e-07
3.965169e-07
2.187643e-08
5.535502e-08
3.438090e-09
2.633457e-09
1.142466e-08
9.567730e-09
3.105259e-08
6.552460e-09
1.078100e-08
4.070914e-08
1.974989e-08
8.753092e-09
4.701123e-09
9.101916e-09
8.149551e-08
2.841611e-09
5.975770e-09
1.101833e-07
2.661016e-07
4.142165e-08
6.293445e-08
1.379647e-07
8.565513e-08
2.715258e-09
1.664942e-09
8.168121e-09
4.519053e-09
6.070700e-10
2.545364e-09
6.340253e-09
7.012351e-09
2.930984e-08
5.855973e-08
1.083742e-07
8.832827e-09
1.411788e-07
9.171381e-08
2.199201e-08
4.166634e-08
1.656165e-07
9.442930e-08
1.057855e-07
5.644042e-08
6.868306e-08
1.213916e-07
1.051488e-07
1.508089e-07
4.000846e-08
2.807965e-07
6.623994e-07
6.559517e-08
6.486916e-08
3.847304e-08
1.328968e-08
2.131424e-08
7.616170e-09
1.553838e-09
6.940177e-09
4.941991e-08
2.505692e-08
1.687978e-08
1.301018e-08
9.128014e-08
1.202303e-08
2.077705e-08
1.869867e-07
1.834867e-07
1.350274e-08
4.404932e-08
1.319077e-06
2.840184e-07
1.171999e-07
1.021751e-07
3.819197e-07
7.074483e-07
3.094055e-07
2.611905e-08
5.317419e-08
1.669674e-08
1.362706e-08
4.092824e-08
3.885122e-08
2.481852e-08
2.497300e-08
3.393947e-08
2.432532e-08
9.510690e-09
1.904716e-09
5.548122e-09
2.300130e-11
2.730426e-11
1.078247e-10
2.528306e-10
1.407427e-10
1.093237e-10
3.912752e-10
1.121700e-09
3.505266e-09
4.597646e-09
1.771927e-09
5.385792e-09
3.372769e-09
2.794609e-09
8.517983e-10
1.787142e-09
8.834626e-10
9.634308e-10
3.817962e-10
2.707197e-10
2.667059e-10
1.080801e-10
2.481438e-10
7.217657e-10
5.776661e-10
3.571649e-10
1.045918e-09
2.992237e-10
1.829117e-10
2.317745e-10
3.650172e-10
7.900221e-10
8.167981e-10
5.368344e-10
9.100829e-10
1.551299e-09
1.984712e-10
4.305471e-10
9.846306e-10
1.038333e-09
9.412214e-10
8.011740e-10
9.388267e-10
1.557082e-09
1.993806e-10
4.370893e-10
9.855338e-10
1.038329e-09
9.412638e-10
8.011794e-10
9.388271e-10
1.557083e-09
1.993806e-10
4.370893e-10
9.855338e-10
1.038329e-09
9.412690e-10
8.011939e-10
9.388869e-10
1.557113e-09
1.994339e-10
4.374501e-10
9.919804e-10
1.054965e-09
9.838630e-10
8.431465e-10
1.220311e-09
3.216153e-09
4.215276e-10
1.326278e-09
9.678979e-10
3.384808e-09
4.796589e-09
9.643909e-09
9.224410e-09
5.247183e-09
1.194293e-08
6.626534e-09
4.168124e-10
6.449500e-10
9.645997e-10
7.311378e-11
3.889709e-10
2.154099e-09
2.692531e-09
1.052291e-09
1.802248e-08
1.872627e-08
3.679648e-09
8.241346e-09
1.084449e-08
2.441726e-09
2.443202e-09
3.059750e-09
9.944932e-09
1.307545e-08
9.620542e-09
1.456065e-08
4.728788e-08
6.199673e-08
1.866804e-08
1.989795e-08
4.777968e-08
1.656965e-08
8.688047e-09
9.396664e-09
1.025624e-08
3.890032e-08
3.183343e-08
2.362864e-09
2.237890e-08
1.094612e-08
1.448402e-08
8.912254e-09
2.235352e-09
9.104829e-08
1.177493e-07
2.306280e-08
3.639064e-07
1.192174e-07
5.995421e-09
7.511493e-09
8.610236e-09
4.320923e-09
9.197411e-09
4.721853e-09
1.825256e-08
6.167984e-08
1.740865e-08
8.139276e-09
3.341696e-09
1.086264e-08
1.240441e-07
4.281408e-09
1.077806e-08
1.641347e-08
2.837384e-08
1.593737e-08
7.398329e-08
1.536080e-07
1.042778e-07
2.407548e-08
3.255193e-09
3.235358e-08
4.341518e-09
9.805363e-10
3.332087e-09
9.286932e-09
5.258803e-09
8.563790e-09
8.954206e-09
2.339738e-09
6.071203e-08
4.333763e-07
2.005849e-08
7.314491e-09
5.326123e-08
1.206557e-07
6.301488e-08
1.149137e-07
9.361553e-08
6.929312e-08
9.716535e-08
2.891656e-08
1.030444e-07
9.333639e-08
3.508021e-07
7.883351e-07
7.819946e-08
1.316922e-07
7.180903e-08
7.421165e-08
3.682348e-08
5.785936e-09
1.235121e-09
1.054433e-08
8.511108e-08
1.049297e-08
1.125571e-08
5.474896e-09
8.796922e-08
1.599770e-08
1.959724e-08
1.862427e-07
4.356652e-08
1.840633e-08
4.220054e-07
1.600148e-06
1.188416e-07
3.251728e-08
1.412480e-07
8.114301e-07
8.668286e-07
1.229570e-07
2.335837e-08
2.261093e-07
3.773261e-08
2.034212e-08
2.261422e-08
2.285552e-08
8.538675e-09
2.525150e-08
3.991358e-08
3.305699e-08
9.449342e-09
9.133723e-09
1.303425e-08
5.287374e-09
1.516732e-11
1.032248e-10
2.463553e-10
1.130363e-10
5.018930e-11
2.141889e-10
1.867121e-10
2.123755e-09
5.026271e-09
6.016816e-10
5.030035e-09
4.960042e-09
3.542617e-09
7.493485e-10
1.525626e-09
2.182430e-09
9.780688e-10
4.334468e-10
2.886368e-10
2.864452e-10
1.776728e-10
1.329704e-10
3.095506e-10
5.144211e-10
2.807710e-10
8.876015e-10
5.814852e-10
2.536485e-10
1.665140e-10
1.506469e-10
4.027484e-10
5.864849e-10
3.775375e-10
6.305899e-10
1.572383e-09
3.037490e-10
4.704701e-10
5.875126e-10
6.378572e-10
6.677256e-10
7.694400e-10
6.762870e-10
1.576855e-09
3.139417e-10
5.870190e-10
5.901700e-10
6.378394e-10
6.679690e-10
7.694668e-10
6.762878e-10
1.576858e-09
3.139417e-10
5.870196e-10
5.901700e-10
6.378395e-10
6.679708e-10
7.694709e-10
6.763032e-10
1.576880e-09
3.139587e-10
5.871483e-10
5.913141e-10
6.448849e-10
6.830758e-10
7.829341e-10
7.377415e-10
3.060878e-09
4.995142e-10
1.114243e-09
7.214724e-10
2.033393e-09
2.358148e-09
6.116486e-09
9.080310e-09
5.242494e-09
1.314068e-08
1.375613e-08
1.071814e-09
2.336592e-09
1.885681e-09
1.582535e-10
2.857657e-10
1.094129e-09
1.355894e-09
8.477459e-10
9.762424e-09
1.926757e-08
2.687362e-09
7.566268e-09
1.260810e-08
3.017150e-09
1.820722e-09
1.729675e-09
6.113092e-09
8.662877e-09
5.456723e-09
5.739606e-09
2.012033e-08
4.471723e-08
2.995574e-08
1.871492e-08
1.484762e-08
2.408993e-08
1.628005e-08
6.700498e-09
8.268694e-09
2.614748e-08
3.493019e-08
1.002760e-08
3.927333e-09
1.094612e-08
3.378548e-08
5.272251e-09
1.317345e-09
1.173435e-08
9.441352e-08
8.070751e-08
3.379057e-08
5.898954e-08
1.716522e-07
4.170353e-08
3.812151e-09
1.242578e-08
3.095876e-08
2.162919e-09
1.720008e-08
6.564888e-08
1.940673e-08
8.709949e-09
1.111466e-08
9.950135e-09
1.850625e-07
5.646763e-09
8.280898e-09
2.046033e-08
8.189958e-09
3.650899e-09
3.935540e-08
1.662072e-07
1.214744e-07
2.542487e-08
1.234911e-08
7.061559e-08
3.305193e-08
2.185294e-10
2.232535e-09
1.426466e-08
8.060266e-09
5.786039e-09
6.713440e-09
1.608158e-09
1.015338e-08
1.465225e-07
7.492865e-08
3.374656e-07
2.603316e-09
3.481019e-08
2.916871e-07
8.646847e-08
6.446799e-08
6.420641e-08
2.325479e-07
2.206214e-08
8.649963e-08
5.818139e-08
2.840299e-07
1.239413e-06
1.290394e-07
1.172363e-07
1.119496e-07
5.740474e-07
1.484091e-07
1.520988e-08
1.513052e-09
4.657779e-09
9.734357e-08
1.267928e-08
8.485340e-09
8.488279e-09
4.811234e-08
2.565017e-08
1.412981e-08
2.202981e-07
4.438243e-08
3.619867e-09
3.613041e-08
1.665298e-06
5.973943e-07
1.264604e-08
4.336843e-08
1.281655e-06
1.013115e-06
2.199387e-07
4.108966e-08
2.065655e-07
1.852618e-07
7.291816e-08
6.405861e-08
3.626209e-08
7.357701e-09
2.237086e-08
3.655885e-08
3.609475e-08
1.104981e-08
1.015041e-08
4.029664e-08
2.658280e-08
1.768564e-09
9.663865e-11
2.394152e-10
1.018722e-10
3.146703e-11
1.561226e-10
9.432803e-11
8.480820e-10
1.826232e-09
5.004961e-10
6.159957e-09
7.048231e-09
3.738120e-09
8.182145e-10
1.785093e-09
2.576696e-09
1.813172e-09
5.294158e-10
3.576769e-10
3.781996e-10
2.430381e-10
1.906376e-10
1.592337e-10
1.476707e-10
2.381209e-10
9.172880e-10
5.650161e-10
6.112869e-10
1.849870e-10
6.976386e-11
3.022947e-10
3.459719e-10
1.947379e-10
4.076841e-10
1.391445e-09
1.801115e-10
6.195829e-10
1.054409e-09
4.606137e-10
5.702506e-10
5.227178e-10
3.991979e-10
1.491475e-09
1.903071e-10
1.037293e-09
1.072349e-09
4.605350e-10
5.712074e-10
5.228160e-10
3.992001e-10
1.491479e-09
1.903072e-10
1.037295e-09
1.072349e-09
4.605350e-10
5.712083e-10
5.228171e-10
3.992027e-10
1.491483e-09
1.903137e-10
1.037343e-09
1.072839e-09
4.612891e-10
5.782646e-10
5.265306e-10
4.097222e-10
1.741875e-09
2.883071e-10
1.549995e-09
1.251261e-09
1.444743e-09
8.741678e-10
2.107461e-09
7.029006e-09
6.176975e-09
1.523688e-08
1.524450e-08
3.564214e-09
6.170700e-09
8.167756e-09
3.423892e-10
2.184623e-10
9.941206e-10
3.654866e-10
7.118680e-10
7.915118e-09
1.581042e-08
2.488243e-09
7.717175e-09
1.146412e-08
3.946139e-09
1.946025e-09
1.425260e-09
1.831897e-09
3.097127e-09
5.320095e-09
8.979639e-09
1.213252e-08
1.611093e-08
1.512227e-08
1.459408e-08
1.572771e-08
1.174242e-08
5.501411e-09
4.945608e-09
7.305569e-09
2.032514e-08
3.200400e-08
3.806929e-09
5.718828e-09
1.488751e-08
1.448402e-08
5.272251e-09
1.190341e-08
1.244332e-08
2.165994e-08
1.666523e-08
1.712280e-08
1.157704e-07
4.562608e-08
6.256752e-08
5.927953e-08
1.446402e-08
1.576502e-07
4.205283e-09
1.744303e-08
6.478547e-08
1.491587e-08
8.920543e-09
4.154809e-08
2.611991e-08
2.027101e-07
5.924249e-09
9.478949e-09
1.659422e-08
7.826364e-09
2.472531e-09
2.565651e-08
1.583887e-07
1.057442e-07
2.429762e-08
3.397391e-08
3.693708e-07
4.438296e-08
1.055521e-09
2.825452e-09
1.426552e-08
1.310305e-08
6.430483e-09
5.912301e-09
5.622488e-09
1.474324e-08
1.192167e-07
1.659322e-08
6.089910e-09
5.674728e-08
3.896698e-07
2.379653e-07
1.103113e-07
1.314090e-07
4.171700e-08
2.168202e-07
2.706082e-08
1.243784e-07
9.059038e-08
2.775036e-07
1.278717e-06
8.206493e-08
1.915532e-07
1.883122e-07
1.187810e-06
4.624181e-07
4.764419e-08
6.986658e-09
4.530339e-09
8.871184e-08
5.760293e-09
1.537466e-08
1.448278e-08
9.737802e-08
2.309030e-08
1.485861e-08
1.464463e-07
1.899199e-08
7.600651e-08
4.512870e-08
1.421220e-06
1.343565e-07
3.881192e-08
4.662617e-07
1.527024e-06
9.480373e-07
1.349247e-07
5.830823e-08
4.256151e-07
2.612631e-07
3.028101e-07
1.745760e-07
1.272929e-07
1.141721e-08
2.491172e-08
3.321824e-08
3.166878e-08
9.387030e-09
1.398053e-08
9.420541e-08
9.319061e-08
5.134153e-09
6.025736e-10
9.610047e-11
8.173654e-11
2.552939e-11
4.615292e-11
9.344212e-11
7.607891e-11
2.567246e-10
1.375234e-10
4.829388e-09
6.660628e-09
8.479264e-09
3.390243e-10
7.749496e-10
3.115807e-09
2.062176e-09
1.602919e-09
4.014534e-10
4.186668e-10
6.687082e-10
1.163741e-10
2.655082e-10
5.053768e-11
4.351864e-11
4.839557e-10
4.974261e-10
7.287091e-10
4.374508e-10
9.959439e-11
1.100740e-10
4.491973e-10
5.808168e-11
2.028732e-10
3.534413e-10
1.278607e-10
1.012601e-09
1.063314e-09
1.320695e-09
2.471223e-10
5.689254e-10
2.921985e-10
3.630658e-10
1.429324e-10
3.076042e-09
1.100734e-09
1.319853e-09
2.488930e-10
5.694082e-10
2.922087e-10
3.630751e-10
1.429325e-10
3.076052e-09
1.100735e-09
1.319853e-09
2.488931e-10
5.694088e-10
2.922089e-10
3.630753e-10
1.429330e-10
3.076085e-09
1.100793e-09
1.320209e-09
2.491184e-10
5.707746e-10
2.932572e-10
3.884908e-10
1.544425e-10
3.608395e-09
1.243184e-09
2.067318e-09
5.467483e-10
3.731444e-10
1.007382e-09
5.241556e-09
1.362071e-08
1.466010e-08
6.665160e-09
1.167942e-08
1.529197e-08
2.207828e-09
4.785118e-11
5.631457e-10
3.160880e-10
7.401315e-11
2.712738e-09
1.207509e-08
1.642334e-09
5.785704e-09
8.409469e-09
5.162243e-09
5.779057e-09
2.927581e-09
1.388667e-09
5.056726e-09
1.397902e-09
3.371156e-09
2.660188e-08
4.598254e-08
3.152296e-08
1.056326e-08
2.890610e-08
1.786547e-08
8.930593e-09
1.167243e-08
4.023738e-09
1.082763e-08
4.543529e-08
5.688607e-09
1.178092e-08
1.076905e-08
2.154386e-08
8.912254e-09
1.317345e-09
1.244332e-08
3.197390e-08
2.500033e-09
2.822624e-08
5.060748e-08
3.618462e-08
3.239914e-07
3.666881e-08
2.368030e-08
2.885911e-07
5.473182e-09
1.994054e-08
4.818230e-08
8.508423e-09
8.059062e-09
5.786536e-08
4.959548e-08
2.449661e-07
8.276558e-09
1.039262e-08
1.389016e-08
5.569227e-09
1.349598e-08
3.057709e-09
1.044841e-07
1.018583e-07
2.297078e-08
2.209051e-08
6.208042e-07
2.332726e-07
2.365690e-09
5.510992e-09
1.562145e-08
1.571479e-08
6.835693e-09
5.189335e-09
6.124211e-09
1.236122e-08
4.889016e-08
2.127359e-08
3.524098e-09
4.150535e-09
2.569328e-08
3.542167e-07
6.414823e-07
5.833468e-08
7.321899e-08
2.818560e-07
2.796056e-08
1.104248e-07
1.116953e-07
2.316541e-07
1.314837e-06
1.117823e-07
1.495058e-07
1.560470e-07
1.636561e-06
7.108910e-07
8.526233e-08
3.607704e-08
2.151383e-09
8.124620e-08
3.074793e-09
1.147713e-08
9.224946e-09
1.050055e-07
4.587215e-08
1.838462e-08
1.141009e-07
8.624686e-09
8.372197e-09
4.536972e-08
1.436367e-06
1.234575e-07
1.573404e-08
4.985503e-08
1.849170e-06
1.531614e-06
1.205508e-07
2.843460e-08
4.830696e-07
3.671502e-07
5.234813e-07
4.284540e-07
2.636093e-07
2.215028e-08
2.778293e-08
2.145564e-08
3.094502e-08
4.951076e-09
1.340460e-08
1.388474e-07
1.706400e-07
2.255719e-08
1.011430e-09
1.830674e-09
1.472919e-11
1.879844e-11
3.385098e-11
1.140485e-10
5.839433e-11
3.088676e-11
5.596501e-10
2.068421e-09
6.277384e-09
7.095267e-09
1.313695e-09
9.158421e-10
3.330366e-09
2.944063e-09
1.466529e-09
2.926490e-09
1.517618e-09
1.067378e-09
2.597673e-10
2.800841e-10
2.884592e-10
5.005918e-11
1.241787e-10
3.743330e-10
6.954787e-10
3.346742e-10
6.644762e-10
5.980073e-10
2.348898e-10
9.102161e-11
3.321955e-10
1.601651e-10
7.493619e-10
1.324971e-09
2.193997e-09
1.496471e-09
1.026376e-09
2.864440e-10
4.019524e-10
2.663772e-10
7.687325e-10
4.162854e-09
2.500299e-09
1.495218e-09
1.057469e-09
2.873694e-10
4.020579e-10
2.664553e-10
7.687338e-10
4.162867e-09
2.500300e-09
1.495218e-09
1.057469e-09
2.873697e-10
4.020580e-10
2.664553e-10
7.687338e-10
4.162870e-09
2.500324e-09
1.495255e-09
1.057505e-09
2.873902e-10
4.022329e-10
2.673486e-10
7.738508e-10
4.382866e-09
2.766464e-09
1.904580e-09
1.225370e-09
1.067367e-09
1.508839e-09
2.723500e-09
6.911048e-09
1.149568e-08
7.352907e-09
1.345877e-08
4.302954e-08
6.541183e-09
3.000854e-10
1.667678e-10
5.673309e-10
5.725469e-11
1.561319e-10
1.804243e-09
1.575276e-09
3.163142e-09
4.956721e-09
3.340758e-09
1.208900e-08
6.424609e-09
8.363876e-09
1.811820e-08
2.501663e-09
5.142857e-09
6.769914e-09
2.575372e-08
1.844414e-07
3.437299e-07
1.748509e-07
4.235387e-08
4.605416e-08
2.718508e-08
1.422856e-08
2.463038e-08
2.867275e-08
3.692030e-08
5.454249e-08
2.342346e-08
2.960576e-08
2.681305e-08
2.235352e-09
1.173435e-08
2.165994e-08
2.500033e-09
9.782858e-08
9.241143e-08
5.937062e-08
3.079720e-07
1.859374e-07
4.501287e-08
4.860093e-07
3.901584e-09
1.390589e-08
1.797837e-08
4.140221e-09
5.796640e-09
6.268351e-08
8.330109e-08
2.154329e-07
1.810195e-08
1.100495e-08
1.296247e-08
6.485436e-09
1.359373e-08
1.097246e-08
8.465041e-08
2.100435e-08
6.239127e-08
7.577479e-08
6.562862e-07
4.440719e-07
4.236237e-08
1.323510e-08
1.791558e-08
1.418117e-08
3.717819e-09
4.912029e-09
1.210485e-08
9.730824e-09
3.543869e-09
3.604258e-09
3.385836e-08
3.513311e-08
2.307441e-08
3.686630e-07
7.143120e-08
3.029809e-08
1.186108e-06
1.921722e-07
1.244372e-07
1.792440e-07
2.251405e-07
1.444453e-07
1.214618e-06
1.180619e-07
3.120451e-07
1.970091e-07
1.868691e-06
8.005479e-07
1.111698e-07
1.354061e-07
1.215909e-08
2.599051e-08
3.761717e-09
1.000789e-08
9.060556e-09
8.374382e-08
3.613112e-08
2.431133e-08
4.624067e-08
1.933384e-08
6.882233e-09
6.605970e-08
7.803547e-07
1.336771e-07
2.675634e-07
8.892728e-08
1.893172e-06
1.089423e-06
1.082215e-07
9.567429e-07
6.019840e-07
3.773662e-07
6.551216e-07
4.948468e-07
3.298396e-07
5.680810e-08
1.842446e-08
6.225989e-09
1.872343e-08
7.400880e-09
1.397223e-08
1.440168e-07
2.126261e-07
5.218260e-08
6.535998e-09
4.548409e-09
6.532506e-09
3.212513e-11
3.559431e-11
1.236391e-10
7.105489e-10
9.493362e-10
8.663371e-10
1.506669e-09
1.738137e-08
2.691197e-08
4.024713e-09
8.776112e-09
4.365495e-08
1.325985e-08
4.049166e-09
6.817074e-09
1.027612e-07
9.409490e-09
3.440552e-09
4.953382e-09
1.938098e-09
2.794894e-09
4.570057e-10
2.139231e-09
4.473690e-09
6.697070e-10
1.318299e-09
3.869878e-08
2.943157e-09
4.703517e-10
2.175012e-09
2.927444e-09
9.532940e-09
3.585507e-09
9.819066e-09
1.119962e-08
8.908184e-09
8.023362e-09
2.274149e-09
4.618941e-09
9.527041e-09
1.836205e-08
1.093434e-08
1.115176e-08
9.577266e-09
8.100426e-09
2.275360e-09
4.622868e-09
9.527107e-09
1.836227e-08
1.093435e-08
1.115175e-08
9.577270e-09
8.100450e-09
2.275360e-09
4.622868e-09
9.527107e-09
1.836227e-08
1.093436e-08
1.115179e-08
9.577297e-09
8.100463e-09
2.275377e-09
4.624248e-09
9.534612e-09
1.839078e-08
1.124464e-08
2.074042e-08
1.115200e-08
9.508816e-09
1.407844e-08
1.678287e-08
2.585073e-08
2.199343e-08
1.829423e-08
3.211176e-08
8.872631e-08
6.150318e-08
5.791534e-09
3.934550e-09
5.263624e-09
4.585130e-10
7.385183e-10
1.462367e-09
5.607985e-09
4.771523e-09
1.067421e-08
8.616372e-08
4.318230e-08
2.773483e-08
3.123177e-07
3.107688e-07
3.006640e-08
8.993247e-08
4.862435e-08
1.293702e-07
2.851174e-07
1.247956e-06
2.907309e-06
8.165146e-06
1.546633e-06
2.543543e-07
1.824845e-07
5.881963e-07
6.900515e-08
5.773420e-07
2.981426e-07
4.769793e-07
6.331485e-07
2.279861e-07
3.902641e-08
9.104829e-08
9.441352e-08
1.666523e-08
2.822624e-08
9.241143e-08
3.581018e-04
9.034069e-07
3.603481e-07
1.011775e-06
3.212407e-06
2.476511e-08
1.432586e-08
4.811565e-08
2.472001e-08
7.518586e-09
8.574237e-08
1.562039e-07
2.853598e-07
1.594013e-07
9.071602e-08
3.656926e-08
1.215958e-07
3.392819e-08
1.626344e-08
3.831977e-06
3.164740e-08
2.823133e-08
1.294990e-06
1.853706e-06
6.307480e-07
7.273565e-07
1.327522e-06
6.408516e-08
1.251491e-07
5.938707e-09
1.082411e-08
8.729927e-08
1.554211e-08
2.888202e-09
2.017870e-08
1.277697e-08
6.168943e-08
9.280579e-07
6.262789e-07
1.507475e-07
5.641932e-08
8.921048e-07
6.410245e-07
5.176292e-06
3.736920e-07
1.498758e-06
4.434684e-07
2.866927e-06
2.813043e-07
2.452284e-07
2.281999e-06
5.078679e-06
1.546920e-06
2.483361e-07
9.107764e-07
3.848550e-07
9.694212e-08
4.512467e-08
4.988060e-08
1.388347e-08
1.789675e-07
9.249373e-08
8.620878e-08
1.833146e-07
1.548974e-07
6.874220e-07
1.532162e-07
8.400385e-07
1.167770e-06
1.292996e-07
2.024495e-07
7.791179e-06
2.859588e-06
2.514135e-07
8.028095e-07
1.507641e-06
4.305382e-06
3.017407e-06
1.815220e-06
5.022062e-07
9.117080e-07
7.814227e-08
2.409211e-08
7.761681e-08
1.883920e-08
1.061053e-07
2.382905e-07
3.209752e-07
4.955439e-07
1.224859e-07
1.367321e-07
9.487257e-08
1.640319e-08
2.780596e-11
1.296342e-10
7.106081e-10
9.310115e-10
2.706898e-10
6.704043e-10
4.739788e-09
9.778539e-09
1.572036e-08
2.135229e-08
5.196203e-08
1.668080e-08
8.807545e-09
1.221409e-08
1.095786e-07
2.323555e-08
3.534728e-09
5.773297e-09
4.813873e-09
3.391644e-09
9.250836e-10
1.482228e-09
1.359259e-09
2.046848e-09
4.546415e-09
4.001751e-08
6.989682e-09
6.533122e-10
9.634363e-10
1.443181e-09
3.167918e-09
5.092440e-09
1.239630e-08
1.141867e-08
1.745762e-08
1.107243e-08
4.886314e-09
3.063203e-09
2.628035e-09
2.406013e-08
1.307266e-08
1.141820e-08
1.925878e-08
1.128030e-08
4.897887e-09
3.070480e-09
2.628209e-09
2.406071e-08
1.307266e-08
1.141819e-08
1.925879e-08
1.128036e-08
4.897887e-09
3.070480e-09
2.628209e-09
2.406071e-08
1.307267e-08
1.141820e-08
1.925881e-08
1.128037e-08
4.897897e-09
3.070560e-09
2.628326e-09
2.408069e-08
1.312458e-08
1.155852e-08
1.988693e-08
2.079872e-08
1.477877e-08
1.241836e-08
1.099549e-08
1.995090e-08
3.528089e-08
4.702546e-08
1.035565e-07
6.542013e-08
2.071921e-08
5.829993e-09
1.723066e-08
8.964890e-10
6.896519e-10
1.460507e-09
1.176565e-09
4.217751e-09
7.612495e-09
1.109217e-08
5.444175e-08
8.602158e-08
2.065585e-07
3.995957e-07
1.507163e-07
6.748729e-08
4.521082e-08
6.888266e-08
5.758672e-08
1.517079e-07
3.282209e-07
1.456618e-06
3.629794e-06
8.421748e-06
1.018942e-06
2.172096e-07
1.582758e-07
4.202736e-07
1.189753e-07
7.215595e-07
5.219626e-07
6.765771e-07
3.997767e-07
3.733938e-08
1.177493e-07
8.070751e-08
1.712280e-08
5.060748e-08
5.937062e-08
9.034069e-07
3.589398e-04
1.377263e-06
5.134331e-06
6.159037e-08
3.153422e-08
3.555374e-08
4.047682e-08
9.148817e-09
5.327771e-08
1.339190e-07
2.792053e-07
1.989534e-07
1.168487e-07
9.057775e-08
2.088657e-08
6.067407e-08
1.188657e-07
4.260522e-06
8.450664e-08
3.491295e-09
1.834363e-08
5.976193e-07
1.917292e-06
1.886465e-06
1.658928e-06
3.436125e-07
1.221529e-07
1.975410e-08
2.323195e-08
8.436008e-08
2.829882e-08
6.401250e-09
1.268245e-08
7.690577e-09
1.742498e-08
3.890399e-08
5.595323e-07
1.049586e-06
2.073129e-07
2.514125e-07
2.133760e-07
1.261978e-06
4.463520e-07
7.130078e-06
5.415381e-07
3.503028e-06
1.635948e-07
1.887571e-07
4.221496e-07
2.942506e-06
3.871993e-06
2.430632e-06
1.331625e-06
6.391308e-07
1.573061e-07
6.757455e-08
1.353319e-07
1.409370e-08
3.306573e-08
1.201679e-07
1.074882e-07
2.036867e-07
1.100240e-07
4.255039e-08
6.185045e-07
1.147670e-06
9.839041e-07
1.869251e-07
3.307982e-07
2.378328e-06
2.866384e-06
5.567959e-06
3.296905e-07
1.027536e-06
1.519295e-06
1.870786e-06
6.095666e-06
2.408857e-06
9.814855e-07
1.640372e-07
2.987350e-08
1.505361e-07
3.004183e-08
1.090573e-08
1.201841e-07
3.527034e-07
6.352512e-07
2.272249e-07
1.788515e-07
1.843331e-07
3.427405e-08
1.256069e-09
7.310342e-11
7.149110e-10
9.384121e-10
3.186053e-10
7.498580e-10
1.069457e-09
5.739348e-09
4.696553e-09
5.504562e-09
6.369685e-08
3.006632e-08
5.760003e-09
1.215417e-08
1.184897e-07
2.799963e-08
4.074769e-09
6.810718e-09
5.544053e-09
3.578277e-09
2.270712e-09
2.314716e-09
1.192654e-09
7.909992e-10
1.400148e-09
4.120786e-08
1.028839e-08
1.200151e-09
1.483134e-09
1.646201e-09
1.755985e-09
2.223660e-09
4.876044e-09
1.261606e-08
1.989270e-08
1.133525e-08
1.201981e-08
5.236860e-09
2.411300e-09
2.222756e-08
4.643057e-09
1.271789e-08
2.191094e-08
1.177180e-08
1.205798e-08
5.275772e-09
2.411569e-09
2.222875e-08
4.643068e-09
1.271787e-08
2.191096e-08
1.177193e-08
1.205798e-08
5.275773e-09
2.411569e-09
2.222876e-08
4.643070e-09
1.271788e-08
2.191096e-08
1.177193e-08
1.205798e-08
5.275813e-09
2.411584e-09
2.224417e-08
4.655033e-09
1.275884e-08
2.197192e-08
1.192225e-08
2.076968e-08
2.165827e-08
6.597493e-09
8.481288e-09
1.655912e-08
4.615373e-08
1.224527e-07
7.650846e-08
2.726491e-08
1.189543e-08
2.710959e-08
3.289622e-09
7.187714e-10
1.495600e-09
1.152030e-09
1.636596e-09
2.326599e-09
1.191976e-08
3.719697e-08
1.034416e-08
2.221583e-07
4.693930e-07
2.921899e-08
7.961021e-08
1.645499e-07
3.638528e-08
4.450064e-08
6.472536e-08
5.130788e-08
2.527919e-07
9.751560e-07
1.650152e-06
3.092615e-06
8.297983e-06
9.258836e-07
1.491650e-08
1.621523e-07
5.034226e-07
3.374876e-07
9.074844e-07
2.740245e-07
4.310971e-07
4.563725e-07
2.306280e-08
3.379057e-08
1.157704e-07
3.618462e-08
3.079720e-07
3.603481e-07
1.377263e-06
3.637416e-04
4.321506e-07
7.002038e-08
6.661591e-08
5.177272e-08
1.692329e-09
5.024897e-08
1.132118e-07
1.732131e-07
1.786004e-07
1.252390e-07
1.716371e-07
4.454905e-08
3.167339e-08
1.680920e-08
4.654442e-06
1.885430e-07
8.845504e-09
4.642477e-09
2.979576e-07
4.443340e-07
8.088808e-07
2.967604e-06
1.614494e-06
2.819821e-07
1.703008e-08
2.737226e-09
8.808908e-08
3.537762e-08
4.816691e-09
2.377663e-08
1.299083e-08
1.405122e-09
1.584541e-08
3.274204e-07
1.467009e-07
1.729892e-07
1.428509e-06
2.908174e-07
4.076719e-08
8.235930e-08
2.469856e-06
6.262577e-07
8.920475e-06
3.288343e-07
4.904489e-07
1.494861e-07
2.716300e-06
1.706166e-06
3.928130e-07
3.706468e-06
2.915097e-06
2.980642e-07
1.082303e-07
2.889994e-07
7.625775e-09
2.311304e-08
9.988191e-08
1.189993e-08
2.447499e-07
1.279108e-07
4.818086e-08
2.123715e-07
3.327730e-07
1.430088e-06
6.956268e-07
7.502231e-08
2.058121e-06
2.629100e-06
3.217764e-07
3.002865e-07
6.124423e-06
6.959913e-07
1.198165e-06
3.053898e-06
1.338839e-06
4.766737e-06
1.921429e-06
3.667286e-08
2.136568e-07
5.733947e-08
8.627629e-09
7.242439e-08
1.622107e-07
5.511710e-07
2.898166e-07
2.946547e-07
2.768504e-07
6.059744e-08
3.611784e-09
1.728314e-09
6.688688e-10
9.066320e-10
3.221196e-10
8.590322e-10
7.720974e-10
4.207375e-09
2.436003e-09
5.366446e-09
5.267057e-08
1.213841e-08
1.637028e-08
2.331311e-08
1.173161e-07
2.756931e-08
8.049784e-09
1.270994e-08
6.183135e-09
4.339319e-09
1.932943e-09
2.296953e-09
2.727051e-09
1.031911e-09
1.144316e-09
3.981950e-08
7.012399e-09
2.352637e-09
5.446525e-09
2.596971e-09
1.820050e-09
1.910380e-09
2.600905e-09
9.815045e-09
1.229664e-08
1.277221e-08
1.486053e-08
5.294096e-09
8.593728e-09
2.062911e-08
3.607952e-09
9.805196e-09
1.321124e-08
1.390476e-08
1.489403e-08
5.403152e-09
8.597069e-09
2.063046e-08
3.607984e-09
9.805164e-09
1.321126e-08
1.390495e-08
1.489403e-08
5.403153e-09
8.597070e-09
2.063046e-08
3.607985e-09
9.805165e-09
1.321126e-08
1.390495e-08
1.489404e-08
5.403175e-09
8.597078e-09
2.063486e-08
3.614377e-09
9.822221e-09
1.322679e-08
1.396932e-08
2.316384e-08
1.209733e-08
1.085337e-08
1.531560e-08
1.278175e-08
3.301933e-08
8.910493e-08
7.455703e-08
4.372365e-08
2.426401e-08
4.122768e-08
4.751914e-09
1.887291e-09
1.594901e-09
1.152940e-09
1.565379e-09
1.540651e-09
8.575023e-09
2.973932e-08
9.488153e-09
2.130455e-07
3.873143e-07
3.634814e-08
1.353977e-07
5.042036e-08
4.339384e-08
1.593776e-07
3.041033e-08
3.444130e-08
1.508771e-07
6.843480e-07
4.451812e-07
4.486424e-07
1.559298e-06
2.887771e-06
7.911298e-06
9.093756e-07
8.834816e-08
3.675952e-07
6.893222e-07
9.812512e-08
6.624618e-07
3.107270e-07
3.965169e-07
3.639064e-07
5.898954e-08
4.562608e-08
3.239914e-07
1.859374e-07
1.011775e-06
5.134331e-06
4.321506e-07
3.586406e-04
3.904295e-07
8.280684e-08
1.719685e-08
6.248420e-08
8.051427e-08
7.672586e-08
1.712611e-07
1.116987e-07
1.608971e-07
6.023714e-08
4.934266e-08
2.138662e-08
4.710965e-06
8.550604e-08
3.507241e-08
1.097707e-07
1.832918e-07
1.830686e-07
7.152585e-07
1.650469e-06
5.792786e-07
1.619829e-06
1.126049e-06
2.030837e-08
8.508335e-08
1.125503e-08
8.513445e-09
3.534818e-08
1.311354e-08
1.082720e-08
1.495306e-08
1.810158e-07
8.920757e-08
1.335530e-07
5.697570e-07
2.381665e-07
8.902985e-07
1.447281e-07
1.255150e-06
2.187138e-07
4.162890e-06
4.475755e-07
5.948337e-06
2.977130e-07
2.150017e-06
1.171769e-06
3.170646e-07
1.750363e-06
9.488083e-07
2.491115e-06
2.136575e-06
6.654679e-07
2.577687e-08
2.830790e-08
8.531064e-08
8.279673e-09
2.519802e-07
3.897788e-08
5.826769e-08
2.087610e-07
7.891258e-08
1.037330e-06
5.216618e-08
5.258919e-07
2.379935e-06
2.000080e-06
3.091708e-07
4.115884e-07
1.010761e-06
5.921872e-07
5.942371e-06
2.296778e-06
9.200674e-07
1.960844e-06
7.878669e-07
3.250156e-06
2.052399e-06
8.292905e-08
1.293913e-08
3.311563e-08
9.973720e-08
5.492160e-07
1.737872e-07
2.247761e-07
3.916956e-07
1.451625e-07
5.878585e-08
1.238757e-08
5.839950e-09
8.486205e-11
1.667325e-10
5.715879e-10
4.158649e-10
6.018383e-10
5.669901e-10
1.709568e-09
1.783300e-08
9.242574e-09
2.902704e-09
3.870939e-09
5.289493e-08
1.850968e-08
2.838298e-09
4.368363e-09
9.337095e-09
1.609867e-09
1.060627e-09
1.534546e-09
1.292367e-09
8.631017e-10
2.157496e-10
7.108551e-09
4.947923e-09
8.525612e-10
1.598392e-09
4.094481e-09
6.883922e-10
1.549242e-10
8.838223e-10
2.877225e-09
3.967984e-09
4.031274e-09
4.783325e-09
4.236651e-09
3.011471e-09
7.835755e-09
1.007798e-09
2.922056e-09
5.959530e-09
4.730715e-09
4.862793e-09
4.529153e-09
3.008669e-09
7.837928e-09
1.007910e-09
2.921992e-09
5.959564e-09
4.731002e-09
4.862795e-09
4.529154e-09
3.008670e-09
7.837928e-09
1.007910e-09
2.921992e-09
5.959565e-09
4.731003e-09
4.862796e-09
4.529165e-09
3.008672e-09
7.838654e-09
1.008125e-09
2.925491e-09
5.963076e-09
4.740606e-09
6.184390e-09
9.438860e-09
3.860409e-09
1.713794e-09
6.393727e-09
1.198097e-08
2.774370e-08
2.173841e-08
2.268432e-08
1.446208e-08
3.903160e-08
1.259036e-08
1.886993e-09
8.557771e-10
6.763108e-10
5.944903e-10
6.242861e-10
8.844228e-10
3.175113e-09
3.598005e-09
6.820740e-08
2.162506e-07
4.775798e-09
3.026188e-08
4.875484e-08
2.436130e-08
1.093318e-08
1.142427e-08
2.862204e-08
2.106557e-08
1.185291e-07
1.125119e-07
6.042448e-08
2.237055e-07
2.115576e-07
1.957034e-07
3.173057e-07
2.905582e-06
1.227635e-07
9.410739e-08
9.173189e-08
2.107036e-07
6.553074e-08
1.149116e-07
2.187643e-08
1.192174e-07
1.716522e-07
6.256752e-08
3.666881e-08
4.501287e-08
3.212407e-06
6.159037e-08
7.002038e-08
3.904295e-07
3.039421e-05
2.477625e-08
2.601076e-08
5.234768e-08
1.175998e-08
3.272788e-08
2.793207e-08
1.481212e-07
4.437797e-08
1.076897e-08
7.528669e-09
2.932985e-06
8.305656e-08
1.352795e-08
5.043065e-09
1.547160e-07
3.397950e-08
7.035414e-08
5.771940e-07
4.894880e-07
2.650873e-07
8.365201e-08
1.239694e-07
3.617654e-08
2.022228e-08
2.337411e-09
3.857017e-09
1.922906e-08
2.811556e-09
3.243143e-09
5.769485e-08
2.000259e-08
5.538988e-08
4.818114e-07
1.359621e-07
3.339448e-08
3.574868e-08
2.834701e-07
1.707212e-07
7.023642e-07
7.569893e-08
7.422218e-07
2.287454e-07
1.220969e-06
4.260742e-07
3.171506e-07
9.683273e-07
8.706478e-07
2.977134e-07
1.198694e-07
1.468676e-06
3.595447e-07
1.323184e-08
5.704414e-08
4.945813e-09
1.014824e-07
4.016772e-08
2.281183e-08
2.848463e-08
5.035572e-08
2.490999e-07
4.490333e-08
2.281880e-08
6.525444e-07
1.404372e-06
7.554644e-08
4.136215e-08
6.666546e-07
4.924004e-07
1.477909e-07
1.073904e-06
2.949268e-06
5.396939e-07
3.100253e-07
3.615106e-07
3.784751e-07
1.400242e-06
8.916316e-08
5.483825e-09
1.542513e-08
3.774153e-07
8.077894e-08
1.127887e-07
2.473791e-07
5.899816e-08
4.073556e-08
8.785070e-09
1.669579e-08
1.768353e-09
1.024772e-10
5.271464e-10
3.842108e-10
3.234966e-09
2.129769e-09
1.382215e-09
4.173238e-09
3.171765e-09
1.042787e-09
2.827429e-09
4.009679e-08
4.928092e-09
1.795461e-09
6.272391e-09
6.146651e-09
2.553043e-09
8.895596e-10
1.917791e-09
2.383995e-09
5.529961e-10
2.675792e-10
8.715182e-10
8.895529e-10
6.383545e-10
1.790722e-09
3.050676e-09
8.591746e-10
2.504438e-10
5.475686e-10
1.670704e-09
1.124852e-09
1.310999e-09
2.036515e-09
2.116285e-09
1.135067e-09
2.635735e-09
1.174932e-09
7.538036e-10
3.318888e-09
2.272742e-09
2.094124e-09
2.490498e-09
1.140167e-09
2.645395e-09
1.175117e-09
7.536017e-10
3.319030e-09
2.273629e-09
2.094127e-09
2.490500e-09
1.140172e-09
2.645395e-09
1.175117e-09
7.536017e-10
3.319030e-09
2.273629e-09
2.094128e-09
2.490501e-09
1.140173e-09
2.645530e-09
1.175221e-09
7.539391e-10
3.320671e-09
2.275823e-09
2.333162e-09
3.371429e-09
1.642928e-09
6.809439e-10
4.564095e-09
4.170891e-09
8.086921e-09
5.201748e-09
1.490415e-08
1.348276e-08
2.980368e-08
1.319105e-08
4.791166e-09
3.030400e-09
4.252213e-09
4.331075e-10
6.200635e-10
4.591489e-09
5.246337e-10
2.347923e-09
6.341639e-08
1.231938e-07
5.078738e-09
2.122974e-08
3.386154e-08
1.105187e-08
5.233501e-09
3.011044e-09
2.449120e-09
4.633311e-09
2.564099e-08
2.274771e-08
1.634788e-08
4.169781e-08
3.027456e-08
4.355956e-08
2.598912e-08
2.670026e-08
8.302292e-08
2.102124e-07
2.153550e-08
1.870061e-08
2.987132e-08
4.490940e-08
6.349065e-09
5.535502e-08
5.995421e-09
4.170353e-08
5.927953e-08
2.368030e-08
4.860093e-07
2.476511e-08
3.153422e-08
6.661591e-08
8.280684e-08
2.477625e-08
7.205772e-06
2.050371e-08
6.620082e-09
1.301711e-08
1.112149e-08
9.982621e-08
3.649688e-08
8.872495e-09
3.989305e-08
3.032846e-06
3.741184e-08
2.134125e-08
1.911986e-08
9.524167e-08
1.545523e-07
9.125935e-09
2.588852e-07
3.386939e-07
1.980438e-07
2.482257e-08
3.570167e-08
3.700490e-08
2.150166e-08
8.691065e-09
5.626433e-09
1.406444e-08
9.038259e-10
3.546294e-09
3.346631e-08
1.245959e-08
3.605819e-08
3.769458e-07
5.409153e-08
7.580213e-09
4.382686e-08
1.167837e-07
4.589308e-08
4.075376e-07
5.268283e-08
1.198500e-07
4.629353e-08
4.143057e-07
2.205884e-07
4.820766e-07
8.123566e-07
8.479774e-07
1.282968e-07
1.000917e-07
1.804213e-06
9.929042e-08
2.848177e-07
1.267353e-07
3.064906e-08
1.126708e-07
3.225355e-08
1.215994e-08
1.901304e-08
3.898668e-08
1.663874e-07
2.134039e-08
1.251556e-08
3.244337e-07
7.036014e-07
1.649925e-08
1.481075e-07
3.032266e-07
2.433567e-07
1.188582e-07
7.970713e-07
4.769581e-07
2.913359e-07
8.219516e-07
3.671900e-08
4.633613e-07
2.220014e-07
3.305092e-08
1.973458e-07
3.616974e-08
4.650455e-07
4.351101e-08
9.316767e-08
1.746120e-07
3.591323e-08
1.973016e-08
1.826009e-08
4.124543e-08
5.379941e-09
3.984633e-09
2.655640e-10
3.619972e-10
3.223479e-09
2.590124e-09
4.046729e-09
4.285319e-10
1.054848e-09
4.438813e-10
1.183609e-09
1.869258e-08
2.915389e-09
9.548236e-10
4.746682e-09
4.514374e-09
3.411787e-09
1.315448e-09
2.306189e-09
3.421547e-09
4.892159e-10
2.038644e-10
5.305553e-10
6.612288e-11
3.588731e-10
9.578657e-10
2.341350e-09
1.086030e-09
5.026581e-10
1.023256e-09
4.728495e-10
5.088050e-10
3.320859e-10
8.591014e-10
8.450663e-10
6.279901e-10
6.372785e-10
6.875620e-10
7.738974e-10
2.478919e-10
1.715467e-09
9.905879e-10
1.238685e-09
6.520510e-10
6.593176e-10
6.899119e-10
7.720697e-10
2.481018e-10
1.719590e-09
9.906028e-10
1.238690e-09
6.520628e-10
6.593184e-10
6.899120e-10
7.720698e-10
2.481018e-10
1.719590e-09
9.906028e-10
1.238690e-09
6.520629e-10
6.593439e-10
6.899434e-10
7.721910e-10
2.481534e-10
1.720401e-09
1.029084e-09
1.376362e-09
7.194781e-10
3.313484e-10
2.627993e-09
2.327667e-09
1.403977e-09
1.439514e-09
3.359196e-09
7.971568e-09
2.067528e-08
1.237480e-08
5.611988e-09
4.041111e-09
6.241774e-09
1.950060e-09
4.139513e-10
7.193049e-09
8.691913e-10
6.763150e-10
3.694655e-08
7.149115e-08
7.746530e-09
4.125775e-09
3.021770e-08
1.405657e-08
1.953388e-09
1.575414e-09
1.509412e-09
6.979680e-10
2.410306e-09
2.561411e-09
2.509673e-09
1.192673e-08
4.788628e-09
5.086307e-09
1.074940e-08
1.247295e-08
8.738654e-09
4.864439e-09
1.298255e-08
3.804118e-08
6.317918e-09
2.114444e-09
4.228854e-09
1.369767e-08
3.438090e-09
7.511493e-09
3.812151e-09
1.446402e-08
2.885911e-07
3.901584e-09
1.432586e-08
3.555374e-08
5.177272e-08
1.719685e-08
2.601076e-08
2.050371e-08
1.062872e-06
3.474612e-09
3.545116e-09
1.928376e-08
2.619375e-08
5.268499e-09
5.728560e-08
3.505365e-06
1.659946e-08
3.335381e-08
1.440267e-08
6.799019e-08
2.785316e-07
6.959738e-09
8.079770e-08
1.569035e-07
8.056362e-08
1.967421e-08
1.454230e-08
2.687052e-08
1.364629e-07
2.274156e-09
7.787057e-09
1.765204e-08
1.025519e-09
1.192854e-09
2.204387e-08
6.589472e-09
1.311604e-08
9.806409e-08
1.818113e-08
3.607448e-09
2.151593e-08
9.022769e-08
1.213813e-08
3.172733e-08
2.079312e-08
1.045334e-07
1.925639e-08
1.984915e-07
6.863515e-08
2.862766e-07
5.737046e-07
7.677191e-07
1.307883e-07
7.008220e-08
2.318854e-06
1.176305e-07
8.748446e-08
1.350999e-07
2.268583e-07
1.630493e-07
3.136171e-08
5.973798e-09
3.759455e-09
3.460825e-08
4.861681e-08
1.685989e-08
3.600615e-09
8.180755e-08
5.804121e-07
5.707582e-09
1.786165e-08
7.003875e-08
2.297641e-07
5.766870e-08
6.500354e-07
4.401138e-07
1.487254e-07
1.864006e-08
3.267437e-08
5.538290e-07
1.733138e-07
3.927358e-08
2.378766e-08
4.053724e-08
7.772328e-07
1.551957e-08
6.504657e-08
1.943808e-07
7.656714e-09
2.669099e-08
2.156236e-08
4.201540e-08
1.794627e-08
6.208593e-09
1.027429e-07
3.111472e-10
3.191620e-09
2.584554e-09
5.640951e-09
1.180333e-09
1.276692e-09
3.776392e-10
1.027267e-09
1.574939e-08
1.423832e-09
7.610680e-10
1.419770e-08
4.490184e-09
2.773780e-09
2.031603e-09
1.336076e-08
1.429010e-08
4.807818e-10
6.007962e-10
7.543055e-10
1.700300e-10
1.781950e-09
5.437694e-10
1.810629e-09
5.788209e-10
6.761752e-10
6.329322e-09
3.406043e-09
2.473726e-10
4.033951e-10
5.616342e-10
5.895350e-10
6.317419e-10
3.827814e-10
7.267204e-10
8.056691e-10
1.878698e-10
2.081861e-09
7.887668e-10
1.604872e-09
5.203914e-10
5.277118e-10
7.482292e-10
7.965412e-10
1.939019e-10
2.094301e-09
7.888896e-10
1.604920e-09
5.204840e-10
5.277171e-10
7.482297e-10
7.965414e-10
1.939020e-10
2.094301e-09
7.888896e-10
1.604920e-09
5.204840e-10
5.277288e-10
7.482550e-10
7.966066e-10
1.939267e-10
2.094570e-09
8.105674e-10
1.680102e-09
5.516222e-10
3.808392e-10
2.459874e-09
1.797796e-09
7.158002e-10
3.067324e-09
2.198660e-09
5.400893e-09
1.248598e-08
1.146483e-08
6.563463e-09
1.698106e-08
1.851300e-08
4.210838e-09
6.365288e-09
2.152700e-08
1.733762e-09
1.148603e-09
2.447325e-08
5.106552e-08
4.119636e-09
2.863674e-09
3.647405e-08
1.685064e-08
5.066067e-09
9.592903e-09
4.715316e-09
1.287992e-09
1.635567e-09
1.818328e-09
1.521958e-09
7.189972e-09
2.831990e-09
2.694252e-09
9.808134e-09
1.105564e-08
6.558878e-09
4.091281e-09
1.400976e-08
5.704745e-09
4.231263e-09
2.559028e-08
4.454786e-09
8.666212e-09
4.163986e-09
2.633457e-09
8.610236e-09
1.242578e-08
1.576502e-07
5.473182e-09
1.390589e-08
4.811565e-08
4.047682e-08
1.692329e-09
6.248420e-08
5.234768e-08
6.620082e-09
3.474612e-09
7.546476e-07
2.001145e-08
6.629013e-09
4.873152e-09
1.841228e-07
4.349467e-06
2.053967e-08
1.483132e-07
1.115565e-07
6.389082e-08
4.752956e-07
1.774533e-08
1.612773e-07
1.855696e-07
2.497008e-08
1.563078e-08
1.766275e-08
5.386471e-08
2.792283e-07
3.631610e-08
9.984670e-08
2.025544e-07
4.839860e-10
1.192061e-09
2.402044e-08
8.992101e-09
8.117057e-09
6.344963e-08
8.702116e-09
4.450191e-09
4.037634e-08
9.044119e-08
6.639496e-09
6.604483e-09
2.300693e-08
1.072868e-07
1.528977e-08
2.017041e-07
5.336469e-08
3.218250e-07
5.859118e-07
6.680323e-07
1.235282e-07
1.183104e-07
3.818957e-06
1.741721e-07
9.039129e-08
2.468672e-07
5.375147e-07
9.178447e-07
2.045727e-07
1.115568e-08
2.292685e-09
3.965562e-08
8.647392e-08
1.514280e-08
5.852039e-09
2.899321e-08
5.889778e-07
1.421597e-08
6.982839e-08
6.125595e-08
8.954151e-08
4.970642e-08
7.647325e-07
1.363850e-06
1.025080e-07
2.140849e-08
8.609672e-08
8.011619e-07
2.531058e-07
7.278670e-08
3.389440e-08
3.828409e-07
1.219551e-06
3.691054e-08
9.925206e-08
3.639324e-07
8.195610e-09
8.722816e-08
8.271875e-08
6.066756e-08
2.775174e-08
3.617877e-08
6.511724e-07
2.819341e-08
3.060896e-09
2.559281e-09
5.541422e-09
1.225923e-09
2.233070e-09
2.747208e-10
1.464238e-10
1.936784e-09
1.359067e-09
5.113269e-10
2.076615e-08
2.654829e-09
2.599999e-09
2.132092e-09
1.392854e-08
3.597160e-08
3.199500e-10
9.753412e-10
1.048935e-09
2.247054e-10
5.099519e-09
1.176468e-10
2.369026e-10
4.627372e-10
6.784678e-10
6.520315e-09
8.196634e-09
1.177572e-10
4.347050e-10
3.037745e-10
1.438912e-10
4.946391e-10
1.068431e-10
4.833069e-10
7.677151e-10
8.512168e-11
3.338773e-09
4.074845e-10
1.783071e-09
2.367468e-10
3.126284e-10
5.242266e-10
7.485807e-10
9.804454e-11
3.373953e-09
4.077033e-10
1.783174e-09
2.369399e-10
3.126396e-10
5.242273e-10
7.485809e-10
9.804456e-11
3.373953e-09
4.077033e-10
1.783174e-09
2.369399e-10
3.126403e-10
5.242287e-10
7.486018e-10
9.804605e-11
3.374027e-09
4.087931e-10
1.809037e-09
2.392242e-10
3.031935e-10
6.230219e-10
1.269199e-09
1.471600e-10
4.178594e-09
7.197752e-10
1.817503e-09
1.385704e-09
8.280515e-09
6.769177e-09
2.540340e-08
2.042245e-08
8.961197e-09
8.687424e-09
5.151738e-08
2.494815e-09
1.124669e-09
2.030020e-08
6.033142e-09
4.780011e-09
3.371657e-09
1.687417e-08
1.592310e-08
1.609197e-08
9.234713e-09
7.160634e-09
2.328692e-09
4.483536e-10
8.191958e-10
4.011052e-10
1.025315e-09
9.195974e-10
1.111744e-09
3.516977e-09
6.820541e-09
6.821885e-09
2.750910e-09
8.844422e-09
3.748986e-09
6.923420e-10
1.822897e-09
3.867812e-09
4.951014e-09
4.041802e-09
1.039947e-09
1.142466e-08
4.320923e-09
3.095876e-08
4.205283e-09
1.994054e-08
1.797837e-08
2.472001e-08
9.148817e-09
5.024897e-08
8.051427e-08
1.175998e-08
1.301711e-08
3.545116e-09
2.001145e-08
7.700008e-09
2.636718e-09
2.003826e-07
4.240919e-06
1.930515e-08
2.492967e-07
3.503692e-07
3.467243e-08
6.397159e-07
2.053157e-08
1.455961e-07
3.260141e-07
1.864549e-09
1.014072e-08
1.469553e-08
5.428956e-08
3.006478e-07
4.377624e-08
3.327348e-07
3.029087e-07
2.659081e-09
8.680038e-10
1.025772e-08
1.080112e-08
6.927049e-09
3.079080e-08
1.278569e-08
1.041692e-08
2.367603e-08
4.278905e-08
1.587053e-08
9.089494e-09
1.967283e-08
6.983431e-08
2.683011e-08
8.597278e-08
2.929284e-08
2.490933e-07
4.816517e-07
6.732845e-07
1.320372e-07
7.696382e-08
3.985666e-06
2.212767e-07
1.265581e-07
3.221423e-07
8.026181e-07
1.290153e-06
3.637473e-07
1.564215e-08
2.859517e-09
2.139601e-08
1.111497e-07
1.428193e-08
7.272770e-09
3.957816e-08
2.811630e-07
1.806558e-08
9.226054e-08
2.946820e-08
2.260558e-08
2.652818e-08
5.393372e-07
1.465182e-06
9.225815e-08
2.695936e-08
1.047009e-07
8.711362e-07
2.064629e-07
1.351634e-08
6.310702e-08
4.249034e-07
1.706584e-06
3.816870e-08
1.113064e-07
5.212908e-07
1.005040e-08
1.380074e-07
9.165828e-08
5.770699e-08
4.179303e-08
4.409969e-08
1.306314e-06
5.466640e-08
6.602172e-09
1.185388e-09
4.957562e-09
1.222352e-09
2.227196e-09
2.118937e-09
2.595605e-10
3.629244e-10
4.990883e-10
4.789696e-10
2.473892e-08
1.027482e-08
6.454098e-09
1.937526e-09
1.348203e-08
5.125617e-08
1.427080e-09
4.905228e-09
2.411365e-09
1.593352e-09
1.142873e-08
3.389621e-10
2.515099e-10
1.613192e-10
6.592922e-10
6.342783e-09
1.032853e-08
4.888088e-10
1.951281e-09
3.703839e-10
5.864352e-10
2.896291e-09
1.140140e-10
3.061477e-10
7.669660e-10
2.237685e-10
6.007048e-09
2.006367e-09
2.514615e-09
8.373094e-10
8.912776e-10
3.531304e-10
7.355255e-10
3.608429e-10
6.133341e-09
2.009074e-09
2.514825e-09
8.393321e-10
8.913932e-10
3.531332e-10
7.355259e-10
3.608432e-10
6.133342e-09
2.009074e-09
2.514825e-09
8.393321e-10
8.913934e-10
3.531334e-10
7.355279e-10
3.608434e-10
6.133367e-09
2.009398e-09
2.516876e-09
8.400663e-10
8.897603e-10
3.624515e-10
7.833632e-10
3.846980e-10
7.037230e-09
2.168213e-09
6.618118e-09
6.346730e-10
2.137888e-09
5.494722e-09
3.493113e-08
2.260270e-08
1.513694e-08
1.643397e-08
6.432758e-08
1.820318e-08
1.198436e-09
6.122483e-09
1.069363e-08
1.149582e-09
3.381296e-09
1.520329e-08
1.872353e-08
6.616883e-09
1.246969e-08
2.534570e-08
8.508743e-09
2.101664e-09
2.091998e-09
9.447966e-10
7.543991e-10
5.699133e-10
8.320939e-10
5.885912e-09
5.574203e-09
7.287227e-09
1.134823e-08
2.980718e-08
9.068197e-09
1.789152e-09
3.451953e-09
4.047397e-09
3.439285e-09
7.338658e-09
3.710270e-09
1.887127e-08
9.567730e-09
9.197411e-09
2.162919e-09
1.744303e-08
4.818230e-08
4.140221e-09
7.518586e-09
5.327771e-08
1.132118e-07
7.672586e-08
3.272788e-08
1.112149e-08
1.928376e-08
6.629013e-09
2.636718e-09
1.801988e-07
4.112006e-06
1.031383e-08
2.674043e-07
1.447389e-06
4.234475e-08
1.506602e-06
2.563128e-08
1.150856e-07
4.504370e-07
4.210558e-09
1.416437e-08
1.938482e-08
5.493144e-08
3.186063e-07
4.386247e-08
3.967446e-07
2.827139e-06
1.298553e-08
5.479849e-09
9.191125e-09
9.102292e-09
6.992272e-09
2.495736e-08
2.669656e-08
3.487025e-08
3.145786e-08
2.159592e-08
3.291251e-09
4.970346e-09
7.089175e-08
9.763693e-08
3.162955e-08
6.539000e-08
3.029052e-08
1.933165e-07
4.956434e-07
5.410680e-07
2.034495e-07
1.022083e-07
4.213280e-06
2.334249e-07
1.137010e-07
3.989239e-07
1.075848e-06
1.729558e-06
4.550928e-07
1.157194e-07
1.010362e-08
1.699824e-08
1.722833e-07
9.328920e-09
1.511180e-08
4.709417e-08
4.125130e-07
1.824914e-08
9.677716e-08
3.678189e-08
9.611349e-09
3.466241e-08
2.211046e-07
1.574458e-06
4.371493e-08
6.198207e-08
2.267536e-07
1.404458e-06
2.384132e-07
9.425197e-09
8.875159e-08
6.199854e-07
2.169433e-06
7.584460e-08
1.003806e-07
1.325535e-06
1.414645e-08
3.229888e-07
1.921829e-07
3.555519e-08
5.313617e-08
6.148445e-08
1.566172e-06
4.766114e-07
2.049983e-08
7.020494e-09
2.453356e-09
1.184759e-09
2.207824e-09
3.204839e-09
5.579498e-09
6.131242e-10
4.607320e-10
5.520213e-10
2.556104e-08
1.161451e-08
1.274954e-08
3.426137e-09
1.312477e-08
6.833139e-08
2.754116e-09
2.356033e-08
9.092949e-09
3.323768e-09
8.214109e-08
3.937247e-10
1.101493e-09
5.998963e-10
3.965324e-10
6.113738e-09
1.042597e-08
7.438816e-10
8.829208e-09
3.044450e-09
1.055713e-09
2.966366e-08
1.420969e-10
3.129796e-10
1.538602e-09
3.827108e-10
8.634231e-09
2.444364e-09
7.422382e-09
1.732163e-09
1.670260e-09
1.130434e-09
5.756468e-10
1.495942e-09
9.851663e-09
2.456700e-09
7.429051e-09
1.738885e-09
1.671622e-09
1.130463e-09
5.756500e-10
1.495944e-09
9.851668e-09
2.456700e-09
7.429052e-09
1.738885e-09
1.671623e-09
1.130463e-09
5.756504e-10
1.495945e-09
9.851689e-09
2.456825e-09
7.430700e-09
1.738956e-09
1.670656e-09
1.132391e-09
5.840937e-10
1.500603e-09
1.077087e-08
2.552647e-09
1.152821e-08
3.541730e-09
1.127827e-09
4.322697e-09
3.652491e-08
2.337176e-08
1.742722e-08
5.416489e-08
1.390029e-07
4.059090e-08
1.640484e-08
4.256192e-09
1.703305e-08
2.063680e-09
2.174538e-09
1.333324e-08
2.848527e-08
9.247779e-09
1.410924e-08
3.448742e-08
4.625054e-08
2.262210e-08
6.316843e-09
1.071429e-08
4.767574e-09
1.890604e-09
1.230871e-09
4.374048e-09
4.300630e-09
1.171508e-08
2.291704e-08
5.122455e-08
2.269379e-08
1.590504e-08
2.049529e-08
3.791507e-09
2.488669e-09
2.861968e-08
1.009081e-08
2.594487e-08
3.372302e-08
3.105259e-08
4.721853e-09
1.720008e-08
6.478547e-08
8.508423e-09
5.796640e-09
8.574237e-08
1.339190e-07
1.732131e-07
1.712611e-07
2.793207e-08
9.982621e-08
2.619375e-08
4.873152e-09
2.003826e-07
4.112006e-06
1.393176e-08
3.945270e-07
2.243549e-06
1.151582e-07
7.987692e-06
1.369747e-07
1.049925e-07
6.613320e-07
1.022245e-08
1.794607e-07
2.227688e-08
4.862925e-08
4.332331e-07
5.757799e-08
4.900414e-07
5.101607e-06
4.221469e-07
7.354415e-08
7.904379e-08
2.268085e-08
1.078219e-08
2.777605e-08
8.209500e-08
9.911171e-08
4.959672e-08
1.442493e-08
2.323563e-08
1.854747e-08
8.834543e-08
3.067769e-07
1.539893e-07
8.012714e-08
3.739081e-08
2.193645e-07
6.199865e-07
6.730924e-07
2.878138e-07
1.403234e-07
4.705186e-06
3.265512e-07
2.252229e-07
5.382779e-07
1.482232e-06
2.594435e-06
6.587701e-07
3.352634e-07
7.997079e-08
8.591464e-08
6.584116e-07
1.861943e-08
2.667085e-08
1.962928e-07
4.871335e-07
6.640136e-08
1.410345e-07
6.037404e-08
2.946266e-08
1.800732e-07
2.522338e-07
1.649228e-06
7.212001e-08
1.269436e-07
1.617573e-06
2.003986e-06
1.142562e-06
1.361436e-07
2.208297e-07
9.419594e-07
3.424117e-06
2.210572e-07
2.183846e-07
2.514391e-06
9.270945e-08
1.199113e-06
5.354840e-07
5.413032e-08
1.448506e-07
1.163005e-07
2.143310e-06
6.806940e-07
1.541528e-07
4.026681e-08
7.773927e-08
8.830076e-10
2.121920e-09
3.184765e-09
1.682594e-08
1.051151e-08
1.516804e-09
5.864594e-10
2.180034e-08
1.178435e-08
1.052795e-08
4.771064e-09
1.465028e-08
7.209826e-08
5.140259e-09
2.410423e-08
2.488154e-08
1.083128e-08
1.494236e-07
1.031670e-09
1.183339e-09
1.729135e-09
4.678517e-10
4.497738e-09
9.281658e-09
6.908532e-10
9.023962e-09
8.607192e-09
4.839071e-09
5.337695e-08
3.906458e-10
2.875739e-10
2.050895e-09
7.348449e-10
8.147291e-09
2.826880e-09
7.677937e-09
3.864766e-09
1.816194e-09
1.693725e-09
7.624867e-10
2.431461e-09
9.891920e-09
2.963586e-09
7.693697e-09
4.039162e-09
1.818996e-09
1.694091e-09
7.625258e-10
2.431490e-09
9.891926e-09
2.963587e-09
7.693700e-09
4.039161e-09
1.818999e-09
1.694091e-09
7.625260e-10
2.431490e-09
9.891939e-09
2.963697e-09
7.695025e-09
4.039214e-09
1.818589e-09
1.695297e-09
7.679543e-10
2.437001e-09
1.043389e-08
3.090928e-09
1.174280e-08
5.668122e-09
1.570275e-09
5.952409e-09
3.014923e-08
1.898341e-08
1.676479e-08
5.568474e-08
1.527492e-07
8.346983e-08
3.984594e-08
2.704862e-08
2.383199e-08
2.880827e-09
7.270692e-09
1.153908e-08
2.733282e-08
1.156685e-08
9.984887e-09
7.581726e-08
6.788460e-08
2.445982e-08
1.212319e-08
9.909261e-08
1.468913e-08
3.403526e-09
1.625329e-09
4.580660e-09
3.531482e-09
8.195020e-09
2.267836e-08
5.649883e-08
3.730123e-08
3.763587e-08
3.985245e-08
7.387803e-09
2.533065e-09
2.874795e-08
1.067528e-08
2.846887e-08
5.752684e-08
4.787526e-08
6.552460e-09
1.825256e-08
6.564888e-08
1.491587e-08
8.059062e-09
6.268351e-08
1.562039e-07
2.792053e-07
1.786004e-07
1.116987e-07
1.481212e-07
3.649688e-08
5.268499e-09
1.841228e-07
4.240919e-06
1.031383e-08
3.945270e-07
2.298820e-06
1.450844e-07
1.040915e-05
3.883392e-07
7.173764e-08
8.729489e-07
1.660066e-08
2.005261e-07
1.497877e-07
4.843086e-08
5.083278e-07
3.250512e-08
5.265282e-07
5.320249e-06
7.487611e-07
1.417389e-06
1.824920e-07
3.928144e-08
9.222184e-09
2.093415e-08
1.043844e-07
1.234671e-07
5.306759e-08
1.613490e-08
3.837509e-09
1.387345e-08
1.116681e-07
3.909634e-07
2.017589e-07
5.181751e-08
4.162329e-08
3.091635e-07
6.131491e-07
6.586700e-07
3.417495e-07
2.530858e-07
5.049045e-06
3.324108e-07
1.497326e-07
6.277298e-07
1.697747e-06
2.932861e-06
7.214469e-07
4.345564e-07
2.816104e-07
9.141305e-07
8.597160e-07
4.562790e-08
3.984370e-08
2.171578e-07
4.728097e-07
7.096987e-08
1.534003e-07
5.909334e-08
8.119733e-08
3.968294e-07
2.686798e-07
1.518873e-06
8.358614e-08
1.401449e-07
1.883460e-06
2.085642e-06
2.056261e-06
6.736029e-08
3.165314e-07
1.224720e-06
4.115190e-06
2.713211e-07
2.280408e-07
2.997004e-06
2.439157e-07
1.468677e-06
9.719637e-07
6.191529e-08
5.211272e-07
1.136894e-07
2.201984e-06
7.950742e-07
2.543630e-07
2.867408e-07
1.598876e-07
4.627150e-09
1.569843e-09
3.131107e-09
1.681644e-08
1.126873e-08
2.113105e-09
4.438648e-10
1.392384e-08
1.071582e-08
1.065187e-08
4.528155e-09
9.580348e-09
6.559147e-08
8.351763e-09
2.371565e-08
2.527632e-08
1.403474e-08
1.854784e-07
1.242013e-09
1.195474e-09
1.994831e-09
4.836093e-10
2.360758e-09
5.650748e-09
9.885575e-10
8.672700e-09
8.609367e-09
5.946881e-09
6.987920e-08
4.445106e-10
2.280359e-10
2.050020e-09
6.805941e-10
6.882360e-09
2.724398e-09
7.478228e-09
4.142455e-09
1.863911e-09
1.792985e-09
6.593983e-10
2.686436e-09
8.667976e-09
2.966768e-09
7.505876e-09
4.510932e-09
1.870880e-09
1.793626e-09
6.594825e-10
2.686498e-09
8.667985e-09
2.966769e-09
7.505881e-09
4.510931e-09
1.870885e-09
1.793626e-09
6.594826e-10
2.686498e-09
8.667991e-09
2.966820e-09
7.506950e-09
4.510969e-09
1.870683e-09
1.794110e-09
6.625051e-10
2.687777e-09
8.921129e-09
3.015625e-09
1.160312e-08
6.167500e-09
1.306776e-09
4.404480e-09
2.059752e-08
1.373335e-08
1.294958e-08
5.424428e-08
1.429351e-07
8.755484e-08
6.711767e-08
3.309707e-08
3.982926e-08
2.878767e-09
8.251965e-09
1.084674e-08
2.080451e-08
1.090195e-08
7.108734e-09
7.437144e-08
6.838557e-08
2.895898e-08
1.330720e-08
1.104940e-07
2.316325e-08
6.380509e-09
1.648578e-09
4.594218e-09
2.895298e-09
5.220549e-09
1.872388e-08
4.913741e-08
3.727685e-08
4.524884e-08
4.602794e-08
8.124304e-09
2.511668e-09
2.634305e-08
9.031164e-09
2.733278e-08
5.779374e-08
5.118621e-08
9.555430e-09
1.078100e-08
6.167984e-08
1.940673e-08
8.920543e-09
5.786536e-08
8.330109e-08
2.853598e-07
1.989534e-07
1.252390e-07
1.608971e-07
4.437797e-08
8.872495e-09
5.728560e-08
4.349467e-06
1.930515e-08
2.674043e-07
2.243549e-06
1.450844e-07
1.054194e-05
4.489384e-07
6.113304e-08
9.212013e-07
2.026092e-08
2.040066e-07
1.624573e-07
5.079063e-08
7.725327e-07
1.102168e-08
3.299600e-07
5.302512e-06
8.066475e-07
1.599601e-06
2.641225e-07
4.260067e-08
1.576931e-08
1.047387e-08
1.007347e-07
1.335359e-07
5.904625e-08
1.427137e-08
4.472865e-09
1.490787e-08
7.714467e-08
3.852104e-07
2.266460e-07
6.414203e-08
3.781266e-08
2.670271e-07
6.876253e-07
4.107992e-07
3.530915e-07
2.259363e-07
5.033969e-06
3.835814e-07
1.321847e-07
5.690025e-07
1.446307e-06
3.156647e-06
7.888431e-07
4.818898e-07
4.108242e-07
1.300405e-06
1.063544e-06
7.307156e-08
6.643039e-08
1.970226e-07
4.469667e-07
7.927150e-08
1.408134e-07
7.002866e-08
7.925580e-08
4.394912e-07
2.353548e-07
1.210368e-06
1.142118e-07
1.292577e-07
1.823101e-06
2.000331e-06
2.708255e-06
7.946756e-08
2.989948e-07
1.079124e-06
4.147710e-06
4.196369e-07
2.098726e-07
3.004520e-06
3.276168e-07
1.529405e-06
1.296982e-06
6.863202e-08
8.731419e-07
9.857236e-08
1.855716e-06
8.064904e-07
3.381179e-07
3.114275e-07
2.081126e-07
7.715279e-09
8.809704e-09
1.568271e-09
1.666871e-08
1.121186e-08
2.006777e-09
3.685309e-10
3.872916e-09
2.425995e-09
5.175123e-09
4.399634e-09
5.705564e-09
5.372196e-08
6.371822e-09
1.965154e-08
2.551660e-08
1.321820e-08
2.185040e-07
1.053794e-09
1.015990e-09
2.215071e-09
3.638157e-10
1.751617e-09
6.160226e-10
3.516218e-10
7.132051e-09
8.638042e-09
5.530061e-09
8.160120e-08
4.365847e-10
9.343138e-11
2.005106e-09
4.825958e-10
3.156284e-09
1.024741e-09
5.520226e-09
4.083486e-09
1.251843e-09
1.866118e-09
4.145848e-10
2.717449e-09
4.934056e-09
1.183372e-09
5.584680e-09
4.709303e-09
1.263226e-09
1.867530e-09
4.147075e-10
2.717554e-09
4.934067e-09
1.183372e-09
5.584686e-09
4.709301e-09
1.263234e-09
1.867530e-09
4.147075e-10
2.717554e-09
4.934068e-09
1.183376e-09
5.584767e-09
4.709328e-09
1.263213e-09
1.867754e-09
4.148148e-10
2.718151e-09
4.960820e-09
1.186411e-09
5.895933e-09
6.410630e-09
9.610790e-10
3.532818e-09
4.547647e-09
2.890237e-09
2.966019e-09
5.061729e-08
1.251062e-07
8.111138e-08
7.000294e-08
4.326639e-08
4.281975e-08
3.323653e-09
8.409029e-09
6.803190e-09
1.549015e-08
7.285709e-09
3.280906e-09
7.262130e-08
6.231359e-08
2.883905e-08
1.073977e-08
1.140863e-07
2.859575e-08
4.013627e-09
1.410098e-09
4.287039e-09
2.093871e-09
2.581697e-09
1.073091e-08
2.394549e-08
2.678425e-08
4.137527e-08
4.670331e-08
8.527101e-09
3.046660e-09
2.374017e-08
5.885649e-09
1.036367e-08
5.496922e-08
4.834957e-08
7.918881e-09
3.954446e-09
4.070914e-08
1.740865e-08
8.709949e-09
4.154809e-08
4.959548e-08
2.154329e-07
1.594013e-07
1.168487e-07
1.716371e-07
6.023714e-08
1.076897e-08
3.989305e-08
3.505365e-06
2.053967e-08
2.492967e-07
1.447389e-06
1.151582e-07
1.040915e-05
4.489384e-07
5.007809e-08
1.093109e-06
1.687461e-08
1.998049e-07
1.623680e-07
3.171498e-08
1.475139e-06
2.197294e-09
1.453814e-07
3.963718e-06
7.604502e-07
1.600019e-06
3.086084e-07
6.443034e-08
1.628009e-08
7.365081e-09
8.906300e-08
1.236571e-07
5.934403e-08
1.349183e-08
5.511328e-09
2.373822e-08
4.528212e-08
3.191323e-07
1.906662e-07
5.448810e-08
3.285410e-08
2.356934e-07
5.923721e-07
3.124100e-07
2.746282e-07
1.601159e-07
4.186986e-06
3.131227e-07
1.162752e-07
5.526041e-07
1.138783e-06
2.778616e-06
6.328397e-07
5.488647e-07
5.712749e-07
1.600891e-06
1.140205e-06
1.002139e-07
9.195115e-08
1.926284e-07
1.780913e-07
6.526994e-08
1.240266e-07
7.896891e-08
1.212989e-07
4.311985e-07
1.743931e-07
5.591227e-07
8.537093e-08
1.034242e-07
1.791756e-06
1.106825e-06
2.705568e-06
7.987738e-08
3.582784e-07
9.124972e-07
3.518823e-06
2.704285e-07
2.041130e-07
3.032313e-06
3.285200e-07
1.559086e-06
1.378026e-06
7.469458e-08
1.195132e-06
7.717679e-08
1.357950e-06
4.677756e-07
3.370478e-07
3.346602e-07
2.246670e-07
1.099988e-08
1.588583e-08
8.572540e-10
1.450152e-08
1.105439e-08
1.956227e-09
2.201010e-10
3.131458e-09
4.162696e-10
5.028382e-10
1.848765e-09
4.469900e-09
2.228611e-08
9.301209e-09
2.689630e-09
1.720498e-08
1.256307e-08
2.051608e-07
1.775936e-09
3.380530e-10
1.956394e-09
4.102245e-10
1.085941e-09
4.669835e-10
1.827499e-10
5.558820e-10
6.067838e-09
4.999962e-09
7.426259e-08
7.041127e-10
1.172800e-10
9.971098e-10
4.651587e-10
4.823523e-10
4.172746e-10
7.494581e-10
2.650166e-09
7.373735e-10
1.173300e-09
6.656340e-10
1.675226e-09
2.477811e-09
6.421676e-10
7.741135e-10
3.386512e-09
8.109087e-10
1.176202e-09
6.670777e-10
1.675379e-09
2.477859e-09
6.421696e-10
7.741269e-10
3.386510e-09
8.109587e-10
1.176202e-09
6.670777e-10
1.675379e-09
2.477860e-09
6.421699e-10
7.741317e-10
3.386511e-09
8.109521e-10
1.176219e-09
6.671041e-10
1.675414e-09
2.487038e-09
6.423979e-10
7.936385e-10
3.492110e-09
9.423031e-10
1.782579e-09
1.964092e-09
8.121557e-10
4.817853e-10
6.475147e-09
7.037497e-08
6.615357e-08
6.161281e-08
4.472318e-08
6.725335e-08
4.200170e-09
3.316710e-08
1.332428e-09
7.225602e-09
9.283936e-09
4.099626e-10
6.391682e-08
4.622884e-08
1.769939e-08
7.442562e-09
1.147948e-07
3.520890e-08
3.740254e-09
1.199607e-09
3.942587e-09
1.659456e-09
1.043674e-09
1.977939e-09
4.390242e-09
1.275239e-08
2.675833e-08
3.371167e-08
8.539522e-09
4.667382e-09
5.257075e-09
3.847258e-09
2.299122e-09
2.552662e-08
3.534199e-08
4.553564e-09
3.644430e-09
8.265403e-09
1.974989e-08
8.139276e-09
1.111466e-08
2.611991e-08
2.449661e-07
1.810195e-08
9.071602e-08
9.057775e-08
4.454905e-08
4.934266e-08
7.528669e-09
3.032846e-06
1.659946e-08
1.483132e-07
3.503692e-07
4.234475e-08
7.987692e-06
3.883392e-07
6.113304e-08
1.093109e-06
1.582545e-08
1.044397e-07
1.524906e-07
2.232516e-08
1.652406e-06
5.256486e-09
1.655776e-08
1.233241e-06
4.495253e-07
1.565548e-06
2.400724e-07
7.811020e-08
1.389643e-07
3.896862e-09
4.091588e-08
4.479877e-08
2.709396e-08
1.157620e-08
4.496698e-09
2.664935e-08
2.339571e-08
1.609698e-07
1.004450e-07
2.921207e-08
1.179969e-08
1.952299e-07
2.030927e-07
8.209800e-08
3.464150e-07
8.281974e-08
2.729755e-06
1.737833e-07
1.337291e-07
4.341551e-07
6.715994e-07
2.032800e-06
4.315116e-07
4.176887e-07
5.526950e-07
1.818097e-06
1.092299e-06
1.998302e-07
4.664054e-07
4.493087e-08
4.521544e-08
2.718136e-08
6.996110e-08
4.770801e-08
1.336440e-07
3.805647e-07
3.751525e-08
3.421028e-07
7.886099e-08
5.322674e-08
5.559421e-07
3.792800e-07
2.585525e-06
6.170584e-08
2.045338e-07
6.413443e-07
3.186216e-06
1.473878e-07
7.420076e-08
2.432537e-06
3.162210e-07
1.117592e-06
1.302267e-06
1.116523e-07
1.341684e-06
2.144017e-08
6.234856e-07
2.926614e-07
2.259266e-07
3.219395e-07
1.954730e-07
1.715685e-08
8.057403e-08
2.025873e-09
3.251272e-09
2.427518e-09
9.719147e-10
1.544186e-10
7.703857e-10
5.381977e-10
1.028957e-10
3.350068e-10
1.124571e-09
9.645449e-09
8.231047e-09
2.543621e-09
6.930777e-09
6.531335e-09
1.331540e-07
1.387966e-09
9.480661e-10
3.041483e-09
4.157982e-10
3.882540e-09
1.882064e-10
3.771987e-10
2.489879e-10
7.031306e-10
1.517483e-09
4.105290e-08
4.845528e-10
4.130882e-10
1.299673e-09
1.952060e-10
1.535550e-09
1.073341e-10
2.384731e-10
7.482401e-10
3.190969e-10
7.028479e-10
6.125313e-10
1.608011e-09
8.595300e-10
5.341129e-10
4.853562e-10
1.465793e-09
5.284068e-10
7.235486e-10
6.195309e-10
1.609538e-09
8.596537e-10
5.341397e-10
4.855037e-10
1.465786e-09
5.285555e-10
7.235489e-10
6.195311e-10
1.609538e-09
8.596537e-10
5.341398e-10
4.855043e-10
1.465786e-09
5.285548e-10
7.235540e-10
6.195374e-10
1.609553e-09
8.603692e-10
5.342230e-10
4.877588e-10
1.483198e-09
5.666491e-10
1.070178e-09
1.015835e-09
9.770391e-10
1.106061e-09
1.489147e-09
1.057368e-08
3.536641e-08
4.466455e-08
3.672508e-08
1.118681e-07
8.293995e-09
4.055292e-08
2.383180e-09
2.045911e-09
6.974948e-09
2.950348e-10
8.366836e-09
1.061986e-08
1.238903e-08
1.104993e-08
4.265435e-08
4.663383e-08
5.791491e-09
1.503721e-09
1.759582e-08
3.003670e-09
5.122354e-10
5.776924e-10
8.785530e-10
2.842114e-09
8.191507e-09
8.954745e-09
5.612550e-09
4.194623e-09
7.452846e-09
5.205243e-09
2.469781e-09
8.704152e-09
7.298226e-09
3.088595e-09
3.037546e-09
4.596177e-09
2.396337e-08
8.753092e-09
3.341696e-09
9.950135e-09
2.027101e-07
8.276558e-09
1.100495e-08
3.656926e-08
2.088657e-08
3.167339e-08
2.138662e-08
2.932985e-06
3.741184e-08
3.335381e-08
1.115565e-07
3.467243e-08
1.506602e-06
1.369747e-07
7.173764e-08
9.212013e-07
1.687461e-08
1.044397e-07
1.165905e-07
1.148194e-08
1.685530e-06
5.560195e-09
2.007842e-08
4.722498e-07
1.400270e-07
6.984897e-07
1.353282e-07
7.326478e-08
1.402142e-07
4.203894e-08
2.995880e-08
3.772359e-08
1.748314e-08
4.020450e-09
3.007222e-09
4.371821e-08
2.287593e-08
8.965120e-08
5.142186e-08
3.492585e-08
1.642807e-08
1.433723e-07
1.862266e-07
3.434678e-08
1.112486e-07
4.098348e-08
2.200652e-06
5.559531e-08
2.240303e-07
1.911076e-07
5.538459e-07
1.441490e-06
2.325494e-07
5.085382e-07
5.485644e-07
1.874483e-06
9.740755e-07
3.458026e-07
7.070354e-07
6.278609e-08
1.867011e-08
1.582888e-08
4.419605e-08
2.551842e-08
2.291223e-07
1.877145e-07
2.693044e-08
1.722993e-07
3.827097e-08
5.892112e-08
1.938155e-07
2.094207e-07
1.854803e-06
4.072614e-08
1.128720e-07
6.720928e-07
3.329810e-06
1.105313e-07
9.436215e-08
2.264989e-06
2.003439e-07
9.419007e-07
1.109127e-06
3.615556e-07
1.321115e-06
1.138745e-08
2.596621e-07
2.500647e-07
2.072021e-07
1.367780e-07
1.279117e-07
2.655137e-08
8.477095e-08
2.086388e-08
1.104998e-08
2.347272e-08
3.180175e-10
9.461606e-11
6.175958e-10
1.940749e-09
5.371440e-10
2.311826e-10
4.510110e-10
3.625275e-09
8.892312e-09
1.397437e-09
1.882884e-08
1.562758e-08
7.500677e-08
1.416831e-09
1.440008e-09
2.243398e-08
1.639009e-09
9.346592e-09
4.812611e-10
5.427683e-10
1.911894e-09
3.489353e-10
9.188868e-10
2.082995e-08
4.216101e-10
8.879295e-10
8.726938e-09
6.469455e-10
3.761066e-09
1.681284e-10
1.977781e-10
1.013978e-09
6.774852e-10
4.896507e-10
1.510340e-09
1.664692e-09
4.209829e-09
7.695297e-10
1.513270e-09
1.951398e-09
1.391944e-09
5.703264e-10
1.584579e-09
1.669991e-09
4.211587e-09
7.696218e-10
1.515115e-09
1.951318e-09
1.393342e-09
5.703272e-10
1.584581e-09
1.669991e-09
4.211587e-09
7.696218e-10
1.515115e-09
1.951318e-09
1.393342e-09
5.703286e-10
1.584586e-09
1.669997e-09
4.211897e-09
7.696364e-10
1.516089e-09
1.961886e-09
1.397389e-09
6.562927e-10
2.254520e-09
1.398501e-09
4.195670e-09
1.606103e-09
7.797781e-09
1.201172e-08
2.550771e-08
3.398294e-08
1.613734e-07
1.630042e-08
6.222825e-08
6.887537e-09
9.865331e-09
5.873721e-09
4.139532e-10
5.231715e-09
3.083733e-09
4.143876e-09
3.595526e-09
2.214568e-08
1.120629e-07
4.644185e-09
4.344096e-09
1.341077e-07
2.232354e-08
2.102112e-09
2.024485e-09
1.313172e-09
2.263223e-09
6.521874e-09
1.385592e-08
9.530553e-09
1.203110e-08
3.110759e-08
2.227191e-08
1.689551e-08
1.264959e-08
4.116055e-09
1.005796e-08
8.851356e-09
9.102300e-09
8.257587e-08
1.170939e-08
4.701123e-09
1.086264e-08
1.850625e-07
5.924249e-09
1.039262e-08
1.296247e-08
1.215958e-07
6.067407e-08
1.680920e-08
4.710965e-06
8.305656e-08
2.134125e-08
1.440267e-08
6.389082e-08
6.397159e-07
2.563128e-08
1.049925e-07
8.729489e-07
2.026092e-08
1.998049e-07
1.524906e-07
1.148194e-08
1.860463e-06
7.527831e-09
2.508425e-08
5.895472e-07
4.288815e-08
2.277636e-07
6.891669e-08
8.729787e-08
1.607028e-07
1.146784e-07
2.365895e-07
9.010458e-08
3.536477e-08
1.110924e-09
2.082929e-09
6.683033e-08
2.947347e-08
6.626620e-08
4.199902e-08
7.619310e-09
6.993824e-09
1.510216e-07
2.090109e-07
5.650427e-08
1.354399e-07
3.806306e-08
1.713731e-06
5.674899e-08
5.510868e-07
1.910076e-07
6.640059e-07
1.235790e-06
1.491445e-07
2.159236e-07
6.940312e-07
2.199585e-06
9.160870e-07
4.935725e-07
1.067907e-06
2.093842e-07
5.423152e-08
2.323334e-08
1.166632e-08
1.172905e-08
3.571908e-07
1.366270e-07
2.337771e-08
2.035814e-07
2.944156e-08
1.413665e-07
1.277928e-07
1.904272e-07
1.661909e-06
1.768997e-08
4.729963e-08
9.710265e-07
4.824382e-06
1.118736e-07
8.696112e-08
2.558626e-06
2.634365e-07
9.239323e-07
1.028889e-06
9.664787e-07
1.598358e-06
1.568705e-08
1.866104e-07
2.748937e-07
2.396796e-07
1.810937e-07
8.313766e-08
4.374231e-08
9.652860e-08
6.306596e-08
8.755495e-08
6.551146e-08
1.319184e-09
5.618850e-11
5.364406e-10
1.913536e-09
5.561348e-10
2.162863e-10
1.469389e-10
9.281374e-10
4.543352e-09
1.245078e-09
1.924670e-08
1.487703e-08
3.785739e-08
2.070845e-09
3.640347e-09
2.279512e-08
1.933332e-09
1.062022e-08
5.203660e-10
7.039745e-10
1.975606e-09
3.828605e-10
5.131584e-10
4.726433e-09
4.916902e-10
1.105736e-09
8.675100e-09
1.034468e-09
4.701949e-09
1.458925e-10
1.639563e-10
7.689330e-10
2.925913e-10
4.133092e-10
1.737499e-09
1.438707e-09
4.423761e-09
8.360012e-10
1.876316e-09
1.764870e-09
1.109807e-09
4.717465e-10
1.902137e-09
1.455625e-09
4.429980e-09
8.366941e-10
1.880954e-09
1.764544e-09
1.115516e-09
4.717494e-10
1.902140e-09
1.455625e-09
4.429981e-09
8.366941e-10
1.880955e-09
1.764544e-09
1.115516e-09
4.717497e-10
1.902141e-09
1.455628e-09
4.430143e-09
8.366992e-10
1.881137e-09
1.773109e-09
1.116836e-09
4.902419e-10
1.966880e-09
1.294199e-09
4.807386e-09
1.461496e-09
4.804826e-09
2.908685e-09
8.539008e-09
2.256574e-08
1.633628e-07
2.050020e-08
6.080532e-08
1.051752e-08
1.442101e-08
7.017375e-09
5.921423e-10
3.181098e-09
2.215234e-09
1.031376e-09
1.927199e-09
1.516987e-08
9.723086e-08
6.156329e-09
1.225247e-08
1.374149e-07
3.186608e-08
3.133400e-09
2.268539e-09
1.617949e-09
1.889326e-09
3.249181e-09
2.450152e-09
4.407358e-09
1.562341e-08
3.309853e-08
2.801775e-08
2.136249e-08
8.419059e-09
1.585041e-09
3.051037e-09
4.968587e-09
1.645438e-08
8.480174e-08
1.035709e-08
8.033416e-09
9.101916e-09
1.240441e-07
5.646763e-09
9.478949e-09
1.389016e-08
6.485436e-09
3.392819e-08
1.188657e-07
4.654442e-06
8.550604e-08
1.352795e-08
1.911986e-08
6.799019e-08
4.752956e-07
2.053157e-08
1.150856e-07
6.613320e-07
1.660066e-08
2.040066e-07
1.623680e-07
2.232516e-08
1.685530e-06
7.527831e-09
4.261182e-08
5.740676e-07
3.868385e-08
1.441842e-07
1.938683e-08
5.175153e-08
1.705244e-07
1.291445e-07
2.794503e-07
2.403725e-07
1.814696e-08
2.136382e-09
1.178024e-08
5.998401e-08
4.237334e-08
6.273292e-08
3.499067e-08
8.326998e-09
4.438267e-09
6.193150e-08
1.224103e-07
5.295631e-08
2.397764e-07
8.003649e-08
9.554101e-07
3.593542e-08
1.798318e-07
1.932112e-07
8.599874e-07
1.157175e-06
1.212943e-07
1.255654e-07
7.290262e-07
1.664671e-06
8.300540e-07
8.499603e-07
1.269432e-06
3.310271e-07
1.033549e-07
4.179903e-08
2.161033e-08
1.753519e-08
3.164548e-07
9.078660e-08
4.325273e-08
1.905839e-07
8.382256e-08
1.006910e-07
1.043126e-07
1.460218e-07
1.110675e-06
2.401364e-08
3.300572e-08
8.746825e-07
5.087834e-06
1.522493e-07
1.137638e-07
2.436512e-06
1.601940e-07
5.286868e-07
1.004650e-06
2.572899e-06
1.584019e-06
2.692766e-08
1.629939e-07
4.323074e-07
3.670066e-07
2.372130e-07
4.985467e-08
4.066719e-08
9.346918e-08
8.287939e-08
1.127049e-07
1.211372e-07
2.227760e-09
1.175479e-09
1.673404e-10
1.886221e-09
5.510251e-10
1.782332e-10
1.302261e-10
2.052894e-10
1.120880e-09
7.722739e-10
1.714409e-08
1.359008e-08
2.933889e-08
7.211122e-10
2.047659e-09
2.370806e-08
3.633136e-09
1.312118e-08
5.175769e-10
8.082352e-10
2.128776e-09
2.922736e-10
6.181484e-10
3.796684e-10
1.161546e-10
4.875262e-10
8.590681e-09
1.220655e-09
5.724171e-09
2.168471e-10
1.811961e-10
7.445229e-10
1.517700e-10
2.443161e-10
1.126399e-09
1.142147e-09
4.757376e-09
7.755611e-10
2.580535e-09
9.757185e-10
1.098121e-09
3.146694e-10
1.291413e-09
1.188460e-09
4.796173e-09
7.772344e-10
2.617431e-09
9.753297e-10
1.122332e-09
3.146813e-10
1.291419e-09
1.188461e-09
4.796175e-09
7.772344e-10
2.617434e-09
9.753297e-10
1.122332e-09
3.146814e-10
1.291419e-09
1.188461e-09
4.796304e-09
7.772358e-10
2.617547e-09
9.757585e-10
1.123141e-09
3.174795e-10
1.299646e-09
1.168889e-09
4.852377e-09
1.262654e-09
5.283445e-09
7.061036e-10
1.336295e-09
5.378639e-09
1.483416e-07
1.677918e-08
5.110814e-08
1.576742e-08
2.248727e-08
7.848510e-09
2.488279e-09
8.892408e-10
1.837969e-09
7.280707e-10
8.758952e-10
5.212321e-09
9.268164e-08
3.638023e-09
3.055464e-09
1.365852e-07
4.584297e-08
2.655817e-09
3.985494e-09
2.129325e-09
1.742036e-09
2.539236e-09
1.686868e-09
1.855365e-09
4.939651e-09
2.753804e-08
3.213000e-08
2.480004e-08
1.187361e-08
3.591674e-09
2.385786e-09
3.067688e-09
8.105508e-09
8.034086e-08
1.817084e-08
1.218380e-08
5.596311e-09
8.149551e-08
4.281408e-09
8.280898e-09
1.659422e-08
5.569227e-09
1.359373e-08
1.626344e-08
4.260522e-06
1.885430e-07
3.507241e-08
5.043065e-09
9.524167e-08
2.785316e-07
1.774533e-08
1.455961e-07
4.504370e-07
1.022245e-08
2.005261e-07
1.624573e-07
3.171498e-08
1.652406e-06
5.560195e-09
2.508425e-08
5.740676e-07
4.294180e-08
2.095472e-07
3.783883e-09
2.476149e-08
1.057395e-07
1.175749e-07
3.073588e-07
3.602836e-07
2.631562e-08
2.676297e-09
2.350439e-09
5.645787e-08
6.034973e-08
5.738042e-08
3.389660e-08
1.405215e-08
2.662488e-09
2.900768e-08
5.093792e-08
2.558483e-08
2.140182e-07
1.019318e-07
6.223909e-07
4.671470e-08
1.556989e-07
1.427251e-07
4.058682e-07
1.074795e-06
3.233397e-07
9.969752e-08
6.158830e-07
1.187925e-06
6.870624e-07
6.392745e-07
1.353440e-06
5.816254e-07
1.329486e-07
9.864967e-08
7.849205e-08
3.186424e-08
3.374810e-07
3.789100e-08
1.273963e-08
1.839358e-07
1.175132e-07
9.751434e-08
7.252295e-08
8.861476e-08
7.690663e-07
4.761632e-08
1.710423e-08
8.158568e-07
5.193514e-06
1.126287e-07
1.320103e-07
2.499931e-06
1.307444e-07
2.540644e-07
8.513443e-07
3.522132e-06
1.737481e-06
9.764513e-08
1.592516e-07
6.070887e-07
6.569504e-07
3.021963e-07
3.281758e-08
3.809412e-08
4.706996e-08
9.353467e-08
1.554697e-07
1.500285e-07
4.198924e-09
1.842483e-09
2.746916e-09
1.738857e-09
5.378616e-10
1.734670e-10
1.340644e-10
2.459119e-10
6.204544e-10
5.582769e-10
1.512765e-08
1.294539e-08
1.187626e-08
8.519801e-10
5.825901e-09
2.233115e-08
1.985655e-09
1.304161e-08
3.420546e-09
2.581783e-09
2.170356e-09
3.227571e-10
6.961314e-10
4.385737e-10
2.014398e-10
5.866424e-10
8.002320e-09
5.853021e-10
5.568517e-09
1.076353e-09
1.111774e-09
6.282139e-10
1.516631e-10
2.490787e-10
9.917754e-10
8.179671e-10
4.094375e-09
8.596223e-10
3.036252e-09
9.531535e-10
1.094085e-09
3.660604e-10
1.447996e-09
8.597147e-10
4.183364e-09
8.831529e-10
3.117883e-09
9.505908e-10
1.139683e-09
3.661884e-10
1.448043e-09
8.597177e-10
4.183368e-09
8.831529e-10
3.117888e-09
9.505908e-10
1.139683e-09
3.661884e-10
1.448043e-09
8.597178e-10
4.183425e-09
8.831540e-10
3.117947e-09
9.507923e-10
1.139881e-09
3.677366e-10
1.452426e-09
8.521330e-10
4.209241e-09
1.395860e-09
4.903946e-09
4.499810e-10
1.584876e-09
3.542108e-09
9.660944e-08
1.240781e-08
4.126032e-08
1.288080e-08
2.618613e-08
1.608676e-08
7.713125e-09
2.850723e-09
1.767035e-09
6.308808e-10
1.128495e-09
2.127321e-09
8.125677e-08
2.740244e-09
2.016136e-09
1.324693e-07
4.557502e-08
3.015769e-09
8.613855e-09
8.804205e-09
3.273002e-09
2.327205e-09
1.749398e-09
2.452969e-09
4.998416e-09
2.315802e-08
2.076866e-08
2.442012e-08
1.913581e-08
6.573853e-09
6.475223e-09
8.775605e-09
1.057966e-08
6.808678e-08
1.119429e-08
1.206888e-08
1.546582e-08
5.100843e-08
2.841611e-09
1.077806e-08
2.046033e-08
7.826364e-09
1.349598e-08
1.097246e-08
3.831977e-06
8.450664e-08
8.845504e-09
1.097707e-07
1.547160e-07
1.545523e-07
6.959738e-09
1.612773e-07
3.260141e-07
4.210558e-09
1.794607e-07
1.497877e-07
5.079063e-08
1.475139e-06
5.256486e-09
2.007842e-08
5.895472e-07
3.868385e-08
2.095472e-07
1.809109e-08
1.760241e-08
4.533719e-08
9.582251e-08
2.929819e-07
3.736400e-07
5.135057e-08
4.294976e-08
4.225669e-09
5.058032e-08
4.520383e-08
3.640611e-08
4.397748e-08
3.619144e-08
2.342821e-09
2.118260e-08
2.410833e-08
1.659799e-08
2.059074e-07
1.035770e-07
3.735352e-07
1.237983e-08
1.427114e-07
1.796062e-07
2.356571e-07
8.966275e-07
5.965911e-08
1.341300e-07
6.079569e-07
7.393419e-07
4.275806e-07
6.184902e-07
1.370459e-06
3.796341e-07
1.444421e-07
2.055910e-07
2.851184e-07
2.729854e-07
2.905691e-07
2.424321e-08
6.621009e-09
1.709649e-07
9.087710e-08
8.092940e-08
5.895329e-08
3.281948e-08
6.820747e-07
3.669643e-08
1.575633e-08
6.759985e-07
6.068434e-06
1.005399e-07
1.585301e-07
2.344412e-06
9.439669e-08
1.634993e-07
7.492271e-07
4.450045e-06
1.732146e-06
3.808354e-08
1.304736e-07
7.473241e-07
1.592540e-06
3.245539e-07
2.228434e-08
3.130726e-08
3.629881e-08
8.741501e-08
1.664675e-07
1.780170e-07
6.415239e-09
1.277974e-08
7.274401e-09
6.259884e-09
4.501005e-11
4.206023e-11
6.047078e-11
1.042743e-10
1.187796e-10
4.230461e-11
7.814387e-10
1.042904e-09
5.103576e-09
4.473781e-10
5.508266e-09
3.571343e-09
9.096036e-10
5.196003e-09
1.502989e-09
6.186918e-09
5.467396e-10
2.107997e-10
5.027595e-10
3.720379e-10
4.011728e-10
8.857477e-11
3.279035e-10
5.507787e-10
2.222207e-09
4.457494e-10
2.737860e-09
1.188738e-10
3.897378e-11
1.665363e-10
1.285872e-10
1.352692e-10
3.897602e-10
1.823523e-10
2.025294e-09
2.234240e-10
7.830811e-10
1.722624e-10
9.347630e-10
2.085622e-10
4.279952e-10
2.068222e-10
2.155098e-09
2.185079e-10
8.871017e-10
1.724841e-10
9.348628e-10
2.085683e-10
4.280000e-10
2.068222e-10
2.155106e-09
2.185079e-10
8.871018e-10
1.724841e-10
9.348628e-10
2.085683e-10
4.280012e-10
2.068222e-10
2.155123e-09
2.185132e-10
8.871147e-10
1.725007e-10
9.352409e-10
2.084368e-10
4.300719e-10
2.209279e-10
3.310257e-09
1.783041e-10
8.588465e-10
6.011229e-10
5.745499e-09
1.002942e-09
6.283272e-09
6.987703e-09
2.082369e-08
1.179799e-08
1.865652e-08
3.066308e-09
2.465855e-09
2.878809e-10
5.955408e-10
3.469884e-10
1.169361e-09
3.531505e-10
1.000208e-09
1.979580e-08
3.205148e-08
1.461008e-09
1.485378e-09
1.309231e-08
9.010765e-10
6.112695e-10
6.016921e-10
3.636094e-10
7.882903e-10
3.094425e-09
3.669566e-09
3.536331e-09
5.230197e-09
6.794813e-09
2.295492e-09
5.212674e-09
1.073365e-08
4.868264e-09
2.353440e-09
9.468166e-09
5.339057e-09
1.130837e-08
1.610800e-09
5.975770e-09
1.641347e-08
8.189958e-09
2.472531e-09
3.057709e-09
8.465041e-08
3.164740e-08
3.491295e-09
4.642477e-09
1.832918e-07
3.397950e-08
9.125935e-09
8.079770e-08
1.855696e-07
1.864549e-09
1.416437e-08
2.227688e-08
4.843086e-08
7.725327e-07
2.197294e-09
1.655776e-08
4.722498e-07
4.288815e-08
1.441842e-07
3.783883e-09
1.760241e-08
2.457665e-09
9.697545e-09
8.023300e-08
3.191220e-07
3.136162e-08
4.107688e-08
9.895734e-09
1.324629e-08
7.853446e-08
5.285745e-09
9.339451e-09
5.750678e-08
1.497032e-09
4.008035e-09
9.833605e-09
1.128979e-08
9.991815e-08
8.295504e-08
7.708901e-08
8.203530e-09
1.923468e-08
7.367150e-08
2.158794e-07
8.125147e-08
1.669396e-08
6.065047e-08
1.924265e-07
2.618377e-07
8.642481e-08
5.404215e-07
7.785973e-07
3.364456e-07
1.264415e-07
8.415249e-08
4.324421e-07
3.762993e-07
2.079246e-07
8.004883e-09
2.383552e-09
2.391025e-08
8.303317e-08
2.129089e-08
8.827304e-09
3.229042e-08
7.032908e-08
3.683691e-08
2.468337e-09
1.280554e-07
6.953343e-06
2.124209e-08
9.620695e-08
1.094069e-06
5.086050e-08
2.080988e-08
4.682449e-07
4.621781e-06
1.181567e-06
3.025657e-08
5.668725e-08
5.680218e-07
2.555260e-06
2.463950e-07
8.011676e-09
8.982043e-09
1.807834e-08
4.422509e-08
9.338091e-08
1.444441e-07
6.871415e-09
1.479230e-08
1.196509e-08
1.228308e-08
4.141811e-09
1.708463e-11
5.843116e-11
1.019107e-10
1.763869e-09
1.843058e-09
1.507422e-09
4.494580e-10
1.284769e-09
2.645060e-09
1.812101e-08
2.585820e-08
6.378966e-09
5.282622e-09
6.336975e-09
1.302671e-08
1.852164e-08
3.053306e-09
3.551308e-09
8.841493e-09
3.123299e-09
4.015368e-09
1.132440e-09
2.015469e-10
1.608343e-09
1.915804e-09
5.209956e-09
2.984241e-09
1.136560e-09
1.410144e-09
2.233748e-09
7.564559e-10
5.926421e-10
8.968352e-10
1.753802e-09
2.229771e-09
4.450688e-09
6.585919e-09
4.861607e-09
2.335662e-09
8.208409e-10
9.314807e-10
2.030973e-09
2.084494e-09
5.824857e-09
6.602288e-09
4.862312e-09
2.335842e-09
8.209146e-10
9.314808e-10
2.030991e-09
2.084495e-09
5.824858e-09
6.602288e-09
4.862312e-09
2.335842e-09
8.209147e-10
9.314808e-10
2.030992e-09
2.084496e-09
5.824862e-09
6.602296e-09
4.862390e-09
2.335779e-09
8.211812e-10
9.357035e-10
2.210019e-09
2.216640e-09
5.909993e-09
7.095401e-09
8.857048e-09
2.082767e-09
2.439153e-09
8.926033e-09
4.592491e-08
2.922539e-08
3.997432e-08
1.537076e-08
4.331833e-08
1.377379e-08
2.227030e-09
1.963086e-09
2.982792e-09
1.051083e-09
7.181087e-10
2.687599e-08
4.504886e-08
1.451896e-08
3.992787e-09
3.614540e-08
7.610696e-09
7.775559e-09
5.470319e-09
3.433613e-09
1.871091e-09
1.891353e-09
2.041576e-08
7.207753e-08
3.071856e-08
6.284352e-09
2.440561e-08
6.108852e-08
5.461323e-08
1.772081e-08
1.166363e-08
1.854578e-08
1.762306e-08
1.592899e-08
9.097342e-09
2.813224e-08
1.101833e-07
2.837384e-08
3.650899e-09
2.565651e-08
1.044841e-07
2.100435e-08
2.823133e-08
1.834363e-08
2.979576e-07
1.830686e-07
7.035414e-08
2.588852e-07
1.569035e-07
2.497008e-08
1.014072e-08
1.938482e-08
4.862925e-08
5.083278e-07
1.102168e-08
1.453814e-07
1.233241e-06
1.400270e-07
2.277636e-07
1.938683e-08
2.476149e-08
4.533719e-08
9.697545e-09
6.859275e-07
2.935119e-07
3.234524e-08
4.998726e-08
1.266453e-07
3.491815e-07
3.852349e-07
2.636120e-08
2.216534e-08
1.118872e-07
2.317543e-09
6.709604e-09
3.327589e-08
6.219114e-08
3.542834e-07
3.985305e-07
2.356484e-08
3.159531e-09
6.747718e-08
2.311708e-07
2.078724e-07
1.681939e-07
3.775398e-07
1.069658e-07
1.775449e-07
6.101867e-07
1.155419e-07
9.925356e-07
8.334227e-07
4.927724e-07
1.823307e-07
1.704796e-07
1.512577e-06
1.278866e-06
1.133647e-06
1.069474e-07
1.603344e-08
1.909422e-08
6.753601e-08
2.165716e-08
1.716740e-08
8.269220e-08
2.310279e-07
7.124629e-08
2.323791e-08
5.930267e-08
1.492522e-05
3.110205e-08
2.620338e-07
9.220664e-07
5.880767e-08
4.866613e-08
9.200709e-07
6.689783e-06
1.136042e-06
6.925083e-08
7.706722e-08
9.130350e-07
5.049125e-06
5.780678e-07
7.196524e-08
4.497450e-08
8.033735e-08
1.012168e-07
1.667330e-07
1.131686e-07
9.553795e-09
6.507520e-08
1.445003e-07
3.284228e-07
6.306036e-08
5.572034e-08
4.684950e-11
1.188302e-10
1.772011e-09
8.185963e-09
2.061079e-08
1.654243e-09
1.540119e-09
4.919376e-09
2.734605e-08
4.501056e-08
4.420309e-08
1.820425e-08
1.216690e-08
3.140624e-08
4.975835e-08
3.101745e-08
2.410592e-08
2.622771e-08
3.302483e-08
8.658810e-09
1.097509e-08
9.489152e-10
1.601214e-09
2.974689e-09
9.429336e-09
7.079071e-09
1.171593e-08
9.321105e-09
5.829032e-09
7.227824e-09
3.241295e-09
2.324592e-09
4.391403e-09
7.804426e-09
2.657861e-08
1.384415e-08
4.366148e-08
5.810725e-09
6.124979e-09
3.440685e-09
5.071631e-09
7.231345e-09
4.403847e-08
1.390037e-08
4.367481e-08
5.811328e-09
6.125923e-09
3.440686e-09
5.071765e-09
7.231345e-09
4.403848e-08
1.390037e-08
4.367481e-08
5.811328e-09
6.125923e-09
3.440686e-09
5.071765e-09
7.231346e-09
4.403848e-08
1.390037e-08
4.367487e-08
5.811311e-09
6.125993e-09
3.441199e-09
5.120737e-09
7.272043e-09
4.484963e-08
1.453706e-08
4.759053e-08
1.532191e-08
9.727494e-09
1.019580e-08
8.354274e-08
4.667458e-08
6.437707e-08
3.752148e-08
1.646890e-07
6.198854e-08
2.389671e-08
4.771878e-09
1.013598e-08
1.465724e-08
9.409581e-10
2.021626e-08
8.100410e-08
4.726743e-08
1.536736e-08
7.144050e-08
3.642699e-08
7.184650e-08
4.708433e-08
2.718026e-08
1.644298e-08
1.228582e-08
1.263792e-08
1.985386e-08
2.810115e-07
3.796910e-07
2.334604e-07
3.699801e-07
3.659049e-07
1.598413e-07
8.564989e-08
4.873376e-08
5.451898e-08
9.517940e-08
7.280725e-08
1.435102e-07
2.656494e-07
2.661016e-07
1.593737e-08
3.935540e-08
1.583887e-07
1.018583e-07
6.239127e-08
1.294990e-06
5.976193e-07
4.443340e-07
7.152585e-07
5.771940e-07
3.386939e-07
8.056362e-08
1.563078e-08
1.469553e-08
5.493144e-08
4.332331e-07
3.250512e-08
3.299600e-07
3.963718e-06
4.495253e-07
6.984897e-07
6.891669e-08
5.175153e-08
1.057395e-07
9.582251e-08
8.023300e-08
2.935119e-07
1.130075e-06
1.109469e-07
2.159686e-07
1.067498e-06
6.250315e-06
1.389853e-07
1.328711e-07
3.435562e-07
4.822039e-09
1.083459e-08
5.075456e-08
1.406960e-07
1.199252e-07
8.354878e-08
4.325449e-07
4.026055e-07
1.163832e-07
5.229975e-07
5.316711e-07
2.720368e-07
3.748552e-08
6.285299e-07
6.313973e-07
2.961675e-06
2.589191e-07
1.925652e-06
8.957954e-07
8.077323e-07
6.566974e-07
2.561585e-07
2.809083e-06
2.413046e-06
2.674293e-06
5.337043e-07
1.582664e-07
3.472268e-08
8.526550e-08
5.997799e-08
2.445486e-08
1.969163e-07
2.204052e-07
3.180364e-07
2.166975e-07
7.643449e-08
5.873517e-05
4.089970e-08
7.849361e-07
1.062237e-06
3.363126e-07
1.992576e-07
2.058645e-06
1.124654e-05
1.740389e-06
4.414093e-07
2.729729e-07
1.449617e-06
9.885773e-06
1.295533e-06
3.230887e-07
1.677102e-07
2.760854e-07
1.849978e-07
3.099754e-07
3.041041e-07
2.574690e-08
1.640164e-07
3.361214e-07
1.218851e-06
7.081439e-07
1.612032e-07
2.134100e-07
6.288154e-11
1.763841e-09
8.204131e-09
2.755074e-08
8.529417e-09
2.284844e-09
5.137291e-09
2.908734e-08
4.434622e-08
4.208720e-08
2.847961e-08
3.608336e-08
3.860992e-08
7.456738e-08
3.412453e-08
5.793744e-08
6.749126e-08
4.675910e-08
3.050926e-08
1.138791e-08
2.210909e-09
4.501838e-09
2.999858e-09
1.271656e-08
6.936750e-09
1.296503e-08
2.275521e-08
2.220561e-08
9.746951e-09
1.250921e-08
2.123276e-09
5.284797e-09
1.718335e-08
2.904153e-08
1.909098e-08
4.865878e-08
1.167981e-08
1.132648e-08
4.069224e-09
1.376343e-08
7.121259e-09
5.655986e-08
1.939975e-08
4.869476e-08
1.168965e-08
1.132929e-08
4.069227e-09
1.376428e-08
7.121262e-09
5.655986e-08
1.939975e-08
4.869476e-08
1.168965e-08
1.132929e-08
4.069227e-09
1.376428e-08
7.121263e-09
5.655987e-08
1.939976e-08
4.869481e-08
1.168964e-08
1.132931e-08
4.069530e-09
1.379745e-08
7.119210e-09
5.662748e-08
2.006232e-08
5.287771e-08
2.084183e-08
4.142353e-08
1.055464e-08
9.124680e-08
5.028428e-08
6.778334e-08
4.182837e-08
2.101023e-07
1.218950e-07
3.846892e-08
3.539619e-08
1.782621e-08
2.062255e-08
3.967135e-09
1.533908e-08
8.311759e-08
4.559108e-08
1.060873e-08
1.061088e-07
5.668453e-08
1.069389e-07
1.455884e-07
6.438678e-08
5.388927e-08
3.259142e-08
2.306578e-08
2.346372e-08
4.723692e-08
5.407702e-08
4.195793e-07
9.013281e-07
7.287329e-07
2.917826e-07
2.214807e-07
1.954494e-07
3.574717e-08
7.658137e-08
1.358126e-07
2.373905e-07
3.617288e-07
5.099496e-07
4.142165e-08
7.398329e-08
1.662072e-07
1.057442e-07
2.297078e-08
7.577479e-08
1.853706e-06
1.917292e-06
8.088808e-07
1.650469e-06
4.894880e-07
1.980438e-07
1.967421e-08
1.766275e-08
5.428956e-08
3.186063e-07
5.757799e-08
5.265282e-07
5.302512e-06
7.604502e-07
1.565548e-06
1.353282e-07
8.729787e-08
1.705244e-07
1.175749e-07
2.929819e-07
3.191220e-07
3.234524e-08
1.109469e-07
1.941916e-06
1.281626e-06
9.617122e-06
1.640687e-06
3.742710e-07
1.146460e-06
6.984715e-09
1.162326e-08
6.023341e-08
2.247522e-07
1.774760e-07
8.784376e-08
1.051803e-08
4.237280e-08
7.968416e-07
1.126042e-06
7.926022e-07
6.982355e-08
3.282970e-08
1.297454e-06
2.163762e-07
4.446850e-06
8.650034e-07
2.387088e-06
1.022916e-06
1.075364e-06
6.172693e-07
4.401106e-07
3.674922e-06
2.766758e-06
3.242484e-06
7.317147e-07
3.381558e-07
1.260839e-07
1.701213e-07
1.128265e-07
2.192346e-08
2.276719e-07
4.193405e-07
3.432422e-07
1.100041e-07
6.636513e-08
1.326763e-04
8.617024e-08
1.413031e-06
1.449078e-06
1.477973e-07
3.044653e-07
2.830087e-06
2.535852e-05
1.756140e-06
4.035217e-07
1.816556e-06
2.474456e-06
1.149107e-05
1.705992e-06
4.769077e-07
5.221297e-07
4.358961e-07
3.988695e-07
4.737525e-07
4.646124e-07
2.966316e-08
3.341408e-07
4.415008e-07
1.957177e-06
8.607585e-07
6.553574e-07
4.826939e-07
8.886181e-08
1.721376e-09
8.185893e-09
2.754084e-08
8.719604e-09
2.178704e-09
4.167232e-09
2.574040e-08
4.308759e-08
4.323480e-08
2.388973e-08
3.268055e-08
4.338791e-08
8.104037e-08
3.502269e-08
5.870695e-08
7.427764e-08
4.805830e-08
3.142284e-08
1.207480e-08
2.385199e-09
4.554584e-09
2.790886e-09
1.179354e-08
6.474919e-09
1.289907e-08
2.256086e-08
2.466849e-08
1.107293e-08
1.273312e-08
1.832065e-09
3.539546e-09
1.657316e-08
2.882144e-08
1.813825e-08
5.021055e-08
1.372639e-08
1.221204e-08
3.904810e-09
1.216368e-08
6.316848e-09
5.683539e-08
1.871693e-08
5.026997e-08
1.374762e-08
1.222558e-08
3.904816e-09
1.216540e-08
6.316854e-09
5.683540e-08
1.871693e-08
5.026997e-08
1.374762e-08
1.222558e-08
3.904816e-09
1.216540e-08
6.316855e-09
5.683540e-08
1.871693e-08
5.027002e-08
1.374761e-08
1.222559e-08
3.904931e-09
1.218758e-08
6.314894e-09
5.686228e-08
1.886777e-08
5.360184e-08
2.286645e-08
3.965914e-08
9.050995e-09
8.853299e-08
4.415462e-08
6.300492e-08
4.332112e-08
2.126146e-07
1.266987e-07
4.667422e-08
3.975196e-08
2.114410e-08
2.285715e-08
4.702455e-09
1.444253e-08
7.599414e-08
4.370569e-08
8.508093e-09
7.172902e-08
5.166550e-08
1.331057e-07
1.414577e-07
6.540709e-08
7.097808e-08
3.685011e-08
2.123525e-08
2.333495e-08
3.116881e-08
2.128285e-08
9.821361e-08
4.578926e-07
8.485619e-07
7.708692e-07
4.452388e-07
1.675113e-07
2.757085e-08
9.072957e-08
1.029437e-07
1.980632e-07
3.842898e-07
5.792677e-07
7.054169e-08
6.293445e-08
1.536080e-07
1.214744e-07
2.429762e-08
2.209051e-08
6.562862e-07
6.307480e-07
1.886465e-06
2.967604e-06
5.792786e-07
2.650873e-07
2.482257e-08
1.454230e-08
5.386471e-08
3.006478e-07
4.386247e-08
4.900414e-07
5.320249e-06
8.066475e-07
1.600019e-06
2.400724e-07
7.326478e-08
1.607028e-07
1.291445e-07
3.073588e-07
3.736400e-07
3.136162e-08
4.998726e-08
2.159686e-07
1.281626e-06
1.137113e-05
1.741440e-06
6.525966e-07
1.300728e-06
1.241233e-08
1.024585e-08
5.692689e-08
2.445282e-07
1.934057e-07
7.750811e-08
9.180688e-09
4.918260e-09
1.298714e-07
6.970239e-07
1.460937e-06
5.334824e-07
2.875463e-08
1.665886e-07
2.246729e-07
4.898657e-06
4.226880e-07
2.876657e-06
1.478637e-06
1.202587e-06
5.426327e-07
2.250599e-07
3.200183e-06
2.923263e-06
3.750411e-06
7.889456e-07
3.487022e-07
1.855303e-07
2.056579e-07
1.295034e-07
2.174749e-08
1.881940e-07
4.145863e-07
3.692091e-07
1.082744e-07
7.137298e-08
1.386634e-04
7.558032e-08
1.862114e-06
1.402279e-06
1.619761e-07
1.684827e-07
2.373465e-06
2.583805e-05
2.193153e-06
4.814397e-07
3.537910e-07
2.181627e-06
1.277239e-05
2.023297e-06
5.879199e-07
6.028899e-07
4.878218e-07
4.488066e-07
4.880323e-07
5.499697e-07
2.397301e-08
2.310158e-07
4.267554e-07
2.071439e-06
8.906568e-07
6.731152e-07
6.258759e-07
1.380530e-07
1.014432e-09
7.561038e-09
2.713415e-08
8.671375e-09
2.005399e-09
3.765176e-09
1.757455e-08
2.923163e-08
3.840601e-08
2.313403e-08
3.158166e-08
3.613886e-08
7.496249e-08
3.660173e-08
5.771547e-08
7.338773e-08
4.935536e-08
3.020125e-08
1.153443e-08
2.349655e-09
4.976689e-09
2.610988e-09
9.146407e-09
4.773634e-09
1.227548e-08
2.110164e-08
2.427601e-08
1.179014e-08
1.285615e-08
1.638883e-09
3.079828e-09
1.533111e-08
2.509162e-08
1.400465e-08
4.751244e-08
1.241212e-08
1.369292e-08
5.480742e-09
1.184210e-08
5.050409e-09
5.272766e-08
1.442747e-08
4.813623e-08
1.251858e-08
1.371774e-08
5.481259e-09
1.184453e-08
5.050419e-09
5.272768e-08
1.442748e-08
4.813623e-08
1.251858e-08
1.371775e-08
5.481259e-09
1.184453e-08
5.050419e-09
5.272768e-08
1.442748e-08
4.813625e-08
1.251857e-08
1.371775e-08
5.481315e-09
1.185349e-08
5.049301e-09
5.274349e-08
1.449623e-08
4.964598e-08
2.133942e-08
4.020866e-08
8.790192e-09
7.237334e-08
3.018005e-08
4.600514e-08
3.447289e-08
2.025360e-07
1.247939e-07
4.838744e-08
4.525522e-08
2.102402e-08
2.504014e-08
4.742230e-09
1.019545e-08
7.019828e-08
3.545581e-08
7.680116e-09
5.931836e-08
4.591915e-08
1.027613e-07
1.354702e-07
8.324885e-08
6.554990e-08
3.373274e-08
3.316778e-08
2.477612e-08
2.670856e-08
1.872204e-08
7.263845e-08
3.978845e-07
5.028166e-07
3.278719e-07
5.646548e-07
5.962817e-07
2.262341e-07
5.611922e-08
8.661816e-08
1.974026e-07
3.362203e-07
5.363308e-07
9.408898e-08
1.137586e-07
1.379647e-07
1.042778e-07
2.542487e-08
3.397391e-08
6.208042e-07
4.440719e-07
7.273565e-07
1.658928e-06
1.614494e-06
1.619829e-06
8.365201e-08
3.570167e-08
2.687052e-08
2.792283e-07
4.377624e-08
3.967446e-07
5.101607e-06
7.487611e-07
1.599601e-06
3.086084e-07
7.811020e-08
1.402142e-07
1.146784e-07
2.794503e-07
3.602836e-07
5.135057e-08
4.107688e-08
1.266453e-07
1.067498e-06
9.617122e-06
1.741440e-06
2.226520e-06
1.691287e-06
1.394623e-08
7.812598e-09
3.164348e-08
2.240612e-07
2.013235e-07
7.331389e-08
8.952509e-09
5.085396e-09
9.660686e-08
5.387742e-07
7.769002e-07
1.122098e-07
5.448161e-07
3.225516e-07
1.795893e-07
3.757123e-06
3.516810e-07
3.224065e-06
8.820401e-07
1.691675e-06
7.447401e-07
2.400480e-07
2.695080e-06
2.352891e-06
3.300807e-06
9.443137e-07
8.061143e-07
2.361054e-07
1.935154e-07
1.485975e-07
3.183969e-08
1.540498e-07
3.510576e-07
3.383444e-07
1.004926e-07
9.359125e-08
1.819879e-04
5.323303e-08
1.403156e-06
1.265227e-06
5.468877e-07
1.719265e-07
2.027690e-06
2.526407e-05
1.672882e-06
5.297034e-07
7.315303e-07
2.137914e-06
1.027196e-05
1.591150e-06
1.968134e-06
9.026709e-07
5.454433e-07
5.272249e-07
4.641295e-07
5.927439e-07
2.342053e-08
2.153507e-07
3.618164e-07
1.867951e-06
8.705146e-07
7.722677e-07
6.675433e-07
1.821087e-07
2.225196e-09
1.695604e-10
1.152626e-08
7.472827e-09
1.419662e-09
5.651923e-10
5.277363e-09
2.036187e-09
4.212016e-09
7.504881e-09
2.737377e-08
1.795337e-08
6.023772e-08
5.529495e-09
3.518612e-08
6.024381e-08
2.437631e-08
2.891236e-08
1.459328e-09
1.450032e-09
4.093720e-09
8.590322e-10
6.349388e-09
3.275723e-10
1.705758e-09
1.326533e-08
1.978762e-08
6.164333e-09
1.244322e-08
5.234079e-10
5.086724e-10
1.258654e-08
2.912945e-09
4.127049e-09
8.174134e-09
6.682765e-09
1.160729e-08
2.194988e-09
1.099149e-08
8.524473e-10
3.056831e-08
4.530108e-09
8.216016e-09
6.896085e-09
1.174131e-08
2.197543e-09
1.099578e-08
8.524627e-10
3.056833e-08
4.530112e-09
8.216016e-09
6.896085e-09
1.174131e-08
2.197544e-09
1.099578e-08
8.524627e-10
3.056833e-08
4.530112e-09
8.216018e-09
6.896084e-09
1.174132e-08
2.197550e-09
1.099990e-08
8.524304e-10
3.057568e-08
4.535506e-09
8.327412e-09
7.544465e-09
3.715035e-08
3.076106e-09
4.050136e-08
5.318913e-09
5.827438e-09
5.167609e-09
1.408369e-07
9.318518e-08
3.472234e-08
4.381199e-08
2.019601e-08
1.516769e-08
4.832531e-09
6.088873e-10
3.283956e-08
1.755352e-08
7.211563e-10
2.223692e-08
3.706117e-08
5.243500e-08
1.020575e-07
4.094593e-08
5.435655e-08
3.959524e-08
1.523060e-08
9.244588e-09
1.917109e-08
9.950171e-09
2.061954e-08
1.208211e-07
1.706770e-07
1.773741e-07
2.121253e-07
1.848615e-07
9.757465e-08
1.310748e-07
1.332194e-07
4.243076e-08
9.339452e-08
4.768038e-07
5.175631e-08
5.081489e-08
3.233333e-08
8.565513e-08
2.407548e-08
1.234911e-08
3.693708e-07
2.332726e-07
4.236237e-08
1.327522e-06
3.436125e-07
2.819821e-07
1.126049e-06
1.239694e-07
3.700490e-08
1.364629e-07
3.631610e-08
3.327348e-07
2.827139e-06
4.221469e-07
1.417389e-06
2.641225e-07
6.443034e-08
1.389643e-07
4.203894e-08
2.365895e-07
2.403725e-07
2.631562e-08
4.294976e-08
9.895734e-09
3.491815e-07
6.250315e-06
1.640687e-06
6.525966e-07
1.691287e-06
7.126949e-07
1.196487e-09
1.486155e-08
1.566418e-07
1.654260e-07
6.338151e-08
6.688555e-09
3.396514e-09
5.792884e-08
2.269442e-07
3.798055e-07
5.746592e-08
2.553152e-08
1.366640e-07
4.103773e-07
2.874075e-06
2.679905e-07
7.753214e-07
5.826214e-07
1.798769e-06
4.113853e-07
1.989856e-07
1.530171e-06
1.357977e-06
2.233569e-06
6.121544e-07
3.951801e-07
3.637905e-07
5.138196e-07
1.514356e-07
2.001496e-08
1.776910e-08
3.068196e-07
9.801619e-08
7.537985e-08
5.804660e-08
2.171327e-04
6.754753e-08
9.435159e-07
9.379947e-07
5.354859e-08
7.408192e-08
1.201367e-06
2.265623e-05
6.573818e-07
3.212256e-07
2.752935e-07
1.969692e-06
6.268538e-06
7.714825e-07
3.507193e-07
5.609042e-07
1.742697e-06
5.284542e-07
4.501793e-07
5.630399e-07
1.915158e-08
1.688500e-07
1.950124e-07
1.285305e-06
2.959163e-07
6.340711e-07
6.357129e-07
2.456346e-07
9.474700e-09
4.821380e-10
5.398226e-10
3.633242e-10
2.523567e-10
6.235351e-11
1.305394e-10
2.954626e-10
9.299466e-11
2.459945e-10
1.350489e-09
7.863161e-09
1.485697e-08
1.049534e-09
1.722709e-09
8.267422e-09
4.221662e-09
2.510279e-09
8.777550e-10
2.643715e-10
5.548773e-10
1.545982e-10
3.193812e-10
9.490773e-11
2.849040e-11
3.673468e-10
2.596356e-09
1.815618e-09
9.101335e-10
3.315919e-10
1.088796e-10
2.041043e-10
2.266598e-10
1.422724e-10
3.528372e-10
3.410527e-10
1.316551e-09
9.995174e-10
1.569699e-09
1.050551e-10
4.122346e-10
5.727275e-10
4.239259e-10
3.745258e-10
1.368581e-09
1.008049e-09
1.578695e-09
1.051943e-10
4.122606e-10
5.727438e-10
4.239265e-10
3.745258e-10
1.368583e-09
1.008053e-09
1.578695e-09
1.051943e-10
4.122606e-10
5.727438e-10
4.239265e-10
3.745258e-10
1.368583e-09
1.008055e-09
1.578940e-09
1.051924e-10
4.123210e-10
5.732382e-10
4.270810e-10
3.904863e-10
1.961208e-09
1.508307e-09
3.896135e-09
3.850584e-10
2.970069e-10
2.696667e-10
4.542570e-09
1.590413e-08
1.232506e-08
1.257235e-08
6.996029e-09
8.933604e-09
3.534499e-09
7.649147e-11
4.621553e-10
2.088352e-09
1.142935e-10
2.393680e-10
1.967360e-09
1.084999e-08
1.239276e-08
9.652680e-09
1.185707e-08
3.600666e-09
4.646734e-09
7.210580e-09
8.944362e-10
6.280475e-10
1.371861e-09
5.565584e-09
8.127509e-09
9.915949e-09
1.475088e-08
4.527591e-08
1.178315e-08
4.682933e-09
8.359492e-09
1.408423e-08
8.576455e-09
1.798647e-08
2.081567e-08
1.722797e-08
8.181102e-09
5.973382e-09
2.715258e-09
3.255193e-09
7.061559e-08
4.438296e-08
2.365690e-09
1.323510e-08
6.408516e-08
1.221529e-07
1.703008e-08
2.030837e-08
3.617654e-08
2.150166e-08
2.274156e-09
9.984670e-08
3.029087e-07
1.298553e-08
7.354415e-08
1.824920e-07
4.260067e-08
1.628009e-08
3.896862e-09
2.995880e-08
9.010458e-08
1.814696e-08
2.676297e-09
4.225669e-09
1.324629e-08
3.852349e-07
1.389853e-07
3.742710e-07
1.300728e-06
1.394623e-08
1.196487e-09
7.406699e-10
5.343758e-08
3.770582e-08
3.712242e-09
3.855163e-09
1.408252e-09
4.446074e-09
1.352691e-08
3.969167e-08
1.283421e-08
1.198602e-08
5.946718e-08
6.270679e-08
9.184372e-08
2.409464e-08
1.609621e-07
1.364978e-07
1.369562e-07
1.821666e-07
8.444548e-08
1.972826e-07
1.169694e-07
3.298827e-07
2.884623e-07
1.231047e-07
1.559387e-07
7.584592e-08
8.096596e-08
4.269590e-08
2.402117e-09
1.780278e-08
1.140557e-08
7.267039e-09
2.954897e-08
2.360537e-04
5.451462e-09
1.541125e-07
4.037287e-08
1.260714e-08
1.114271e-08
1.392203e-07
9.383128e-06
1.401562e-07
2.119376e-08
6.826634e-08
1.156933e-06
1.501376e-06
6.096366e-08
1.294218e-07
3.454096e-07
1.364627e-07
1.935677e-07
8.675750e-08
3.224467e-07
1.383023e-08
7.668114e-09
1.138645e-08
1.759961e-07
3.300427e-08
4.524154e-08
3.833046e-07
1.375691e-07
1.940718e-09
1.049938e-09
8.542974e-10
9.186286e-10
8.726234e-11
3.480448e-11
8.900880e-11
5.367909e-09
9.496511e-10
2.908243e-10
5.450016e-10
2.635181e-09
1.238101e-08
2.507483e-10
1.643301e-09
6.525342e-09
4.528511e-09
1.259307e-09
7.058228e-10
1.211978e-08
1.260438e-09
7.055486e-10
4.137669e-10
1.467779e-10
2.347726e-10
7.693421e-11
7.508284e-10
2.752165e-09
3.215995e-10
2.241996e-10
5.770343e-09
4.546130e-10
2.738117e-10
1.029754e-10
1.832108e-10
2.056081e-10
5.838538e-10
4.722381e-10
1.487010e-09
1.051447e-10
4.796231e-10
3.345170e-10
2.900729e-10
2.875502e-10
7.949347e-10
4.743597e-10
1.631109e-09
1.109181e-10
4.810728e-10
3.346732e-10
2.900897e-10
2.875506e-10
7.949492e-10
4.743735e-10
1.631114e-09
1.109182e-10
4.810728e-10
3.346732e-10
2.900897e-10
2.875506e-10
7.949492e-10
4.743739e-10
1.631290e-09
1.109178e-10
4.810906e-10
3.347435e-10
2.912983e-10
2.922150e-10
9.434193e-10
5.949118e-10
3.458414e-09
2.136751e-10
4.102656e-10
5.929339e-10
1.734631e-09
4.869539e-09
6.639306e-09
9.392648e-09
7.991026e-09
6.203574e-09
2.317693e-08
4.051314e-10
1.176977e-09
2.959872e-09
3.020350e-10
3.124539e-10
9.489789e-10
3.661382e-09
7.997925e-09
6.074357e-09
2.348636e-08
1.609124e-09
3.746968e-09
1.095054e-07
1.944640e-09
6.967009e-10
1.167781e-09
2.256898e-09
3.233838e-09
4.385895e-09
6.864035e-09
1.908774e-08
7.155601e-09
7.269735e-09
4.679536e-09
7.521438e-09
1.103077e-08
8.189386e-09
8.954181e-09
1.024662e-08
5.074043e-09
9.054677e-09
3.086597e-09
1.664942e-09
3.235358e-08
3.305193e-08
1.055521e-09
5.510992e-09
1.791558e-08
1.251491e-07
1.975410e-08
2.737226e-09
8.508335e-08
2.022228e-08
8.691065e-09
7.787057e-09
2.025544e-07
2.659081e-09
5.479849e-09
7.904379e-08
3.928144e-08
1.576931e-08
7.365081e-09
4.091588e-08
3.772359e-08
3.536477e-08
2.136382e-09
2.350439e-09
5.058032e-08
7.853446e-08
2.636120e-08
1.328711e-07
1.146460e-06
1.241233e-08
7.812598e-09
1.486155e-08
5.343758e-08
6.240520e-08
4.342642e-10
1.080651e-09
1.625580e-09
1.888774e-09
4.071473e-09
1.900898e-08
5.482608e-09
5.208195e-09
5.425641e-08
5.515539e-08
4.543652e-08
7.837973e-09
3.041525e-08
1.224626e-07
3.309796e-08
1.587823e-07
1.619323e-08
1.848542e-07
6.487092e-08
1.512068e-07
3.070419e-07
8.584694e-08
1.865087e-07
5.302893e-08
7.298223e-08
1.570504e-07
3.485027e-08
3.072312e-08
2.054759e-08
7.225062e-09
7.250367e-09
3.962027e-04
3.926814e-09
4.210543e-08
2.962713e-08
2.088560e-09
2.397729e-08
4.362115e-08
7.682456e-06
1.474920e-07
8.854130e-09
2.223040e-08
1.045981e-06
1.384995e-06
2.009167e-08
4.335888e-08
3.160118e-07
1.305410e-07
1.700980e-07
3.309765e-08
1.989177e-07
1.476138e-07
3.133403e-09
5.555012e-09
1.101412e-07
1.882141e-08
2.126160e-08
2.327249e-07
1.062714e-07
3.440006e-09
3.484696e-09
1.900204e-08
1.364683e-08
3.892573e-09
1.703777e-11
7.386915e-11
5.358820e-09
1.996282e-09
1.092863e-09
3.430988e-10
3.740036e-10
1.554104e-09
8.812987e-11
1.803639e-09
6.571041e-09
1.133725e-09
4.641730e-10
3.247873e-09
1.374874e-08
2.804851e-09
1.549114e-09
7.128688e-10
3.218145e-10
2.699463e-10
9.322036e-11
2.014688e-10
1.395254e-10
1.127206e-10
1.981096e-09
6.271031e-09
9.606574e-10
8.895085e-10
1.174945e-10
2.116154e-10
1.079326e-10
1.268901e-10
2.140362e-10
5.258243e-10
9.951900e-11
4.832188e-10
5.344783e-10
1.448057e-10
2.636999e-10
6.398987e-10
1.631837e-10
7.297166e-10
1.100217e-10
4.872324e-10
5.360126e-10
1.448521e-10
2.637018e-10
6.399582e-10
1.632308e-10
7.297239e-10
1.100225e-10
4.872325e-10
5.360127e-10
1.448521e-10
2.637018e-10
6.399582e-10
1.632309e-10
7.297392e-10
1.100224e-10
4.872349e-10
5.360305e-10
1.448835e-10
2.650803e-10
6.593627e-10
1.736437e-10
8.852756e-10
1.232060e-10
5.396553e-10
8.169523e-10
6.514631e-10
5.658654e-10
1.073611e-09
3.789455e-09
8.262585e-09
4.481307e-09
2.731372e-08
1.490906e-09
2.759012e-09
1.310959e-08
5.346302e-10
5.444864e-10
3.025368e-09
6.129262e-10
3.665260e-09
1.071974e-08
1.480403e-08
1.066335e-09
6.836963e-09
1.339006e-07
2.680543e-09
5.150893e-10
1.068941e-09
3.519352e-10
3.280460e-10
4.095409e-10
4.544286e-10
3.049380e-09
2.985175e-09
2.921647e-09
3.929184e-09
7.458817e-09
3.533808e-09
7.736323e-10
1.807770e-09
2.451254e-09
1.973981e-09
3.245016e-09
1.077070e-09
2.125168e-09
8.168121e-09
4.341518e-09
2.185294e-10
2.825452e-09
1.562145e-08
1.418117e-08
5.938707e-09
2.323195e-08
8.808908e-08
1.125503e-08
2.337411e-09
5.626433e-09
1.765204e-08
4.839860e-10
8.680038e-10
9.191125e-09
2.268085e-08
9.222184e-09
1.047387e-08
8.906300e-08
4.479877e-08
1.748314e-08
1.110924e-09
1.178024e-08
5.645787e-08
4.520383e-08
5.285745e-09
2.216534e-08
3.435562e-07
6.984715e-09
1.024585e-08
3.164348e-08
1.566418e-07
3.770582e-08
4.342642e-10
1.718200e-08
5.092505e-10
5.280925e-10
3.259607e-09
1.308121e-08
4.079470e-09
1.887811e-09
2.037361e-08
1.094144e-08
1.530877e-08
4.075139e-08
9.838841e-09
8.708800e-09
7.199760e-09
5.744082e-08
1.421626e-08
8.913952e-08
5.181530e-08
8.542877e-08
3.466997e-07
6.572361e-08
1.172991e-07
3.498917e-08
7.839413e-08
2.612563e-07
5.331908e-08
7.514686e-08
5.832922e-08
2.587331e-08
2.003056e-09
4.408205e-04
2.631740e-09
2.148239e-08
1.956223e-08
3.168548e-09
1.213481e-08
1.133212e-08
4.161187e-06
8.706323e-08
1.401285e-08
8.118207e-09
5.588837e-07
7.923225e-07
1.945698e-08
2.950498e-08
1.825231e-07
1.420857e-08
2.324191e-08
2.141678e-08
1.554105e-07
1.657223e-07
4.881803e-09
6.236016e-09
1.759142e-07
1.631310e-08
1.051849e-08
1.393340e-07
1.085089e-08
2.441615e-09
8.587588e-09
3.487909e-08
3.764813e-08
8.937404e-09
9.601353e-10
5.405067e-11
5.358869e-09
2.002789e-09
1.436364e-09
2.801896e-09
1.667047e-10
4.547111e-10
2.069701e-10
1.350388e-09
6.177659e-09
1.974369e-09
6.367424e-10
1.913221e-09
1.513903e-08
7.327606e-09
7.113789e-09
2.399415e-09
5.170134e-10
5.893003e-10
1.211286e-10
6.668406e-10
1.515106e-10
1.154613e-10
1.697788e-10
6.328673e-09
3.074826e-09
4.149756e-09
9.603456e-10
3.053355e-10
2.195312e-10
6.095545e-11
1.910104e-10
4.266510e-10
1.390950e-10
6.652827e-10
6.086889e-10
4.095685e-10
2.570600e-10
1.184625e-09
1.780062e-10
6.331331e-10
2.119842e-10
7.036337e-10
6.143211e-10
4.112076e-10
2.570661e-10
1.185221e-09
1.784518e-10
6.331658e-10
2.119892e-10
7.036345e-10
6.143216e-10
4.112076e-10
2.570661e-10
1.185221e-09
1.784518e-10
6.331677e-10
2.119892e-10
7.036356e-10
6.143259e-10
4.112192e-10
2.571650e-10
1.193885e-09
1.796638e-10
6.520153e-10
2.137182e-10
7.230987e-10
8.761340e-10
8.537558e-10
2.587892e-10
5.084662e-10
1.008265e-09
7.490815e-09
3.998355e-09
2.929099e-08
5.650553e-09
9.741873e-09
2.620926e-08
8.547117e-09
1.175161e-09
6.316839e-09
1.453731e-09
1.880953e-09
1.567205e-08
1.457737e-08
1.205693e-09
3.612684e-09
1.649914e-07
1.395580e-08
1.755519e-09
2.249290e-09
7.663657e-10
3.222308e-10
3.419217e-10
2.619706e-10
8.940482e-10
6.837654e-10
3.250634e-09
5.571434e-09
9.072724e-09
4.683838e-09
1.210535e-09
9.692008e-10
1.140379e-09
1.221226e-09
3.899534e-09
2.050898e-09
2.507550e-09
3.126811e-09
4.519053e-09
9.805363e-10
2.232535e-09
1.426552e-08
1.571479e-08
3.717819e-09
1.082411e-08
8.436008e-08
3.537762e-08
8.513445e-09
3.857017e-09
1.406444e-08
1.025519e-09
1.192061e-09
1.025772e-08
9.102292e-09
1.078219e-08
2.093415e-08
1.007347e-07
1.236571e-07
2.709396e-08
4.020450e-09
2.082929e-09
5.998401e-08
6.034973e-08
3.640611e-08
9.339451e-09
1.118872e-07
4.822039e-09
1.162326e-08
5.692689e-08
2.240612e-07
1.654260e-07
3.712242e-09
1.080651e-09
5.092505e-10
1.530581e-07
4.032074e-09
1.715716e-08
5.398480e-09
1.746733e-09
1.322776e-08
6.247707e-09
2.320869e-08
7.065205e-08
3.014455e-08
5.004813e-09
1.930351e-09
3.966672e-08
1.420023e-08
5.398436e-08
7.661997e-08
6.305239e-08
3.965791e-07
4.864820e-08
9.022529e-08
5.996898e-08
8.465333e-08
3.874277e-07
9.829769e-08
1.460414e-07
1.252785e-07
2.019544e-07
1.152581e-08
8.088071e-04
7.605170e-09
1.635891e-08
3.580236e-08
3.951518e-09
3.020431e-08
3.782439e-09
2.865958e-06
1.164977e-07
1.820006e-07
5.490689e-09
2.578020e-07
6.764431e-07
2.720623e-08
8.014693e-08
1.514074e-07
1.266536e-08
1.184692e-08
1.960628e-08
1.288272e-07
2.169680e-07
3.201857e-08
1.915760e-08
2.922300e-07
8.373640e-08
1.615504e-08
1.466712e-07
6.831148e-09
3.749520e-09
2.466994e-08
6.684755e-08
4.737656e-08
3.010478e-08
3.092421e-09
5.356839e-09
5.278285e-09
1.995022e-09
1.441459e-09
3.400336e-09
7.137884e-10
5.964869e-10
1.010537e-10
1.892545e-09
6.549248e-09
1.385508e-09
1.443447e-09
1.413661e-08
1.632191e-08
5.894355e-09
8.996614e-09
1.194293e-08
2.156110e-09
1.302120e-09
3.758372e-10
7.549696e-10
4.944716e-10
4.215355e-10
4.084396e-10
6.524524e-09
1.235427e-09
4.657500e-09
6.169806e-09
1.304035e-09
4.609311e-10
1.370646e-10
2.189967e-10
4.798415e-10
3.136718e-10
7.020875e-10
8.744081e-10
6.086948e-10
4.885147e-10
1.970189e-09
3.351401e-10
1.124702e-09
3.412536e-10
8.387457e-10
9.582941e-10
6.168565e-10
4.886029e-10
1.971896e-09
3.427855e-10
1.125194e-09
3.413365e-10
8.387482e-10
9.583016e-10
6.168565e-10
4.886031e-10
1.971896e-09
3.427858e-10
1.125195e-09
3.413365e-10
8.387487e-10
9.583051e-10
6.168629e-10
4.886547e-10
1.975343e-09
3.434989e-10
1.136645e-09
3.422349e-10
8.395264e-10
1.232949e-09
1.007414e-09
4.194991e-10
2.277435e-09
1.268696e-09
6.524749e-09
3.255055e-09
2.943889e-08
7.735080e-09
2.123921e-08
5.162241e-08
1.143148e-08
1.110119e-08
1.261006e-08
1.547067e-09
3.515241e-09
1.459976e-08
1.502726e-08
2.393346e-09
3.240597e-09
1.715570e-07
2.169440e-08
5.003536e-09
9.426035e-09
4.920492e-09
8.242712e-10
6.822881e-10
3.599722e-10
7.839913e-10
6.007049e-10
2.472872e-09
3.623966e-09
1.047107e-08
8.060480e-09
1.780178e-09
2.756317e-09
2.790762e-09
8.773588e-10
3.331626e-09
3.232821e-09
3.718313e-09
5.187355e-09
4.843052e-09
6.070700e-10
3.332087e-09
1.426466e-08
1.310305e-08
6.835693e-09
4.912029e-09
8.729927e-08
2.829882e-08
4.816691e-09
3.534818e-08
1.922906e-08
9.038259e-10
1.192854e-09
2.402044e-08
1.080112e-08
6.992272e-09
2.777605e-08
1.043844e-07
1.335359e-07
5.934403e-08
1.157620e-08
3.007222e-09
6.683033e-08
4.237334e-08
5.738042e-08
4.397748e-08
5.750678e-08
2.317543e-09
1.083459e-08
6.023341e-08
2.445282e-07
2.013235e-07
6.338151e-08
3.855163e-09
1.625580e-09
5.280925e-10
4.032074e-09
2.585547e-05
7.461095e-09
2.495721e-09
1.873475e-08
6.021716e-09
7.882296e-09
9.635921e-08
1.449908e-07
7.040032e-09
2.760137e-09
3.492598e-08
1.939500e-08
3.263276e-08
9.663860e-08
6.126859e-08
3.945431e-07
5.770221e-08
8.805638e-08
4.153377e-08
9.074213e-08
5.012701e-07
1.290424e-07
2.277589e-07
1.902811e-07
2.903260e-07
1.540386e-07
2.823998e-03
2.939683e-08
1.988526e-08
4.130461e-08
6.798687e-09
4.557728e-08
1.291182e-08
1.872217e-06
1.180194e-07
1.035820e-06
1.622182e-08
2.128841e-07
4.365836e-07
2.610723e-08
1.333839e-07
1.602001e-07
1.900012e-08
1.497607e-08
3.177106e-08
1.232327e-07
2.560016e-07
9.099360e-08
3.107845e-08
9.413438e-07
1.090297e-07
4.904026e-08
2.187121e-07
8.375056e-09
1.193521e-08
3.084201e-08
8.963302e-08
7.575751e-08
3.221892e-08
2.372864e-08
1.347421e-08
2.440070e-09
1.454615e-09
1.309998e-09
3.321788e-09
6.888647e-10
6.216563e-10
5.010213e-11
6.718949e-10
2.897003e-09
1.679696e-09
1.925460e-09
1.474400e-08
7.725261e-09
5.343758e-09
9.162995e-09
9.767350e-09
2.523780e-09
1.486486e-09
4.681431e-10
7.635067e-10
4.845719e-10
5.497253e-10
3.202513e-10
1.703708e-09
1.024970e-09
4.623164e-09
4.374527e-09
1.501351e-09
5.971380e-10
1.283452e-10
1.938869e-10
2.520380e-10
2.739912e-10
4.623207e-10
6.916697e-10
5.343769e-10
4.151270e-10
2.054954e-09
3.074882e-10
9.732893e-10
3.293494e-10
5.821561e-10
8.083007e-10
5.529905e-10
4.152951e-10
2.059720e-09
3.210063e-10
9.743622e-10
3.295306e-10
5.821608e-10
8.083101e-10
5.529904e-10
4.152956e-10
2.059720e-09
3.210070e-10
9.743628e-10
3.295306e-10
5.821608e-10
8.083107e-10
5.529929e-10
4.153061e-10
2.061263e-09
3.210714e-10
9.798495e-10
3.297144e-10
5.824927e-10
8.534776e-10
8.156170e-10
3.934489e-10
2.356735e-09
8.182036e-10
2.691972e-09
1.597096e-09
2.067265e-08
7.542440e-09
2.186452e-08
5.277760e-08
1.550191e-08
1.390568e-08
2.245480e-08
1.314466e-09
3.296616e-09
1.354076e-08
2.779538e-09
2.254328e-09
3.914230e-09
1.175274e-07
2.146373e-08
5.676447e-09
6.684027e-09
6.117668e-09
1.535013e-09
6.168307e-10
3.128204e-10
4.591181e-10
2.713165e-10
6.738635e-10
1.758646e-09
5.748463e-09
4.955707e-09
2.815552e-09
2.303078e-09
1.653292e-09
7.234576e-10
1.308222e-09
2.211958e-09
2.960404e-09
4.022093e-09
3.816519e-09
6.803952e-10
2.545364e-09
9.286932e-09
8.060266e-09
6.430483e-09
5.189335e-09
1.210485e-08
1.554211e-08
6.401250e-09
2.377663e-08
1.311354e-08
2.811556e-09
3.546294e-09
2.204387e-08
8.992101e-09
6.927049e-09
2.495736e-08
8.209500e-08
1.234671e-07
5.904625e-08
1.349183e-08
4.496698e-09
4.371821e-08
2.947347e-08
6.273292e-08
3.389660e-08
3.619144e-08
1.497032e-09
6.709604e-09
5.075456e-08
2.247522e-07
1.934057e-07
7.331389e-08
6.688555e-09
1.408252e-09
1.888774e-09
3.259607e-09
1.715716e-08
7.461095e-09
3.661733e-05
1.758096e-08
6.293077e-09
8.693982e-09
9.504844e-08
4.818322e-08
7.436319e-09
1.158160e-07
1.451221e-08
1.412943e-08
3.385694e-08
7.668056e-08
4.328259e-08
3.068757e-07
4.424951e-08
5.762887e-08
2.904474e-08
9.473683e-08
4.291500e-07
1.443625e-07
3.123870e-07
2.150298e-07
3.339509e-07
1.970874e-07
5.368697e-03
4.995360e-08
3.967458e-08
3.354477e-08
1.053538e-08
5.578004e-08
1.549338e-08
1.923303e-06
6.101396e-08
1.469769e-06
2.031995e-08
9.194299e-08
1.786532e-07
2.060252e-08
1.271134e-07
1.047034e-07
2.477675e-08
1.921597e-08
3.066401e-08
6.912266e-08
2.096310e-07
1.444975e-07
4.266718e-08
1.039237e-06
1.183060e-07
5.736357e-08
2.894016e-07
8.729417e-09
1.808382e-08
3.306582e-08
7.921187e-08
7.349371e-08
3.256759e-08
2.573471e-08
1.727851e-08
4.163199e-09
5.240824e-09
5.105068e-10
3.135762e-09
6.678465e-10
5.324758e-10
5.229194e-11
2.810545e-10
7.088585e-10
1.357104e-09
1.399420e-09
1.499684e-08
6.032502e-09
4.425604e-09
8.390116e-09
9.673356e-09
2.526078e-09
2.523395e-09
8.104434e-10
6.401228e-10
5.523981e-10
6.208052e-10
6.357079e-10
3.934314e-10
4.653183e-10
3.865665e-09
4.431931e-09
1.518584e-09
8.323706e-10
2.575732e-10
1.120831e-10
2.145227e-10
2.803358e-10
3.053527e-10
4.095058e-10
4.663663e-10
3.782255e-10
1.773133e-09
3.948040e-10
7.343870e-10
4.402731e-10
4.639737e-10
5.191914e-10
5.082351e-10
3.811522e-10
1.782609e-09
4.941754e-10
7.361457e-10
4.409847e-10
4.639899e-10
5.192107e-10
5.082349e-10
3.811540e-10
1.782610e-09
4.941801e-10
7.361458e-10
4.409848e-10
4.639899e-10
5.192107e-10
5.082351e-10
3.811570e-10
1.782885e-09
4.942015e-10
7.365450e-10
4.410714e-10
4.641966e-10
5.237978e-10
5.341076e-10
4.027410e-10
2.232180e-09
8.537018e-10
9.760675e-10
6.778330e-10
4.079006e-09
7.114646e-09
2.063773e-08
4.725335e-08
1.916831e-08
1.678014e-08
3.185087e-08
2.295438e-09
2.778201e-09
9.126825e-09
1.740010e-09
1.786500e-09
1.193585e-09
7.708215e-08
2.206854e-08
5.939047e-09
6.205088e-09
6.799685e-09
1.080577e-09
1.167937e-09
4.802833e-10
2.166324e-10
3.037830e-10
8.601472e-10
6.987103e-10
2.849719e-09
2.981114e-09
1.621260e-09
2.246705e-09
2.632668e-09
7.108923e-10
9.144818e-10
2.380472e-09
1.809576e-09
3.048505e-09
3.241553e-09
8.373331e-10
1.759041e-09
6.340253e-09
5.258803e-09
5.786039e-09
5.912301e-09
6.124211e-09
9.730824e-09
2.888202e-09
1.268245e-08
1.299083e-08
1.082720e-08
3.243143e-09
3.346631e-08
6.589472e-09
8.117057e-09
3.079080e-08
2.669656e-08
9.911171e-08
5.306759e-08
1.427137e-08
5.511328e-09
2.664935e-08
2.287593e-08
6.626620e-08
3.499067e-08
1.405215e-08
2.342821e-09
4.008035e-09
3.327589e-08
1.406960e-07
1.774760e-07
7.750811e-08
8.952509e-09
3.396514e-09
4.446074e-09
4.071473e-09
1.308121e-08
5.398480e-09
2.495721e-09
1.758096e-08
7.745707e-05
1.100918e-08
7.986473e-08
4.753978e-08
6.704388e-09
4.465482e-09
1.155053e-08
1.492515e-07
1.465626e-08
7.498596e-08
4.905276e-08
1.131005e-07
3.488775e-08
4.542826e-08
1.953300e-08
6.156662e-08
3.098517e-07
1.715435e-07
2.899149e-07
2.181235e-07
3.857859e-07
2.153539e-07
8.927953e-03
1.604683e-07
7.900975e-08
2.741348e-08
1.021742e-08
5.968442e-08
2.635736e-08
1.853915e-06
5.006667e-08
1.930356e-06
2.180642e-08
3.780465e-08
5.897609e-08
1.221249e-08
1.300445e-07
4.314381e-08
2.397402e-08
3.308037e-08
3.324311e-08
3.832062e-08
1.321316e-07
2.337590e-07
4.091403e-08
1.200121e-06
1.257395e-07
7.123095e-08
4.178928e-07
1.326720e-08
2.607601e-08
3.450926e-08
8.108660e-08
5.212703e-08
2.795959e-08
2.595157e-08
2.127494e-08
1.260849e-08
1.184184e-08
1.065236e-08
1.555416e-09
6.333586e-10
5.074149e-10
6.108381e-11
3.496675e-10
1.341377e-10
2.422464e-10
1.896093e-09
2.009661e-08
3.536222e-09
8.214327e-09
9.906242e-09
8.490053e-09
2.428893e-09
4.472429e-09
6.531931e-09
3.288721e-10
6.184292e-10
1.623059e-09
1.118072e-09
8.754436e-10
1.284779e-10
1.445792e-09
4.794095e-09
1.349207e-09
1.217193e-09
1.952974e-09
1.220740e-10
1.291097e-10
7.825105e-10
5.166483e-10
4.214730e-10
2.775416e-10
3.397031e-10
1.887881e-09
4.953033e-10
1.165713e-09
6.469763e-10
1.027300e-09
6.561895e-10
3.890423e-10
3.457565e-10
1.957569e-09
8.063390e-10
1.181781e-09
6.489725e-10
1.027462e-09
6.563337e-10
3.890409e-10
3.457626e-10
1.957571e-09
8.063539e-10
1.181782e-09
6.489729e-10
1.027462e-09
6.563336e-10
3.890410e-10
3.457631e-10
1.957747e-09
8.063579e-10
1.181940e-09
6.489762e-10
1.027548e-09
6.574147e-10
3.944910e-10
3.560218e-10
2.639105e-09
1.100078e-09
1.062295e-09
1.498061e-09
1.824150e-09
3.375505e-09
1.811384e-08
3.809559e-08
2.043842e-08
2.319671e-08
6.368002e-08
5.976937e-09
1.034323e-08
2.663606e-09
1.202873e-09
1.799657e-09
4.445083e-10
4.148501e-08
1.843637e-08
5.917430e-09
7.886047e-09
8.091151e-09
1.311045e-09
5.696593e-09
1.393950e-09
4.492212e-10
4.582015e-10
8.286824e-10
2.125416e-09
9.660110e-09
3.435596e-09
1.294137e-09
4.281637e-09
3.344096e-09
1.271534e-09
2.989199e-09
8.663695e-09
2.653231e-09
2.789221e-09
3.137343e-09
2.032489e-09
2.960918e-09
3.411790e-09
7.012351e-09
8.563790e-09
6.713440e-09
5.622488e-09
1.236122e-08
3.543869e-09
2.017870e-08
7.690577e-09
1.405122e-09
1.495306e-08
5.769485e-08
1.245959e-08
1.311604e-08
6.344963e-08
1.278569e-08
3.487025e-08
4.959672e-08
1.613490e-08
4.472865e-09
2.373822e-08
2.339571e-08
8.965120e-08
4.199902e-08
8.326998e-09
2.662488e-09
2.118260e-08
9.833605e-09
6.219114e-08
1.199252e-07
8.784376e-08
9.180688e-09
5.085396e-09
5.792884e-08
1.352691e-08
1.900898e-08
4.079470e-09
1.746733e-09
1.873475e-08
6.293077e-09
1.100918e-08
1.202030e-04
6.641848e-08
6.826463e-09
6.944585e-09
1.207135e-08
7.372651e-09
1.438896e-08
3.853132e-07
1.464935e-07
8.659558e-08
3.903702e-08
6.639868e-08
2.027738e-08
6.745662e-08
2.163164e-07
1.550501e-07
3.998845e-07
2.431900e-07
3.575112e-07
2.441724e-07
1.517951e-02
7.350333e-07
6.324534e-07
2.060417e-08
1.239312e-08
9.346370e-08
2.547933e-08
2.429693e-06
3.523252e-08
5.718628e-06
3.838217e-08
3.567206e-08
3.267967e-08
7.492144e-09
1.816199e-07
2.687540e-08
3.637955e-08
6.124115e-08
5.167940e-08
4.229020e-08
1.204594e-07
5.508960e-07
7.117913e-08
1.494428e-06
1.207809e-07
1.115481e-07
1.009421e-06
3.179086e-08
6.143681e-08
3.426185e-08
9.457721e-08
8.761648e-08
1.135377e-08
2.749533e-08
2.708126e-08
4.221878e-08
9.421903e-08
3.162909e-08
4.820394e-09
1.403014e-10
2.459601e-10
4.781578e-11
3.164212e-10
2.931030e-10
2.598832e-10
3.239844e-10
2.875227e-09
6.247510e-09
2.422547e-08
2.409731e-08
2.709184e-09
1.546503e-09
6.527614e-09
1.082946e-08
2.106299e-09
7.554529e-10
2.736762e-09
4.025715e-09
1.001860e-09
9.071583e-10
7.548007e-10
4.763085e-10
2.578637e-09
3.345279e-09
2.687272e-09
6.595019e-10
1.819614e-10
1.221689e-09
2.264973e-09
3.330111e-10
4.207213e-10
4.971642e-10
9.234487e-10
8.156634e-10
1.129103e-09
4.046765e-09
1.808491e-09
1.244087e-09
8.702983e-10
4.413191e-10
1.036107e-09
2.440633e-09
1.170094e-09
4.076728e-09
1.808966e-09
1.245008e-09
8.702898e-10
4.413515e-10
1.036111e-09
2.440711e-09
1.170095e-09
4.076734e-09
1.808966e-09
1.245007e-09
8.702898e-10
4.413515e-10
1.036127e-09
2.440713e-09
1.170115e-09
4.076735e-09
1.808966e-09
1.245316e-09
8.711482e-10
4.442032e-10
1.109102e-09
2.653963e-09
1.262325e-09
5.072092e-09
2.787755e-09
1.096726e-09
3.810788e-09
1.931347e-08
2.190160e-08
2.527225e-08
7.391680e-08
1.393490e-08
2.055403e-08
1.566200e-08
5.432210e-10
1.248443e-09
1.336979e-09
2.677904e-09
5.667691e-09
3.392874e-08
5.300238e-09
6.387990e-09
3.551526e-09
1.167113e-08
7.514047e-09
1.555250e-09
2.169374e-09
5.407041e-09
1.179100e-09
9.414217e-10
2.012132e-08
9.491444e-08
7.924268e-09
4.063505e-09
9.592038e-09
1.057078e-08
2.501743e-08
5.272528e-09
4.497935e-09
1.102498e-08
7.631293e-09
2.797616e-09
5.217782e-09
1.463121e-08
2.930984e-08
8.954206e-09
1.608158e-09
1.474324e-08
4.889016e-08
3.604258e-09
1.277697e-08
1.742498e-08
1.584541e-08
1.810158e-07
2.000259e-08
3.605819e-08
9.806409e-08
8.702116e-09
1.041692e-08
3.145786e-08
1.442493e-08
3.837509e-09
1.490787e-08
4.528212e-08
1.609698e-07
5.142186e-08
7.619310e-09
4.438267e-09
2.900768e-08
2.410833e-08
1.128979e-08
3.542834e-07
8.354878e-08
1.051803e-08
4.918260e-09
9.660686e-08
2.269442e-07
3.969167e-08
5.482608e-09
1.887811e-09
1.322776e-08
6.021716e-09
8.693982e-09
7.986473e-08
6.641848e-08
8.708337e-04
1.754308e-07
6.584095e-09
3.355642e-09
2.862044e-08
1.558992e-07
6.731499e-08
2.122032e-06
3.342484e-07
3.101040e-07
3.465561e-08
4.438259e-08
1.013906e-07
2.468860e-07
6.645563e-07
1.889396e-07
2.993769e-07
2.556132e-07
1.902702e-02
1.085898e-06
1.562954e-06
4.171846e-08
3.366018e-08
2.023559e-07
2.534768e-08
2.731612e-06
1.406268e-08
8.022610e-06
1.440713e-07
3.077984e-08
2.994202e-08
3.603156e-09
2.864141e-07
2.850267e-08
1.234923e-07
9.681600e-08
6.053972e-08
1.501717e-08
1.138579e-07
1.608664e-06
1.358716e-07
1.969454e-06
8.783378e-08
1.763069e-07
1.656249e-06
1.066063e-07
1.012862e-07
6.073163e-08
1.176058e-07
1.518559e-07
1.800920e-08
1.298068e-08
2.992614e-08
8.969749e-08
1.765494e-07
1.477005e-07
1.164765e-08
2.253882e-09
6.726412e-11
4.935379e-11
3.061905e-10
6.996375e-10
1.740270e-09
2.216540e-10
1.473440e-09
2.156432e-09
7.809557e-09
3.757087e-08
2.611392e-08
1.882968e-09
7.081314e-09
2.347766e-08
4.368977e-09
2.879271e-09
1.094193e-08
7.888637e-09
4.002086e-09
1.144811e-09
2.804624e-09
4.937980e-10
4.192053e-10
1.171884e-09
5.462633e-09
3.256150e-09
7.182716e-10
5.197657e-09
4.272549e-09
1.846772e-09
3.694025e-10
4.348355e-10
2.220374e-09
1.901584e-09
2.238205e-09
5.809411e-09
6.332143e-09
1.995762e-09
1.803776e-09
5.421303e-10
2.068504e-09
7.564626e-09
2.594563e-09
5.908212e-09
6.339169e-09
1.998563e-09
1.803677e-09
5.424949e-10
2.068527e-09
7.564896e-09
2.594573e-09
5.908231e-09
6.339170e-09
1.998561e-09
1.803678e-09
5.424953e-10
2.068530e-09
7.564897e-09
2.594582e-09
5.908235e-09
6.339175e-09
1.998598e-09
1.803918e-09
5.429339e-10
2.083608e-09
7.635401e-09
2.829009e-09
6.771907e-09
7.281449e-09
3.502528e-09
4.398910e-09
7.156520e-09
2.133905e-08
2.398477e-08
7.940339e-08
3.039108e-08
5.710531e-08
6.133536e-08
2.485006e-09
8.768911e-10
3.148822e-09
1.339748e-09
1.094157e-09
5.153320e-09
1.319798e-08
4.859029e-08
4.554315e-09
2.075178e-08
3.041440e-08
6.609687e-09
8.378351e-09
4.950399e-08
1.177622e-08
5.360585e-09
2.035303e-09
8.929895e-09
2.099698e-07
3.464812e-07
2.971270e-08
3.128429e-08
1.062587e-07
2.849033e-08
3.454639e-09
9.918191e-09
2.450541e-08
4.184078e-08
1.851152e-08
2.296053e-08
6.433268e-08
5.855973e-08
2.339738e-09
1.015338e-08
1.192167e-07
2.127359e-08
3.385836e-08
6.168943e-08
3.890399e-08
3.274204e-07
8.920757e-08
5.538988e-08
3.769458e-07
1.818113e-08
4.450191e-09
2.367603e-08
2.159592e-08
2.323563e-08
1.387345e-08
7.714467e-08
3.191323e-07
1.004450e-07
3.492585e-08
6.993824e-09
6.193150e-08
5.093792e-08
1.659799e-08
9.991815e-08
3.985305e-07
4.325449e-07
4.237280e-08
1.298714e-07
5.387742e-07
3.798055e-07
1.283421e-08
5.208195e-09
2.037361e-08
6.247707e-09
7.882296e-09
9.504844e-08
4.753978e-08
6.826463e-09
1.754308e-07
1.647634e-03
2.161074e-07
3.130030e-08
3.960800e-07
1.341238e-07
1.146104e-08
1.260144e-07
7.641277e-06
4.028876e-07
1.062138e-06
1.033397e-07
2.647253e-07
5.428399e-07
4.644350e-07
1.299173e-06
1.888645e-07
2.578475e-02
1.584260e-06
3.147894e-06
1.618923e-07
3.165883e-07
6.112982e-07
3.980089e-08
4.652246e-06
1.257889e-08
1.791896e-05
1.629361e-07
1.027649e-07
1.116519e-07
1.758641e-08
1.041982e-06
5.093097e-08
9.200091e-08
1.800667e-07
7.760856e-07
5.410163e-08
1.422223e-07
3.101777e-06
3.560648e-07
4.841147e-06
1.632027e-07
2.314220e-07
2.969757e-06
2.076709e-07
2.667395e-07
1.625259e-07
2.718270e-07
2.699341e-07
2.505501e-08
5.582022e-08
5.592574e-08
2.009173e-07
2.926174e-07
3.411734e-07
6.988973e-08
4.934122e-09
4.728971e-07
3.137012e-11
2.946921e-10
7.067732e-10
3.880945e-09
1.889801e-09
2.006915e-09
1.020740e-09
9.373400e-09
3.083913e-08
5.025043e-09
1.331242e-08
3.143056e-08
2.797716e-08
6.339380e-09
4.246063e-09
2.948218e-08
1.593908e-08
8.017547e-09
2.492248e-09
3.065538e-09
1.252454e-09
9.935763e-10
1.614332e-09
3.356211e-09
1.086074e-09
3.278643e-09
1.449457e-08
9.585688e-09
3.048447e-09
3.409865e-10
7.856852e-10
1.584186e-09
2.006403e-09
4.431884e-09
8.527713e-09
7.312463e-09
3.895535e-09
1.718955e-09
8.054099e-10
2.047523e-09
8.335276e-09
5.785083e-09
9.502643e-09
7.336495e-09
3.937535e-09
1.718639e-09
8.099825e-10
2.047780e-09
8.337981e-09
5.785121e-09
9.502834e-09
7.336501e-09
3.937509e-09
1.718640e-09
8.099865e-10
2.047782e-09
8.337982e-09
5.785126e-09
9.502837e-09
7.336503e-09
3.937582e-09
1.718753e-09
8.110107e-10
2.054263e-09
8.370007e-09
5.858644e-09
1.074698e-08
8.111349e-09
4.209859e-09
2.979112e-09
1.171137e-08
2.984896e-08
2.438703e-08
7.559732e-08
3.307755e-08
9.572157e-08
1.557705e-07
5.777437e-09
3.533466e-09
3.810551e-09
1.614277e-09
1.862201e-09
4.706091e-09
2.877150e-09
1.058736e-08
1.714406e-08
7.744269e-08
4.289889e-08
1.185638e-08
2.677382e-08
2.255039e-07
9.700145e-08
9.674003e-09
1.500266e-08
4.675532e-08
6.944451e-09
3.152547e-08
4.541473e-07
7.608000e-07
2.198203e-07
4.386718e-08
2.360990e-08
2.325755e-08
2.295272e-08
2.075005e-08
4.527773e-08
1.310363e-07
1.018848e-07
3.732434e-08
1.083742e-07
6.071203e-08
1.465225e-07
1.659322e-08
3.524098e-09
3.513311e-08
9.280579e-07
5.595323e-07
1.467009e-07
1.335530e-07
4.818114e-07
5.409153e-08
3.607448e-09
4.037634e-08
4.278905e-08
3.291251e-09
1.854747e-08
1.116681e-07
3.852104e-07
1.906662e-07
2.921207e-08
1.642807e-08
1.510216e-07
1.224103e-07
2.558483e-08
2.059074e-07
8.295504e-08
2.356484e-08
4.026055e-07
7.968416e-07
6.970239e-07
7.769002e-07
5.746592e-08
1.198602e-08
5.425641e-08
1.094144e-08
2.320869e-08
9.635921e-08
4.818322e-08
6.704388e-09
6.944585e-09
6.584095e-09
2.161074e-07
2.452600e-03
7.219492e-07
2.067732e-07
6.295545e-09
9.174465e-08
3.686853e-07
2.670348e-07
1.256905e-05
5.631431e-07
2.412858e-06
6.933443e-07
1.376744e-07
3.974543e-07
9.098191e-07
3.765377e-02
1.872978e-06
5.937016e-06
3.437630e-07
1.740350e-06
5.972366e-06
9.663843e-08
1.147979e-05
1.973437e-08
3.553727e-05
3.737084e-07
1.577075e-07
2.035382e-07
4.922203e-08
4.960389e-06
1.823672e-07
5.556152e-07
2.803978e-07
3.710271e-07
5.511830e-07
1.906917e-06
8.722676e-06
5.461082e-07
1.390629e-05
3.687537e-07
2.054755e-06
4.996588e-06
2.390064e-07
6.533501e-07
4.273003e-07
8.924501e-07
8.037554e-07
2.577907e-08
9.477969e-08
2.958263e-07
4.844836e-07
5.131955e-07
5.225383e-07
1.669730e-07
1.495280e-08
1.400152e-06
2.794944e-08
2.060261e-10
6.944957e-10
3.866995e-09
3.974942e-09
5.018490e-09
5.665563e-10
4.554494e-09
2.578676e-08
6.645897e-09
3.860939e-09
9.078532e-09
4.099617e-08
2.904295e-08
4.948321e-09
2.931726e-08
1.937681e-08
1.124272e-08
3.450795e-09
3.520256e-09
1.669251e-09
9.773148e-10
1.031771e-09
3.876583e-09
1.609350e-09
9.884091e-10
1.222873e-08
1.349522e-08
5.740104e-09
3.762238e-10
4.685081e-10
1.170737e-09
2.218597e-09
2.717878e-09
7.600406e-09
9.199195e-09
4.826027e-09
1.767651e-09
8.989935e-10
1.683497e-09
8.953217e-09
4.234898e-09
8.854403e-09
9.278190e-09
4.916808e-09
1.766951e-09
9.073404e-10
1.684119e-09
8.959681e-09
4.234979e-09
8.854635e-09
9.278203e-09
4.916754e-09
1.766952e-09
9.073476e-10
1.684120e-09
8.959683e-09
4.234982e-09
8.854635e-09
9.278204e-09
4.916774e-09
1.766997e-09
9.075644e-10
1.688714e-09
8.984437e-09
4.235575e-09
9.252235e-09
1.003370e-08
5.535135e-09
1.901289e-09
5.135368e-09
1.441652e-08
2.388363e-08
8.240878e-08
3.485478e-08
9.683959e-08
1.689342e-07
1.879424e-08
7.126264e-09
4.647540e-09
2.310607e-09
3.234036e-09
4.868053e-09
1.834215e-09
5.576120e-09
6.314608e-09
3.899895e-08
8.802163e-08
5.296358e-08
1.783671e-08
2.608556e-07
2.293390e-07
9.140717e-09
6.889167e-09
1.785148e-08
2.603943e-08
8.127814e-08
9.812177e-09
6.346079e-08
7.549501e-07
7.888990e-07
4.006395e-08
1.883924e-08
6.603728e-08
1.675727e-08
1.168773e-08
6.039396e-08
1.299179e-07
1.409667e-07
1.593332e-08
8.832827e-09
4.333763e-07
7.492865e-08
6.089910e-09
4.150535e-09
2.307441e-08
6.262789e-07
1.049586e-06
1.729892e-07
5.697570e-07
1.359621e-07
7.580213e-09
2.151593e-08
9.044119e-08
1.587053e-08
4.970346e-09
8.834543e-08
3.909634e-07
2.266460e-07
5.448810e-08
1.179969e-08
1.433723e-07
2.090109e-07
5.295631e-08
2.140182e-07
1.035770e-07
7.708901e-08
3.159531e-09
1.163832e-07
1.126042e-06
1.460937e-06
1.122098e-07
2.553152e-08
5.946718e-08
5.515539e-08
1.530877e-08
7.065205e-08
1.449908e-07
7.436319e-09
4.465482e-09
1.207135e-08
3.355642e-09
3.130030e-08
7.219492e-07
2.588645e-03
2.297311e-07
8.226706e-08
3.212828e-07
6.376510e-07
1.159803e-07
6.944274e-07
1.336293e-05
1.477891e-06
2.189579e-06
4.198941e-07
1.735073e-07
3.936110e-02
2.939528e-06
9.506108e-06
4.440971e-07
3.090977e-06
1.712612e-05
1.811981e-07
2.586917e-05
4.856516e-08
3.803646e-05
5.612150e-07
5.445034e-07
3.296185e-07
2.185774e-07
5.453036e-06
3.849726e-07
3.580473e-07
5.151039e-07
1.334185e-06
1.622371e-07
1.576227e-07
1.175415e-05
2.646819e-06
2.591077e-05
1.552259e-07
6.189165e-07
5.459369e-06
1.802793e-06
1.159832e-06
4.609656e-07
2.158315e-06
1.441360e-06
3.740292e-08
1.789545e-07
5.659113e-07
6.904281e-07
5.098263e-07
5.711171e-07
3.024702e-07
2.316353e-08
2.828298e-06
6.594334e-08
5.725950e-08
5.649245e-10
3.738013e-09
3.964085e-09
6.497607e-09
8.339484e-10
1.514886e-09
1.022797e-08
2.867217e-09
2.124771e-09
7.775658e-09
2.904629e-08
9.018228e-09
1.524918e-08
4.123036e-08
1.771164e-08
1.944016e-08
3.543933e-09
3.713065e-09
1.751161e-09
1.107341e-09
1.725460e-09
8.198573e-10
6.221034e-10
3.683571e-09
1.203549e-08
1.034330e-08
8.243748e-09
8.759984e-10
4.520169e-10
8.712925e-10
1.386778e-09
1.954586e-09
4.928216e-09
6.299806e-09
3.777074e-09
3.140210e-09
1.843269e-09
1.204806e-09
9.075316e-09
3.454967e-09
5.882784e-09
6.592325e-09
3.930536e-09
3.145018e-09
1.873346e-09
1.205687e-09
9.086316e-09
3.455100e-09
5.883065e-09
6.592341e-09
3.930448e-09
3.145021e-09
1.873372e-09
1.205687e-09
9.086319e-09
3.455100e-09
5.883065e-09
6.592341e-09
3.930457e-09
3.145030e-09
1.873379e-09
1.206075e-09
9.105171e-09
3.456308e-09
5.968776e-09
6.703523e-09
4.303474e-09
3.104060e-09
4.734624e-09
6.351479e-09
6.651165e-09
2.129425e-08
3.615042e-08
1.199615e-07
1.730515e-07
1.881993e-08
1.573246e-08
6.920028e-09
6.259249e-09
3.744902e-09
4.155789e-09
2.521485e-09
2.831179e-09
4.920327e-09
3.003155e-08
6.577357e-08
3.270244e-08
3.641396e-08
2.888049e-07
2.792227e-07
5.749907e-09
1.546662e-08
1.522132e-08
7.516704e-09
1.435353e-08
2.822336e-08
1.125450e-07
1.799725e-07
7.409275e-08
5.688559e-07
6.872596e-07
7.131621e-08
8.236649e-09
2.628503e-08
4.908623e-08
8.464799e-08
4.995247e-08
3.815025e-08
1.016979e-07
1.411788e-07
2.005849e-08
3.374656e-07
5.674728e-08
2.569328e-08
3.686630e-07
1.507475e-07
2.073129e-07
1.428509e-06
2.381665e-07
3.339448e-08
4.382686e-08
9.022769e-08
6.639496e-09
9.089494e-09
7.089175e-08
3.067769e-07
2.017589e-07
6.414203e-08
3.285410e-08
1.952299e-07
1.862266e-07
5.650427e-08
2.397764e-07
1.019318e-07
3.735352e-07
8.203530e-09
6.747718e-08
5.229975e-07
7.926022e-07
5.334824e-07
5.448161e-07
1.366640e-07
6.270679e-08
4.543652e-08
4.075139e-08
3.014455e-08
7.040032e-09
1.158160e-07
1.155053e-08
7.372651e-09
2.862044e-08
3.960800e-07
2.067732e-07
2.297311e-07
2.582449e-03
4.351829e-07
2.878912e-07
5.936461e-08
6.594787e-07
4.447015e-07
1.487657e-06
1.298021e-05
7.005200e-07
2.369557e-06
4.017060e-02
1.665655e-06
9.442035e-06
1.416125e-06
4.721844e-06
2.238311e-05
3.461913e-07
4.324422e-05
9.364059e-08
4.898309e-05
5.402331e-07
3.101044e-07
5.048122e-07
4.534977e-07
8.013815e-06
4.647423e-07
3.951344e-07
2.981090e-07
1.049745e-06
4.886611e-07
6.122366e-07
9.233701e-06
8.433999e-07
4.353303e-05
1.885369e-06
6.415206e-07
4.997669e-06
2.209215e-07
1.509606e-06
1.948652e-06
2.422409e-06
2.245017e-06
4.969429e-08
2.872907e-07
8.615810e-07
9.189748e-07
4.522476e-07
4.548793e-07
2.983035e-07
5.739653e-08
3.821711e-06
1.069434e-07
1.174430e-07
4.885085e-08
2.583026e-09
3.922441e-09
6.430903e-09
7.965331e-10
1.043077e-09
1.708628e-09
1.367881e-09
9.193365e-10
2.700447e-09
1.310757e-08
9.996541e-09
3.187082e-09
2.046086e-08
2.020099e-08
2.411497e-08
6.286411e-09
1.758090e-09
1.609526e-09
1.069680e-09
1.587117e-09
6.562429e-10
3.752655e-10
2.185360e-10
7.460676e-09
1.030196e-08
8.254110e-09
8.577172e-10
5.582877e-10
2.835138e-10
1.092199e-09
7.248426e-10
2.217892e-09
1.818545e-09
2.489704e-09
7.241339e-10
1.106516e-09
2.053290e-09
3.096196e-09
2.402877e-09
3.646222e-09
1.861363e-09
2.668922e-09
7.343269e-10
1.182251e-09
2.057589e-09
3.108312e-09
2.403234e-09
3.646712e-09
1.861388e-09
2.668803e-09
7.343343e-10
1.182316e-09
2.057590e-09
3.108316e-09
2.403234e-09
3.646712e-09
1.861388e-09
2.668804e-09
7.343354e-10
1.182317e-09
2.057683e-09
3.108784e-09
2.403584e-09
3.659113e-09
1.874256e-09
2.715153e-09
9.267634e-10
2.521399e-09
3.953516e-09
2.638542e-09
3.244793e-09
6.885734e-09
6.030503e-08
1.537134e-07
4.235104e-08
2.114856e-08
3.630245e-09
1.262049e-08
1.331360e-08
1.938952e-09
1.689945e-09
2.317102e-09
7.069383e-09
1.941216e-08
5.666278e-08
1.187797e-08
1.202461e-08
2.506741e-07
3.449695e-07
5.900631e-09
4.178327e-09
8.304941e-09
8.966456e-09
1.981994e-08
6.022161e-09
2.084373e-08
1.334895e-07
1.130517e-07
1.561364e-08
4.390179e-08
4.237464e-07
4.322935e-07
1.264742e-08
2.771997e-08
6.206777e-08
2.331660e-08
5.129817e-09
1.370259e-08
7.035697e-08
9.171381e-08
7.314491e-09
2.603316e-09
3.896698e-07
3.542167e-07
7.143120e-08
5.641932e-08
2.514125e-07
2.908174e-07
8.902985e-07
3.574868e-08
1.167837e-07
1.213813e-08
6.604483e-09
1.967283e-08
9.763693e-08
1.539893e-07
5.181751e-08
3.781266e-08
2.356934e-07
2.030927e-07
3.434678e-08
1.354399e-07
8.003649e-08
6.223909e-07
1.237983e-08
1.923468e-08
2.311708e-07
5.316711e-07
6.982355e-08
2.875463e-08
3.225516e-07
4.103773e-07
9.184372e-08
7.837973e-09
9.838841e-09
5.004813e-09
2.760137e-09
1.451221e-08
1.492515e-07
1.438896e-08
1.558992e-07
1.341238e-07
6.295545e-09
8.226706e-08
4.351829e-07
2.571739e-03
2.972323e-08
9.437667e-07
2.666733e-07
1.305476e-06
1.261638e-07
1.054649e-06
1.226300e-05
4.036648e-02
3.998147e-06
1.011993e-05
4.311670e-07
3.994458e-06
2.653254e-05
7.304301e-07
7.930495e-05
3.111171e-07
7.165417e-05
5.716818e-07
3.379023e-07
6.023708e-07
2.715686e-07
9.726118e-06
5.708857e-07
3.208407e-07
3.856904e-07
1.309788e-06
3.630961e-07
7.646609e-08
8.903961e-06
1.247685e-06
5.200858e-05
1.379361e-07
2.908086e-06
6.022820e-06
1.823658e-07
1.424929e-06
4.657991e-07
2.993471e-06
3.442097e-06
8.115205e-08
4.046421e-07
1.460364e-06
1.179559e-06
4.232078e-07
3.032158e-07
2.648154e-07
2.973259e-08
5.862701e-06
1.352636e-07
3.758728e-07
1.025347e-07
1.505905e-08
3.218394e-09
6.026187e-09
8.270393e-10
5.598722e-10
4.149137e-09
3.942198e-10
2.742748e-10
1.082264e-08
8.981461e-09
7.001694e-09
4.035038e-09
9.990997e-09
5.319574e-09
1.985774e-08
2.682688e-08
2.132698e-08
2.335939e-09
6.703734e-10
5.092800e-09
2.156093e-10
4.568729e-09
1.281852e-10
1.708741e-09
2.503120e-09
6.251540e-09
4.220086e-09
7.514145e-09
4.277206e-10
3.166907e-10
1.169351e-09
4.134392e-10
8.401387e-10
7.989060e-10
6.506818e-10
1.528525e-09
8.337789e-10
3.458930e-09
9.341249e-10
2.822880e-09
1.013692e-09
1.261762e-09
6.821064e-10
2.145928e-09
8.497293e-10
3.536809e-09
9.350560e-10
2.825876e-09
1.013844e-09
1.261278e-09
6.821509e-10
2.146469e-09
8.497332e-10
3.536834e-09
9.350563e-10
2.825876e-09
1.013844e-09
1.261278e-09
6.821511e-10
2.146469e-09
8.497503e-10
3.537010e-09
9.350575e-10
2.830996e-09
1.016416e-09
1.293181e-09
7.405511e-10
3.241679e-09
1.409031e-09
3.003323e-09
1.623158e-09
3.202223e-09
1.205347e-08
1.073835e-07
2.183023e-08
2.984663e-08
2.950760e-08
6.254490e-08
2.802753e-08
1.425662e-08
4.354111e-09
1.276348e-09
4.972052e-08
3.137052e-09
4.338743e-07
1.136170e-08
6.480981e-09
8.733873e-08
4.384396e-07
2.810381e-08
2.885781e-08
1.168453e-08
8.148820e-09
6.819033e-09
1.378593e-08
1.708495e-07
5.641361e-08
8.067338e-08
1.279972e-07
1.764717e-07
8.376331e-08
1.734899e-08
2.499939e-07
2.662767e-07
3.038867e-08
2.178954e-08
3.056640e-08
1.655139e-08
4.429524e-08
1.930681e-08
2.199201e-08
5.326123e-08
3.481019e-08
2.379653e-07
6.414823e-07
3.029809e-08
8.921048e-07
2.133760e-07
4.076719e-08
1.447281e-07
2.834701e-07
4.589308e-08
3.172733e-08
2.300693e-08
6.983431e-08
3.162955e-08
8.012714e-08
4.162329e-08
2.670271e-07
5.923721e-07
8.209800e-08
1.112486e-07
3.806306e-08
9.554101e-07
4.671470e-08
1.427114e-07
7.367150e-08
2.078724e-07
2.720368e-07
3.282970e-08
1.665886e-07
1.795893e-07
2.874075e-06
2.409464e-08
3.041525e-08
8.708800e-09
1.930351e-09
3.492598e-08
1.412943e-08
1.465626e-08
3.853132e-07
6.731499e-08
1.146104e-08
9.174465e-08
3.212828e-07
2.878912e-07
2.972323e-08
2.627691e-03
2.519071e-07
4.124493e-06
4.285358e-08
2.057206e-06
1.456421e-07
4.113186e-02
1.305457e-05
1.216981e-05
5.436530e-06
4.923705e-06
3.425785e-05
3.976485e-07
1.697656e-04
8.275777e-07
3.425893e-04
1.675466e-06
7.413100e-07
1.531964e-06
5.086676e-07
3.856900e-05
4.479350e-07
1.124554e-06
4.359616e-07
1.819648e-06
2.560962e-06
3.474526e-07
9.857434e-06
5.711259e-07
1.023929e-04
7.481910e-07
1.393050e-06
5.000374e-06
2.866038e-06
4.431495e-06
8.382628e-07
3.945092e-06
5.165237e-06
2.297102e-07
2.619291e-06
2.473621e-06
5.796013e-06
6.005022e-07
1.984188e-07
5.775284e-07
5.938731e-08
1.972288e-05
1.503343e-07
7.534691e-07
7.333126e-07
9.622792e-08
2.217488e-08
3.743774e-09
7.723767e-10
5.160995e-10
4.302367e-09
2.969064e-09
5.398589e-10
1.401551e-08
7.576170e-09
7.094286e-08
3.939212e-09
2.787863e-08
7.344418e-09
2.371854e-08
2.822058e-08
2.814863e-08
2.420255e-08
5.209830e-09
1.617231e-08
9.844798e-10
9.298058e-09
6.705321e-10
4.347218e-09
3.150145e-09
1.259236e-08
1.617923e-09
8.833122e-09
5.191283e-09
1.999365e-09
2.456751e-09
7.409749e-10
2.370976e-09
1.335739e-09
3.866218e-09
2.678083e-09
2.844843e-09
4.869356e-09
3.241464e-09
1.942558e-09
3.772637e-09
6.208251e-09
2.636735e-09
4.620153e-09
3.111482e-09
5.210160e-09
3.257984e-09
1.950744e-09
3.775070e-09
6.201170e-09
2.637450e-09
4.621813e-09
3.111539e-09
5.210270e-09
3.257989e-09
1.950744e-09
3.775070e-09
6.201170e-09
2.637450e-09
4.621814e-09
3.111553e-09
5.210367e-09
3.257988e-09
1.951717e-09
3.777116e-09
6.210516e-09
2.671346e-09
5.698581e-09
4.450901e-09
5.267505e-09
3.684064e-09
6.913158e-09
1.297668e-08
7.821948e-08
2.035518e-08
3.539697e-08
2.291975e-08
1.676133e-07
1.043206e-07
2.016590e-08
7.299539e-08
8.446822e-10
7.696559e-08
6.452559e-09
1.462135e-08
1.097068e-08
8.841926e-07
3.825731e-08
4.548092e-07
1.936666e-08
7.124507e-08
7.355082e-08
1.234507e-07
2.812404e-08
2.685716e-08
2.801820e-08
1.374161e-07
2.240068e-06
2.753322e-07
4.358930e-07
1.199275e-06
3.314606e-07
6.319597e-08
1.029062e-07
4.560695e-07
3.430405e-07
4.680782e-08
1.037576e-07
9.230650e-08
1.009409e-07
3.935731e-08
4.166634e-08
1.206557e-07
2.916871e-07
1.103113e-07
5.833468e-08
1.186108e-06
6.410245e-07
1.261978e-06
8.235930e-08
1.255150e-06
1.707212e-07
4.075376e-07
2.079312e-08
1.072868e-07
2.683011e-08
6.539000e-08
3.739081e-08
3.091635e-07
6.876253e-07
3.124100e-07
3.464150e-07
4.098348e-08
1.713731e-06
3.593542e-08
1.556989e-07
1.796062e-07
2.158794e-07
1.681939e-07
3.748552e-08
1.297454e-06
2.246729e-07
3.757123e-06
2.679905e-07
1.609621e-07
1.224626e-07
7.199760e-09
3.966672e-08
1.939500e-08
3.385694e-08
7.498596e-08
1.464935e-07
2.122032e-06
1.260144e-07
3.686853e-07
6.376510e-07
5.936461e-08
9.437667e-07
2.519071e-07
1.334641e-02
3.384065e-08
6.695127e-05
6.409583e-08
4.163926e-02
4.996492e-07
1.637660e-05
2.005229e-05
6.264339e-06
5.637631e-05
6.472405e-07
2.792074e-04
1.250845e-06
5.232850e-04
2.107120e-05
3.000915e-06
5.731664e-06
9.903674e-07
7.391002e-05
9.214322e-07
2.041951e-06
3.893374e-06
2.588023e-06
3.960103e-06
6.070678e-07
1.742864e-05
2.002238e-06
1.293559e-04
3.364650e-07
2.430009e-06
8.043035e-06
1.201382e-06
1.409825e-05
6.946592e-06
7.760832e-06
8.354604e-06
5.263725e-07
4.469479e-06
8.081714e-06
8.333847e-06
1.721336e-06
1.715241e-07
1.815333e-06
3.442327e-07
3.412060e-05
1.875066e-07
2.277913e-06
1.017539e-06
1.466171e-06
7.506415e-08
8.400064e-08
2.267435e-10
4.068315e-10
4.191176e-09
4.162131e-09
1.037604e-09
5.625092e-10
1.444795e-09
2.746656e-08
5.703300e-09
9.693940e-08
4.937696e-09
2.126496e-08
3.406159e-08
3.318599e-08
2.214882e-08
1.473194e-08
2.001637e-08
1.623624e-09
1.498871e-08
9.421450e-10
1.205671e-08
5.071715e-10
2.867633e-09
4.630390e-09
1.631801e-08
3.065729e-09
5.568353e-09
3.555633e-09
6.145464e-10
2.250056e-09
7.857553e-10
4.361704e-09
2.486088e-09
4.851711e-09
5.478828e-09
4.434069e-09
3.044699e-09
1.832637e-09
8.988170e-09
4.029344e-09
4.887246e-09
5.273689e-09
6.151511e-09
4.470568e-09
3.081977e-09
1.836665e-09
8.973130e-09
4.030868e-09
4.890255e-09
5.273765e-09
6.151725e-09
4.470578e-09
3.081977e-09
1.836665e-09
8.973130e-09
4.030868e-09
4.890255e-09
5.273767e-09
6.151764e-09
4.470578e-09
3.082356e-09
1.836740e-09
8.974612e-09
4.034376e-09
4.980522e-09
5.384124e-09
7.443557e-09
5.537275e-09
5.666802e-09
4.149101e-09
3.409479e-08
1.161840e-08
4.415627e-08
2.078649e-08
2.082978e-07
1.056944e-07
4.073655e-08
1.336244e-07
7.407769e-10
1.061349e-07
8.267574e-09
5.805520e-09
5.377657e-09
1.653506e-08
2.473173e-08
1.296155e-06
2.389937e-08
7.327575e-08
5.971581e-08
1.454760e-07
5.772922e-08
6.643090e-08
2.317275e-08
2.502596e-08
3.930889e-08
1.430522e-07
2.806024e-06
4.554907e-07
5.314300e-07
1.182928e-06
3.380343e-07
1.772580e-07
1.735662e-08
1.869299e-07
4.702988e-07
9.943110e-08
1.595435e-07
4.807116e-08
9.948685e-08
1.656165e-07
6.301488e-08
8.646847e-08
1.314090e-07
7.321899e-08
1.921722e-07
5.176292e-06
4.463520e-07
2.469856e-06
2.187138e-07
7.023642e-07
5.268283e-08
1.045334e-07
1.528977e-08
8.597278e-08
3.029052e-08
2.193645e-07
6.131491e-07
4.107992e-07
2.746282e-07
8.281974e-08
2.200652e-06
5.674899e-08
1.798318e-07
1.427251e-07
2.356571e-07
8.125147e-08
3.775398e-07
6.285299e-07
2.163762e-07
4.898657e-06
3.516810e-07
7.753214e-07
1.364978e-07
3.309796e-08
5.744082e-08
1.420023e-08
3.263276e-08
7.668056e-08
4.905276e-08
8.659558e-08
3.342484e-07
7.641277e-06
2.670348e-07
1.159803e-07
6.594787e-07
2.666733e-07
4.124493e-06
3.384065e-08
1.354034e-02
5.593691e-08
4.174414e-02
1.613715e-07
2.009420e-05
9.130914e-07
6.721609e-06
6.712619e-05
7.261027e-07
3.424060e-04
1.651524e-06
6.085833e-04
4.238082e-05
5.697227e-06
1.067504e-05
2.884776e-06
7.930340e-05
1.088187e-06
3.283122e-06
1.899311e-06
6.232966e-06
6.881217e-06
1.127764e-06
1.900532e-05
2.939233e-07
1.648742e-04
1.968856e-06
2.013153e-06
7.276771e-06
8.889283e-07
2.480409e-05
4.073059e-06
7.104838e-06
1.384696e-05
1.628093e-06
6.858154e-06
9.005422e-06
1.147241e-05
2.437052e-06
1.590833e-07
3.100784e-06
6.299413e-07
4.236588e-05
1.121066e-07
2.563005e-06
1.303308e-06
2.342594e-06
1.245067e-07
1.686988e-07
8.884392e-08
2.796411e-10
4.025155e-09
4.160533e-09
2.171791e-09
1.898221e-09
8.871775e-10
3.034890e-09
3.655511e-09
5.734471e-08
5.188205e-09
9.152562e-08
5.142985e-08
3.897483e-08
3.236584e-08
1.986064e-08
3.058294e-08
5.045690e-09
1.921723e-08
4.155679e-09
1.491848e-08
6.283375e-10
2.958819e-09
1.032282e-09
1.334551e-08
6.158983e-09
1.339330e-08
5.376203e-09
1.400964e-09
2.412016e-09
1.256431e-09
2.832819e-09
2.193396e-09
6.339195e-09
5.997591e-09
7.097471e-09
3.644349e-09
2.892632e-09
1.445542e-08
1.152445e-09
6.507803e-09
6.493988e-09
7.984694e-09
7.430577e-09
3.759883e-09
2.931758e-09
1.442108e-08
1.164215e-09
6.527903e-09
6.494310e-09
7.985224e-09
7.430644e-09
3.759884e-09
2.931759e-09
1.442108e-08
1.164215e-09
6.527903e-09
6.494311e-09
7.985241e-09
7.430643e-09
3.760065e-09
2.931802e-09
1.442139e-08
1.166341e-09
6.578711e-09
6.533745e-09
8.055844e-09
7.957505e-09
6.696130e-09
4.925939e-09
6.080164e-08
6.985678e-09
3.178850e-08
2.288958e-08
2.251950e-07
9.930317e-08
8.203297e-08
2.449112e-07
2.309259e-09
7.122072e-07
1.220841e-08
7.356076e-09
1.583130e-08
4.143050e-09
1.496435e-08
3.215621e-07
1.465406e-08
1.053198e-06
6.191591e-08
2.081450e-07
1.552714e-07
8.836973e-08
6.493775e-08
9.173180e-08
8.812821e-08
2.308540e-08
6.486625e-08
3.277995e-07
3.173219e-06
5.698240e-07
6.536949e-07
1.318280e-06
2.367711e-07
1.129244e-07
1.461721e-08
2.143896e-07
6.252428e-07
8.904784e-08
1.813209e-07
2.196001e-07
9.442930e-08
1.149137e-07
6.446799e-08
4.171700e-08
2.818560e-07
1.244372e-07
3.736920e-07
7.130078e-06
6.262577e-07
4.162890e-06
7.569893e-08
1.198500e-07
1.925639e-08
2.017041e-07
2.929284e-08
1.933165e-07
6.199865e-07
6.586700e-07
3.530915e-07
1.601159e-07
2.729755e-06
5.559531e-08
5.510868e-07
1.932112e-07
4.058682e-07
8.966275e-07
1.669396e-08
1.069658e-07
6.313973e-07
4.446850e-06
4.226880e-07
3.224065e-06
5.826214e-07
1.369562e-07
1.587823e-07
1.421626e-08
5.398436e-08
9.663860e-08
4.328259e-08
1.131005e-07
3.903702e-08
3.101040e-07
4.028876e-07
1.256905e-05
6.944274e-07
4.447015e-07
1.305476e-06
4.285358e-08
6.695127e-05
5.593691e-08
5.543044e-02
2.447802e-07
9.625332e-05
4.644806e-07
7.670610e-06
4.759143e-05
1.060524e-06
4.441222e-04
2.094270e-06
7.688793e-04
7.991826e-05
2.000868e-05
7.533282e-05
1.101047e-05
9.928950e-05
2.095582e-06
5.772641e-06
4.081017e-06
1.248707e-05
4.362253e-06
3.051174e-06
3.350124e-05
3.169939e-07
3.551212e-04
4.813366e-07
2.899696e-06
1.645401e-05
1.241177e-06
6.935707e-05
1.975258e-06
1.038272e-05
1.816247e-05
1.786612e-06
1.524145e-05
1.214516e-05
1.936186e-05
5.358474e-06
2.585227e-07
8.617748e-06
1.159953e-06
6.262141e-05
1.589234e-07
3.191776e-06
1.955979e-06
4.358375e-06
2.786517e-07
1.054977e-06
2.508456e-07
1.913852e-08
2.746137e-09
4.099981e-09
2.067555e-09
2.534702e-09
1.689522e-09
1.217464e-09
1.330059e-09
2.262997e-08
2.817491e-09
4.995104e-08
5.697482e-08
9.078886e-08
3.296492e-08
2.558823e-08
3.375546e-08
1.648383e-08
2.217668e-08
8.000510e-09
1.769501e-08
6.687302e-10
6.883525e-09
4.981426e-10
4.185668e-09
2.542207e-09
1.018982e-08
8.215292e-09
9.640830e-09
4.701690e-09
1.926637e-09
2.558772e-09
9.413837e-10
4.066646e-09
4.163105e-09
6.906474e-09
3.627618e-09
4.834649e-09
2.500693e-08
1.346425e-09
6.539709e-09
2.805690e-09
6.169132e-09
8.345135e-09
3.989422e-09
4.950034e-09
2.479320e-08
1.367157e-09
6.589085e-09
2.806434e-09
6.170206e-09
8.345221e-09
3.989422e-09
4.950036e-09
2.479321e-08
1.367156e-09
6.589087e-09
2.806434e-09
6.170212e-09
8.345221e-09
3.989475e-09
4.950056e-09
2.479348e-08
1.367307e-09
6.619231e-09
2.818921e-09
6.163060e-09
8.391549e-09
5.833719e-09
6.050004e-09
6.618133e-08
4.221824e-09
2.156160e-08
1.250638e-08
2.093833e-07
9.693497e-08
1.050383e-07
2.653384e-07
9.042732e-09
1.490073e-06
4.895241e-08
1.269669e-08
2.746528e-08
4.550071e-09
9.305510e-09
1.936258e-07
1.358302e-08
1.144025e-07
4.820629e-08
1.041881e-06
1.765250e-07
8.913912e-08
9.611666e-08
5.039652e-08
1.375591e-07
8.269815e-08
3.323817e-08
4.763754e-08
1.162551e-07
3.717891e-07
3.290600e-06
7.104139e-07
4.822581e-07
1.162666e-06
1.631646e-07
9.155089e-08
7.344644e-08
1.843956e-07
6.243891e-07
2.706094e-07
1.421486e-07
1.057855e-07
9.361553e-08
6.420641e-08
2.168202e-07
2.796056e-08
1.792440e-07
1.498758e-06
5.415381e-07
8.920475e-06
4.475755e-07
7.422218e-07
4.629353e-08
1.984915e-07
5.336469e-08
2.490933e-07
4.956434e-07
6.730924e-07
3.417495e-07
2.259363e-07
4.186986e-06
1.737833e-07
2.240303e-07
1.910076e-07
8.599874e-07
1.074795e-06
5.965911e-08
6.065047e-08
1.775449e-07
2.961675e-06
8.650034e-07
2.876657e-06
8.820401e-07
1.798769e-06
1.821666e-07
1.619323e-08
8.913952e-08
7.661997e-08
6.126859e-08
3.068757e-07
3.488775e-08
6.639868e-08
3.465561e-08
1.062138e-06
5.631431e-07
1.336293e-05
1.487657e-06
1.261638e-07
2.057206e-06
6.409583e-08
4.174414e-02
2.447802e-07
1.367944e-02
5.899473e-07
7.412257e-05
4.627376e-05
7.121298e-07
4.319410e-04
2.509813e-06
8.972989e-04
1.098113e-04
4.160942e-05
1.615719e-04
2.507007e-05
1.452527e-04
8.925415e-06
6.086575e-06
5.836557e-06
2.694247e-05
4.845897e-06
1.626724e-05
3.012913e-05
2.431879e-07
4.272023e-04
5.955536e-07
2.703042e-06
8.388516e-06
2.052703e-06
9.370772e-05
2.441238e-06
1.548930e-05
9.208473e-06
2.012929e-06
1.855888e-05
1.310720e-05
3.613047e-05
6.666853e-06
8.708401e-07
1.372784e-05
2.363897e-06
9.753102e-05
1.794506e-07
3.522050e-06
2.019298e-06
4.795189e-06
4.863573e-07
1.551741e-06
5.036744e-07
5.003288e-08
2.210810e-07
2.487751e-09
1.897012e-09
2.430395e-09
1.448204e-09
1.113139e-09
6.687327e-10
1.065526e-08
1.551001e-09
1.669802e-08
4.000034e-08
5.215142e-08
4.190681e-08
5.372911e-08
2.125332e-08
2.324240e-08
3.612886e-08
1.889906e-08
1.817557e-08
6.594950e-10
7.152257e-09
8.027120e-10
1.644156e-09
1.486133e-09
5.039234e-09
2.911755e-09
6.875280e-09
1.196367e-08
5.381047e-09
1.120624e-09
5.823761e-10
2.897739e-09
2.085099e-09
3.234096e-09
2.480918e-09
4.940295e-09
2.566101e-08
2.450978e-09
4.474360e-09
2.115915e-09
4.428493e-09
3.266186e-09
3.493813e-09
6.183946e-09
2.539646e-08
2.553583e-09
4.543478e-09
2.118334e-09
4.431639e-09
3.266345e-09
3.493814e-09
6.183950e-09
2.539647e-08
2.553580e-09
4.543480e-09
2.118335e-09
4.431642e-09
3.266345e-09
3.493834e-09
6.183966e-09
2.539664e-08
2.553637e-09
4.548522e-09
2.123958e-09
4.424655e-09
3.284900e-09
4.148722e-09
6.850593e-09
6.081590e-08
3.937280e-09
1.555513e-08
6.374219e-09
1.147646e-07
5.932886e-08
9.265384e-08
2.409290e-07
2.883774e-08
2.815805e-06
7.049556e-08
5.753519e-08
3.405123e-08
3.647821e-09
1.923983e-08
3.507252e-08
1.183321e-08
5.949943e-08
2.372556e-08
2.849316e-07
1.659990e-07
5.478602e-07
1.560540e-07
4.983265e-08
2.247014e-07
3.169098e-08
4.446969e-08
1.091615e-07
6.228449e-08
5.068291e-08
1.929971e-07
5.400926e-07
3.147691e-06
4.248243e-07
2.402979e-07
1.115921e-06
1.253587e-07
5.905047e-08
8.296882e-08
3.633437e-07
6.022367e-07
1.028506e-07
5.644042e-08
6.929312e-08
2.325479e-07
2.706082e-08
1.104248e-07
2.251405e-07
4.434684e-07
3.503028e-06
3.288343e-07
5.948337e-06
2.287454e-07
4.143057e-07
6.863515e-08
3.218250e-07
4.816517e-07
5.410680e-07
2.878138e-07
2.530858e-07
5.033969e-06
3.131227e-07
1.337291e-07
1.911076e-07
6.640059e-07
1.157175e-06
3.233397e-07
1.341300e-07
1.924265e-07
6.101867e-07
2.589191e-07
2.387088e-06
1.478637e-06
1.691675e-06
4.113853e-07
8.444548e-08
1.848542e-07
5.181530e-08
6.305239e-08
3.945431e-07
4.424951e-08
4.542826e-08
2.027738e-08
4.438259e-08
1.033397e-07
2.412858e-06
1.477891e-06
1.298021e-05
1.054649e-06
1.456421e-07
4.163926e-02
1.613715e-07
9.625332e-05
5.899473e-07
1.356325e-02
4.582572e-05
4.148917e-05
4.285034e-04
2.012533e-06
9.037519e-04
1.165924e-04
5.184564e-05
1.808816e-04
4.247910e-05
3.222016e-04
1.740998e-05
6.058983e-06
7.394171e-06
3.058404e-05
5.528151e-06
1.958413e-05
3.274664e-05
1.562963e-07
4.731809e-04
4.700048e-07
7.052319e-06
9.223962e-06
6.650423e-07
7.637531e-05
3.851611e-06
4.536289e-05
8.656499e-06
2.095949e-06
9.428912e-06
1.434849e-05
4.279782e-05
6.311083e-06
3.371900e-06
2.050433e-05
3.282861e-06
1.401870e-04
1.930857e-07
3.602548e-06
2.261788e-06
4.951522e-06
6.699007e-07
1.844103e-06
6.359092e-07
1.614118e-07
3.862431e-07
7.787018e-09
1.270522e-09
2.215420e-09
1.338837e-09
9.466198e-10
1.405580e-09
1.286716e-09
1.688317e-10
4.281616e-09
3.690767e-08
1.638708e-08
4.565937e-08
1.806664e-08
1.201150e-08
2.868396e-08
2.496494e-08
9.192939e-08
1.071541e-08
6.947100e-10
8.609251e-09
1.141297e-09
2.377688e-09
8.851063e-10
8.484326e-10
1.582017e-09
2.579713e-09
7.823606e-09
1.675521e-08
1.208433e-09
2.254491e-10
2.502206e-09
6.949234e-10
9.263541e-10
4.987291e-10
1.347198e-09
2.457777e-08
1.758787e-09
6.043144e-09
6.150737e-10
3.034712e-09
1.399033e-09
1.395773e-09
1.742001e-09
2.411228e-08
2.012249e-09
6.303024e-09
6.188410e-10
3.041456e-09
1.399319e-09
1.395774e-09
1.742006e-09
2.411229e-08
2.012242e-09
6.303031e-09
6.188412e-10
3.041457e-09
1.399319e-09
1.395775e-09
1.742007e-09
2.411240e-08
2.012249e-09
6.305350e-09
6.190743e-10
3.039500e-09
1.400236e-09
1.446275e-09
1.792034e-09
5.638279e-08
2.436856e-09
1.208092e-08
1.727927e-09
1.182030e-08
6.081795e-09
8.798617e-08
2.073694e-07
2.969847e-08
3.209356e-06
2.039256e-07
1.064633e-07
1.119581e-07
2.450411e-09
3.212259e-08
1.867196e-08
4.183786e-09
3.293893e-08
3.295643e-08
1.828647e-07
1.654343e-07
1.290367e-07
1.517370e-07
6.561388e-08
3.771252e-07
8.543600e-09
1.489248e-08
1.317758e-08
2.992804e-08
7.989415e-08
5.108640e-08
8.990882e-08
1.241940e-07
3.197797e-07
4.446598e-07
1.280837e-07
8.631438e-08
1.252240e-07
3.256594e-08
2.189109e-07
6.720110e-08
7.201965e-08
1.206376e-07
6.868306e-08
9.716535e-08
2.206214e-08
1.243784e-07
1.116953e-07
1.444453e-07
2.866927e-06
1.635948e-07
4.904489e-07
2.977130e-07
1.220969e-06
2.205884e-07
2.862766e-07
5.859118e-07
6.732845e-07
2.034495e-07
1.403234e-07
5.049045e-06
3.835814e-07
1.162752e-07
4.341551e-07
5.538459e-07
1.235790e-06
1.212943e-07
9.969752e-08
6.079569e-07
2.618377e-07
1.155419e-07
1.925652e-06
1.022916e-06
1.202587e-06
7.447401e-07
1.989856e-07
1.972826e-07
6.487092e-08
8.542877e-08
3.965791e-07
5.770221e-08
5.762887e-08
1.953300e-08
6.745662e-08
1.013906e-07
2.647253e-07
6.933443e-07
2.189579e-06
7.005200e-07
1.226300e-05
4.113186e-02
4.996492e-07
2.009420e-05
4.644806e-07
7.412257e-05
4.582572e-05
8.443554e-03
4.263196e-04
2.893272e-05
8.986370e-04
1.210997e-04
3.809960e-05
1.962988e-04
5.246391e-05
5.580263e-04
3.236715e-05
7.513436e-06
1.820679e-05
2.976688e-05
5.986080e-06
2.692485e-05
3.474858e-05
5.448821e-07
4.779910e-04
4.904013e-07
3.010750e-06
8.792131e-06
2.239098e-06
7.844744e-05
1.372792e-06
2.212889e-05
9.734388e-06
2.595612e-05
8.272517e-06
1.391929e-05
3.274072e-05
6.286499e-06
8.857625e-06
2.111176e-05
6.078577e-06
1.800421e-04
2.741114e-07
3.934896e-06
2.765094e-06
4.997301e-06
6.345193e-07
1.795799e-06
8.648835e-07
2.599451e-07
6.436963e-07
2.053806e-08
2.241160e-07
1.372195e-09
1.221500e-09
9.057450e-10
2.345634e-09
4.609449e-09
5.477691e-10
1.954119e-09
1.333165e-08
1.551204e-08
4.098297e-08
1.310082e-08
2.025674e-08
3.077057e-08
2.480348e-08
1.219440e-07
7.916582e-08
4.689966e-09
8.400730e-09
1.267145e-08
2.266933e-09
1.001217e-08
5.462706e-10
2.092609e-09
3.747556e-09
7.520877e-09
1.548672e-08
1.282930e-08
9.011381e-10
1.027534e-09
3.409139e-09
6.376184e-10
1.219296e-09
1.094521e-09
1.615462e-08
4.787984e-09
5.372698e-09
1.577319e-09
1.552420e-09
2.819939e-09
4.337082e-09
1.955187e-09
1.562741e-08
7.869226e-09
5.940870e-09
1.638983e-09
1.566660e-09
2.823073e-09
4.337106e-09
1.955215e-09
1.562742e-08
7.869131e-09
5.940887e-09
1.638985e-09
1.566661e-09
2.823073e-09
4.337106e-09
1.955215e-09
1.562744e-08
7.869136e-09
5.941613e-09
1.639088e-09
1.566450e-09
2.823590e-09
4.364749e-09
1.967313e-09
2.159940e-08
8.446965e-09
9.140411e-09
2.123076e-09
6.691750e-09
6.386434e-09
2.973303e-08
1.623021e-07
5.080112e-08
3.561858e-06
2.517515e-07
3.625047e-07
3.044662e-07
2.914386e-08
4.976258e-08
1.272117e-08
7.292528e-09
5.993924e-09
6.572239e-08
1.576814e-07
1.664633e-07
1.132141e-07
1.828548e-07
7.211045e-08
1.711956e-06
2.975956e-08
2.614787e-08
1.704168e-08
9.366319e-09
1.054214e-08
7.722702e-08
2.055572e-07
5.957763e-08
7.253671e-08
6.501791e-08
1.333569e-07
1.574256e-07
5.852250e-08
2.562864e-08
1.877352e-07
7.668134e-08
4.057677e-08
1.687746e-08
6.392893e-08
1.213916e-07
2.891656e-08
8.649963e-08
9.059038e-08
2.316541e-07
1.214618e-06
2.813043e-07
1.887571e-07
1.494861e-07
2.150017e-06
4.260742e-07
4.820766e-07
5.737046e-07
6.680323e-07
1.320372e-07
1.022083e-07
4.705186e-06
3.324108e-07
1.321847e-07
5.526041e-07
6.715994e-07
1.441490e-06
1.491445e-07
1.255654e-07
6.158830e-07
7.393419e-07
8.642481e-08
9.925356e-07
8.957954e-07
1.075364e-06
5.426327e-07
2.400480e-07
1.530171e-06
1.169694e-07
1.512068e-07
3.466997e-07
4.864820e-08
8.805638e-08
2.904474e-08
6.156662e-08
2.163164e-07
2.468860e-07
5.428399e-07
1.376744e-07
4.198941e-07
2.369557e-06
4.036648e-02
1.305457e-05
1.637660e-05
9.130914e-07
7.670610e-06
4.627376e-05
4.148917e-05
4.263196e-04
8.088960e-03
8.926868e-04
1.502562e-04
3.635797e-05
2.068925e-04
5.111071e-05
7.325526e-04
7.212619e-05
4.164473e-05
2.565530e-05
3.279743e-05
7.205014e-06
3.064445e-05
3.570323e-05
1.369786e-06
4.925345e-04
7.489813e-07
3.419163e-06
9.377107e-06
6.273309e-07
7.872132e-05
2.690577e-06
2.276542e-05
8.298718e-06
2.581811e-06
8.270894e-06
3.755444e-05
3.233632e-05
6.248438e-06
1.285430e-06
2.308404e-05
6.901608e-06
2.060895e-04
6.781037e-07
4.020991e-06
3.479894e-06
5.188317e-06
9.121093e-07
1.364672e-06
9.124479e-07
3.408709e-07
1.552184e-06
2.855212e-07
5.281445e-07
3.803071e-08
6.423610e-10
1.277515e-09
2.335269e-09
7.940270e-09
7.069048e-09
4.116653e-09
1.069736e-08
8.709343e-09
3.805823e-08
1.214530e-08
4.306282e-08
2.105322e-08
2.308980e-08
1.645238e-07
1.340038e-07
5.347410e-08
1.544039e-08
2.935489e-08
5.048490e-09
1.602510e-08
3.253742e-09
6.848638e-09
1.689770e-09
7.996917e-09
1.774520e-08
1.630140e-08
4.816644e-09
3.787181e-09
6.730778e-09
1.538593e-09
1.836026e-09
1.303662e-09
1.132034e-08
5.807012e-09
7.186597e-09
2.291579e-09
4.435294e-09
3.357050e-09
8.498558e-09
5.318912e-09
9.312220e-09
1.067362e-08
9.679071e-09
2.449232e-09
4.611854e-09
3.366362e-09
8.498754e-09
5.319081e-09
9.312236e-09
1.067347e-08
9.679143e-09
2.449238e-09
4.611854e-09
3.366362e-09
8.498755e-09
5.319081e-09
9.312242e-09
1.067347e-08
9.679614e-09
2.449267e-09
4.611746e-09
3.366425e-09
8.520034e-09
5.323589e-09
1.107824e-08
1.081164e-08
1.239669e-08
2.843138e-09
7.614740e-09
8.682949e-09
1.579791e-08
7.363720e-08
4.908895e-08
3.729769e-06
3.021473e-07
4.983088e-07
7.372943e-07
7.149873e-08
4.701053e-07
9.005439e-09
1.170459e-08
1.344407e-08
1.366252e-08
8.575504e-08
4.687646e-07
1.184936e-07
2.495361e-07
1.020154e-07
4.989154e-06
1.658758e-07
9.543220e-08
7.956627e-08
3.660527e-08
1.844374e-08
1.984742e-08
6.677141e-08
4.633571e-07
3.733674e-07
8.126914e-08
1.147631e-07
1.844849e-07
1.383644e-07
6.164281e-08
7.130377e-08
7.839964e-08
2.026331e-07
4.386110e-08
5.615788e-08
1.024685e-07
1.051488e-07
1.030444e-07
5.818139e-08
2.775036e-07
1.314837e-06
1.180619e-07
2.452284e-07
4.221496e-07
2.716300e-06
1.171769e-06
3.171506e-07
8.123566e-07
7.677191e-07
1.235282e-07
7.696382e-08
4.213280e-06
3.265512e-07
1.497326e-07
5.690025e-07
1.138783e-06
2.032800e-06
2.325494e-07
2.159236e-07
7.290262e-07
1.187925e-06
4.275806e-07
5.404215e-07
8.334227e-07
8.077323e-07
6.172693e-07
2.250599e-07
2.695080e-06
1.357977e-06
3.298827e-07
3.070419e-07
6.572361e-08
9.022529e-08
4.153377e-08
9.473683e-08
3.098517e-07
1.550501e-07
6.645563e-07
4.644350e-07
3.974543e-07
1.735073e-07
4.017060e-02
3.998147e-06
1.216981e-05
2.005229e-05
6.721609e-06
4.759143e-05
7.121298e-07
4.285034e-04
2.893272e-05
8.926868e-04
8.204006e-03
3.823283e-05
2.366562e-04
5.266333e-05
8.379896e-04
9.480742e-05
9.879535e-05
7.014349e-05
4.529360e-05
1.068788e-05
3.639260e-05
3.584438e-05
2.143121e-07
5.003440e-04
2.358337e-06
3.806989e-06
1.104189e-05
8.749815e-07
8.184884e-05
1.438794e-06
2.406110e-05
1.002410e-05
2.846411e-06
7.114505e-06
1.582275e-05
3.409651e-05
3.176268e-05
1.710785e-06
2.405211e-05
7.438559e-06
2.360044e-04
2.188374e-06
4.115514e-06
6.468439e-06
5.614110e-06
1.386248e-06
1.417420e-06
9.523088e-07
4.478100e-07
3.052272e-06
5.316244e-07
2.234189e-06
8.899700e-08
6.317417e-08
8.359761e-10
2.545436e-09
8.393292e-09
1.485386e-08
3.054873e-08
3.972053e-09
6.805065e-09
4.442414e-08
9.147326e-09
4.420913e-08
2.695243e-08
2.406763e-08
1.693314e-07
1.910513e-07
9.336005e-08
6.086221e-08
7.522147e-08
1.036558e-08
3.841223e-08
3.948076e-09
2.263444e-08
2.911906e-09
6.663829e-09
1.565224e-08
1.902895e-08
7.889666e-09
1.255174e-08
2.438768e-08
2.854933e-09
5.140701e-09
1.353310e-09
8.822488e-09
8.111995e-09
9.120897e-09
3.029582e-09
5.700409e-09
6.977708e-09
7.652095e-09
9.229653e-09
8.130387e-09
1.421851e-08
1.344323e-08
3.602794e-09
6.223308e-09
7.057663e-09
7.652387e-09
9.230474e-09
8.130446e-09
1.421812e-08
1.344335e-08
3.602816e-09
6.223309e-09
7.057664e-09
7.652387e-09
9.230475e-09
8.130449e-09
1.421812e-08
1.344354e-08
3.602827e-09
6.223249e-09
7.057712e-09
7.657007e-09
9.232725e-09
8.892568e-09
1.426834e-08
1.459229e-08
3.883983e-09
8.030551e-09
1.000276e-08
7.912750e-09
5.062719e-08
4.309557e-08
3.522107e-06
2.841824e-07
5.771152e-07
1.109816e-06
1.635950e-07
1.281129e-06
3.868327e-08
1.021302e-08
2.244151e-08
2.697331e-08
3.654245e-08
2.079232e-07
1.687816e-07
6.524383e-07
1.227025e-07
5.758039e-06
3.496831e-07
2.594029e-07
2.864640e-07
8.074342e-08
3.710718e-08
2.848578e-08
5.117603e-08
6.012906e-08
1.886700e-07
7.339925e-07
6.137416e-07
3.094624e-07
1.861192e-07
9.031703e-08
9.879855e-08
7.033243e-08
5.315022e-08
6.267729e-08
2.634246e-07
1.279903e-07
9.711696e-08
1.508089e-07
9.333639e-08
2.840299e-07
1.278717e-06
1.117823e-07
3.120451e-07
2.281999e-06
2.942506e-06
1.706166e-06
3.170646e-07
9.683273e-07
8.479774e-07
1.307883e-07
1.183104e-07
3.985666e-06
2.334249e-07
2.252229e-07
6.277298e-07
1.446307e-06
2.778616e-06
4.315116e-07
5.085382e-07
6.940312e-07
1.664671e-06
6.870624e-07
6.184902e-07
7.785973e-07
4.927724e-07
6.566974e-07
4.401106e-07
3.200183e-06
2.352891e-06
2.233569e-06
2.884623e-07
8.584694e-08
1.172991e-07
5.996898e-08
9.074213e-08
4.291500e-07
1.715435e-07
3.998845e-07
1.889396e-07
1.299173e-06
9.098191e-07
3.936110e-02
1.665655e-06
1.011993e-05
5.436530e-06
6.264339e-06
6.712619e-05
1.060524e-06
4.319410e-04
2.012533e-06
8.986370e-04
1.502562e-04
3.823283e-05
8.282600e-03
5.603198e-05
9.253692e-04
1.085558e-04
1.359141e-04
1.617486e-04
9.892218e-05
1.686006e-05
5.042873e-05
3.619438e-05
2.261401e-07
5.178348e-04
6.614063e-07
4.634572e-06
1.321995e-05
1.266814e-06
8.799843e-05
1.919242e-06
2.480470e-05
8.411570e-06
4.216017e-06
9.194240e-06
1.775027e-05
3.420495e-05
7.159776e-06
4.027832e-06
5.035819e-05
8.327910e-06
2.993814e-04
2.571855e-06
4.536768e-06
9.831378e-06
6.693739e-06
1.901866e-06
1.629877e-06
1.135214e-06
5.295981e-07
4.206801e-06
9.797564e-07
3.931462e-06
2.589777e-07
1.225287e-07
2.694167e-07
1.926206e-09
8.138656e-09
1.512500e-08
4.207474e-08
1.532066e-08
6.627076e-09
1.780655e-08
1.582108e-08
7.724871e-08
1.205222e-08
2.450656e-08
1.832259e-07
2.137882e-07
1.047495e-07
8.516203e-08
2.019883e-07
2.362670e-08
4.866968e-08
7.365752e-09
2.579571e-08
6.090933e-09
6.609809e-09
1.547116e-08
2.602722e-08
6.339439e-09
1.597073e-08
6.366672e-08
8.434419e-09
6.367960e-09
2.254437e-09
8.680590e-09
9.162360e-09
9.403934e-09
4.072976e-09
9.358457e-09
7.609795e-09
8.073294e-09
9.367972e-09
8.748225e-09
2.518490e-08
1.408167e-08
6.288652e-09
1.130279e-08
7.733159e-09
8.074383e-09
9.369200e-09
8.748473e-09
2.518364e-08
1.408200e-08
6.288734e-09
1.130279e-08
7.733160e-09
8.074383e-09
9.369200e-09
8.748475e-09
2.518364e-08
1.408211e-08
6.288740e-09
1.130274e-08
7.733185e-09
8.077042e-09
9.369948e-09
9.253240e-09
2.521552e-08
1.471295e-08
6.354805e-09
1.352528e-08
9.920593e-09
4.564748e-09
3.871994e-08
3.680742e-08
2.252714e-06
2.479031e-07
5.988776e-07
1.126192e-06
4.581353e-07
2.597873e-06
5.535913e-08
2.830082e-08
2.554344e-08
2.095060e-08
4.472784e-08
1.190806e-07
1.436934e-07
3.125332e-07
1.437832e-07
6.588132e-06
4.236869e-07
4.379142e-07
6.156885e-07
2.372357e-07
6.845043e-08
3.843812e-08
3.992872e-08
4.477407e-08
1.116985e-07
1.264619e-07
3.783363e-07
1.136220e-06
7.980347e-07
1.586948e-07
1.005934e-07
1.376915e-07
4.529439e-08
4.132568e-08
1.117228e-07
1.555119e-07
3.417322e-07
1.395599e-07
4.000846e-08
3.508021e-07
1.239413e-06
8.206493e-08
1.495058e-07
1.970091e-07
5.078679e-06
3.871993e-06
3.928130e-07
1.750363e-06
8.706478e-07
1.282968e-07
7.008220e-08
3.818957e-06
2.212767e-07
1.137010e-07
5.382779e-07
1.697747e-06
3.156647e-06
6.328397e-07
4.176887e-07
5.485644e-07
2.199585e-06
8.300540e-07
6.392745e-07
1.370459e-06
3.364456e-07
1.823307e-07
2.561585e-07
3.674922e-06
2.923263e-06
3.300807e-06
6.121544e-07
1.231047e-07
1.865087e-07
3.498917e-08
8.465333e-08
5.012701e-07
1.443625e-07
2.899149e-07
2.431900e-07
2.993769e-07
1.888645e-07
3.765377e-02
2.939528e-06
9.442035e-06
4.311670e-07
4.923705e-06
5.637631e-05
7.261027e-07
4.441222e-04
2.509813e-06
9.037519e-04
1.210997e-04
3.635797e-05
2.366562e-04
5.603198e-05
8.965726e-03
1.128889e-04
1.645009e-04
1.803794e-04
1.376093e-04
4.140508e-05
6.756880e-05
3.654881e-05
2.034700e-07
5.196854e-04
6.554825e-07
4.525948e-06
1.322394e-05
1.420953e-06
9.364472e-05
1.951579e-06
2.729749e-05
8.995532e-06
2.369165e-06
6.196295e-06
1.994980e-05
3.779640e-05
7.006944e-06
2.452180e-06
2.589411e-05
1.089952e-05
3.388753e-04
3.097766e-06
4.693749e-06
1.276419e-05
7.347738e-06
2.564096e-06
1.713309e-06
1.128701e-06
6.601695e-07
5.036034e-06
1.286868e-06
4.924299e-06
3.360996e-07
2.784938e-07
4.206822e-07
1.789716e-07
6.252540e-09
1.516550e-08
4.182234e-08
2.263532e-08
1.665198e-08
8.223865e-09
4.236504e-09
3.154861e-08
1.553590e-08
5.054578e-08
1.705032e-07
1.918449e-07
1.214308e-07
1.047991e-07
1.997059e-07
4.077719e-08
5.316822e-08
9.693518e-09
2.730553e-08
6.982892e-09
1.086950e-08
8.851926e-09
1.029386e-08
9.142873e-09
2.210900e-08
6.257375e-08
1.665140e-08
9.810467e-09
2.688691e-09
8.174399e-09
7.110949e-09
7.719085e-09
3.616504e-09
7.248808e-09
6.113252e-09
7.764808e-09
9.918124e-09
6.765632e-09
2.870605e-08
1.370633e-08
6.136051e-09
1.001899e-08
6.319349e-09
7.782801e-09
9.921616e-09
6.765926e-09
2.870370e-08
1.370689e-08
6.136208e-09
1.001900e-08
6.319349e-09
7.782801e-09
9.921616e-09
6.765927e-09
2.870370e-08
1.370694e-08
6.136210e-09
1.001898e-08
6.319356e-09
7.783499e-09
9.922128e-09
6.904366e-09
2.872540e-08
1.398233e-08
6.145259e-09
1.048161e-08
8.239236e-09
4.891662e-09
2.927277e-08
2.052934e-08
9.270463e-07
1.004502e-07
5.611228e-07
1.120084e-06
5.320068e-07
2.954730e-06
1.173345e-07
7.591878e-08
4.168197e-08
1.697967e-08
4.837873e-08
1.096236e-07
9.281193e-08
1.947668e-07
1.880955e-07
5.938380e-06
5.031589e-07
1.020804e-06
6.354066e-07
2.976335e-07
1.151777e-07
5.630468e-08
2.985983e-08
2.731613e-08
3.517454e-08
4.405193e-08
1.730364e-07
3.331141e-07
5.346939e-07
9.692305e-07
4.881249e-07
1.280866e-07
2.921579e-08
3.733308e-08
5.359663e-08
1.029959e-07
1.656960e-07
1.395315e-07
1.643565e-07
2.807965e-07
7.883351e-07
1.290394e-07
1.915532e-07
1.560470e-07
1.868691e-06
1.546920e-06
2.430632e-06
3.706468e-06
9.488083e-07
2.977134e-07
1.000917e-07
2.318854e-06
1.741721e-07
1.265581e-07
3.989239e-07
1.482232e-06
2.932861e-06
7.888431e-07
5.488647e-07
5.526950e-07
1.874483e-06
9.160870e-07
8.499603e-07
1.353440e-06
3.796341e-07
1.264415e-07
1.704796e-07
2.809083e-06
2.766758e-06
3.750411e-06
9.443137e-07
3.951801e-07
1.559387e-07
5.302893e-08
7.839413e-08
3.874277e-07
1.290424e-07
3.123870e-07
2.181235e-07
3.575112e-07
2.556132e-07
2.578475e-02
1.872978e-06
9.506108e-06
1.416125e-06
3.994458e-06
3.425785e-05
6.472405e-07
3.424060e-04
2.094270e-06
8.972989e-04
1.165924e-04
3.809960e-05
2.068925e-04
5.266333e-05
9.253692e-04
1.128889e-04
7.086219e-03
1.900813e-04
1.700876e-04
6.608322e-05
8.751690e-05
3.780468e-05
3.542760e-07
5.004091e-04
5.368989e-07
4.871297e-06
1.384278e-05
1.926925e-06
8.685219e-05
2.275280e-06
2.883297e-05
7.432959e-06
2.478072e-06
5.442689e-06
1.558747e-05
3.274755e-05
8.855375e-06
4.185957e-06
2.386460e-05
8.069679e-06
3.124344e-04
5.244834e-06
2.200570e-05
1.297052e-05
8.036570e-06
2.892506e-06
1.838343e-06
1.125969e-06
7.592854e-07
5.378034e-06
1.210833e-06
5.030791e-06
4.235175e-07
3.463633e-07
5.280171e-07
3.552982e-07
1.157499e-07
1.180136e-08
4.079892e-08
2.263918e-08
1.738313e-08
8.854681e-09
2.365973e-09
1.093096e-08
4.847421e-09
1.066889e-08
1.052221e-07
2.101387e-07
1.404635e-07
9.590912e-08
1.987076e-07
4.643878e-08
5.406094e-08
1.244019e-08
2.355872e-08
9.556808e-09
1.017151e-08
8.657060e-09
5.483106e-09
2.369010e-09
1.311225e-08
6.229397e-08
2.307002e-08
1.077101e-08
3.804082e-09
4.420400e-09
7.404400e-09
5.589572e-09
2.739593e-09
4.895067e-09
4.560668e-09
2.826904e-09
6.717379e-09
7.382741e-09
2.600401e-08
1.206961e-08
5.843167e-09
7.070890e-09
5.630111e-09
2.947226e-09
6.727466e-09
7.387332e-09
2.600090e-08
1.207107e-08
5.843600e-09
7.070897e-09
5.630113e-09
2.947226e-09
6.727467e-09
7.387333e-09
2.600090e-08
1.207111e-08
5.843601e-09
7.070893e-09
5.630115e-09
2.947412e-09
6.727600e-09
7.482103e-09
2.600788e-08
1.225420e-08
5.847222e-09
7.209819e-09
6.115120e-09
2.294160e-09
1.302328e-08
1.774079e-08
4.928002e-07
3.675593e-08
2.161905e-07
1.009988e-06
5.363908e-07
2.939576e-06
2.546837e-07
5.589281e-08
4.755109e-08
4.161916e-08
4.071635e-08
8.405617e-08
8.569737e-08
9.600444e-08
1.457303e-07
5.473914e-06
4.811940e-07
5.749607e-07
6.569110e-07
7.259491e-07
1.067243e-07
6.051609e-08
3.732873e-08
2.821421e-08
1.953227e-08
2.161839e-08
5.839331e-08
1.763811e-07
3.036042e-07
2.183354e-07
3.538471e-07
5.903399e-07
2.647881e-07
3.577288e-08
2.852704e-08
6.234772e-08
1.103122e-07
9.304853e-08
5.971225e-08
1.875761e-07
6.623994e-07
7.819946e-08
1.172363e-07
1.883122e-07
1.636561e-06
8.005479e-07
2.483361e-07
1.331625e-06
2.915097e-06
2.491115e-06
1.198694e-07
1.804213e-06
1.176305e-07
9.039129e-08
3.221423e-07
1.075848e-06
2.594435e-06
7.214469e-07
4.818898e-07
5.712749e-07
1.818097e-06
9.740755e-07
4.935725e-07
1.269432e-06
5.816254e-07
1.444421e-07
8.415249e-08
1.512577e-06
2.413046e-06
3.242484e-06
7.889456e-07
8.061143e-07
3.637905e-07
7.584592e-08
7.298223e-08
2.612563e-07
9.829769e-08
2.277589e-07
2.150298e-07
3.857859e-07
2.441724e-07
1.902702e-02
1.584260e-06
5.937016e-06
4.440971e-07
4.721844e-06
2.653254e-05
3.976485e-07
2.792074e-04
1.651524e-06
7.688793e-04
1.098113e-04
5.184564e-05
1.962988e-04
5.111071e-05
8.379896e-04
1.085558e-04
1.645009e-04
1.900813e-04
5.788952e-03
7.079832e-05
1.111947e-04
4.369938e-05
4.064462e-07
4.901793e-04
4.011233e-07
3.401479e-06
1.461590e-05
2.167676e-06
8.528201e-05
2.218116e-06
2.607075e-05
6.693196e-06
3.450361e-06
3.702732e-06
1.175451e-05
2.722122e-05
6.512737e-06
3.206599e-06
2.247237e-05
8.367685e-06
3.100105e-04
3.120898e-06
4.815190e-06
1.434861e-05
1.388349e-05
3.102303e-06
1.813267e-06
1.111171e-06
7.716458e-07
5.403659e-06
1.162933e-06
4.799825e-06
4.065742e-07
3.453486e-07
5.653478e-07
9.780425e-07
1.821862e-07
2.158910e-08
2.809734e-08
2.156558e-08
1.690954e-08
5.907756e-09
2.255314e-09
3.709511e-09
1.194936e-09
4.127498e-09
4.267646e-08
9.029148e-08
1.619541e-07
9.654372e-08
1.490295e-07
3.991927e-08
5.116098e-08
2.177516e-08
9.764457e-09
8.113970e-09
1.051954e-08
6.482829e-09
5.665196e-09
9.563074e-10
4.601179e-09
4.344489e-08
1.497880e-08
1.264501e-08
1.133893e-08
2.943955e-09
3.783355e-09
5.059393e-09
2.152995e-09
2.873574e-09
1.620980e-09
1.332725e-09
2.970899e-09
3.946923e-09
2.767504e-08
7.362641e-09
5.753368e-09
5.117687e-09
2.238399e-09
1.458751e-09
3.168300e-09
3.968506e-09
2.766688e-08
7.364921e-09
5.754847e-09
5.117704e-09
2.238402e-09
1.458751e-09
3.168301e-09
3.968506e-09
2.766688e-08
7.364929e-09
5.754848e-09
5.117702e-09
2.238403e-09
1.458797e-09
3.168335e-09
3.992325e-09
2.767211e-08
7.410176e-09
5.757161e-09
5.173054e-09
2.367161e-09
1.292212e-09
6.521247e-09
7.235123e-09
3.754074e-07
1.847383e-08
7.300527e-08
2.967807e-07
4.893276e-07
2.802902e-06
2.704560e-07
6.724889e-08
4.634180e-08
2.020112e-08
5.192604e-08
3.877625e-08
5.622758e-08
8.128780e-08
8.911057e-08
3.479809e-06
4.273538e-07
4.392957e-07
5.625913e-07
3.237792e-07
1.188273e-07
3.455666e-07
1.977093e-08
1.607812e-08
1.937480e-08
1.401502e-08
2.400966e-08
7.931876e-08
1.378589e-07
1.001144e-07
1.678527e-07
1.786448e-07
1.574240e-07
2.480861e-07
1.444892e-07
2.743333e-08
5.280413e-08
6.683957e-08
2.468415e-08
1.355842e-07
2.351995e-07
6.559517e-08
1.316922e-07
1.119496e-07
1.187810e-06
7.108910e-07
1.111698e-07
9.107764e-07
6.391308e-07
2.980642e-07
2.136575e-06
1.468676e-06
9.929042e-08
8.748446e-08
2.468672e-07
8.026181e-07
1.729558e-06
6.587701e-07
4.345564e-07
4.108242e-07
1.600891e-06
1.092299e-06
3.458026e-07
1.067907e-06
3.310271e-07
1.329486e-07
2.055910e-07
4.324421e-07
1.278866e-06
2.674293e-06
7.317147e-07
3.487022e-07
2.361054e-07
5.138196e-07
8.096596e-08
1.570504e-07
5.331908e-08
1.460414e-07
1.902811e-07
3.339509e-07
2.153539e-07
1.517951e-02
1.085898e-06
3.147894e-06
3.437630e-07
3.090977e-06
2.238311e-05
7.304301e-07
1.697656e-04
1.250845e-06
6.085833e-04
7.991826e-05
4.160942e-05
1.808816e-04
5.246391e-05
7.325526e-04
9.480742e-05
1.359141e-04
1.803794e-04
1.700876e-04
7.079832e-05
4.196469e-03
4.829547e-05
5.414248e-06
4.818755e-04
2.340209e-07
1.850144e-06
1.392546e-05
1.774744e-06
7.616578e-05
2.546896e-06
2.390039e-05
5.459205e-06
1.550940e-06
2.832379e-06
8.692934e-06
1.716548e-05
5.302127e-06
3.707295e-06
1.905328e-05
6.142648e-06
3.094594e-04
3.526554e-06
3.002909e-06
1.044813e-05
8.921430e-06
3.737907e-06
4.043522e-06
9.593960e-07
7.445780e-07
5.126055e-06
9.468312e-07
4.712793e-06
3.445509e-07
2.894968e-07
4.806950e-07
1.298547e-06
3.452712e-07
3.921939e-08
2.947519e-09
1.560777e-08
1.520417e-08
4.705771e-09
9.494132e-10
2.689008e-09
3.766813e-10
1.095917e-09
1.263501e-08
2.373921e-08
1.251284e-07
7.264792e-08
6.848607e-08
2.514324e-08
3.403618e-08
1.819697e-08
8.862943e-09
5.646746e-09
7.114150e-09
4.998072e-09
3.214223e-09
8.076087e-10
1.365641e-09
1.033295e-08
8.345575e-09
6.261369e-09
5.696026e-09
4.201692e-09
2.838149e-09
1.475106e-09
1.665737e-09
1.178931e-09
4.714035e-10
4.292654e-10
1.276766e-09
1.294519e-09
1.919762e-08
5.617087e-09
2.717584e-09
3.569608e-09
9.527922e-10
4.596940e-10
1.451400e-09
1.326780e-09
1.921390e-08
5.628139e-09
2.719808e-09
3.569787e-09
9.528014e-10
4.596947e-10
1.451401e-09
1.326780e-09
1.921390e-08
5.628144e-09
2.719809e-09
3.569786e-09
9.528015e-10
4.597047e-10
1.451408e-09
1.332077e-09
1.921629e-08
5.656960e-09
2.720205e-09
3.603311e-09
9.888930e-10
4.237581e-10
2.173764e-09
2.378535e-09
1.773755e-07
1.188533e-08
2.572317e-08
7.349742e-08
1.559326e-07
2.371426e-06
2.413416e-07
5.460826e-08
5.152943e-08
1.368343e-08
4.890475e-08
3.706939e-08
1.152624e-08
5.197400e-08
8.183267e-08
5.296341e-07
2.758920e-07
3.806398e-07
3.378283e-07
1.580400e-07
9.764033e-08
8.704026e-08
2.898329e-08
9.632235e-08
5.887705e-09
5.429535e-09
1.072999e-08
2.649371e-08
4.618812e-08
3.157958e-08
3.950855e-08
7.954025e-08
8.082773e-08
2.994857e-08
2.976516e-08
1.122797e-07
3.478971e-08
1.645542e-08
1.220492e-08
1.007573e-07
1.105229e-07
2.267696e-08
6.486916e-08
7.180903e-08
5.740474e-07
4.624181e-07
8.526233e-08
1.354061e-07
3.848550e-07
1.573061e-07
1.082303e-07
6.654679e-07
3.595447e-07
2.848177e-07
1.350999e-07
5.375147e-07
1.290153e-06
4.550928e-07
3.352634e-07
2.816104e-07
1.300405e-06
1.140205e-06
1.998302e-07
7.070354e-07
2.093842e-07
1.033549e-07
9.864967e-08
2.851184e-07
3.762993e-07
1.133647e-06
5.337043e-07
3.381558e-07
1.855303e-07
1.935154e-07
1.514356e-07
4.269590e-08
3.485027e-08
7.514686e-08
1.252785e-07
2.903260e-07
1.970874e-07
8.927953e-03
7.350333e-07
1.562954e-06
1.618923e-07
1.740350e-06
1.712612e-05
3.461913e-07
7.930495e-05
8.275777e-07
5.232850e-04
4.238082e-05
2.000868e-05
1.615719e-04
4.247910e-05
5.580263e-04
7.212619e-05
9.879535e-05
1.617486e-04
1.376093e-04
6.608322e-05
1.111947e-04
4.829547e-05
2.285131e-03
4.844103e-04
1.052756e-06
9.152271e-07
1.284786e-05
1.244306e-06
6.834561e-05
1.980718e-06
2.313218e-05
2.828109e-06
1.204546e-06
2.073009e-06
4.306601e-06
8.852475e-06
3.274877e-06
2.680649e-06
1.413065e-05
5.550121e-06
3.046891e-04
2.587081e-06
2.005532e-06
6.629599e-06
6.865680e-06
2.938168e-06
1.763681e-06
1.125939e-06
1.058079e-06
4.824433e-06
5.174508e-07
4.293939e-06
3.249512e-07
1.578200e-07
3.454259e-07
1.462353e-06
3.671599e-07
5.937701e-08
6.624902e-09
2.949466e-09
5.626121e-09
2.926499e-09
4.300852e-10
2.524802e-10
3.245111e-10
4.275163e-11
6.313048e-10
2.026777e-09
1.027528e-07
2.375008e-08
4.260007e-08
2.513085e-09
7.626030e-09
1.338410e-08
2.326702e-09
6.317269e-09
3.250343e-09
9.422050e-10
2.404664e-09
1.532714e-10
1.070018e-09
3.446200e-10
5.959537e-10
1.667414e-09
2.863619e-09
8.036585e-10
3.221132e-09
1.114055e-09
1.465894e-10
6.330438e-10
6.554755e-11
7.977403e-11
1.131774e-10
2.255749e-10
1.517870e-08
1.179624e-09
2.228934e-09
2.228160e-10
4.991300e-10
9.544667e-11
1.590191e-10
2.618300e-10
1.517289e-08
1.190800e-09
2.240361e-09
2.228840e-10
4.991720e-10
9.545168e-11
1.590238e-10
2.618301e-10
1.517289e-08
1.190800e-09
2.240363e-09
2.228840e-10
4.991721e-10
9.545220e-11
1.590242e-10
2.620896e-10
1.517453e-08
1.192918e-09
2.240531e-09
2.238368e-10
5.110989e-10
9.358566e-11
1.963597e-10
3.137103e-10
1.249991e-07
1.515314e-09
1.153870e-08
4.009219e-09
1.036718e-08
1.284999e-07
2.011423e-07
2.867900e-08
3.173487e-08
1.202010e-08
4.309398e-08
2.127762e-08
6.065189e-09
1.601070e-09
4.553016e-08
1.681905e-07
9.539113e-09
1.238887e-07
2.058536e-07
4.846051e-08
3.572461e-08
2.203098e-08
1.442051e-08
1.130307e-08
4.372333e-09
4.231001e-09
1.582974e-09
3.494560e-09
5.994705e-09
4.677884e-09
4.374965e-09
1.389516e-08
1.347070e-08
1.178208e-08
5.952126e-09
3.612565e-09
7.268493e-09
5.151886e-09
2.481690e-09
6.984400e-08
4.534719e-08
9.955665e-09
4.794386e-09
3.847304e-08
7.421165e-08
1.484091e-07
4.764419e-08
3.607704e-08
1.215909e-08
9.694212e-08
6.757455e-08
2.889994e-07
2.577687e-08
1.323184e-08
1.267353e-07
2.268583e-07
9.178447e-07
3.637473e-07
1.157194e-07
7.997079e-08
9.141305e-07
1.063544e-06
1.002139e-07
4.664054e-07
6.278609e-08
5.423152e-08
4.179903e-08
7.849205e-08
2.729854e-07
2.079246e-07
1.069474e-07
1.582664e-07
1.260839e-07
2.056579e-07
1.485975e-07
2.001496e-08
2.402117e-09
3.072312e-08
5.832922e-08
2.019544e-07
1.540386e-07
5.368697e-03
1.604683e-07
6.324534e-07
4.171846e-08
3.165883e-07
5.972366e-06
1.811981e-07
4.324422e-05
3.111171e-07
3.425893e-04
2.107120e-05
5.697227e-06
7.533282e-05
2.507007e-05
3.222016e-04
3.236715e-05
4.164473e-05
7.014349e-05
9.892218e-05
4.140508e-05
8.751690e-05
4.369938e-05
5.414248e-06
4.844103e-04
1.570966e-04
1.155649e-07
1.270283e-05
2.287296e-07
3.291044e-05
1.627912e-06
1.865171e-05
1.693119e-06
5.064049e-07
1.112165e-06
1.864423e-06
2.482604e-06
1.306901e-06
2.049798e-06
3.284684e-06
2.576970e-06
3.017672e-04
2.377319e-06
7.022353e-07
2.049931e-06
4.677847e-06
1.783399e-06
1.256713e-06
6.302609e-07
5.767815e-07
4.334008e-06
1.618129e-07
3.622414e-06
2.389814e-07
7.572347e-08
9.019442e-08
1.581072e-06
3.675189e-07
5.616448e-08
6.599400e-09
6.936770e-10
3.268079e-08
1.910757e-10
2.015010e-10
1.653985e-10
2.415426e-10
1.635969e-11
1.708287e-10
3.927871e-10
3.193426e-08
1.365914e-08
5.163627e-09
1.137734e-09
8.270678e-09
7.055833e-09
7.246183e-10
1.937226e-09
2.207776e-08
2.855995e-10
1.369968e-09
2.589812e-10
7.601680e-10
1.705626e-10
4.439848e-11
5.370200e-10
1.651521e-09
1.963594e-10
5.044986e-10
8.580425e-09
1.792682e-10
5.505001e-11
1.344278e-10
1.374203e-10
8.891487e-11
7.389992e-11
5.220364e-09
7.408579e-10
1.253524e-09
1.483383e-10
1.372437e-10
1.218152e-10
1.932181e-10
1.514180e-10
5.195962e-09
8.252786e-10
1.273035e-09
1.493158e-10
1.374100e-10
1.218179e-10
1.933004e-10
1.514191e-10
5.195962e-09
8.252807e-10
1.273039e-09
1.493158e-10
1.374100e-10
1.218180e-10
1.933005e-10
1.514574e-10
5.196197e-09
8.262260e-10
1.273071e-09
1.494579e-10
1.376966e-10
1.214482e-10
2.005809e-10
1.590858e-10
2.096812e-08
1.090412e-09
2.872441e-09
6.924808e-10
2.534398e-09
2.015501e-08
3.913630e-08
1.235448e-08
1.758567e-08
5.736285e-09
2.483065e-08
3.270955e-08
2.650465e-09
6.887321e-10
1.749152e-08
2.757104e-08
8.571052e-10
1.240775e-08
1.030120e-08
2.280240e-08
9.074058e-09
1.507844e-08
8.849513e-10
1.166374e-08
1.360265e-08
1.324311e-09
8.817652e-10
1.742304e-09
1.086223e-09
9.156981e-10
1.380426e-09
4.699223e-09
4.081065e-09
5.049117e-09
3.749582e-09
2.618763e-09
2.420441e-09
2.593700e-09
8.564292e-10
1.378457e-08
2.234348e-08
6.356087e-09
2.427086e-09
9.913300e-09
1.328968e-08
3.682348e-08
1.520988e-08
6.986658e-09
2.151383e-09
2.599051e-08
4.512467e-08
1.353319e-07
7.625775e-09
2.830790e-08
5.704414e-08
3.064906e-08
1.630493e-07
2.045727e-07
1.564215e-08
1.010362e-08
8.591464e-08
8.597160e-07
7.307156e-08
9.195115e-08
4.493087e-08
1.867011e-08
2.323334e-08
2.161033e-08
3.186424e-08
2.905691e-07
8.004883e-09
1.603344e-08
3.472268e-08
1.701213e-07
1.295034e-07
3.183969e-08
1.776910e-08
1.780278e-08
2.054759e-08
2.587331e-08
1.152581e-08
2.823998e-03
4.995360e-08
7.900975e-08
2.060417e-08
3.366018e-08
6.112982e-07
9.663843e-08
2.586917e-05
9.364059e-08
7.165417e-05
1.675466e-06
3.000915e-06
1.067504e-05
1.101047e-05
1.452527e-04
1.740998e-05
7.513436e-06
2.565530e-05
4.529360e-05
1.686006e-05
6.756880e-05
3.780468e-05
4.064462e-07
4.818755e-04
1.052756e-06
1.155649e-07
2.226300e-05
2.219442e-08
1.569887e-05
1.091041e-06
1.173157e-05
1.890362e-07
2.289899e-07
2.128111e-07
9.802353e-07
2.255834e-07
6.681587e-07
8.274612e-07
2.219429e-07
3.312006e-07
2.993339e-04
1.433738e-06
9.100932e-08
5.905206e-07
3.260666e-06
6.365951e-07
6.454107e-07
5.003307e-07
2.290957e-07
3.257876e-06
3.330199e-08
2.522290e-06
1.739297e-07
1.816157e-08
7.478827e-08
1.452234e-06
3.070658e-07
5.383536e-08
1.728715e-08
3.225537e-09
7.443664e-08
2.799299e-10
1.472538e-10
1.878736e-10
2.198421e-10
1.561887e-10
5.129870e-09
4.628969e-10
2.236474e-09
1.947831e-09
2.664157e-09
1.085510e-09
1.307720e-08
1.168548e-09
4.070967e-10
4.847890e-09
3.092139e-08
1.599314e-09
8.080583e-10
1.005876e-09
1.815068e-09
2.767990e-10
2.437392e-10
6.938942e-10
1.939331e-10
2.606845e-10
3.947584e-10
1.049918e-08
4.128218e-10
2.092522e-10
5.287886e-10
6.174403e-10
1.443576e-10
5.119895e-11
7.129002e-10
2.522325e-10
8.310774e-10
1.706803e-10
6.796657e-10
1.571437e-10
3.906418e-10
4.447480e-10
5.823830e-10
4.279798e-10
9.130246e-10
1.767349e-10
6.827230e-10
1.571519e-10
3.912297e-10
4.447531e-10
5.823837e-10
4.279839e-10
9.130446e-10
1.767349e-10
6.827235e-10
1.571519e-10
3.912297e-10
4.447566e-10
5.823982e-10
4.280435e-10
9.130551e-10
1.767465e-10
6.828016e-10
1.571293e-10
3.937832e-10
4.454499e-10
1.550389e-09
4.451636e-10
1.548967e-09
2.291037e-10
1.621490e-09
2.085985e-09
3.043209e-09
1.466429e-09
1.225905e-08
5.906578e-09
1.822975e-08
4.482809e-08
1.091557e-08
9.269556e-09
1.804111e-07
1.281671e-09
7.058285e-10
2.107937e-08
5.911013e-10
1.944443e-08
1.600292e-08
6.572921e-09
2.477540e-09
3.344005e-08
2.139442e-08
2.575750e-09
2.182271e-09
3.187080e-09
7.085302e-10
3.671329e-10
2.967465e-10
1.353561e-09
3.233765e-09
3.361911e-09
2.858011e-09
3.824289e-09
2.682955e-09
2.816308e-09
1.574236e-09
1.884577e-09
2.559201e-09
5.296181e-09
1.569020e-09
5.902167e-09
2.679779e-09
2.131424e-08
5.785936e-09
1.513052e-09
4.530339e-09
8.124620e-08
3.761717e-09
4.988060e-08
1.409370e-08
2.311304e-08
8.531064e-08
4.945813e-09
1.126708e-07
3.136171e-08
1.115568e-08
2.859517e-09
1.699824e-08
6.584116e-07
4.562790e-08
6.643039e-08
1.926284e-07
4.521544e-08
1.582888e-08
1.166632e-08
1.753519e-08
3.374810e-07
2.424321e-08
2.383552e-09
1.909422e-08
8.526550e-08
1.128265e-07
2.174749e-08
1.540498e-07
3.068196e-07
1.140557e-08
7.225062e-09
2.003056e-09
8.088071e-04
2.939683e-08
3.967458e-08
2.741348e-08
1.239312e-08
2.023559e-07
3.980089e-08
1.147979e-05
4.856516e-08
4.898309e-05
5.716818e-07
7.413100e-07
5.731664e-06
2.884776e-06
9.928950e-05
8.925415e-06
6.058983e-06
1.820679e-05
3.279743e-05
1.068788e-05
5.042873e-05
3.654881e-05
3.542760e-07
4.901793e-04
2.340209e-07
9.152271e-07
1.270283e-05
2.219442e-08
1.533700e-05
6.838486e-07
1.002151e-05
1.055462e-07
1.629675e-07
1.571421e-07
2.219543e-07
1.332316e-07
5.021842e-07
4.585530e-07
5.121369e-08
1.664862e-07
2.979553e-04
8.064124e-07
6.277539e-08
3.116891e-07
2.955677e-06
2.764761e-07
2.572124e-07
5.901723e-07
1.861224e-07
2.432346e-06
4.990122e-08
2.989774e-06
5.085642e-07
8.001567e-09
2.009428e-07
1.922530e-06
1.761035e-07
4.696416e-08
6.974655e-08
2.782545e-08
2.488772e-07
1.339857e-09
3.809586e-09
3.551854e-11
1.781287e-10
1.922904e-10
7.080393e-09
8.196614e-09
5.909360e-10
4.975422e-10
1.654924e-09
1.109796e-09
1.307625e-08
1.093690e-09
1.162335e-09
6.197656e-09
3.299457e-08
2.128336e-09
1.670707e-09
6.041232e-09
5.804153e-09
2.468007e-09
2.974722e-10
1.540465e-09
1.074566e-10
4.901613e-10
3.841007e-10
1.038887e-08
4.349421e-10
5.369134e-10
3.108679e-09
2.060482e-09
1.190433e-09
7.622386e-11
4.287560e-10
2.370009e-10
5.997280e-10
2.877676e-10
8.199919e-10
2.940790e-10
4.570442e-10
8.370741e-10
3.222096e-10
5.434002e-10
8.318547e-10
3.845397e-10
8.344353e-10
2.942757e-10
4.586285e-10
8.371571e-10
3.222195e-10
5.434437e-10
8.319113e-10
3.845397e-10
8.344376e-10
2.942757e-10
4.586286e-10
8.371587e-10
3.222217e-10
5.434542e-10
8.319128e-10
3.845441e-10
8.344639e-10
2.942669e-10
4.588687e-10
8.374658e-10
4.707028e-10
5.465395e-10
9.215657e-10
4.262949e-10
1.385826e-09
1.144864e-09
8.696571e-10
9.827629e-10
3.021653e-09
5.867659e-09
1.167569e-08
4.728277e-08
2.412104e-08
3.715818e-08
2.454186e-07
5.878736e-10
1.022943e-09
1.829232e-08
1.227596e-09
3.584129e-09
5.734506e-09
1.386264e-08
2.164562e-08
3.468193e-08
3.961585e-08
1.328041e-08
4.174115e-09
3.739614e-08
2.756419e-09
9.181477e-10
5.302742e-10
4.950504e-10
7.943872e-10
3.731659e-09
6.657721e-09
5.756152e-09
4.109055e-09
7.421946e-09
4.990902e-09
1.552747e-09
1.524824e-09
3.254107e-09
2.256024e-09
6.201979e-09
2.396241e-09
1.729589e-08
7.616170e-09
1.235121e-09
4.657779e-09
8.871184e-08
3.074793e-09
1.000789e-08
1.388347e-08
3.306573e-08
9.988191e-08
8.279673e-09
1.014824e-07
3.225355e-08
5.973798e-09
2.292685e-09
2.139601e-08
1.722833e-07
1.861943e-08
3.984370e-08
1.970226e-07
1.780913e-07
2.718136e-08
4.419605e-08
1.172905e-08
3.164548e-07
3.789100e-08
6.621009e-09
2.391025e-08
6.753601e-08
5.997799e-08
2.192346e-08
1.881940e-07
3.510576e-07
9.801619e-08
7.267039e-09
7.250367e-09
4.408205e-04
7.605170e-09
1.988526e-08
3.354477e-08
1.021742e-08
9.346370e-08
2.534768e-08
4.652246e-06
1.973437e-08
3.803646e-05
5.402331e-07
3.379023e-07
1.531964e-06
9.903674e-07
7.930340e-05
2.095582e-06
6.086575e-06
7.394171e-06
2.976688e-05
7.205014e-06
3.639260e-05
3.619438e-05
2.034700e-07
5.004091e-04
4.011233e-07
1.850144e-06
1.284786e-05
2.287296e-07
1.569887e-05
6.838486e-07
1.006633e-05
3.935518e-08
1.933587e-07
9.115190e-08
2.198012e-07
7.527938e-08
2.085920e-07
4.505319e-07
3.078852e-08
1.790770e-07
2.927391e-04
2.831385e-07
7.349345e-08
2.882547e-07
3.302006e-06
2.026477e-07
1.783866e-07
9.079015e-07
1.400068e-07
2.280824e-06
5.653299e-08
6.033050e-06
6.317854e-07
1.515589e-08
4.990205e-07
3.973511e-06
2.539773e-07
2.352694e-08
1.084116e-07
1.037109e-07
2.804566e-07
1.495673e-08
1.003078e-08
4.513946e-08
1.179608e-10
1.579853e-10
7.088305e-09
3.183404e-08
5.272822e-09
1.347741e-09
1.684606e-09
1.272422e-09
1.438617e-08
4.597484e-10
3.508938e-09
1.175038e-08
3.551264e-08
3.715739e-09
2.364299e-09
3.451507e-08
3.923979e-08
6.005732e-09
8.403189e-10
1.826964e-09
4.288682e-10
1.393973e-09
5.965002e-10
1.175095e-08
5.097240e-10
8.473348e-10
1.526645e-08
1.425649e-08
2.820039e-09
2.578010e-10
5.306906e-10
3.864495e-10
8.496398e-10
3.895561e-10
1.391063e-09
3.982642e-10
1.163980e-09
1.065588e-09
4.812841e-10
2.440331e-09
1.210682e-09
7.699362e-10
1.552347e-09
3.991454e-10
1.186698e-09
1.065861e-09
4.813869e-10
2.440874e-09
1.211203e-09
7.699363e-10
1.552372e-09
3.991456e-10
1.186700e-09
1.065862e-09
4.813882e-10
2.440880e-09
1.211204e-09
7.699383e-10
1.552395e-09
3.991413e-10
1.186830e-09
1.066013e-09
5.651031e-10
2.442719e-09
1.252651e-09
7.805863e-10
2.166804e-09
8.285265e-10
1.293887e-09
1.124218e-09
2.730134e-09
6.769570e-09
9.054310e-09
4.853988e-08
2.780155e-08
1.089751e-07
4.403589e-07
1.596016e-09
1.007184e-08
1.700406e-08
3.545960e-09
4.487649e-09
5.954419e-09
8.874258e-09
8.243273e-09
5.057335e-08
1.209497e-07
2.265588e-08
1.113230e-08
2.615919e-07
1.700723e-08
6.862404e-09
2.173908e-09
1.663432e-09
3.310238e-09
2.846867e-09
6.859016e-09
1.273370e-08
1.603820e-08
2.271002e-08
1.896595e-08
9.638553e-09
5.722029e-09
2.737028e-09
2.864810e-09
9.762085e-09
5.356006e-09
3.688899e-08
7.639309e-09
1.553838e-09
1.054433e-08
9.734357e-08
5.760293e-09
1.147713e-08
9.060556e-09
1.789675e-07
1.201679e-07
1.189993e-08
2.519802e-07
4.016772e-08
1.215994e-08
3.759455e-09
3.965562e-08
1.111497e-07
9.328920e-09
2.667085e-08
2.171578e-07
4.469667e-07
6.526994e-08
6.996110e-08
2.551842e-08
3.571908e-07
9.078660e-08
1.273963e-08
1.709649e-07
8.303317e-08
2.165716e-08
2.445486e-08
2.276719e-07
4.145863e-07
3.383444e-07
7.537985e-08
2.954897e-08
3.962027e-04
2.631740e-09
1.635891e-08
4.130461e-08
1.053538e-08
5.968442e-08
2.547933e-08
2.731612e-06
1.257889e-08
3.553727e-05
5.612150e-07
3.101044e-07
6.023708e-07
5.086676e-07
7.391002e-05
1.088187e-06
5.772641e-06
5.836557e-06
3.058404e-05
5.986080e-06
3.064445e-05
3.584438e-05
2.261401e-07
5.196854e-04
5.368989e-07
3.401479e-06
1.392546e-05
1.244306e-06
3.291044e-05
1.091041e-06
1.002151e-05
3.935518e-08
9.261733e-07
1.008770e-07
2.369875e-07
8.563238e-08
1.564781e-07
7.596698e-07
2.358299e-08
3.364851e-07
2.957991e-04
1.532266e-07
5.653605e-08
3.189396e-07
4.689547e-06
2.067868e-07
2.358809e-07
1.985220e-06
2.277908e-07
2.296576e-06
6.875383e-08
1.370683e-05
1.054992e-06
5.016857e-08
1.775184e-06
8.058164e-06
4.643406e-07
3.886728e-08
1.860333e-07
2.854311e-07
3.417846e-07
4.532482e-08
5.580683e-08
1.292384e-07
5.959931e-08
1.824423e-10
7.099465e-09
3.178977e-08
7.918515e-09
2.546611e-09
1.991277e-09
8.398928e-10
8.210905e-09
3.208300e-10
4.890033e-09
1.228152e-08
2.364688e-08
4.867643e-09
3.687956e-09
3.605677e-08
6.273705e-08
7.377957e-09
1.178720e-09
1.958263e-09
4.868759e-10
1.841009e-09
6.547111e-10
4.417158e-09
4.655108e-10
2.281985e-09
1.553768e-08
1.930240e-08
3.712286e-09
3.354991e-10
5.358220e-10
3.211887e-10
6.831173e-10
3.537002e-10
1.281313e-09
3.743445e-10
1.303447e-09
1.149006e-09
4.435194e-10
3.125834e-09
1.368085e-09
7.160459e-10
1.503951e-09
3.774444e-10
1.351468e-09
1.149903e-09
4.437075e-10
3.127148e-09
1.369321e-09
7.160461e-10
1.503981e-09
3.774449e-10
1.351471e-09
1.149904e-09
4.437077e-10
3.127152e-09
1.369322e-09
7.160465e-10
1.503986e-09
3.774439e-10
1.351511e-09
1.149995e-09
4.551492e-10
3.128454e-09
1.381253e-09
7.177939e-10
1.622739e-09
5.024891e-10
1.431841e-09
1.028128e-09
1.250651e-09
3.275593e-09
4.300536e-09
4.723367e-08
2.992260e-08
1.211416e-07
4.539580e-07
4.534264e-09
2.244614e-08
1.766169e-08
4.589261e-09
5.423604e-09
6.894720e-09
8.608444e-09
6.047097e-09
5.542098e-08
1.008509e-07
4.437384e-08
3.749432e-08
2.775295e-07
1.810618e-08
1.528221e-08
2.259835e-09
8.925514e-10
1.739883e-09
3.124883e-09
6.168815e-09
4.200732e-09
1.029670e-08
3.095752e-08
3.336591e-08
1.353299e-08
4.866684e-09
3.063866e-09
3.548181e-09
4.730013e-09
4.360292e-09
3.839402e-08
8.198889e-09
3.041101e-09
6.940177e-09
8.511108e-08
1.267928e-08
1.537466e-08
9.224946e-09
8.374382e-08
9.249373e-08
1.074882e-07
2.447499e-07
3.897788e-08
2.281183e-08
1.901304e-08
3.460825e-08
8.647392e-08
1.428193e-08
1.511180e-08
1.962928e-07
4.728097e-07
7.927150e-08
1.240266e-07
4.770801e-08
2.291223e-07
1.366270e-07
4.325273e-08
1.839358e-07
9.087710e-08
2.129089e-08
1.716740e-08
1.969163e-07
4.193405e-07
3.692091e-07
1.004926e-07
5.804660e-08
2.360537e-04
3.926814e-09
2.148239e-08
3.580236e-08
6.798687e-09
5.578004e-08
2.635736e-08
2.429693e-06
1.406268e-08
1.791896e-05
3.737084e-07
5.445034e-07
5.048122e-07
2.715686e-07
3.856900e-05
9.214322e-07
3.283122e-06
4.081017e-06
2.694247e-05
5.528151e-06
2.692485e-05
3.570323e-05
2.143121e-07
5.178348e-04
6.554825e-07
4.871297e-06
1.461590e-05
1.774744e-06
6.834561e-05
1.627912e-06
1.173157e-05
1.055462e-07
1.933587e-07
1.008770e-07
6.647335e-07
8.448848e-08
2.018947e-07
6.679938e-07
3.226159e-08
3.732160e-07
2.916855e-04
9.169272e-08
8.777136e-08
2.373511e-07
4.528467e-06
2.223448e-07
3.881745e-07
2.208681e-06
1.883515e-07
1.603541e-06
9.976159e-08
2.278210e-05
1.070747e-06
9.029197e-08
3.276661e-06
1.643988e-05
7.606560e-07
4.827577e-08
2.406806e-07
3.130554e-07
3.226661e-07
7.176765e-08
6.546076e-08
2.480826e-07
1.302713e-07
9.563816e-08
5.248362e-09
3.173796e-08
7.954318e-09
2.802815e-09
5.082127e-09
4.469059e-10
1.185507e-09
2.815627e-10
3.440216e-09
9.254170e-09
1.905600e-08
5.503194e-09
3.175903e-09
3.686063e-08
7.733982e-08
1.303091e-08
1.627291e-09
1.458275e-09
7.065325e-10
1.945846e-09
1.280649e-09
8.757639e-10
1.517061e-10
1.548909e-09
1.517830e-08
2.247216e-08
7.329987e-09
5.064522e-10
3.693041e-10
3.839236e-10
5.161854e-10
2.843690e-10
7.397173e-10
3.151122e-10
1.293170e-09
8.333478e-10
7.056488e-10
3.237624e-09
2.333508e-09
7.222079e-10
9.449891e-10
3.292763e-10
1.439579e-09
8.346278e-10
7.065758e-10
3.239453e-09
2.337486e-09
7.222085e-10
9.450398e-10
3.292779e-10
1.439588e-09
8.346279e-10
7.065760e-10
3.239453e-09
2.337489e-09
7.222086e-10
9.450402e-10
3.292778e-10
1.439602e-09
8.346342e-10
7.094140e-10
3.239572e-09
2.341914e-09
7.227381e-10
9.544593e-10
3.376403e-10
1.519190e-09
8.134063e-10
1.125583e-09
1.995198e-09
1.151082e-09
1.007186e-08
2.643398e-08
1.261181e-07
3.918622e-07
1.248846e-08
3.230458e-08
8.761579e-09
1.383092e-08
4.221494e-09
5.262253e-09
9.609462e-09
3.863982e-09
6.479293e-08
9.039099e-08
3.422264e-08
2.282798e-08
3.012651e-07
3.731651e-08
2.524405e-08
3.226052e-09
1.347711e-09
1.481255e-09
1.711358e-09
2.210596e-09
5.026661e-09
1.433028e-08
1.919806e-08
3.027084e-08
2.496376e-08
1.376942e-08
5.218935e-09
5.416361e-09
3.418338e-09
4.178912e-09
3.438537e-08
6.848169e-09
5.614626e-09
4.847558e-09
4.941991e-08
1.049297e-08
8.485340e-09
1.448278e-08
1.050055e-07
3.613112e-08
8.620878e-08
2.036867e-07
1.279108e-07
5.826769e-08
2.848463e-08
3.898668e-08
4.861681e-08
1.514280e-08
7.272770e-09
4.709417e-08
4.871335e-07
7.096987e-08
1.408134e-07
7.896891e-08
1.336440e-07
1.877145e-07
2.337771e-08
1.905839e-07
1.175132e-07
8.092940e-08
8.827304e-09
8.269220e-08
2.204052e-07
3.432422e-07
1.082744e-07
9.359125e-08
2.171327e-04
5.451462e-09
4.210543e-08
1.956223e-08
3.951518e-09
4.557728e-08
1.549338e-08
1.853915e-06
3.523252e-08
8.022610e-06
1.629361e-07
1.577075e-07
3.296185e-07
4.534977e-07
9.726118e-06
4.479350e-07
2.041951e-06
1.899311e-06
1.248707e-05
4.845897e-06
1.958413e-05
3.474858e-05
1.369786e-06
5.003440e-04
6.614063e-07
4.525948e-06
1.384278e-05
2.167676e-06
7.616578e-05
1.980718e-06
1.865171e-05
1.890362e-07
1.629675e-07
9.115190e-08
2.369875e-07
8.448848e-08
1.827579e-07
7.047942e-07
2.916429e-08
3.449000e-07
2.892853e-04
5.672936e-08
1.052598e-07
1.133080e-07
4.186793e-06
1.988740e-07
3.435581e-07
2.323782e-06
2.877575e-07
8.930842e-07
7.062286e-08
2.477796e-05
9.944263e-07
1.428906e-07
5.088480e-06
2.231003e-05
1.122067e-06
4.931567e-08
2.517558e-07
3.818099e-07
1.788516e-07
8.537421e-08
6.730562e-08
3.329996e-07
3.919920e-07
1.641709e-07
1.707845e-08
2.825080e-08
8.010618e-09
2.809293e-09
5.329537e-09
7.986030e-10
5.398805e-10
1.274559e-10
2.412593e-09
7.453620e-09
1.045602e-08
7.850744e-09
4.704228e-09
3.338633e-08
8.045425e-08
1.304724e-08
3.813785e-09
1.435863e-09
9.382522e-10
3.701731e-09
1.343526e-09
1.107509e-09
4.708890e-10
2.748520e-10
1.329979e-08
2.082436e-08
7.088974e-09
2.168266e-09
4.771964e-10
3.762443e-10
8.388465e-10
2.154152e-10
6.447283e-10
5.613590e-10
1.144204e-09
5.228192e-10
6.167277e-10
3.736346e-09
3.752989e-09
7.862249e-10
1.410826e-09
3.335178e-10
1.511131e-09
5.329316e-10
6.209366e-10
3.752062e-09
3.762642e-09
7.862332e-10
1.411247e-09
3.335383e-10
1.511156e-09
5.329318e-10
6.209372e-10
3.752062e-09
3.762651e-09
7.862332e-10
1.411247e-09
3.335383e-10
1.511159e-09
5.329333e-10
6.216298e-10
3.752143e-09
3.763545e-09
7.865208e-10
1.413797e-09
3.392674e-10
1.548799e-09
7.006180e-10
8.155834e-10
2.338820e-09
4.802297e-09
4.391795e-09
1.381268e-08
1.194358e-07
3.455288e-07
1.748572e-08
5.216714e-08
7.159950e-09
1.375474e-08
1.725044e-08
5.191389e-09
8.181982e-09
4.317985e-09
2.798976e-08
7.764826e-08
6.308004e-08
1.338123e-08
2.727756e-07
3.177357e-08
5.526632e-08
1.877395e-08
2.715580e-09
2.861761e-09
3.090473e-09
1.807564e-09
2.742819e-09
1.170005e-08
3.078548e-08
4.576265e-08
1.733227e-08
1.415216e-08
1.689646e-08
2.106951e-08
1.218144e-08
2.889558e-09
2.754430e-08
8.338917e-09
3.542551e-09
3.895951e-09
3.045888e-08
2.505692e-08
1.125571e-08
8.488279e-09
9.737802e-08
4.587215e-08
2.431133e-08
1.833146e-07
1.100240e-07
4.818086e-08
2.087610e-07
5.035572e-08
1.663874e-07
1.685989e-08
5.852039e-09
3.957816e-08
4.125130e-07
6.640136e-08
1.534003e-07
7.002866e-08
1.212989e-07
3.805647e-07
2.693044e-08
2.035814e-07
8.382256e-08
9.751434e-08
5.895329e-08
3.229042e-08
2.310279e-07
3.180364e-07
1.100041e-07
7.137298e-08
1.819879e-04
6.754753e-08
1.541125e-07
2.962713e-08
3.168548e-09
3.020431e-08
1.291182e-08
1.923303e-06
5.006667e-08
5.718628e-06
1.440713e-07
1.027649e-07
2.035382e-07
2.185774e-07
8.013815e-06
5.708857e-07
1.124554e-06
3.893374e-06
6.232966e-06
4.362253e-06
1.626724e-05
3.274664e-05
5.448821e-07
4.925345e-04
2.358337e-06
4.634572e-06
1.322394e-05
1.926925e-06
8.528201e-05
2.546896e-06
2.313218e-05
1.693119e-06
2.289899e-07
1.571421e-07
2.198012e-07
8.563238e-08
2.018947e-07
7.047942e-07
9.250053e-08
3.174624e-07
2.843195e-04
5.431787e-08
1.569230e-07
9.408166e-08
3.339403e-06
3.653947e-07
4.059448e-07
3.244275e-06
1.953603e-07
7.931830e-07
3.263738e-07
2.931297e-05
8.625024e-07
2.146619e-07
6.837826e-06
5.449918e-05
1.293165e-06
8.600754e-08
2.989074e-07
6.699839e-07
1.931679e-07
9.592809e-08
6.404645e-08
6.500394e-07
4.995415e-07
1.353774e-06
5.383753e-08
2.327737e-08
4.064901e-09
2.126177e-09
5.151032e-09
6.231129e-10
5.461861e-10
3.081560e-11
5.802523e-10
2.357931e-09
3.907030e-09
6.663721e-09
5.173692e-09
1.466324e-08
5.294788e-08
9.319529e-09
3.924917e-09
3.424552e-09
1.085630e-09
2.994929e-09
1.503714e-09
7.757093e-10
1.369776e-09
4.275921e-11
1.832614e-09
8.631835e-09
5.345145e-09
1.730588e-09
7.440271e-10
4.276078e-10
4.663774e-10
2.338758e-10
2.684231e-10
6.471421e-10
6.663107e-10
3.440451e-10
4.219267e-10
2.239454e-09
7.257056e-09
2.580450e-10
2.296243e-09
3.386883e-10
1.195813e-09
4.193463e-10
4.364410e-10
2.263872e-09
7.314353e-09
2.580582e-10
2.298081e-09
3.387809e-10
1.195896e-09
4.193474e-10
4.364435e-10
2.263872e-09
7.314402e-09
2.580583e-10
2.298083e-09
3.387810e-10
1.195896e-09
4.193476e-10
4.365766e-10
2.263892e-09
7.314842e-09
2.580658e-10
2.299927e-09
3.394098e-10
1.199152e-09
4.660645e-10
6.812798e-10
1.666609e-09
8.101980e-09
1.397350e-09
7.553498e-09
3.024798e-08
1.633149e-07
1.662313e-08
5.127622e-08
1.055253e-08
1.380443e-08
2.133142e-08
7.950627e-09
3.207897e-09
2.462138e-09
2.111863e-08
5.470437e-09
2.513605e-08
7.833255e-09
1.428786e-07
5.977855e-09
4.780993e-08
2.317282e-08
1.235622e-08
7.884180e-09
4.520465e-09
2.522390e-09
1.713864e-09
2.448420e-09
8.070099e-09
3.747191e-08
6.405419e-08
5.432826e-08
1.394774e-08
3.426555e-08
2.465493e-08
3.224219e-09
1.714865e-08
5.112279e-09
4.845709e-09
4.170273e-09
2.183046e-08
2.788196e-08
1.687978e-08
5.474896e-09
4.811234e-08
2.309030e-08
1.838462e-08
4.624067e-08
1.548974e-07
4.255039e-08
2.123715e-07
7.891258e-08
2.490999e-07
2.134039e-08
3.600615e-09
2.899321e-08
2.811630e-07
1.824914e-08
1.410345e-07
5.909334e-08
7.925580e-08
4.311985e-07
3.751525e-08
1.722993e-07
2.944156e-08
1.006910e-07
7.252295e-08
3.281948e-08
7.032908e-08
7.124629e-08
2.166975e-07
6.636513e-08
1.386634e-04
5.323303e-08
9.435159e-07
4.037287e-08
2.088560e-09
1.213481e-08
3.782439e-09
1.872217e-06
6.101396e-08
1.930356e-06
3.838217e-08
3.077984e-08
1.116519e-07
4.922203e-08
5.453036e-06
4.647423e-07
3.208407e-07
4.359616e-07
2.588023e-06
6.881217e-06
3.051174e-06
3.012913e-05
1.562963e-07
4.779910e-04
7.489813e-07
3.806989e-06
1.321995e-05
1.420953e-06
8.685219e-05
2.218116e-06
2.390039e-05
2.828109e-06
5.064049e-07
2.128111e-07
2.219543e-07
7.527938e-08
1.564781e-07
6.679938e-07
2.916429e-08
3.174624e-07
2.719604e-04
1.462396e-08
2.048403e-07
5.784345e-08
2.046888e-06
1.029329e-07
4.128175e-07
3.898103e-06
1.993297e-07
5.346464e-07
1.149794e-07
3.412800e-05
7.802651e-07
1.515403e-07
7.812037e-06
8.063373e-05
1.491770e-06
9.982182e-08
3.233385e-07
8.476325e-07
1.490004e-07
1.139014e-07
2.318894e-08
9.016960e-07
5.493760e-07
2.113820e-06
1.621776e-07
3.845933e-08
2.664023e-09
1.254412e-09
4.369852e-09
5.676599e-10
7.729026e-10
2.397059e-10
5.696033e-10
1.258621e-09
2.944954e-09
8.067520e-09
7.460542e-09
2.019997e-08
5.685544e-08
9.505312e-09
3.535163e-09
1.017754e-08
8.081825e-09
4.375470e-09
2.340632e-09
2.496443e-09
2.676075e-09
2.023833e-10
1.056729e-09
5.164576e-09
4.932674e-09
6.008154e-10
1.524837e-09
3.588252e-09
1.099638e-09
4.036799e-10
8.263455e-10
1.311818e-09
9.387900e-10
8.250772e-10
1.019921e-09
2.339021e-09
1.062207e-08
1.015139e-09
3.927835e-09
8.986637e-10
2.295299e-09
9.362955e-10
1.163900e-09
2.500747e-09
1.086266e-08
1.015497e-09
3.933319e-09
8.996188e-10
2.296076e-09
9.363066e-10
1.163917e-09
2.500743e-09
1.086287e-08
1.015499e-09
3.933324e-09
8.996191e-10
2.296076e-09
9.363068e-10
1.163980e-09
2.500758e-09
1.086319e-08
1.015502e-09
3.933600e-09
9.003002e-10
2.300744e-09
9.493065e-10
1.219091e-09
2.502743e-09
1.278969e-08
1.842952e-09
1.406844e-08
1.746625e-08
8.564420e-08
1.366837e-08
5.405526e-08
1.336640e-08
2.283933e-08
4.524063e-08
1.336092e-08
1.468421e-08
3.051130e-09
1.138350e-08
6.395923e-09
1.228233e-08
1.073890e-08
8.981757e-08
4.832497e-09
1.001530e-07
1.247841e-08
1.610945e-08
8.301503e-08
1.571742e-08
1.509285e-08
2.049643e-08
1.112785e-08
6.322393e-09
2.318970e-08
5.766074e-08
1.693549e-07
3.096442e-07
2.001456e-07
6.326911e-08
1.827787e-08
4.223121e-08
8.933258e-09
3.758855e-08
1.853288e-08
4.495642e-08
5.113138e-08
4.007139e-08
1.301018e-08
8.796922e-08
2.565017e-08
1.485861e-08
1.141009e-07
1.933384e-08
6.874220e-07
6.185045e-07
3.327730e-07
1.037330e-06
4.490333e-08
1.251556e-08
8.180755e-08
5.889778e-07
1.806558e-08
9.677716e-08
6.037404e-08
8.119733e-08
4.394912e-07
1.743931e-07
3.421028e-07
3.827097e-08
1.413665e-07
1.043126e-07
8.861476e-08
6.820747e-07
3.683691e-08
2.323791e-08
7.643449e-08
1.326763e-04
7.558032e-08
1.403156e-06
9.379947e-07
1.260714e-08
2.397729e-08
1.133212e-08
2.865958e-06
1.180194e-07
1.469769e-06
2.180642e-08
3.567206e-08
2.994202e-08
1.758641e-08
4.960389e-06
3.849726e-07
3.951344e-07
3.856904e-07
1.819648e-06
3.960103e-06
1.127764e-06
3.350124e-05
2.431879e-07
4.731809e-04
4.904013e-07
3.419163e-06
1.104189e-05
1.266814e-06
9.364472e-05
2.275280e-06
2.607075e-05
5.459205e-06
1.204546e-06
1.112165e-06
9.802353e-07
1.332316e-07
2.085920e-07
7.596698e-07
3.226159e-08
3.449000e-07
2.843195e-04
1.462396e-08
7.831545e-07
1.506661e-08
2.333661e-06
4.398392e-07
3.344438e-07
5.526663e-06
3.489442e-07
1.226813e-06
1.603591e-07
1.174333e-04
6.612543e-07
1.772610e-07
1.055199e-05
1.811906e-04
2.963270e-06
4.430549e-07
3.794922e-07
4.243848e-06
2.483348e-07
1.860458e-07
3.043324e-08
2.637554e-06
9.745465e-07
4.903971e-06
2.628558e-07
1.781869e-07
1.404925e-08
3.545025e-09
1.593990e-09
5.489393e-10
4.770830e-10
3.318219e-10
1.250126e-09
2.433746e-10
4.056502e-10
3.072262e-09
5.742544e-09
1.645523e-08
4.888484e-08
2.522840e-09
3.097968e-09
1.430225e-08
7.394201e-09
5.244238e-09
1.471640e-09
3.916065e-09
3.951041e-09
2.366576e-10
1.061718e-09
3.909999e-10
5.566639e-10
4.331745e-10
1.708626e-09
2.542308e-09
1.498476e-09
3.437351e-10
1.024219e-09
1.484398e-09
2.988845e-10
5.375682e-10
7.716540e-10
1.608727e-09
1.083450e-08
1.110872e-09
4.325988e-09
2.510959e-10
1.855524e-09
8.706268e-10
1.178600e-09
1.871663e-09
1.130595e-08
1.112924e-09
4.351984e-09
2.526559e-10
1.857140e-09
8.706501e-10
1.178636e-09
1.871659e-09
1.130634e-08
1.112927e-09
4.352009e-09
2.526563e-10
1.857140e-09
8.706501e-10
1.178640e-09
1.871660e-09
1.130658e-08
1.112927e-09
4.352138e-09
2.526663e-10
1.857903e-09
8.721154e-10
1.187409e-09
1.853203e-09
1.250316e-08
1.809517e-09
1.412920e-08
2.024463e-09
6.436211e-09
4.127095e-09
5.088042e-08
9.819427e-09
2.096667e-08
4.945197e-08
3.144025e-08
2.281340e-08
6.983007e-09
7.624728e-10
6.527803e-09
1.073155e-08
5.635714e-10
2.990979e-08
2.611181e-08
3.526308e-08
1.068001e-08
5.622738e-08
7.734416e-08
9.743162e-09
3.500856e-08
9.008270e-09
4.039054e-09
1.939181e-08
1.448550e-08
6.167718e-09
1.764121e-08
7.093313e-08
2.493938e-07
3.549135e-07
1.221715e-07
2.109718e-08
1.430916e-08
1.862868e-08
8.593614e-09
8.178411e-08
5.719243e-08
4.341203e-08
1.723411e-08
9.128014e-08
1.599770e-08
1.412981e-08
1.464463e-07
8.624686e-09
6.882233e-09
1.532162e-07
1.147670e-06
1.430088e-06
5.216618e-08
2.281880e-08
3.244337e-07
5.804121e-07
1.421597e-08
9.226054e-08
3.678189e-08
2.946266e-08
3.968294e-07
2.353548e-07
5.591227e-07
7.886099e-08
5.892112e-08
1.277928e-07
1.460218e-07
7.690663e-07
3.669643e-08
2.468337e-09
5.930267e-08
5.873517e-05
8.617024e-08
1.862114e-06
1.265227e-06
5.354859e-08
1.114271e-08
4.362115e-08
4.161187e-06
1.164977e-07
1.035820e-06
2.031995e-08
3.780465e-08
3.267967e-08
3.603156e-09
1.041982e-06
1.823672e-07
3.580473e-07
2.981090e-07
1.309788e-06
2.560962e-06
6.070678e-07
1.900532e-05
3.169939e-07
4.272023e-04
4.700048e-07
3.010750e-06
9.377107e-06
8.749815e-07
8.799843e-05
1.951579e-06
2.883297e-05
6.693196e-06
1.550940e-06
2.073009e-06
1.864423e-06
2.255834e-07
5.021842e-07
4.505319e-07
2.358299e-08
3.732160e-07
2.892853e-04
5.431787e-08
2.048403e-07
1.506661e-08
2.690889e-06
1.148618e-07
2.947222e-07
6.875370e-06
1.815902e-07
5.476467e-07
2.541025e-07
2.009733e-04
4.979344e-07
1.315352e-07
1.001508e-05
2.288183e-04
4.698053e-06
4.315406e-07
4.481628e-07
6.540565e-06
3.803262e-07
2.650667e-07
3.305666e-08
3.599023e-06
9.583962e-07
5.398643e-06
3.186400e-07
2.333336e-07
2.225606e-08
6.879003e-09
3.175978e-08
1.961090e-10
4.089670e-10
3.593409e-10
1.621961e-09
1.274489e-09
1.551678e-10
2.006708e-09
4.553010e-09
1.339737e-08
2.711526e-08
3.748095e-09
1.273858e-08
1.584454e-08
7.784045e-09
5.133420e-09
4.291687e-09
2.918036e-08
4.107884e-09
1.385685e-09
1.223484e-09
6.386040e-10
4.126107e-10
3.768445e-10
1.528264e-09
2.459213e-09
1.505440e-09
9.874321e-10
7.302073e-09
1.137137e-09
4.820517e-10
5.279413e-10
5.642895e-10
1.075202e-09
8.883919e-09
1.793662e-09
4.596644e-09
5.303216e-10
1.495116e-09
6.324294e-10
1.498426e-09
1.500584e-09
9.762456e-09
1.863916e-09
4.661143e-09
5.564461e-10
1.498468e-09
6.327289e-10
1.498872e-09
1.500558e-09
9.762950e-09
1.863951e-09
4.661201e-09
5.564528e-10
1.498468e-09
6.327289e-10
1.498873e-09
1.500558e-09
9.763017e-09
1.863952e-09
4.661265e-09
5.564567e-10
1.498550e-09
6.349035e-10
1.501220e-09
1.501920e-09
1.017831e-08
2.221222e-09
1.240086e-08
1.551368e-09
5.181346e-09
2.634342e-09
2.151438e-08
1.086269e-08
2.215355e-08
4.100131e-08
3.896162e-08
6.364193e-08
1.549985e-08
3.017508e-09
7.215237e-09
1.109841e-08
5.490437e-10
6.300517e-09
8.645813e-09
2.302523e-08
4.213291e-08
2.273836e-08
8.837814e-08
4.714953e-08
7.704238e-08
3.558016e-08
1.662689e-08
3.551315e-09
9.727599e-09
7.425451e-08
3.901404e-08
1.853584e-08
1.054192e-07
1.580171e-07
1.976664e-07
3.133804e-07
1.224245e-07
7.816324e-08
3.849778e-08
4.531612e-08
4.469555e-08
1.062452e-07
7.032294e-08
1.009028e-07
1.202303e-08
1.959724e-08
2.202981e-07
1.899199e-08
8.372197e-09
6.605970e-08
8.400385e-07
9.839041e-07
6.956268e-07
5.258919e-07
6.525444e-07
7.036014e-07
5.707582e-09
6.982839e-08
2.946820e-08
9.611349e-09
1.800732e-07
2.686798e-07
1.210368e-06
8.537093e-08
5.322674e-08
1.938155e-07
1.904272e-07
1.110675e-06
4.761632e-08
1.575633e-08
1.280554e-07
1.492522e-05
4.089970e-08
1.413031e-06
1.402279e-06
5.468877e-07
7.408192e-08
1.392203e-07
7.682456e-06
8.706323e-08
1.820006e-07
1.622182e-08
9.194299e-08
5.897609e-08
7.492144e-09
2.864141e-07
5.093097e-08
5.556152e-07
5.151039e-07
1.049745e-06
3.630961e-07
3.474526e-07
1.742864e-05
2.939233e-07
3.551212e-04
5.955536e-07
7.052319e-06
8.792131e-06
6.273309e-07
8.184884e-05
1.919242e-06
2.729749e-05
7.432959e-06
3.450361e-06
2.832379e-06
4.306601e-06
2.482604e-06
6.681587e-07
4.585530e-07
3.078852e-08
3.364851e-07
2.916855e-04
5.672936e-08
1.569230e-07
5.784345e-08
2.333661e-06
1.148618e-07
9.363543e-07
7.134854e-06
1.400177e-07
5.227776e-07
2.465736e-07
2.554008e-04
4.710884e-07
6.264855e-07
1.012981e-05
2.923599e-04
5.284969e-06
4.628840e-07
7.460773e-07
8.022614e-06
8.768878e-07
3.141106e-07
4.208798e-08
5.245333e-06
1.583732e-06
5.513163e-06
3.258608e-07
3.169751e-07
4.241251e-08
8.840083e-08
7.516102e-08
2.201125e-07
2.316316e-10
3.231771e-10
1.592463e-09
2.712024e-09
2.708929e-10
1.389400e-09
2.131078e-09
1.008692e-08
2.430217e-08
1.124160e-09
2.268134e-08
2.316089e-08
1.258899e-08
4.085204e-09
5.247209e-09
1.856409e-07
5.239031e-09
3.880594e-09
9.598844e-10
1.311955e-09
1.397417e-09
3.427588e-10
1.534633e-09
2.574006e-09
1.224844e-09
1.124212e-09
3.860390e-08
1.439783e-09
1.059820e-09
3.260550e-10
5.198378e-10
1.034604e-09
5.247486e-09
1.493801e-09
4.730808e-09
1.395884e-09
3.221621e-09
7.077397e-10
2.573060e-09
1.195846e-09
6.233936e-09
1.819169e-09
5.066867e-09
1.514026e-09
3.239816e-09
7.085079e-10
2.574919e-09
1.195743e-09
6.234774e-09
1.819218e-09
5.067039e-09
1.514050e-09
3.239818e-09
7.085080e-10
2.574920e-09
1.195743e-09
6.234790e-09
1.819218e-09
5.067089e-09
1.514053e-09
3.239843e-09
7.085575e-10
2.575531e-09
1.196916e-09
6.317040e-09
1.901486e-09
1.274337e-08
1.848344e-09
3.665340e-09
2.207852e-09
1.418688e-08
5.568670e-09
1.579528e-08
4.234343e-08
5.381070e-08
7.435057e-08
5.676444e-08
9.483512e-09
2.214241e-08
1.758754e-08
5.016807e-10
3.248010e-09
1.117200e-08
1.035528e-08
8.960402e-09
1.888582e-08
2.400989e-07
1.132906e-08
8.705008e-08
1.059772e-07
2.964528e-08
7.262965e-09
1.358128e-08
6.772401e-09
1.468830e-08
2.080143e-07
1.589962e-07
6.659122e-08
9.444381e-08
1.605261e-07
1.970889e-07
3.104827e-07
1.374729e-07
8.486166e-08
8.325686e-08
5.454467e-08
7.769791e-08
2.151573e-07
3.046707e-08
2.077705e-08
1.862427e-07
4.438243e-08
7.600651e-08
4.536972e-08
7.803547e-07
1.167770e-06
1.869251e-07
7.502231e-08
2.379935e-06
1.404372e-06
1.649925e-08
1.786165e-08
6.125595e-08
2.260558e-08
3.466241e-08
2.522338e-07
1.518873e-06
1.142118e-07
1.034242e-07
5.559421e-07
2.094207e-07
1.661909e-06
2.401364e-08
1.710423e-08
6.759985e-07
6.953343e-06
3.110205e-08
7.849361e-07
1.449078e-06
1.619761e-07
1.719265e-07
1.201367e-06
9.383128e-06
1.474920e-07
1.401285e-08
5.490689e-09
2.128841e-07
1.786532e-07
1.221249e-08
1.816199e-07
2.850267e-08
9.200091e-08
2.803978e-07
1.334185e-06
4.886611e-07
7.646609e-08
9.857434e-06
2.002238e-06
1.648742e-04
4.813366e-07
2.703042e-06
9.223962e-06
2.239098e-06
7.872132e-05
1.438794e-06
2.480470e-05
8.995532e-06
2.478072e-06
3.702732e-06
8.692934e-06
8.852475e-06
1.306901e-06
8.274612e-07
5.121369e-08
1.790770e-07
2.957991e-04
9.169272e-08
1.052598e-07
9.408166e-08
2.046888e-06
4.398392e-07
2.947222e-07
7.134854e-06
8.225390e-07
1.912242e-07
1.422203e-07
2.711952e-04
6.109445e-07
5.239493e-07
9.523727e-06
3.281088e-04
5.596609e-06
6.251661e-07
5.970576e-07
8.842178e-06
3.789076e-06
4.401187e-07
1.122054e-07
8.833846e-06
3.352155e-06
5.825624e-06
2.637381e-07
3.275463e-07
7.373589e-08
2.666587e-07
2.222404e-07
6.937107e-07
2.903845e-09
2.882315e-10
1.564620e-09
2.653009e-09
4.550665e-10
4.712305e-09
6.827567e-10
8.200498e-10
2.586991e-09
3.054196e-09
3.208127e-08
2.978073e-08
3.950975e-09
2.477956e-09
1.047952e-08
2.485971e-07
1.286288e-08
7.532092e-09
1.099400e-09
3.596714e-09
1.632498e-09
1.127570e-09
1.003461e-09
2.260925e-10
9.277150e-10
1.383235e-09
4.650412e-08
2.933486e-09
2.081343e-09
4.881326e-10
1.047830e-09
3.836691e-10
8.206057e-10
8.743984e-10
1.917232e-09
1.419335e-09
4.588794e-09
1.884659e-09
3.816458e-09
1.108000e-09
1.813043e-09
8.728561e-10
2.264904e-09
1.773100e-09
4.652705e-09
1.891276e-09
3.820647e-09
1.107637e-09
1.815070e-09
8.729528e-10
2.265124e-09
1.773184e-09
4.652711e-09
1.891277e-09
3.820648e-09
1.107637e-09
1.815072e-09
8.729528e-10
2.265127e-09
1.773185e-09
4.652726e-09
1.891292e-09
3.820702e-09
1.107004e-09
1.824148e-09
8.826909e-10
2.752493e-09
1.895418e-09
5.256016e-09
2.641745e-09
6.533804e-09
1.114414e-09
5.163445e-09
2.477381e-08
6.422480e-08
9.312565e-08
6.757542e-08
3.099997e-08
5.209163e-08
6.361293e-08
5.980003e-10
1.427916e-09
2.054911e-08
1.686978e-09
3.533792e-08
1.710703e-08
8.674558e-08
8.898883e-09
2.817607e-07
8.422642e-08
4.646453e-08
1.478210e-08
1.928673e-08
1.471181e-08
5.255982e-09
6.102439e-09
4.561611e-08
5.106202e-07
1.667386e-07
7.620271e-08
1.490385e-07
1.466393e-07
6.696994e-08
5.400218e-08
2.152331e-08
9.370147e-08
1.589025e-07
1.360413e-07
2.165966e-08
8.507637e-08
1.869867e-07
4.356652e-08
3.619867e-09
4.512870e-08
1.436367e-06
1.336771e-07
1.292996e-07
3.307982e-07
2.058121e-06
2.000080e-06
7.554644e-08
1.481075e-07
7.003875e-08
8.954151e-08
2.652818e-08
2.211046e-07
1.649228e-06
8.358614e-08
1.292577e-07
1.791756e-06
3.792800e-07
1.854803e-06
1.768997e-08
3.300572e-08
8.158568e-07
6.068434e-06
2.124209e-08
2.620338e-07
1.062237e-06
1.477973e-07
1.684827e-07
2.027690e-06
2.265623e-05
1.401562e-07
8.854130e-09
8.118207e-09
2.578020e-07
4.365836e-07
2.060252e-08
1.300445e-07
2.687540e-08
1.234923e-07
1.800667e-07
3.710271e-07
1.622371e-07
6.122366e-07
8.903961e-06
5.711259e-07
1.293559e-04
1.968856e-06
2.899696e-06
8.388516e-06
6.650423e-07
7.844744e-05
2.690577e-06
2.406110e-05
8.411570e-06
2.369165e-06
5.442689e-06
1.175451e-05
1.716548e-05
3.274877e-06
2.049798e-06
2.219429e-07
1.664862e-07
2.927391e-04
1.532266e-07
8.777136e-08
1.133080e-07
3.339403e-06
1.029329e-07
3.344438e-07
6.875370e-06
1.400177e-07
1.912242e-07
5.796217e-07
2.748593e-04
4.820836e-07
3.607455e-07
9.622252e-06
3.455518e-04
5.406817e-06
5.217316e-07
7.510623e-07
1.114380e-05
4.923332e-06
1.157164e-06
2.819563e-07
2.740748e-05
7.203491e-06
6.870760e-06
1.936269e-07
2.613428e-07
8.002712e-08
5.983121e-07
4.880846e-07
2.109237e-06
8.797164e-09
6.583668e-09
7.237277e-10
2.628521e-09
5.104345e-10
5.694277e-09
4.841046e-09
5.861722e-10
4.902875e-10
1.519656e-09
3.306844e-08
2.952717e-08
8.840877e-09
1.425130e-09
9.391902e-09
2.723238e-07
1.660680e-08
1.644708e-08
4.013803e-09
1.109182e-08
1.096911e-08
1.269956e-09
1.910299e-09
3.194463e-10
1.851530e-10
1.122799e-09
4.661521e-08
2.928872e-09
4.296405e-09
2.102413e-09
2.921904e-09
1.645196e-09
2.752756e-10
5.189699e-10
1.535871e-09
1.987407e-09
7.060113e-09
2.052203e-09
7.039009e-09
1.146020e-09
1.990431e-09
7.377830e-10
1.833901e-09
2.951707e-09
7.856754e-09
2.072859e-09
7.106849e-09
1.145161e-09
2.013948e-09
7.387439e-10
1.835006e-09
2.951932e-09
7.856841e-09
2.072862e-09
7.106851e-09
1.145161e-09
2.013949e-09
7.387439e-10
1.835007e-09
2.951932e-09
7.856846e-09
2.072869e-09
7.106972e-09
1.145121e-09
2.021386e-09
7.401207e-10
1.936423e-09
3.031824e-09
8.274154e-09
2.586072e-09
9.538198e-09
1.638458e-09
1.593547e-09
9.348603e-09
6.554757e-08
8.795865e-08
7.288908e-08
6.510462e-08
1.359034e-07
7.623056e-08
3.974641e-09
6.010577e-10
2.275880e-08
1.188460e-08
3.480429e-09
8.400845e-09
1.501299e-07
1.238833e-08
1.031049e-07
8.465611e-08
2.823132e-07
1.939900e-08
7.212398e-08
4.856703e-08
6.946969e-08
2.863957e-08
1.670408e-08
2.331572e-08
1.352243e-07
9.728297e-07
2.828093e-07
1.651473e-07
1.507643e-07
8.007622e-08
2.927208e-08
1.922226e-08
9.056797e-08
2.886865e-07
1.236993e-07
4.653743e-08
1.898259e-07
1.834867e-07
1.840633e-08
3.613041e-08
1.421220e-06
1.234575e-07
2.675634e-07
2.024495e-07
2.378328e-06
2.629100e-06
3.091708e-07
4.136215e-08
3.032266e-07
2.297641e-07
4.970642e-08
5.393372e-07
1.574458e-06
7.212001e-08
1.401449e-07
1.823101e-06
1.106825e-06
2.585525e-06
4.072614e-08
4.729963e-08
8.746825e-07
5.193514e-06
1.005399e-07
9.620695e-08
9.220664e-07
3.363126e-07
3.044653e-07
2.373465e-06
2.526407e-05
6.573818e-07
2.119376e-08
2.223040e-08
5.588837e-07
6.764431e-07
2.610723e-08
1.271134e-07
4.314381e-08
3.637955e-08
9.681600e-08
7.760856e-07
5.511830e-07
1.576227e-07
9.233701e-06
1.247685e-06
1.023929e-04
3.364650e-07
2.013153e-06
1.645401e-05
2.052703e-06
7.637531e-05
1.372792e-06
2.276542e-05
1.002410e-05
4.216017e-06
6.196295e-06
1.558747e-05
2.722122e-05
5.302127e-06
2.680649e-06
3.284684e-06
3.312006e-07
2.979553e-04
2.831385e-07
5.653605e-08
2.373511e-07
4.186793e-06
3.653947e-07
4.128175e-07
5.526663e-06
1.815902e-07
5.227776e-07
1.422203e-07
2.748593e-04
1.310708e-06
7.031397e-07
1.142479e-05
4.084409e-04
6.170309e-06
2.152634e-06
9.243104e-07
1.345135e-05
9.337343e-06
1.673404e-06
1.068212e-06
3.722998e-05
2.829897e-05
9.364956e-06
1.874762e-07
4.184436e-07
9.254331e-08
8.345334e-07
8.639888e-07
2.261476e-06
7.008993e-08
1.709669e-08
3.264321e-08
1.972283e-09
4.400226e-10
5.738707e-09
1.053977e-08
6.344587e-09
4.365125e-10
1.987921e-09
3.111110e-08
2.768110e-08
5.208065e-09
5.670950e-09
3.540566e-08
2.919528e-07
2.027416e-08
1.735483e-08
2.913598e-08
6.469967e-08
1.907171e-08
2.763648e-09
2.145815e-09
2.652947e-09
5.378334e-10
1.316392e-09
4.471584e-08
2.422205e-09
4.611315e-09
1.325698e-08
2.881531e-08
2.208514e-09
4.743894e-10
8.089015e-10
1.950248e-09
2.469187e-09
7.188180e-09
3.449965e-09
7.675825e-09
3.305459e-09
2.080982e-09
2.105798e-09
5.283452e-09
3.309586e-09
8.369785e-09
3.743297e-09
7.839069e-09
3.285508e-09
2.129652e-09
2.117961e-09
5.295993e-09
3.311639e-09
8.369911e-09
3.743329e-09
7.839072e-09
3.285509e-09
2.129653e-09
2.117961e-09
5.295993e-09
3.311640e-09
8.369914e-09
3.743333e-09
7.839098e-09
3.285557e-09
2.131687e-09
2.121767e-09
5.376807e-09
3.338026e-09
8.740878e-09
5.998520e-09
9.703403e-09
3.467012e-09
4.596738e-09
1.164557e-08
5.721888e-08
7.923557e-08
7.302314e-08
6.485980e-08
1.675697e-07
1.127479e-07
1.159602e-08
4.045370e-09
2.724789e-08
4.268952e-08
6.403711e-09
4.463043e-09
7.846472e-08
1.328740e-08
1.650557e-07
1.015745e-07
1.470847e-07
2.412660e-08
3.561862e-07
2.692995e-07
1.953354e-08
2.719798e-07
6.689790e-07
2.071239e-07
4.949936e-08
1.070750e-07
1.004043e-06
2.634059e-06
4.508035e-07
9.654425e-08
2.488831e-07
1.264913e-07
1.073507e-07
1.629969e-07
9.611578e-08
2.570309e-07
4.500514e-07
9.394115e-08
1.350274e-08
4.220054e-07
1.665298e-06
1.343565e-07
1.573404e-08
8.892728e-08
7.791179e-06
2.866384e-06
3.217764e-07
4.115884e-07
6.666546e-07
2.433567e-07
5.766870e-08
7.647325e-07
1.465182e-06
4.371493e-08
1.269436e-07
1.883460e-06
2.000331e-06
2.705568e-06
6.170584e-08
1.128720e-07
9.710265e-07
5.087834e-06
1.126287e-07
1.585301e-07
1.094069e-06
5.880767e-08
1.992576e-07
2.830087e-06
2.583805e-05
1.672882e-06
3.212256e-07
6.826634e-08
1.045981e-06
7.923225e-07
2.720623e-08
1.333839e-07
1.047034e-07
2.397402e-08
6.124115e-08
6.053972e-08
5.410163e-08
1.906917e-06
1.175415e-05
8.433999e-07
5.200858e-05
7.481910e-07
2.430009e-06
7.276771e-06
1.241177e-06
9.370772e-05
3.851611e-06
2.212889e-05
8.298718e-06
2.846411e-06
9.194240e-06
1.994980e-05
3.274755e-05
6.512737e-06
3.707295e-06
1.413065e-05
2.576970e-06
2.993339e-04
8.064124e-07
7.349345e-08
3.189396e-07
4.528467e-06
1.988740e-07
4.059448e-07
3.898103e-06
3.489442e-07
5.476467e-07
2.465736e-07
2.711952e-04
4.820836e-07
7.031397e-07
1.808072e-05
4.378840e-04
6.759076e-06
4.282741e-07
1.318756e-06
1.758545e-05
1.224829e-05
2.030157e-06
1.422548e-06
4.256605e-05
9.485520e-05
1.063404e-05
2.121211e-07
5.353753e-07
1.157045e-07
9.077932e-07
9.541433e-07
2.371743e-06
1.267138e-07
1.234315e-07
7.970850e-08
3.116457e-05
3.585422e-10
5.400340e-09
1.045485e-08
8.087619e-09
7.408039e-10
1.604493e-09
2.073182e-08
1.967548e-08
5.793091e-09
4.057157e-09
3.936414e-08
2.718591e-07
2.790102e-08
1.631729e-08
2.840323e-08
1.967207e-07
2.560152e-08
3.969941e-09
2.250313e-09
4.305898e-09
1.842219e-09
9.484231e-10
2.625254e-08
2.359206e-09
3.924876e-09
1.349759e-08
7.197702e-08
3.162117e-09
4.765049e-10
6.622647e-10
1.877565e-09
2.746525e-09
6.267296e-09
2.880185e-09
7.679896e-09
4.437679e-09
2.858399e-09
2.343427e-09
8.463982e-09
3.651583e-09
7.577371e-09
3.279754e-09
7.983085e-09
4.436531e-09
3.052070e-09
2.363444e-09
8.490523e-09
3.655862e-09
7.577544e-09
3.279797e-09
7.983090e-09
4.436533e-09
3.052071e-09
2.363444e-09
8.490523e-09
3.655862e-09
7.577545e-09
3.279798e-09
7.983108e-09
4.436509e-09
3.052779e-09
2.363851e-09
8.536549e-09
3.666369e-09
7.703552e-09
3.532756e-09
9.810267e-09
6.680900e-09
4.999177e-09
1.119437e-08
4.220738e-08
4.926061e-08
5.777625e-08
6.708423e-08
1.735796e-07
1.071086e-07
3.317842e-08
9.803988e-09
5.944509e-08
7.276132e-08
7.626530e-09
4.507825e-09
4.787811e-08
8.093448e-09
7.838789e-08
5.933122e-08
3.148260e-07
2.642185e-08
1.794843e-07
3.764857e-07
1.871496e-07
3.000693e-08
2.087878e-08
3.461929e-07
8.389826e-07
2.710131e-07
1.049900e-07
2.331479e-07
1.322755e-06
2.597431e-06
2.279848e-07
7.205429e-08
4.982759e-07
1.846780e-07
3.870193e-08
8.455347e-08
4.217713e-07
2.985401e-07
9.583701e-08
4.404932e-08
1.600148e-06
5.973943e-07
3.881192e-08
4.985503e-08
1.893172e-06
2.859588e-06
5.567959e-06
3.002865e-07
1.010761e-06
4.924004e-07
1.188582e-07
6.500354e-07
1.363850e-06
9.225815e-08
6.198207e-08
1.617573e-06
2.085642e-06
2.708255e-06
7.987738e-08
2.045338e-07
6.720928e-07
4.824382e-06
1.522493e-07
1.320103e-07
2.344412e-06
5.086050e-08
4.866613e-08
2.058645e-06
2.535852e-05
2.193153e-06
5.297034e-07
2.752935e-07
1.156933e-06
1.384995e-06
1.945698e-08
8.014693e-08
1.602001e-07
2.477675e-08
3.308037e-08
5.167940e-08
1.501717e-08
1.422223e-07
8.722676e-06
2.646819e-06
4.353303e-05
1.379361e-07
1.393050e-06
8.043035e-06
8.889283e-07
6.935707e-05
2.441238e-06
4.536289e-05
9.734388e-06
2.581811e-06
7.114505e-06
1.775027e-05
3.779640e-05
8.855375e-06
3.206599e-06
1.905328e-05
5.550121e-06
3.017672e-04
1.433738e-06
6.277539e-08
2.882547e-07
4.689547e-06
2.223448e-07
3.435581e-07
3.244275e-06
1.993297e-07
1.226813e-06
2.541025e-07
2.554008e-04
6.109445e-07
3.607455e-07
1.142479e-05
4.378840e-04
1.317976e-05
1.292965e-06
8.935775e-07
1.559103e-05
1.252680e-05
4.347751e-06
1.748212e-06
4.319349e-05
1.804321e-04
1.144883e-05
2.514117e-07
6.720785e-07
1.323574e-07
8.500252e-07
8.818607e-07
2.318500e-06
1.897482e-07
1.800653e-07
1.270948e-07
6.429736e-05
1.479275e-08
3.792805e-09
1.037613e-08
7.967219e-09
7.532378e-10
2.284248e-09
4.446608e-09
2.245589e-09
2.418845e-09
3.181509e-09
3.812218e-08
2.248470e-07
2.321791e-08
1.169863e-08
3.167705e-08
2.110391e-07
5.287207e-08
3.475481e-09
1.866370e-09
6.281551e-09
2.990055e-09
1.154651e-09
3.537217e-09
3.420915e-10
2.461600e-09
1.349184e-08
7.406917e-08
5.095839e-09
5.171442e-10
4.956812e-10
1.752427e-09
2.129832e-09
3.397456e-09
1.777387e-09
4.775664e-09
4.158232e-09
3.087371e-09
3.852233e-09
9.527394e-09
3.376998e-09
4.894361e-09
2.206028e-09
5.229738e-09
4.106513e-09
3.418730e-09
3.919675e-09
9.563431e-09
3.383935e-09
4.894601e-09
2.206085e-09
5.229744e-09
4.106516e-09
3.418732e-09
3.919676e-09
9.563431e-09
3.383935e-09
4.894601e-09
2.206085e-09
5.229745e-09
4.106508e-09
3.418845e-09
3.919704e-09
9.568936e-09
3.387668e-09
4.910230e-09
2.228284e-09
5.374854e-09
4.577817e-09
5.546348e-09
1.217870e-08
2.094730e-08
7.073997e-09
9.032215e-09
5.295862e-08
1.649978e-07
8.232767e-08
3.643542e-08
1.207218e-08
8.858231e-08
2.110408e-07
8.478253e-09
3.761026e-09
4.234084e-08
3.987281e-09
5.827297e-08
4.301866e-08
1.426877e-07
2.535666e-08
3.254064e-07
3.874630e-07
2.912778e-08
3.439847e-08
3.396555e-08
2.445693e-08
1.589274e-08
3.458779e-07
8.793600e-07
3.077592e-07
2.317789e-07
1.989556e-07
1.138861e-06
2.087227e-06
1.726218e-07
1.206326e-07
3.686190e-07
9.199175e-08
3.121936e-07
9.320825e-08
7.491028e-08
1.569283e-07
1.319077e-06
1.188416e-07
1.264604e-08
4.662617e-07
1.849170e-06
1.089423e-06
2.514135e-07
3.296905e-07
6.124423e-06
5.921872e-07
1.477909e-07
7.970713e-07
4.401138e-07
1.025080e-07
2.695936e-08
2.267536e-07
2.003986e-06
2.056261e-06
7.946756e-08
3.582784e-07
6.413443e-07
3.329810e-06
1.118736e-07
1.137638e-07
2.499931e-06
9.439669e-08
2.080988e-08
9.200709e-07
1.124654e-05
1.756140e-06
4.814397e-07
7.315303e-07
1.969692e-06
1.501376e-06
2.009167e-08
2.950498e-08
1.514074e-07
1.900012e-08
1.921597e-08
3.324311e-08
4.229020e-08
1.138579e-07
3.101777e-06
5.461082e-07
2.591077e-05
1.885369e-06
2.908086e-06
5.000374e-06
1.201382e-06
2.480409e-05
1.975258e-06
1.548930e-05
8.656499e-06
2.595612e-05
8.270894e-06
1.582275e-05
3.420495e-05
7.006944e-06
4.185957e-06
2.247237e-05
6.142648e-06
3.046891e-04
2.377319e-06
9.100932e-08
3.116891e-07
3.302006e-06
2.067868e-07
3.881745e-07
2.323782e-06
1.953603e-07
5.346464e-07
1.603591e-07
2.009733e-04
4.710884e-07
5.239493e-07
9.622252e-06
4.084409e-04
6.759076e-06
1.292965e-06
5.972641e-06
1.503580e-05
1.109107e-05
1.572335e-06
1.923191e-06
4.499354e-05
1.957083e-04
1.244386e-05
2.545977e-07
8.489094e-07
1.481104e-07
6.998308e-07
6.056205e-07
6.811179e-07
1.716948e-07
2.309796e-07
1.693430e-07
1.042354e-04
2.935406e-08
8.826979e-09
7.450824e-09
7.738845e-09
7.686841e-10
1.644694e-09
5.444911e-09
1.155269e-09
1.949496e-09
3.704633e-09
3.796911e-08
1.748675e-07
6.888427e-08
9.767895e-09
2.725949e-08
2.132067e-07
7.751723e-08
1.508427e-08
2.526004e-09
1.178084e-08
2.317162e-08
1.241894e-09
6.272396e-09
3.031405e-10
1.930984e-09
1.275286e-08
7.244498e-08
5.535853e-09
2.775987e-09
7.905239e-10
2.180335e-09
9.068937e-09
1.525326e-09
3.249065e-09
4.323222e-09
4.823314e-09
6.444448e-09
5.960566e-09
3.601739e-08
2.398537e-09
3.854222e-09
4.693952e-09
4.917687e-09
4.908880e-09
9.362210e-09
6.203544e-09
3.631385e-08
2.411039e-09
3.855477e-09
4.694245e-09
4.917710e-09
4.908886e-09
9.362223e-09
6.203546e-09
3.631385e-08
2.411039e-09
3.855478e-09
4.694245e-09
4.917710e-09
4.908884e-09
9.362303e-09
6.203557e-09
3.631805e-08
2.411194e-09
3.858659e-09
4.706541e-09
5.006196e-09
5.052567e-09
1.172958e-08
1.150016e-08
4.539333e-08
8.698817e-09
7.038895e-09
1.897486e-08
1.396123e-07
6.614008e-08
4.568343e-08
2.304416e-08
2.147950e-07
2.796936e-07
5.844502e-08
4.717028e-09
2.368235e-08
8.767431e-09
1.113087e-08
3.393802e-08
1.348941e-07
1.556646e-08
1.384801e-07
4.503670e-07
1.752806e-07
7.022762e-08
3.238604e-08
4.978859e-08
3.798311e-08
1.139701e-08
1.400782e-08
6.212324e-07
1.660019e-06
4.590294e-07
1.305465e-07
2.236894e-07
1.194804e-06
1.888852e-06
9.516130e-08
1.090719e-07
8.447247e-07
1.506054e-07
2.643863e-08
9.564086e-08
1.227199e-06
2.840184e-07
3.251728e-08
4.336843e-08
1.527024e-06
1.531614e-06
1.082215e-07
8.028095e-07
1.027536e-06
6.959913e-07
5.942371e-06
1.073904e-06
4.769581e-07
1.487254e-07
2.140849e-08
1.047009e-07
1.404458e-06
1.142562e-06
6.736029e-08
2.989948e-07
9.124972e-07
3.186216e-06
1.105313e-07
8.696112e-08
2.436512e-06
1.307444e-07
1.634993e-07
4.682449e-07
6.689783e-06
1.740389e-06
4.035217e-07
3.537910e-07
2.137914e-06
6.268538e-06
6.096366e-08
4.335888e-08
1.825231e-07
1.266536e-08
1.497607e-08
3.066401e-08
3.832062e-08
1.204594e-07
1.608664e-06
3.560648e-07
1.390629e-05
1.552259e-07
6.415206e-07
6.022820e-06
2.866038e-06
1.409825e-05
4.073059e-06
1.038272e-05
9.208473e-06
2.095949e-06
8.272517e-06
3.755444e-05
3.409651e-05
7.159776e-06
2.452180e-06
2.386460e-05
8.367685e-06
3.094594e-04
2.587081e-06
7.022353e-07
5.905206e-07
2.955677e-06
2.026477e-07
2.358809e-07
2.208681e-06
2.877575e-07
7.931830e-07
1.149794e-07
1.174333e-04
4.979344e-07
6.264855e-07
9.523727e-06
3.455518e-04
6.170309e-06
4.282741e-07
8.935775e-07
1.503580e-05
1.641541e-05
2.429848e-06
1.685659e-06
4.375471e-05
2.543975e-04
1.402976e-05
5.478189e-07
8.683478e-07
3.236726e-07
6.388622e-07
3.778716e-07
4.575132e-07
1.345837e-07
2.386165e-07
2.201006e-07
1.258136e-04
2.860367e-07
2.960022e-08
1.297417e-08
3.283687e-09
6.201465e-10
1.368791e-09
6.714905e-09
5.646764e-09
1.288718e-09
1.683519e-08
2.543497e-08
1.519671e-07
7.276035e-08
1.517839e-08
1.431845e-08
1.883083e-07
1.024071e-07
2.048202e-08
1.294359e-08
3.490461e-08
5.038396e-08
1.979214e-09
7.323475e-09
1.501401e-09
5.835013e-09
5.744218e-09
5.481900e-08
5.211383e-09
2.933620e-09
2.864514e-09
1.086297e-08
1.697121e-08
1.318551e-09
1.800215e-09
2.821629e-09
9.627891e-09
1.158529e-08
1.004654e-08
4.738122e-08
4.903893e-09
2.220958e-09
5.240199e-09
5.021717e-09
8.341796e-09
1.624965e-08
1.151049e-08
4.815125e-08
5.036430e-09
2.224407e-09
5.241989e-09
5.021828e-09
8.341819e-09
1.624967e-08
1.151050e-08
4.815126e-08
5.036436e-09
2.224408e-09
5.241989e-09
5.021828e-09
8.341819e-09
1.624970e-08
1.151051e-08
4.815470e-08
5.036511e-09
2.225074e-09
5.243991e-09
5.030676e-09
8.438971e-09
1.750163e-08
1.659233e-08
5.572725e-08
7.024025e-09
8.376356e-09
2.290953e-08
8.410875e-08
4.387083e-08
4.328334e-08
2.942103e-08
2.818702e-07
4.314657e-07
1.201869e-07
4.303623e-08
7.416876e-09
1.417020e-08
1.373394e-08
8.536571e-09
7.107246e-08
4.556101e-08
6.911431e-08
3.848301e-07
6.059524e-08
2.489586e-07
2.261205e-07
1.056777e-07
1.161234e-07
4.687561e-08
3.322415e-08
3.780247e-08
1.508324e-07
2.667064e-06
2.522375e-06
7.446450e-07
4.194902e-07
4.329955e-07
9.097926e-07
1.448199e-06
2.486767e-07
2.886879e-07
1.055657e-06
2.216765e-07
1.262321e-06
2.696748e-07
1.171999e-07
1.412480e-07
1.281655e-06
9.480373e-07
1.205508e-07
9.567429e-07
1.507641e-06
1.519295e-06
1.198165e-06
2.296778e-06
2.949268e-06
2.913359e-07
1.864006e-08
8.609672e-08
8.711362e-07
2.384132e-07
1.361436e-07
3.165314e-07
1.079124e-06
3.518823e-06
1.473878e-07
9.436215e-08
2.558626e-06
1.601940e-07
2.540644e-07
7.492271e-07
4.621781e-06
1.136042e-06
4.414093e-07
1.816556e-06
2.181627e-06
1.027196e-05
7.714825e-07
1.294218e-07
3.160118e-07
1.420857e-08
1.184692e-08
3.177106e-08
6.912266e-08
1.321316e-07
5.508960e-07
1.358716e-07
4.841147e-06
3.687537e-07
6.189165e-07
4.997669e-06
1.823658e-07
4.431495e-06
6.946592e-06
7.104838e-06
1.816247e-05
2.012929e-06
9.428912e-06
1.391929e-05
3.233632e-05
3.176268e-05
4.027832e-06
2.589411e-05
8.069679e-06
3.100105e-04
3.526554e-06
2.005532e-06
2.049931e-06
3.260666e-06
2.764761e-07
1.783866e-07
1.985220e-06
1.883515e-07
8.930842e-07
3.263738e-07
3.412800e-05
6.612543e-07
1.315352e-07
1.012981e-05
3.281088e-04
5.406817e-06
2.152634e-06
1.318756e-06
1.559103e-05
1.109107e-05
2.429848e-06
1.009820e-05
4.625855e-05
2.855677e-04
1.508191e-05
7.444604e-07
1.593370e-06
5.413761e-07
8.738102e-07
1.739047e-07
2.727103e-07
1.547096e-07
2.821631e-07
3.133918e-07
1.628939e-04
4.269286e-07
1.106486e-07
3.559824e-08
5.160992e-08
3.303505e-10
1.137882e-09
6.454957e-09
1.087510e-08
5.029138e-09
4.391825e-09
8.546029e-09
8.988030e-08
8.218205e-08
1.574549e-08
1.041089e-08
1.482091e-07
1.438013e-07
3.190401e-08
1.457640e-08
9.394371e-08
1.012247e-07
3.757763e-09
1.363757e-08
2.748275e-09
1.360638e-08
3.513157e-09
2.052302e-08
5.469661e-09
3.682275e-09
3.519058e-09
2.757899e-08
4.694432e-08
1.804074e-09
1.843918e-09
1.705762e-09
6.030989e-09
7.739955e-09
1.334072e-08
6.195891e-08
7.118639e-09
3.105357e-09
6.137940e-09
6.047605e-09
5.517296e-09
1.210724e-08
1.566108e-08
6.441162e-08
7.614045e-09
3.129906e-09
6.142082e-09
6.048022e-09
5.517388e-09
1.210728e-08
1.566110e-08
6.441163e-08
7.614066e-09
3.129912e-09
6.142082e-09
6.048022e-09
5.517388e-09
1.210730e-08
1.566110e-08
6.441485e-08
7.614113e-09
3.130299e-09
6.142684e-09
6.052009e-09
5.530651e-09
1.240906e-08
1.756318e-08
7.245909e-08
9.650848e-09
4.723534e-09
1.018122e-08
6.011071e-08
3.810167e-08
4.364977e-08
2.627938e-08
3.205959e-07
4.730213e-07
2.999715e-07
1.178523e-07
6.000055e-09
2.539178e-08
2.307969e-08
6.744339e-09
3.911691e-08
1.499947e-08
4.419063e-08
2.843786e-07
1.138329e-07
2.636105e-07
1.099772e-07
2.504338e-07
3.712087e-07
3.825021e-08
4.833718e-08
5.299550e-08
1.126984e-07
7.157831e-08
1.027193e-07
3.197350e-06
3.350995e-06
1.083131e-06
1.923488e-07
2.267208e-07
8.911779e-07
5.683272e-07
8.192194e-08
3.898025e-07
2.308919e-06
3.885365e-07
8.199550e-08
1.021751e-07
8.114301e-07
1.013115e-06
1.349247e-07
2.843460e-08
6.019840e-07
4.305382e-06
1.870786e-06
3.053898e-06
9.200674e-07
5.396939e-07
8.219516e-07
3.267437e-08
8.011619e-07
2.064629e-07
9.425197e-09
2.208297e-07
1.224720e-06
4.147710e-06
2.704285e-07
7.420076e-08
2.264989e-06
2.634365e-07
5.286868e-07
8.513443e-07
4.450045e-06
1.181567e-06
6.925083e-08
2.729729e-07
2.474456e-06
1.277239e-05
1.591150e-06
3.507193e-07
3.454096e-07
1.305410e-07
2.324191e-08
1.960628e-08
1.232327e-07
2.096310e-07
2.337590e-07
7.117913e-08
1.969454e-06
1.632027e-07
2.054755e-06
5.459369e-06
2.209215e-07
1.424929e-06
8.382628e-07
7.760832e-06
1.384696e-05
1.786612e-06
1.855888e-05
1.434849e-05
3.274072e-05
6.248438e-06
1.710785e-06
5.035819e-05
1.089952e-05
3.124344e-04
3.120898e-06
3.002909e-06
6.629599e-06
4.677847e-06
6.365951e-07
2.572124e-07
9.079015e-07
2.277908e-07
1.603541e-06
7.062286e-08
2.931297e-05
7.802651e-07
1.772610e-07
1.001508e-05
2.923599e-04
5.596609e-06
5.217316e-07
9.243104e-07
1.758545e-05
1.252680e-05
1.572335e-06
1.685659e-06
4.625855e-05
3.023229e-04
1.821289e-05
8.977237e-07
1.316155e-06
1.545331e-06
1.642998e-06
1.660334e-07
2.009058e-07
1.617198e-07
2.473062e-07
2.995447e-07
1.833713e-04
7.138579e-07
2.075303e-07
6.749481e-08
1.483994e-07
1.742580e-07
6.180843e-10
6.176853e-09
1.084053e-08
9.284272e-09
1.274727e-08
5.066737e-09
3.712103e-08
6.465597e-08
4.513665e-08
1.072436e-08
1.488392e-07
2.468853e-07
3.831713e-08
1.624972e-08
1.036683e-07
2.013934e-07
6.733799e-09
1.909931e-08
6.527445e-09
1.755623e-08
5.432233e-09
5.858204e-09
4.262352e-09
8.530769e-09
3.730060e-09
3.006822e-08
1.023299e-07
3.022387e-09
2.554051e-09
2.688300e-09
5.671101e-09
7.323166e-09
9.582039e-09
5.395780e-08
1.375777e-08
8.629624e-09
1.169754e-08
8.354245e-09
5.896852e-09
1.136503e-08
1.222320e-08
5.685669e-08
1.562362e-08
8.750399e-09
1.172289e-08
8.355519e-09
5.897098e-09
1.136514e-08
1.222324e-08
5.685670e-08
1.562369e-08
8.750412e-09
1.172289e-08
8.355519e-09
5.897098e-09
1.136515e-08
1.222324e-08
5.685813e-08
1.562372e-08
8.750583e-09
1.172322e-08
8.356694e-09
5.904660e-09
1.154602e-08
1.301619e-08
5.976915e-08
1.765525e-08
1.116798e-08
1.415099e-08
5.981420e-08
1.792221e-08
2.891403e-08
4.084169e-08
3.383880e-07
4.596784e-07
3.106767e-07
3.098642e-07
5.977341e-09
5.701033e-08
2.859587e-08
5.065793e-09
3.457155e-08
1.354839e-08
2.675027e-08
2.088304e-07
1.022661e-07
4.674604e-07
1.351979e-07
1.536348e-07
5.074997e-07
1.659735e-07
9.615317e-08
2.887624e-08
9.755840e-08
6.358562e-08
7.263102e-08
1.235373e-07
4.149456e-07
3.727287e-06
3.210465e-06
6.600396e-07
2.472014e-07
2.444670e-07
3.734525e-07
4.235857e-07
1.164325e-06
5.572259e-07
1.215946e-06
1.615108e-07
3.819197e-07
8.668286e-07
2.199387e-07
5.830823e-08
4.830696e-07
3.773662e-07
3.017407e-06
6.095666e-06
1.338839e-06
1.960844e-06
3.100253e-07
3.671900e-08
5.538290e-07
2.531058e-07
1.351634e-08
8.875159e-08
9.419594e-07
4.115190e-06
4.196369e-07
2.041130e-07
2.432537e-06
2.003439e-07
9.239323e-07
1.004650e-06
3.522132e-06
1.732146e-06
3.025657e-08
7.706722e-08
1.449617e-06
1.149107e-05
2.023297e-06
1.968134e-06
5.609042e-07
1.364627e-07
1.700980e-07
2.141678e-08
1.288272e-07
2.560016e-07
1.444975e-07
4.091403e-08
1.494428e-06
8.783378e-08
2.314220e-07
4.996588e-06
1.802793e-06
1.509606e-06
4.657991e-07
3.945092e-06
8.354604e-06
1.628093e-06
1.524145e-05
1.310720e-05
4.279782e-05
6.286499e-06
1.285430e-06
2.405211e-05
8.327910e-06
3.388753e-04
5.244834e-06
4.815190e-06
1.044813e-05
6.865680e-06
1.783399e-06
6.454107e-07
5.901723e-07
1.400068e-07
2.296576e-06
9.976159e-08
2.477796e-05
8.625024e-07
1.515403e-07
1.055199e-05
2.288183e-04
5.284969e-06
6.251661e-07
7.510623e-07
1.345135e-05
1.224829e-05
4.347751e-06
1.923191e-06
4.375471e-05
2.855677e-04
1.821289e-05
9.721430e-06
2.472842e-06
1.713471e-06
3.734462e-06
1.979868e-07
2.949168e-07
1.827139e-07
2.531960e-07
2.808939e-07
1.883727e-04
7.421564e-07
3.774039e-07
1.366511e-07
3.995549e-07
3.139248e-07
1.473209e-08
4.722721e-09
1.073289e-08
9.241815e-09
1.921097e-08
1.276227e-08
1.492474e-08
2.332586e-08
1.228030e-08
1.847698e-09
1.459882e-07
2.579040e-07
3.044514e-08
1.601141e-08
1.089471e-07
1.993559e-07
9.569335e-09
2.046822e-08
1.122039e-08
2.004768e-08
6.424616e-09
5.286887e-09
3.041887e-09
1.300001e-09
2.681170e-09
3.401622e-08
1.009862e-07
4.315575e-09
4.467498e-09
3.905177e-09
5.851932e-09
4.979328e-09
5.906376e-09
3.061667e-08
9.600188e-09
3.741012e-09
1.412925e-08
1.319693e-08
5.547936e-09
8.798828e-09
8.230680e-09
3.315796e-08
1.201719e-08
3.930530e-09
1.422078e-08
1.321676e-08
5.548830e-09
8.799343e-09
8.230724e-09
3.315798e-08
1.201727e-08
3.930554e-09
1.422078e-08
1.321676e-08
5.548829e-09
8.799348e-09
8.230725e-09
3.315835e-08
1.201728e-08
3.930598e-09
1.422095e-08
1.321764e-08
5.550426e-09
8.911460e-09
8.472451e-09
3.392316e-08
1.239264e-08
4.614553e-09
1.576386e-08
5.748934e-08
1.233065e-08
9.657271e-09
1.254887e-08
3.062929e-07
4.458842e-07
3.042317e-07
3.326612e-07
1.100932e-08
8.442712e-08
6.056902e-08
3.932073e-09
2.810922e-08
3.112146e-08
9.132213e-09
1.406808e-07
1.628845e-07
3.836124e-07
1.275565e-07
2.216238e-07
5.527182e-07
6.558923e-08
4.880605e-08
8.160767e-08
6.724316e-08
2.142022e-08
4.480566e-08
6.552964e-08
2.381915e-07
4.190867e-07
2.792613e-07
3.258775e-06
1.974864e-06
3.997994e-07
5.651396e-08
1.310099e-07
5.310765e-07
3.826848e-07
1.811933e-07
3.022195e-07
7.675718e-07
7.074483e-07
1.229570e-07
4.108966e-08
4.256151e-07
3.671502e-07
6.551216e-07
1.815220e-06
2.408857e-06
4.766737e-06
7.878669e-07
3.615106e-07
4.633613e-07
1.733138e-07
7.278670e-08
6.310702e-08
6.199854e-07
3.424117e-06
2.713211e-07
2.098726e-07
3.032313e-06
3.162210e-07
9.419007e-07
1.028889e-06
2.572899e-06
1.737481e-06
3.808354e-08
5.668725e-08
9.130350e-07
9.885773e-06
1.705992e-06
5.879199e-07
9.026709e-07
1.742697e-06
1.935677e-07
3.309765e-08
1.554105e-07
2.169680e-07
9.099360e-08
4.266718e-08
1.200121e-06
1.207809e-07
1.763069e-07
2.969757e-06
2.390064e-07
1.159832e-06
1.948652e-06
2.993471e-06
5.165237e-06
5.263725e-07
6.858154e-06
1.214516e-05
3.613047e-05
6.311083e-06
8.857625e-06
2.308404e-05
7.438559e-06
2.993814e-04
3.097766e-06
2.200570e-05
1.434861e-05
8.921430e-06
2.938168e-06
1.256713e-06
5.003307e-07
1.861224e-07
2.280824e-06
6.875383e-08
2.278210e-05
9.944263e-07
2.146619e-07
7.812037e-06
1.811906e-04
4.698053e-06
4.628840e-07
5.970576e-07
1.114380e-05
9.337343e-06
2.030157e-06
1.748212e-06
4.499354e-05
2.543975e-04
1.508191e-05
8.977237e-07
2.472842e-06
8.277645e-06
4.306890e-06
2.426905e-07
2.724261e-07
2.459479e-07
2.994446e-07
2.856896e-07
1.919321e-04
5.790634e-07
3.312107e-07
1.342464e-07
5.100807e-07
4.892784e-07
3.579531e-08
3.404897e-08
7.323887e-09
8.890255e-09
1.903854e-08
1.262455e-08
1.771884e-08
7.195274e-09
7.412512e-09
7.128908e-10
9.739883e-08
2.214338e-07
4.459935e-08
1.276792e-08
8.391490e-08
1.811329e-07
1.162674e-08
2.251978e-08
1.746255e-08
1.694110e-08
1.134773e-08
2.195941e-09
3.116012e-09
5.183265e-10
9.823623e-10
2.090959e-08
9.181789e-08
8.747019e-09
5.870654e-09
6.432524e-09
2.945355e-09
6.078207e-09
2.096062e-09
1.550329e-08
5.975552e-09
2.128625e-09
1.153104e-08
8.647791e-09
5.657175e-09
2.747697e-09
4.667001e-09
1.814166e-08
7.637602e-09
2.589207e-09
1.180864e-08
8.668048e-09
5.662186e-09
2.748227e-09
4.667247e-09
1.814173e-08
7.637737e-09
2.589272e-09
1.180864e-08
8.668048e-09
5.662186e-09
2.748228e-09
4.667247e-09
1.814183e-08
7.637740e-09
2.589282e-09
1.180876e-08
8.668444e-09
5.663072e-09
2.757748e-09
4.765496e-09
1.834918e-08
7.734803e-09
2.743521e-09
1.275793e-08
3.670650e-08
1.010957e-08
5.999894e-09
5.994562e-09
1.178435e-07
3.422358e-07
2.485289e-07
3.282023e-07
2.101703e-08
1.027770e-07
7.134760e-08
1.088756e-08
1.437523e-08
3.314735e-08
7.165537e-09
2.946787e-08
1.442370e-07
3.581558e-07
1.055142e-07
1.011506e-07
5.386091e-07
1.166826e-07
5.642069e-08
1.318160e-08
3.255435e-08
2.134101e-08
1.306672e-08
1.456298e-08
7.062770e-08
2.324292e-07
1.439918e-07
1.592340e-07
2.323541e-07
1.105847e-06
8.775855e-07
1.072595e-07
1.917207e-07
1.447312e-07
1.563692e-07
1.191999e-07
1.305616e-07
4.241264e-07
3.094055e-07
2.335837e-08
2.065655e-07
2.612631e-07
5.234813e-07
4.948468e-07
5.022062e-07
9.814855e-07
1.921429e-06
3.250156e-06
3.784751e-07
2.220014e-07
3.927358e-08
3.389440e-08
4.249034e-07
2.169433e-06
2.210572e-07
2.280408e-07
3.004520e-06
3.285200e-07
1.117592e-06
1.109127e-06
9.664787e-07
1.584019e-06
9.764513e-08
1.304736e-07
5.680218e-07
5.049125e-06
1.295533e-06
4.769077e-07
6.028899e-07
5.454433e-07
5.284542e-07
8.675750e-08
1.989177e-07
1.657223e-07
3.201857e-08
3.107845e-08
1.039237e-06
1.257395e-07
1.115481e-07
1.656249e-06
2.076709e-07
6.533501e-07
4.609656e-07
2.422409e-06
3.442097e-06
2.297102e-07
4.469479e-06
9.005422e-06
1.936186e-05
6.666853e-06
3.371900e-06
2.111176e-05
6.901608e-06
2.360044e-04
2.571855e-06
4.693749e-06
1.297052e-05
1.388349e-05
3.737907e-06
1.763681e-06
6.302609e-07
2.290957e-07
2.432346e-06
5.653299e-08
1.370683e-05
1.070747e-06
1.428906e-07
6.837826e-06
8.063373e-05
2.963270e-06
4.315406e-07
7.460773e-07
8.842178e-06
4.923332e-06
1.673404e-06
1.422548e-06
4.319349e-05
1.957083e-04
1.402976e-05
7.444604e-07
1.316155e-06
1.713471e-06
4.306890e-06
1.674551e-06
4.166552e-07
2.404145e-07
3.181655e-07
2.534993e-07
1.930553e-04
4.553057e-07
2.861383e-07
1.070926e-07
4.748198e-07
4.830428e-07
1.203135e-07
6.289018e-08
6.216234e-08
7.350741e-09
1.840188e-08
1.248244e-08
2.197490e-08
6.505135e-09
7.187038e-09
4.306164e-10
5.781486e-08
2.004591e-07
1.317184e-08
9.603468e-09
7.246440e-08
1.420248e-07
7.121789e-09
2.110073e-08
3.432020e-08
1.329422e-08
1.776454e-08
1.684111e-09
2.514349e-09
6.415421e-10
6.569879e-10
1.083022e-08
7.196021e-08
2.148878e-09
5.319084e-09
1.545050e-08
3.248211e-09
7.648053e-09
1.337036e-09
8.097417e-09
4.292413e-09
1.258474e-09
8.162701e-09
7.748219e-09
5.040301e-09
2.438545e-09
2.425583e-09
1.075124e-08
6.095224e-09
1.612409e-09
8.312955e-09
7.864978e-09
5.106657e-09
2.443753e-09
2.425962e-09
1.075140e-08
6.095752e-09
1.612743e-09
8.312954e-09
7.864979e-09
5.106657e-09
2.443753e-09
2.425962e-09
1.075146e-08
6.095753e-09
1.612747e-09
8.313011e-09
7.865297e-09
5.107132e-09
2.448558e-09
2.457291e-09
1.086908e-08
6.148469e-09
1.684681e-09
8.741766e-09
3.283857e-08
7.624345e-09
3.099285e-09
4.433542e-09
6.616957e-08
1.735829e-07
1.441690e-07
2.886135e-07
2.225451e-08
1.075633e-07
8.818073e-08
1.369563e-08
2.727731e-08
3.405686e-08
4.735980e-09
2.640405e-08
1.162555e-07
2.851147e-07
8.854930e-08
5.302242e-08
5.181247e-07
5.944163e-08
5.706209e-08
6.342049e-08
3.630967e-08
6.636022e-09
1.216556e-08
1.310301e-08
3.849841e-08
1.348352e-07
9.404701e-08
8.966164e-08
1.630883e-07
1.222115e-07
6.488155e-08
4.770420e-07
6.860688e-07
8.413572e-08
8.386161e-08
8.628327e-08
1.123351e-07
3.364392e-07
8.167212e-08
2.611905e-08
2.261093e-07
1.852618e-07
3.028101e-07
4.284540e-07
3.298396e-07
9.117080e-07
1.640372e-07
3.667286e-08
2.052399e-06
1.400242e-06
3.305092e-08
2.378766e-08
3.828409e-07
1.706584e-06
7.584460e-08
2.183846e-07
2.997004e-06
3.276168e-07
1.559086e-06
1.302267e-06
3.615556e-07
1.598358e-06
2.692766e-08
1.592516e-07
7.473241e-07
2.555260e-06
5.780678e-07
3.230887e-07
5.221297e-07
4.878218e-07
5.272249e-07
4.501793e-07
3.224467e-07
1.476138e-07
4.881803e-09
1.915760e-08
9.413438e-07
1.183060e-07
7.123095e-08
1.009421e-06
1.066063e-07
2.667395e-07
4.273003e-07
2.158315e-06
2.245017e-06
8.115205e-08
2.619291e-06
8.081714e-06
1.147241e-05
5.358474e-06
8.708401e-07
2.050433e-05
6.078577e-06
2.060895e-04
2.188374e-06
4.536768e-06
1.276419e-05
8.036570e-06
3.102303e-06
4.043522e-06
1.125939e-06
5.767815e-07
3.257876e-06
4.990122e-08
6.033050e-06
1.054992e-06
9.029197e-08
5.088480e-06
5.449918e-05
1.491770e-06
4.430549e-07
4.481628e-07
8.022614e-06
3.789076e-06
1.157164e-06
1.068212e-06
4.256605e-05
1.804321e-04
1.244386e-05
5.478189e-07
1.593370e-06
1.545331e-06
3.734462e-06
2.426905e-07
4.166552e-07
1.413335e-06
3.691939e-07
2.924468e-07
1.957678e-04
2.878345e-07
3.435927e-07
8.211177e-08
4.651917e-07
4.833212e-07
1.199223e-07
1.375910e-07
1.361308e-07
2.679419e-09
1.378402e-08
1.163821e-08
2.053138e-08
2.263057e-09
7.626925e-09
1.172104e-10
4.419325e-09
2.124442e-08
5.843952e-09
6.627653e-09
3.578032e-08
2.468164e-08
3.423136e-09
1.169394e-08
3.061269e-08
1.103784e-08
1.963699e-08
4.936645e-10
1.171821e-09
2.131883e-10
5.109356e-10
8.786556e-10
4.590783e-09
7.373633e-10
3.564242e-09
9.721928e-09
3.055533e-09
9.402434e-09
1.589457e-10
1.862910e-09
6.382764e-10
1.548761e-10
1.074514e-09
1.946630e-09
2.158063e-09
8.629556e-10
1.070946e-09
1.034839e-09
2.449515e-09
4.733472e-10
1.202564e-09
2.036219e-09
2.166172e-09
8.714713e-10
1.076973e-09
1.034948e-09
2.450462e-09
4.739944e-10
1.202565e-09
2.036221e-09
2.166172e-09
8.714713e-10
1.076973e-09
1.034952e-09
2.450462e-09
4.739948e-10
1.202569e-09
2.036239e-09
2.166322e-09
8.721986e-10
1.083790e-09
1.042619e-09
2.468083e-09
4.809258e-10
1.227602e-09
3.451904e-09
3.458691e-09
1.140111e-09
1.388774e-09
7.722933e-09
1.299575e-08
9.614519e-09
1.514976e-07
1.861819e-08
8.343744e-08
7.565097e-08
2.352315e-08
2.676954e-08
3.846206e-08
7.640187e-10
1.254413e-08
1.037536e-07
1.802208e-08
6.402162e-08
3.065669e-08
3.177565e-07
2.162499e-08
6.217643e-08
1.119967e-08
3.024567e-08
6.410855e-09
1.248171e-09
1.225214e-09
5.147495e-09
1.685597e-08
1.191468e-08
9.665597e-09
2.110523e-08
4.975290e-08
2.211874e-08
8.970705e-09
1.207379e-08
6.480420e-08
3.063736e-08
6.396346e-09
4.665366e-08
1.447404e-07
2.455397e-08
3.188432e-09
5.317419e-08
3.773261e-08
7.291816e-08
1.745760e-07
2.636093e-07
5.680810e-08
7.814227e-08
2.987350e-08
2.136568e-07
8.292905e-08
8.916316e-08
1.973458e-07
4.053724e-08
1.219551e-06
3.816870e-08
1.003806e-07
2.514391e-06
2.439157e-07
1.529405e-06
1.378026e-06
1.116523e-07
1.321115e-06
1.568705e-08
1.629939e-07
6.070887e-07
1.592540e-06
2.463950e-07
7.196524e-08
1.677102e-07
4.358961e-07
4.488066e-07
4.641295e-07
5.630399e-07
1.383023e-08
3.133403e-09
6.236016e-09
2.922300e-07
1.090297e-07
5.736357e-08
4.178928e-07
3.179086e-08
1.012862e-07
1.625259e-07
8.924501e-07
1.441360e-06
4.969429e-08
4.046421e-07
2.473621e-06
8.333847e-06
2.437052e-06
2.585227e-07
1.372784e-05
3.282861e-06
1.800421e-04
6.781037e-07
4.115514e-06
9.831378e-06
7.347738e-06
2.892506e-06
1.813267e-06
9.593960e-07
1.058079e-06
4.334008e-06
3.330199e-08
2.989774e-06
6.317854e-07
5.016857e-08
3.276661e-06
2.231003e-05
1.293165e-06
9.982182e-08
3.794922e-07
6.540565e-06
8.768878e-07
4.401187e-07
2.819563e-07
3.722998e-05
9.485520e-05
1.144883e-05
2.545977e-07
8.683478e-07
5.413761e-07
1.642998e-06
1.979868e-07
2.724261e-07
2.404145e-07
3.691939e-07
2.466735e-07
1.985553e-04
8.417495e-08
3.629555e-07
4.177093e-08
1.802243e-07
3.496922e-07
1.260751e-07
1.457552e-07
1.745777e-07
8.546863e-10
8.160108e-09
3.675939e-09
1.674937e-08
2.072683e-09
4.948353e-09
1.788718e-10
5.659914e-10
1.816508e-09
9.855011e-10
5.694201e-09
1.225627e-08
1.825523e-08
2.712247e-09
4.152116e-09
2.569562e-08
5.917618e-09
4.212174e-08
6.037836e-10
5.500717e-10
2.760711e-10
2.832114e-10
6.210976e-10
3.009943e-10
1.041157e-10
1.457856e-09
7.325553e-09
1.876761e-09
2.308088e-08
3.028722e-10
1.329190e-10
4.523181e-10
6.293642e-11
2.348826e-10
2.555148e-10
5.827665e-10
8.005005e-10
3.760449e-10
7.841924e-10
3.721258e-10
6.373558e-10
4.464360e-10
2.734635e-10
5.970943e-10
8.530399e-10
3.784808e-10
7.856813e-10
3.740015e-10
6.438326e-10
4.464334e-10
2.734669e-10
5.970944e-10
8.530400e-10
3.784808e-10
7.856830e-10
3.740015e-10
6.438328e-10
4.464338e-10
2.734683e-10
5.971059e-10
8.535416e-10
3.791996e-10
7.892628e-10
3.746663e-10
6.471814e-10
4.491471e-10
3.851281e-10
6.960658e-10
1.134562e-09
4.773018e-10
3.904657e-09
1.693863e-09
8.638841e-10
1.315267e-08
1.632559e-08
6.669371e-08
6.096505e-08
3.903533e-08
3.372414e-08
2.600033e-08
1.565103e-09
6.295896e-09
4.729239e-08
6.702307e-09
1.168434e-08
8.402900e-09
2.663120e-07
1.228029e-08
4.606089e-08
7.917874e-09
4.660918e-08
4.330964e-09
1.679712e-09
4.282262e-10
1.197046e-09
3.554514e-09
2.603470e-09
2.342578e-09
3.081695e-09
1.350302e-08
1.384964e-08
9.134626e-09
2.819387e-09
1.423419e-09
3.837698e-09
3.101615e-09
6.043565e-09
1.103840e-07
1.364886e-08
2.025920e-09
6.198713e-09
1.669674e-08
2.034212e-08
6.405861e-08
1.272929e-07
2.215028e-08
1.842446e-08
2.409211e-08
1.505361e-07
5.733947e-08
1.293913e-08
5.483825e-09
3.616974e-08
7.772328e-07
3.691054e-08
1.113064e-07
1.325535e-06
9.270945e-08
1.468677e-06
1.296982e-06
7.469458e-08
1.341684e-06
1.138745e-08
1.866104e-07
4.323074e-07
6.569504e-07
3.245539e-07
8.011676e-09
4.497450e-08
2.760854e-07
3.988695e-07
4.880323e-07
5.927439e-07
1.915158e-08
7.668114e-09
5.555012e-09
1.759142e-07
8.373640e-08
4.904026e-08
2.894016e-07
1.326720e-08
6.143681e-08
6.073163e-08
2.718270e-07
8.037554e-07
3.740292e-08
2.872907e-07
1.460364e-06
5.796013e-06
1.721336e-06
1.590833e-07
8.617748e-06
2.363897e-06
1.401870e-04
2.741114e-07
4.020991e-06
6.468439e-06
6.693739e-06
2.564096e-06
1.838343e-06
1.111171e-06
7.445780e-07
4.824433e-06
1.618129e-07
2.522290e-06
5.085642e-07
1.515589e-08
1.775184e-06
1.643988e-05
1.122067e-06
8.600754e-08
3.233385e-07
4.243848e-06
3.803262e-07
3.141106e-07
1.122054e-07
2.740748e-05
2.829897e-05
1.063404e-05
2.514117e-07
8.489094e-07
3.236726e-07
8.738102e-07
1.660334e-07
2.949168e-07
2.459479e-07
3.181655e-07
2.924468e-07
1.985553e-04
5.914206e-08
4.441846e-07
2.646824e-08
1.418954e-07
1.245440e-07
1.264399e-07
1.655264e-07
1.796249e-07
4.196459e-09
2.072226e-08
6.159580e-09
1.287938e-08
1.986473e-09
4.789667e-09
1.736309e-10
1.114860e-09
1.912604e-10
1.097264e-10
1.430145e-09
5.917488e-09
6.739269e-09
8.065278e-09
3.117279e-09
1.603125e-08
4.161038e-09
4.301165e-08
6.624977e-09
8.875332e-10
2.548290e-10
6.540926e-10
4.149264e-10
1.184070e-09
5.821206e-11
1.995334e-10
4.124797e-09
1.380535e-09
2.326014e-08
2.329785e-09
2.149801e-10
1.375319e-10
1.613875e-10
7.341233e-11
8.567290e-11
1.046829e-10
3.599173e-10
3.571087e-10
3.628918e-10
9.814092e-10
6.117502e-10
8.621459e-10
1.257021e-10
1.202218e-10
4.195012e-10
3.813871e-10
3.655847e-10
1.015771e-09
6.249679e-10
8.621149e-10
1.257359e-10
1.202219e-10
4.195012e-10
3.813872e-10
3.655849e-10
1.015771e-09
6.249680e-10
8.621150e-10
1.257360e-10
1.202226e-10
4.195333e-10
3.816338e-10
3.658947e-10
1.015961e-09
6.252004e-10
8.630859e-10
1.364944e-10
1.271836e-10
4.383256e-10
4.859201e-10
6.577001e-10
1.408345e-09
4.725284e-10
1.352988e-09
2.505559e-09
3.908841e-08
4.631770e-08
4.289699e-08
3.124166e-08
2.657138e-08
3.024070e-09
3.000335e-08
8.494383e-09
3.049009e-09
1.031475e-08
1.293060e-09
1.804875e-07
9.154538e-09
3.371264e-08
7.399001e-09
5.737057e-08
4.614221e-09
4.962529e-09
6.190998e-10
7.502161e-10
8.742836e-10
6.691669e-10
7.864905e-10
9.637011e-10
2.891985e-09
5.374914e-09
7.072756e-09
3.724626e-09
1.706309e-09
2.588755e-09
3.998659e-09
1.431598e-09
1.108373e-08
1.108623e-08
1.914073e-09
3.470820e-09
2.901039e-09
1.362706e-08
2.261422e-08
3.626209e-08
1.141721e-08
2.778293e-08
6.225989e-09
7.761681e-08
3.004183e-08
8.627629e-09
3.311563e-08
1.542513e-08
4.650455e-07
1.551957e-08
9.925206e-08
5.212908e-07
1.414645e-08
1.199113e-06
9.719637e-07
6.863202e-08
1.195132e-06
2.144017e-08
2.596621e-07
2.748937e-07
3.670066e-07
3.021963e-07
2.228434e-08
8.982043e-09
8.033735e-08
1.849978e-07
4.737525e-07
5.499697e-07
2.342053e-08
1.688500e-07
1.138645e-08
1.101412e-07
1.631310e-08
1.615504e-08
2.187121e-07
8.729417e-09
2.607601e-08
3.426185e-08
1.176058e-07
2.699341e-07
2.577907e-08
1.789545e-07
8.615810e-07
1.179559e-06
6.005022e-07
1.715241e-07
3.100784e-06
1.159953e-06
9.753102e-05
1.930857e-07
3.934896e-06
3.479894e-06
5.614110e-06
1.901866e-06
1.713309e-06
1.125969e-06
7.716458e-07
5.126055e-06
5.174508e-07
3.622414e-06
1.739297e-07
8.001567e-09
4.990205e-07
8.058164e-06
7.606560e-07
4.931567e-08
2.989074e-07
8.476325e-07
2.483348e-07
2.650667e-07
4.208798e-08
8.833846e-06
7.203491e-06
9.364956e-06
2.121211e-07
6.720785e-07
1.481104e-07
6.388622e-07
1.739047e-07
2.009058e-07
1.827139e-07
2.994446e-07
2.534993e-07
1.957678e-04
8.417495e-08
4.441846e-07
1.546971e-08
1.043269e-07
6.498140e-08
6.016410e-08
1.507195e-07
1.637502e-07
8.901708e-09
1.719416e-07
1.576471e-08
9.360146e-09
1.009381e-09
3.821036e-09
1.643518e-10
1.129974e-09
1.119559e-09
3.914883e-10
4.464700e-10
1.622350e-09
4.153054e-09
1.170285e-08
2.007562e-08
1.214561e-08
2.794597e-09
3.679707e-08
1.128603e-08
1.375779e-08
8.708191e-10
2.105278e-09
2.736801e-09
3.046049e-09
6.242617e-10
3.401670e-10
8.730196e-10
7.082707e-10
2.013651e-08
3.485491e-09
2.668955e-09
3.307360e-10
5.082567e-10
7.049763e-10
3.897351e-10
1.386797e-10
3.867421e-10
4.172508e-10
9.027223e-10
2.646423e-09
4.008208e-09
1.812989e-09
9.069443e-10
2.600724e-10
5.741117e-10
4.929755e-10
9.255096e-10
2.811486e-09
4.202833e-09
1.812877e-09
9.075284e-10
2.600729e-10
5.741117e-10
4.929755e-10
9.255096e-10
2.811486e-09
4.202834e-09
1.812877e-09
9.075285e-10
2.600731e-10
5.741179e-10
4.930214e-10
9.256385e-10
2.811558e-09
4.202950e-09
1.813010e-09
9.126912e-10
2.615271e-10
5.787059e-10
5.218676e-10
1.077556e-09
3.025476e-09
4.119786e-09
3.576150e-09
1.302156e-09
1.003088e-08
3.312663e-08
4.988110e-08
2.985353e-08
3.359886e-08
8.315684e-09
4.173915e-08
2.421749e-08
2.023845e-09
5.761247e-09
2.708320e-09
2.775284e-08
4.830180e-09
2.979618e-08
9.742638e-09
5.255777e-08
6.297753e-09
1.533107e-08
3.074786e-09
8.236557e-09
2.359384e-09
1.950953e-09
8.342524e-10
9.922382e-10
5.764401e-09
6.404356e-09
8.222270e-09
5.415902e-09
1.499627e-08
2.005721e-08
2.064216e-08
1.068611e-08
6.410119e-09
7.400910e-09
6.332651e-09
7.000161e-09
7.928197e-09
1.738969e-08
4.092824e-08
2.285552e-08
7.357701e-09
2.491172e-08
2.145564e-08
1.872343e-08
1.883920e-08
1.090573e-08
7.242439e-08
9.973720e-08
3.774153e-07
4.351101e-08
6.504657e-08
3.639324e-07
1.005040e-08
3.229888e-07
5.354840e-07
6.191529e-08
8.731419e-07
7.717679e-08
6.234856e-07
2.500647e-07
2.396796e-07
2.372130e-07
3.281758e-08
3.130726e-08
1.807834e-08
1.012168e-07
3.099754e-07
4.646124e-07
2.397301e-08
2.153507e-07
1.950124e-07
1.759961e-07
1.882141e-08
1.051849e-08
1.466712e-07
8.375056e-09
1.808382e-08
3.450926e-08
9.457721e-08
1.518559e-07
2.505501e-08
9.477969e-08
5.659113e-07
9.189748e-07
4.232078e-07
1.984188e-07
1.815333e-06
6.299413e-07
6.262141e-05
1.794506e-07
3.602548e-06
2.765094e-06
5.188317e-06
1.386248e-06
1.629877e-06
1.128701e-06
7.592854e-07
5.403659e-06
9.468312e-07
4.293939e-06
2.389814e-07
1.816157e-08
2.009428e-07
3.973511e-06
4.643406e-07
4.827577e-08
2.517558e-07
6.699839e-07
1.490004e-07
1.860458e-07
3.305666e-08
5.245333e-06
3.352155e-06
6.870760e-06
1.874762e-07
5.353753e-07
1.323574e-07
6.998308e-07
3.778716e-07
2.727103e-07
1.617198e-07
2.531960e-07
2.856896e-07
1.930553e-04
2.878345e-07
3.629555e-07
2.646824e-08
1.043269e-07
5.989949e-08
6.039333e-08
8.590468e-08
1.211554e-07
2.175154e-08
2.373658e-07
1.793244e-07
3.037813e-08
5.997588e-09
1.762896e-09
1.552643e-10
1.111322e-09
1.987024e-09
4.205155e-09
3.780848e-10
6.390807e-10
2.578558e-09
1.425024e-08
2.555060e-08
2.229492e-08
4.871121e-09
2.948363e-08
1.711738e-08
2.279457e-08
6.182581e-09
6.622864e-09
5.689096e-09
1.268330e-08
9.891011e-10
2.376976e-09
3.415079e-10
3.813794e-10
1.634484e-08
4.259377e-09
3.755633e-09
1.997502e-09
2.253517e-09
1.327299e-09
1.968350e-09
4.549061e-10
6.948236e-10
9.459345e-10
1.655601e-09
7.447948e-09
6.438069e-09
9.516399e-09
1.265613e-09
1.085275e-09
1.657160e-09
1.047904e-09
1.716102e-09
8.318442e-09
6.905037e-09
9.515211e-09
1.266846e-09
1.085275e-09
1.657161e-09
1.047904e-09
1.716102e-09
8.318442e-09
6.905037e-09
9.515211e-09
1.266846e-09
1.085275e-09
1.657162e-09
1.047913e-09
1.716126e-09
8.318492e-09
6.905077e-09
9.515286e-09
1.267234e-09
1.085775e-09
1.658053e-09
1.051771e-09
1.759600e-09
8.665554e-09
6.854761e-09
1.117310e-08
3.041985e-09
4.560573e-09
1.119089e-08
5.085143e-08
2.716735e-08
3.655367e-08
1.389256e-08
6.092939e-08
3.947780e-08
1.158208e-08
1.760435e-09
3.869034e-09
2.213774e-08
9.254170e-10
1.601781e-08
1.448698e-08
5.167914e-08
7.701380e-09
2.048176e-08
6.856860e-09
3.722923e-08
9.855772e-09
7.004795e-09
2.850565e-09
2.601147e-09
2.319048e-09
4.568916e-09
3.758121e-08
2.958726e-08
3.371488e-08
6.774593e-08
7.442712e-08
3.269125e-08
1.734276e-08
1.486965e-08
1.126579e-08
1.659630e-08
1.822564e-08
3.921706e-08
6.723722e-08
3.885122e-08
8.538675e-09
2.237086e-08
3.321824e-08
3.094502e-08
7.400880e-09
1.061053e-07
1.201841e-07
1.622107e-07
5.492160e-07
8.077894e-08
9.316767e-08
1.943808e-07
8.195610e-09
1.380074e-07
1.921829e-07
5.413032e-08
5.211272e-07
9.857236e-08
1.357950e-06
2.926614e-07
2.072021e-07
1.810937e-07
4.985467e-08
3.809412e-08
3.629881e-08
4.422509e-08
1.667330e-07
3.041041e-07
2.966316e-08
2.310158e-07
3.618164e-07
1.285305e-06
3.300427e-08
2.126160e-08
1.393340e-07
6.831148e-09
1.193521e-08
3.306582e-08
8.108660e-08
8.761648e-08
1.800920e-08
5.582022e-08
2.958263e-07
6.904281e-07
4.522476e-07
3.032158e-07
5.775284e-07
3.442327e-07
4.236588e-05
1.589234e-07
3.522050e-06
2.261788e-06
4.997301e-06
9.121093e-07
1.417420e-06
1.135214e-06
6.601695e-07
5.378034e-06
1.162933e-06
4.712793e-06
3.249512e-07
7.572347e-08
7.478827e-08
1.922530e-06
2.539773e-07
3.886728e-08
2.406806e-07
3.818099e-07
1.931679e-07
1.139014e-07
3.043324e-08
3.599023e-06
1.583732e-06
5.825624e-06
1.936269e-07
4.184436e-07
1.157045e-07
8.500252e-07
6.056205e-07
4.575132e-07
1.547096e-07
2.473062e-07
2.808939e-07
1.919321e-04
4.553057e-07
3.435927e-07
4.177093e-08
1.418954e-07
6.498140e-08
6.039333e-08
9.054525e-08
4.256145e-08
2.944742e-08
3.080283e-07
3.646729e-07
1.289141e-07
1.398279e-08
3.157515e-08
5.172090e-11
1.032855e-09
1.984495e-09
6.577831e-09
2.685648e-09
8.701002e-10
1.790873e-09
1.341198e-08
2.593853e-08
1.989814e-08
8.025120e-09
1.681537e-08
2.205198e-08
3.090115e-08
7.996451e-09
2.167698e-08
1.340402e-08
2.243799e-08
2.253469e-09
2.854454e-09
9.422511e-10
6.189867e-10
5.290678e-09
4.884008e-09
3.927142e-09
2.276376e-09
7.902398e-09
6.018992e-09
3.267116e-09
8.685446e-10
8.209258e-10
1.300180e-09
3.055923e-09
8.247876e-09
8.883307e-09
1.150703e-08
3.173376e-09
1.656891e-09
3.178251e-09
2.444009e-09
2.247458e-09
9.569987e-09
1.104383e-08
1.150400e-08
3.188732e-09
1.656891e-09
3.178252e-09
2.444009e-09
2.247458e-09
9.569987e-09
1.104383e-08
1.150400e-08
3.188732e-09
1.656891e-09
3.178252e-09
2.444011e-09
2.247465e-09
9.570002e-09
1.104385e-08
1.150404e-08
3.188903e-09
1.656938e-09
3.178584e-09
2.445187e-09
2.255378e-09
9.624716e-09
1.116537e-08
1.326156e-08
4.809580e-09
7.457992e-09
7.519924e-09
3.273540e-08
2.214939e-08
3.376046e-08
1.493359e-08
6.700885e-08
6.216377e-08
2.095423e-08
6.474756e-09
5.280530e-09
1.894980e-08
1.592961e-09
5.550815e-09
1.274439e-08
4.940805e-08
6.582365e-09
2.484037e-08
1.085672e-08
7.243439e-08
2.745570e-08
2.279811e-08
7.836269e-09
7.448385e-09
3.959736e-09
5.318041e-09
7.719576e-09
1.107648e-08
8.039749e-08
1.246546e-07
1.433996e-07
5.294666e-08
3.817713e-08
4.528419e-08
1.276881e-08
1.952583e-08
3.110346e-08
5.722462e-08
9.725742e-08
4.875292e-08
2.481852e-08
2.525150e-08
3.655885e-08
3.166878e-08
4.951076e-09
1.397223e-08
2.382905e-07
3.527034e-07
5.511710e-07
1.737872e-07
1.127887e-07
1.746120e-07
7.656714e-09
8.722816e-08
9.165828e-08
3.555519e-08
1.448506e-07
1.136894e-07
1.855716e-06
4.677756e-07
2.259266e-07
1.367780e-07
8.313766e-08
4.066719e-08
4.706996e-08
8.741501e-08
9.338091e-08
1.131686e-07
2.574690e-08
3.341408e-07
4.267554e-07
1.867951e-06
2.959163e-07
4.524154e-08
2.327249e-07
1.085089e-08
3.749520e-09
3.084201e-08
7.921187e-08
5.212703e-08
1.135377e-08
1.298068e-08
5.592574e-08
4.844836e-07
5.098263e-07
4.548793e-07
2.648154e-07
5.938731e-08
3.412060e-05
1.121066e-07
3.191776e-06
2.019298e-06
4.951522e-06
6.345193e-07
1.364672e-06
9.523088e-07
5.295981e-07
5.036034e-06
1.210833e-06
4.799825e-06
3.445509e-07
1.578200e-07
9.019442e-08
1.452234e-06
1.761035e-07
2.352694e-08
1.860333e-07
3.130554e-07
1.788516e-07
9.592809e-08
2.318894e-08
2.637554e-06
9.583962e-07
5.513163e-06
2.637381e-07
2.613428e-07
9.254331e-08
9.077932e-07
8.818607e-07
6.811179e-07
1.345837e-07
2.821631e-07
2.995447e-07
1.883727e-04
5.790634e-07
2.861383e-07
8.211177e-08
1.802243e-07
1.245440e-07
6.016410e-08
8.590468e-08
4.256145e-08
3.638473e-08
3.636733e-07
5.222593e-07
1.569803e-07
3.997053e-08
6.963546e-08
4.871287e-08
7.878378e-10
1.974742e-09
6.572213e-09
7.136983e-09
4.984389e-09
1.568132e-09
1.095720e-08
2.595026e-08
1.995228e-08
7.679838e-09
1.521452e-08
4.516585e-08
4.249547e-08
1.326176e-08
2.311127e-08
3.982091e-08
4.898946e-08
4.673147e-09
5.520139e-09
1.133516e-09
1.514880e-09
4.366214e-09
4.441092e-09
4.381331e-09
2.316267e-09
8.347012e-09
1.971227e-08
1.397089e-08
1.784616e-09
1.809277e-09
9.367606e-10
3.230946e-09
1.022074e-08
9.166584e-09
1.282451e-08
4.501148e-09
4.127940e-09
6.043363e-09
2.871146e-09
3.064050e-09
9.828321e-09
1.349129e-08
1.281438e-08
4.613925e-09
4.127946e-09
6.043363e-09
2.871146e-09
3.064051e-09
9.828321e-09
1.349129e-08
1.281438e-08
4.613925e-09
4.127946e-09
6.043363e-09
2.871148e-09
3.064055e-09
9.828331e-09
1.349131e-08
1.281442e-08
4.614064e-09
4.127980e-09
6.043516e-09
2.871888e-09
3.068612e-09
9.861767e-09
1.345662e-08
1.440083e-08
6.217225e-09
9.516707e-09
1.322461e-08
2.878300e-08
2.102874e-08
3.087414e-08
1.509950e-08
6.704311e-08
7.866143e-08
8.281967e-08
2.693367e-08
3.787840e-08
3.552613e-08
4.502834e-09
5.848930e-09
1.231593e-08
4.890282e-08
6.513124e-09
2.241762e-08
2.035288e-08
1.245616e-07
3.446263e-08
3.674980e-08
1.823320e-08
1.612221e-08
5.373227e-09
6.878186e-09
6.589983e-09
6.870554e-09
2.622092e-08
7.936209e-08
1.953796e-07
1.141601e-07
7.954142e-08
7.038046e-08
3.469534e-08
1.999132e-08
2.527828e-08
6.509803e-08
1.081939e-07
6.146444e-08
8.304809e-08
2.497300e-08
3.991358e-08
3.609475e-08
9.387030e-09
1.340460e-08
1.440168e-07
3.209752e-07
6.352512e-07
2.898166e-07
2.247761e-07
2.473791e-07
3.591323e-08
2.669099e-08
8.271875e-08
5.770699e-08
5.313617e-08
1.163005e-07
2.201984e-06
8.064904e-07
3.370478e-07
3.219395e-07
1.279117e-07
4.374231e-08
9.346918e-08
9.353467e-08
1.664675e-07
1.444441e-07
9.553795e-09
1.640164e-07
4.415008e-07
2.071439e-06
8.705146e-07
6.340711e-07
3.833046e-07
1.062714e-07
2.441615e-09
2.466994e-08
8.963302e-08
7.349371e-08
2.795959e-08
2.749533e-08
2.992614e-08
2.009173e-07
5.131955e-07
5.711171e-07
2.983035e-07
2.973259e-08
1.972288e-05
1.875066e-07
2.563005e-06
1.955979e-06
4.795189e-06
6.699007e-07
1.795799e-06
9.124479e-07
4.478100e-07
4.206801e-06
1.286868e-06
5.030791e-06
4.065742e-07
2.894968e-07
3.454259e-07
1.581072e-06
3.070658e-07
4.696416e-08
1.084116e-07
2.854311e-07
3.226661e-07
8.537421e-08
6.404645e-08
9.016960e-07
9.745465e-07
5.398643e-06
3.258608e-07
3.275463e-07
8.002712e-08
8.345334e-07
9.541433e-07
2.318500e-06
1.716948e-07
2.386165e-07
3.133918e-07
1.833713e-04
7.421564e-07
3.312107e-07
1.070926e-07
4.651917e-07
3.496922e-07
1.264399e-07
1.507195e-07
1.211554e-07
2.944742e-08
3.636733e-07
5.838398e-07
2.562604e-07
6.660324e-08
2.672010e-07
2.384693e-07
3.341851e-08
1.621231e-09
6.482846e-09
7.123616e-09
4.998646e-09
1.397437e-09
6.242963e-09
1.508728e-08
1.659091e-08
8.245045e-09
1.087187e-08
4.682738e-08
4.545368e-08
1.416630e-08
2.251229e-08
4.083332e-08
6.051535e-08
4.857558e-09
5.616641e-09
1.264544e-09
1.631595e-09
3.993808e-09
2.983272e-09
3.073683e-09
2.281123e-09
7.997962e-09
1.999299e-08
1.865313e-08
1.989929e-09
1.817708e-09
7.579069e-10
2.655566e-09
8.764185e-09
7.165984e-09
1.223462e-08
4.817429e-09
4.719769e-09
7.425419e-09
2.984129e-09
2.753534e-09
8.278877e-09
1.133280e-08
1.232845e-08
5.133248e-09
4.721486e-09
7.425500e-09
2.984129e-09
2.753534e-09
8.278877e-09
1.133280e-08
1.232845e-08
5.133248e-09
4.721486e-09
7.425500e-09
2.984129e-09
2.753537e-09
8.278882e-09
1.133281e-08
1.232846e-08
5.133362e-09
4.721510e-09
7.425588e-09
2.984410e-09
2.756145e-09
8.296749e-09
1.131242e-08
1.308726e-08
6.568829e-09
9.555613e-09
1.259897e-08
2.097545e-08
1.616065e-08
2.032418e-08
1.257606e-08
6.062373e-08
7.574531e-08
8.615601e-08
4.558415e-08
4.149871e-08
4.565955e-08
5.917349e-09
3.897179e-09
1.122016e-08
3.195719e-08
5.705286e-09
1.835430e-08
1.724823e-08
1.238576e-07
3.706050e-08
3.712645e-08
2.012609e-08
1.596964e-08
6.209541e-09
7.635914e-09
5.238428e-09
5.236067e-09
1.834179e-08
6.426357e-08
1.290485e-07
6.652772e-08
1.305032e-07
1.227867e-07
4.808482e-08
1.774819e-08
2.122356e-08
5.711230e-08
9.681847e-08
5.925906e-08
1.016431e-07
2.623407e-08
3.393947e-08
3.305699e-08
1.104981e-08
1.398053e-08
1.388474e-07
2.126261e-07
4.955439e-07
2.272249e-07
2.946547e-07
3.916956e-07
5.899816e-08
1.973016e-08
2.156236e-08
6.066756e-08
4.179303e-08
6.148445e-08
2.143310e-06
7.950742e-07
3.381179e-07
3.346602e-07
1.954730e-07
2.655137e-08
9.652860e-08
8.287939e-08
1.554697e-07
1.780170e-07
6.871415e-09
6.507520e-08
3.361214e-07
1.957177e-06
8.906568e-07
7.722677e-07
6.357129e-07
1.375691e-07
3.440006e-09
8.587588e-09
6.684755e-08
7.575751e-08
3.256759e-08
2.595157e-08
2.708126e-08
8.969749e-08
2.926174e-07
5.225383e-07
3.024702e-07
5.739653e-08
5.862701e-06
1.503343e-07
2.277913e-06
1.303308e-06
4.358375e-06
4.863573e-07
1.844103e-06
8.648835e-07
3.408709e-07
3.052272e-06
9.797564e-07
4.924299e-06
4.235175e-07
3.453486e-07
4.806950e-07
1.462353e-06
3.675189e-07
5.383536e-08
6.974655e-08
1.037109e-07
3.417846e-07
7.176765e-08
6.730562e-08
6.500394e-07
5.493760e-07
4.903971e-06
3.186400e-07
3.169751e-07
7.373589e-08
5.983121e-07
8.639888e-07
2.371743e-06
1.897482e-07
2.309796e-07
2.201006e-07
1.628939e-04
7.138579e-07
3.774039e-07
1.342464e-07
4.748198e-07
4.833212e-07
1.260751e-07
1.655264e-07
1.637502e-07
2.175154e-08
3.080283e-07
5.222593e-07
2.562604e-07
7.951095e-08
2.830767e-07
3.566883e-07
5.353867e-08
4.473454e-10
3.916320e-09
6.950067e-09
4.890793e-09
5.567150e-10
2.903757e-09
1.787355e-09
3.501348e-09
3.920267e-09
8.992791e-09
4.285543e-08
4.106849e-08
9.582706e-09
1.751685e-08
3.868779e-08
5.569579e-08
4.855958e-09
3.964351e-09
1.064007e-09
1.422010e-09
2.863016e-09
2.167715e-09
1.034295e-09
6.034106e-10
6.300781e-09
1.922966e-08
1.784926e-08
2.031742e-09
1.723671e-09
2.518184e-10
2.025779e-09
4.089094e-09
3.238366e-09
4.650050e-09
3.705074e-09
4.649891e-09
7.123035e-09
2.861431e-09
1.889058e-09
3.640441e-09
7.441795e-09
4.578003e-09
4.002478e-09
4.674568e-09
7.132255e-09
2.861524e-09
1.889059e-09
3.640441e-09
7.441795e-09
4.578003e-09
4.002478e-09
4.674568e-09
7.132255e-09
2.861524e-09
1.889059e-09
3.640443e-09
7.441797e-09
4.578006e-09
4.002495e-09
4.674583e-09
7.132286e-09
2.861636e-09
1.889278e-09
3.646254e-09
7.437040e-09
4.691704e-09
4.216107e-09
9.049008e-09
1.096808e-08
1.068709e-08
8.115745e-09
4.904736e-09
4.653421e-09
4.364557e-08
6.247155e-08
8.283824e-08
4.769519e-08
4.593956e-08
4.394947e-08
7.599947e-09
1.049792e-09
5.653725e-09
2.285763e-08
1.593389e-09
9.753993e-09
1.616410e-08
1.064942e-07
2.939499e-08
3.445485e-08
2.030890e-08
1.428562e-08
4.467293e-09
5.677500e-09
2.826926e-09
3.036368e-09
4.727011e-09
1.673038e-08
7.301369e-08
3.483854e-08
6.621803e-08
7.594432e-08
6.628424e-08
3.743458e-08
1.492411e-08
2.825803e-08
4.406955e-08
4.288327e-08
9.187655e-08
1.805731e-08
2.038131e-08
2.432532e-08
9.449342e-09
1.015041e-08
9.420541e-08
1.706400e-07
5.218260e-08
1.224859e-07
1.788515e-07
2.768504e-07
1.451625e-07
4.073556e-08
1.826009e-08
4.201540e-08
2.775174e-08
4.409969e-08
1.566172e-06
6.806940e-07
2.543630e-07
3.114275e-07
2.246670e-07
1.715685e-08
8.477095e-08
6.306596e-08
1.127049e-07
1.500285e-07
6.415239e-09
1.479230e-08
1.445003e-07
1.218851e-06
8.607585e-07
6.731152e-07
6.675433e-07
2.456346e-07
1.940718e-09
3.484696e-09
3.487909e-08
4.737656e-08
3.221892e-08
2.573471e-08
2.127494e-08
4.221878e-08
1.765494e-07
3.411734e-07
1.669730e-07
2.316353e-08
3.821711e-06
1.352636e-07
7.534691e-07
1.017539e-06
2.342594e-06
2.786517e-07
1.551741e-06
6.359092e-07
2.599451e-07
1.552184e-06
5.316244e-07
3.931462e-06
3.360996e-07
3.463633e-07
5.653478e-07
1.298547e-06
3.671599e-07
5.616448e-08
1.728715e-08
2.782545e-08
2.804566e-07
4.532482e-08
6.546076e-08
3.329996e-07
4.995415e-07
2.113820e-06
2.628558e-07
2.333336e-07
4.241251e-08
2.666587e-07
4.880846e-07
2.261476e-06
1.267138e-07
1.800653e-07
1.693430e-07
1.258136e-04
4.269286e-07
2.075303e-07
1.366511e-07
5.100807e-07
4.830428e-07
1.199223e-07
1.457552e-07
1.796249e-07
8.901708e-09
2.373658e-07
3.646729e-07
1.569803e-07
6.660324e-08
2.830767e-07
3.673983e-07
6.758623e-08
8.657603e-10
1.498933e-10
5.008332e-09
4.401320e-09
3.962285e-10
2.634190e-10
5.734343e-10
4.478294e-10
7.689362e-10
2.524446e-09
3.829386e-08
2.669859e-08
8.957457e-09
3.025595e-09
2.896291e-08
4.585048e-08
3.860163e-09
3.901310e-09
3.933074e-10
1.018386e-09
2.396674e-09
6.892725e-10
9.486277e-10
8.910213e-11
8.107130e-10
1.445220e-08
1.597077e-08
1.605787e-09
1.718053e-09
1.105962e-10
3.272024e-10
2.975124e-09
5.143820e-10
1.568390e-09
1.529885e-09
3.144117e-09
6.370422e-09
1.693592e-09
1.798993e-09
4.095147e-10
4.737515e-09
1.522713e-09
1.786911e-09
3.158399e-09
6.375809e-09
1.694504e-09
1.800031e-09
4.095154e-10
4.737515e-09
1.522713e-09
1.786911e-09
3.158399e-09
6.375809e-09
1.694504e-09
1.800031e-09
4.095154e-10
4.737516e-09
1.522713e-09
1.786913e-09
3.158400e-09
6.375831e-09
1.694518e-09
1.800141e-09
4.097031e-10
4.735275e-09
1.532737e-09
1.806315e-09
3.526213e-09
1.012873e-08
3.383158e-09
5.789421e-09
7.993381e-10
9.951633e-10
8.614011e-09
4.757605e-08
7.494953e-08
4.497888e-08
4.426255e-08
4.073311e-08
6.950973e-09
8.707602e-10
5.722383e-10
1.297688e-08
1.191390e-09
5.397340e-10
1.023995e-08
8.509275e-08
1.512300e-08
2.216738e-08
1.426572e-08
1.166027e-08
4.677481e-09
3.230687e-09
8.253419e-10
1.970347e-09
1.822780e-09
4.204596e-09
2.000201e-08
1.249664e-08
4.019279e-08
5.768872e-08
3.405605e-08
4.694540e-09
6.895053e-09
2.074896e-08
8.250080e-09
1.176940e-08
8.606061e-08
1.323030e-08
9.653885e-09
6.882709e-09
9.510690e-09
9.133723e-09
4.029664e-08
9.319061e-08
2.255719e-08
6.535998e-09
1.367321e-07
1.843331e-07
6.059744e-08
5.878585e-08
8.785070e-09
4.124543e-08
1.794627e-08
3.617877e-08
1.306314e-06
4.766114e-07
1.541528e-07
2.867408e-07
2.081126e-07
1.099988e-08
8.057403e-08
2.086388e-08
8.755495e-08
1.211372e-07
4.198924e-09
1.277974e-08
1.196509e-08
3.284228e-07
7.081439e-07
6.553574e-07
6.258759e-07
1.821087e-07
9.474700e-09
1.049938e-09
1.900204e-08
3.764813e-08
3.010478e-08
2.372864e-08
1.727851e-08
1.260849e-08
9.421903e-08
1.477005e-07
6.988973e-08
1.495280e-08
2.828298e-06
1.069434e-07
3.758728e-07
7.333126e-07
1.466171e-06
1.245067e-07
1.054977e-06
5.036744e-07
1.614118e-07
6.436963e-07
2.855212e-07
2.234189e-06
2.589777e-07
2.784938e-07
5.280171e-07
9.780425e-07
3.452712e-07
5.937701e-08
6.599400e-09
3.225537e-09
2.488772e-07
1.495673e-08
5.580683e-08
2.480826e-07
3.919920e-07
1.353774e-06
1.621776e-07
1.781869e-07
2.225606e-08
8.840083e-08
2.222404e-07
2.109237e-06
7.008993e-08
1.234315e-07
1.270948e-07
1.042354e-04
2.860367e-07
1.106486e-07
6.749481e-08
3.995549e-07
4.892784e-07
1.203135e-07
1.375910e-07
1.745777e-07
4.196459e-09
1.719416e-07
1.793244e-07
1.289141e-07
3.997053e-08
2.672010e-07
3.566883e-07
6.758623e-08
1.638218e-09
1.917925e-10
6.872797e-11
2.710088e-10
8.684807e-11
6.809061e-11
2.921075e-11
2.462093e-11
6.174330e-11
5.635596e-10
1.052536e-08
1.681455e-08
1.666293e-09
1.068854e-09
9.260936e-09
1.718604e-08
1.282249e-09
9.118415e-10
4.440484e-10
9.522515e-11
8.391866e-10
2.181906e-10
3.608224e-10
3.521395e-11
3.594215e-11
2.413977e-09
6.498292e-09
4.285465e-10
4.253158e-10
1.555567e-10
3.334321e-11
1.067811e-10
1.141694e-10
4.008609e-10
4.306387e-10
9.427574e-10
2.294945e-09
1.048265e-09
6.559143e-10
1.326642e-10
2.690400e-10
3.568535e-10
6.987678e-10
9.415846e-10
2.296342e-09
1.050615e-09
6.563292e-10
1.327585e-10
2.690713e-10
3.568536e-10
6.987678e-10
9.415846e-10
2.296342e-09
1.050615e-09
6.563292e-10
1.327585e-10
2.690713e-10
3.568537e-10
6.987682e-10
9.415848e-10
2.296346e-09
1.050622e-09
6.563510e-10
1.327885e-10
2.690065e-10
3.588519e-10
7.031371e-10
9.994181e-10
2.886436e-09
2.067665e-09
1.889353e-09
1.926734e-10
3.321518e-10
2.020567e-09
1.037294e-08
2.103614e-08
3.013845e-08
1.806391e-08
1.924854e-08
5.522702e-09
1.606825e-10
1.125197e-10
5.954556e-10
3.038076e-10
8.394684e-11
5.788080e-10
4.992317e-09
6.176822e-09
5.143265e-09
6.671819e-09
1.365386e-09
1.364324e-09
2.399586e-09
5.839652e-10
4.717964e-10
4.526320e-10
8.343002e-10
3.313093e-09
2.222041e-09
1.129794e-08
1.378725e-08
1.919061e-08
3.599786e-09
9.435776e-10
2.699885e-09
4.623694e-09
3.090645e-09
2.344413e-08
6.619440e-09
4.725936e-09
3.943624e-09
2.370671e-09
1.904716e-09
1.303425e-08
2.658280e-08
5.134153e-09
1.011430e-09
4.548409e-09
9.487257e-08
3.427405e-08
3.611784e-09
1.238757e-08
1.669579e-08
5.379941e-09
6.208593e-09
6.511724e-07
5.466640e-08
2.049983e-08
4.026681e-08
1.598876e-07
7.715279e-09
1.588583e-08
2.025873e-09
1.104998e-08
6.551146e-08
2.227760e-09
1.842483e-09
7.274401e-09
1.228308e-08
6.306036e-08
1.612032e-07
4.826939e-07
1.380530e-07
2.225196e-09
4.821380e-10
8.542974e-10
1.364683e-08
8.937404e-09
3.092421e-09
1.347421e-08
4.163199e-09
1.184184e-08
3.162909e-08
1.164765e-08
4.934122e-09
1.400152e-06
6.594334e-08
1.174430e-07
1.025347e-07
9.622792e-08
7.506415e-08
1.686988e-07
2.508456e-07
5.003288e-08
3.862431e-07
2.053806e-08
5.281445e-07
8.899700e-08
1.225287e-07
4.206822e-07
3.552982e-07
1.821862e-07
3.921939e-08
6.624902e-09
6.936770e-10
7.443664e-08
1.339857e-09
1.003078e-08
1.292384e-07
1.302713e-07
1.641709e-07
5.383753e-08
3.845933e-08
1.404925e-08
6.879003e-09
7.516102e-08
6.937107e-07
8.797164e-09
1.709669e-08
7.970850e-08
6.429736e-05
2.935406e-08
2.960022e-08
3.559824e-08
1.483994e-07
3.139248e-07
3.579531e-08
6.289018e-08
1.361308e-07
8.546863e-10
2.072226e-08
1.576471e-08
3.037813e-08
1.398279e-08
6.963546e-08
2.384693e-07
5.353867e-08
8.657603e-10
1.917925e-10
1.051621e-10
8.850780e-12
4.273737e-11
4.156186e-11
1.219110e-11
1.899714e-12
2.883633e-11
6.661963e-11
2.154455e-09
3.770724e-09
7.572436e-10
3.530587e-10
5.430297e-09
2.992805e-09
4.098511e-10
4.718236e-10
1.459343e-10
6.277352e-11
8.831245e-11
6.695082e-11
1.844486e-10
8.666376e-12
2.172465e-11
1.622689e-10
1.133911e-09
1.497796e-10
2.245155e-10
4.196495e-11
2.441267e-11
1.193046e-11
1.060123e-11
1.795000e-10
7.481657e-11
2.216481e-10
5.598458e-10
2.915998e-10
2.789982e-10
2.761024e-11
1.393151e-10
2.766921e-11
3.493023e-10
2.217608e-10
5.598998e-10
2.919299e-10
2.791770e-10
2.774265e-11
1.393857e-10
2.767001e-11
3.493135e-10
2.217608e-10
5.598998e-10
2.919299e-10
2.791770e-10
2.774265e-11
1.393857e-10
2.767002e-11
3.493136e-10
2.217608e-10
5.599003e-10
2.919309e-10
2.791850e-10
2.774735e-11
1.393598e-10
2.779797e-11
3.513161e-10
2.308022e-10
6.521518e-10
4.509300e-10
8.610960e-10
3.637141e-11
1.543023e-10
3.938742e-10
2.024248e-09
3.860651e-09
1.835869e-08
1.091378e-08
9.360801e-09
3.225362e-09
9.248295e-11
9.791381e-11
3.172972e-10
2.357693e-11
4.231282e-11
3.255356e-10
3.595237e-10
2.809589e-09
3.217487e-09
2.466321e-09
5.611676e-10
7.708801e-10
8.389962e-10
9.060433e-11
2.477845e-10
1.241225e-10
1.651772e-10
6.173782e-10
4.139291e-10
2.182407e-09
3.008925e-09
4.232031e-09
1.399284e-09
5.576707e-10
5.390637e-10
4.584113e-10
8.079813e-10
4.419459e-09
1.413211e-09
2.185124e-09
9.428697e-10
8.843453e-10
5.049287e-10
5.548122e-09
5.287374e-09
1.768564e-09
6.025736e-10
1.830674e-09
6.532506e-09
1.640319e-08
1.256069e-09
1.728314e-09
5.839950e-09
1.768353e-09
3.984633e-09
1.027429e-07
2.819341e-08
6.602172e-09
7.020494e-09
7.773927e-08
4.627150e-09
8.809704e-09
8.572540e-10
3.251272e-09
2.347272e-08
1.319184e-09
1.175479e-09
2.746916e-09
6.259884e-09
4.141811e-09
5.572034e-08
2.134100e-07
8.886181e-08
1.014432e-09
1.695604e-10
5.398226e-10
9.186286e-10
3.892573e-09
9.601353e-10
5.356839e-09
2.440070e-09
5.240824e-09
1.065236e-08
4.820394e-09
2.253882e-09
4.728971e-07
2.794944e-08
5.725950e-08
4.885085e-08
1.505905e-08
2.217488e-08
8.400064e-08
8.884392e-08
1.913852e-08
2.210810e-07
7.787018e-09
2.241160e-07
3.803071e-08
6.317417e-08
2.694167e-07
1.789716e-07
1.157499e-07
2.158910e-08
2.947519e-09
2.949466e-09
3.268079e-08
2.799299e-10
3.809586e-09
4.513946e-08
5.959931e-08
9.563816e-08
1.707845e-08
2.327737e-08
2.664023e-09
3.545025e-09
3.175978e-08
2.201125e-07
2.903845e-09
6.583668e-09
3.264321e-08
3.116457e-05
1.479275e-08
8.826979e-09
1.297417e-08
5.160992e-08
1.742580e-07
1.473209e-08
3.404897e-08
6.216234e-08
2.679419e-09
8.160108e-09
6.159580e-09
9.360146e-09
5.997588e-09
3.157515e-08
4.871287e-08
3.341851e-08
4.473454e-10
1.498933e-10
6.872797e-11
8.850780e-12
2.361894e-11
