2.632890e-15
5.478754e-16
1.002998e-17
1.607802e-12
3.200127e-12
3.220575e-13
1.052638e-13
8.415062e-13
4.526301e-12
1.677188e-11
3.167661e-10
1.701086e-10
1.269049e-11
1.178622e-11
2.240381e-11
2.039367e-10
3.537368e-11
5.031130e-12
1.126108e-11
1.164938e-12
1.490172e-11
2.121411e-12
6.527851e-13
2.191999e-13
2.103396e-13
2.443079e-12
8.096598e-11
2.479285e-11
1.952150e-12
6.446907e-12
4.455878e-13
3.404700e-13
3.967936e-13
1.853165e-13
3.853942e-12
3.855622e-12
3.258880e-11
1.354946e-11
1.630492e-11
9.696478e-13
6.768208e-13
4.739859e-13
5.470355e-12
3.866579e-12
3.259007e-11
1.354937e-11
1.630576e-11
9.697142e-13
6.768497e-13
4.739859e-13
5.470356e-12
3.866579e-12
3.259007e-11
1.354937e-11
1.630576e-11
9.697142e-13
6.768497e-13
4.739859e-13
5.470356e-12
3.866579e-12
3.259007e-11
1.354937e-11
1.630576e-11
9.697148e-13
6.772562e-13
4.756483e-13
5.928797e-12
3.955046e-12
3.272471e-11
2.394733e-11
2.986069e-12
1.679574e-12
1.130071e-11
3.361759e-11
2.943275e-10
1.470911e-09
4.523114e-09
9.689347e-10
3.851061e-10
4.182048e-11
2.333125e-11
7.540576e-12
1.488372e-12
1.422957e-11
1.963268e-11
1.897005e-11
7.962094e-11
1.717336e-10
2.550061e-10
2.335255e-10
3.982871e-11
8.007536e-12
6.737197e-12
1.595637e-12
2.028115e-12
4.079096e-12
6.876361e-12
1.077406e-11
1.247704e-11
1.137829e-10
5.621210e-11
1.819428e-11
1.097140e-11
1.723375e-12
6.623568e-12
2.382442e-11
4.022752e-11
1.830505e-10
6.153466e-11
1.487046e-10
3.011903e-11
1.986084e-11
1.265434e-10
1.258387e-10
1.928712e-11
4.206621e-11
3.641049e-11
9.572520e-11
8.758496e-10
1.111225e-10
1.341887e-10
3.477426e-10
4.074313e-10
4.008087e-09
1.552206e-09
3.212544e-09
1.156253e-09
2.055630e-09
2.053571e-09
1.898900e-08
3.178711e-09
4.164276e-10
7.357598e-11
2.191237e-10
2.276945e-09
5.893836e-11
2.237145e-11
6.134703e-11
8.234017e-11
2.254054e-09
9.900793e-09
1.509306e-08
4.757545e-10
1.142656e-10
2.231008e-11
7.077660e-11
6.911644e-09
1.904743e-09
6.684827e-10
2.036738e-09
1.837175e-10
8.807811e-11
4.062365e-11
2.677324e-10
6.787255e-10
3.377649e-09
1.032322e-09
1.219168e-09
6.162434e-11
2.465704e-10
1.942980e-09
3.235717e-09
1.663047e-09
1.796395e-09
8.473779e-10
1.094327e-09
2.522746e-09
8.187020e-09
1.545328e-08
3.679325e-08
2.043355e-08
7.368843e-09
2.502006e-10
1.928213e-10
4.650991e-11
1.544636e-10
2.388989e-10
6.872462e-09
3.699298e-08
5.322781e-09
1.642589e-09
2.087249e-09
2.567947e-10
3.033097e-10
3.774244e-10
9.476845e-10
2.582604e-09
4.694927e-10
4.966485e-09
9.756474e-09
4.299821e-09
4.325771e-10
8.093499e-10
6.184162e-09
9.590257e-09
9.625420e-09
1.804947e-08
4.813454e-09
1.686488e-08
1.321733e-09
2.308423e-09
6.772587e-11
1.031633e-09
2.122919e-09
5.128221e-09
6.558155e-09
3.548722e-10
5.596241e-11
5.478754e-16
5.097099e-15
1.608048e-12
5.531510e-12
3.876368e-12
4.688869e-13
1.163053e-13
2.250153e-12
1.991731e-11
3.299549e-10
3.380201e-10
1.983341e-10
1.574153e-11
6.950770e-11
2.089205e-10
9.681233e-11
5.295397e-11
1.604194e-11
1.869425e-11
1.560951e-11
5.777040e-12
5.891257e-12
2.526906e-13
1.021184e-12
2.766090e-12
8.272148e-11
6.742728e-11
1.458185e-11
8.815127e-12
6.826600e-12
6.559876e-13
5.108457e-13
1.385287e-12
4.660023e-12
7.650321e-12
3.492767e-11
3.693240e-11
3.814437e-11
2.361416e-12
5.230451e-12
7.564766e-13
7.132390e-12
7.910788e-12
3.493107e-11
3.692853e-11
3.814695e-11
2.362995e-12
5.231138e-12
7.564777e-13
7.132390e-12
7.910788e-12
3.493107e-11
3.692853e-11
3.814695e-11
2.362995e-12
5.231138e-12
7.564777e-13
7.132390e-12
7.910788e-12
3.493107e-11
3.692853e-11
3.814695e-11
2.363002e-12
5.231160e-12
7.564938e-13
7.144498e-12
7.960307e-12
3.548057e-11
4.745500e-11
4.206396e-11
9.029247e-13
7.099184e-12
3.919509e-11
3.204623e-10
1.580889e-09
5.911779e-09
2.795481e-09
8.463119e-10
7.037327e-10
4.506787e-11
1.188151e-11
1.878348e-11
6.308995e-12
2.539098e-11
6.374474e-11
8.445988e-11
2.921107e-10
5.634733e-10
3.528772e-10
1.336633e-10
6.146659e-11
2.531775e-11
4.885571e-12
4.186319e-12
4.417545e-12
4.545897e-12
9.314509e-12
2.088105e-11
1.416496e-10
1.164059e-10
6.280995e-11
2.927002e-11
1.622031e-11
1.218814e-12
2.354985e-11
7.833404e-11
2.156393e-10
1.207600e-10
2.862485e-10
1.201351e-10
3.575354e-11
1.351676e-10
3.135020e-10
1.070298e-10
2.461559e-11
4.660893e-11
1.697494e-10
9.361395e-10
1.187188e-09
2.183277e-10
6.902714e-10
4.740169e-10
4.179264e-09
3.351248e-09
6.491675e-09
1.551382e-09
2.778546e-09
4.100025e-09
2.182683e-08
1.447516e-08
1.272673e-09
1.238949e-10
7.024416e-10
2.469910e-09
7.043024e-10
5.507573e-11
7.651262e-11
1.556021e-10
2.309660e-09
1.071901e-08
3.553079e-08
9.785286e-09
3.304482e-10
4.557469e-11
9.672789e-11
7.017166e-09
2.612379e-09
1.715375e-09
4.106120e-09
8.293508e-10
3.220719e-10
6.462553e-11
3.858619e-10
9.026958e-10
4.891230e-09
1.954469e-09
1.946108e-09
2.221247e-10
3.631597e-10
2.392684e-09
5.317706e-09
2.481682e-09
2.899843e-09
1.618687e-09
1.672248e-09
3.334123e-09
1.065652e-08
1.985844e-08
5.342623e-08
2.823202e-08
1.991546e-08
3.832023e-09
2.638553e-10
2.460121e-10
2.332504e-10
2.068738e-10
9.296388e-09
4.155924e-08
1.048949e-08
2.784120e-09
5.722098e-09
7.188080e-10
5.355214e-10
4.231839e-10
2.048790e-09
3.441914e-09
5.761872e-10
7.071470e-09
1.358701e-08
1.013362e-08
8.120502e-10
1.489998e-09
8.088274e-09
1.405417e-08
1.164134e-08
2.409632e-08
1.523964e-08
2.193245e-08
2.601185e-09
5.003452e-09
2.033107e-10
1.352471e-09
2.585824e-09
8.488956e-09
9.100758e-09
5.763304e-09
1.137231e-10
5.442313e-11
1.002998e-17
1.608048e-12
5.536596e-12
4.099666e-12
8.570886e-13
9.973310e-14
1.941114e-12
1.845448e-11
3.273660e-10
3.396739e-10
2.880662e-10
4.094554e-11
7.509312e-11
2.115678e-10
9.765157e-11
9.399177e-11
2.358259e-11
1.966273e-11
2.057511e-11
5.842822e-12
9.910927e-12
4.286638e-13
9.085513e-13
2.765089e-12
8.311379e-11
6.791526e-11
2.490963e-11
1.418892e-11
7.044013e-12
2.080208e-12
5.032806e-13
1.621460e-12
4.268926e-12
7.731016e-12
3.675764e-11
3.780025e-11
5.684783e-11
2.968059e-12
8.447059e-12
1.226377e-12
6.991082e-12
8.123607e-12
3.680960e-11
3.779004e-11
5.692040e-11
2.972779e-12
8.462728e-12
1.226404e-12
6.991083e-12
8.123608e-12
3.680960e-11
3.779004e-11
5.692040e-11
2.972779e-12
8.462728e-12
1.226404e-12
6.991083e-12
8.123608e-12
3.680960e-11
3.779004e-11
5.692040e-11
2.972779e-12
8.462756e-12
1.226441e-12
6.991613e-12
8.124071e-12
3.715857e-11
4.819461e-11
6.084873e-11
2.916449e-12
7.220366e-12
3.352817e-11
3.146078e-10
1.586504e-09
5.970093e-09
2.921513e-09
1.101208e-09
8.542731e-10
9.221983e-11
1.374760e-11
2.309935e-11
6.838679e-12
2.531696e-11
4.891939e-11
8.497375e-11
3.107430e-10
5.820045e-10
3.745668e-10
1.510015e-10
1.225584e-10
3.950018e-11
7.070681e-12
6.469103e-12
4.676007e-12
4.791341e-12
4.528485e-12
1.148466e-11
1.379638e-10
1.277447e-10
9.861288e-11
4.758507e-11
2.459470e-11
5.276103e-12
2.377733e-11
6.676349e-11
2.238594e-10
1.381009e-10
3.585472e-10
1.558633e-10
6.047473e-11
1.411909e-10
3.225896e-10
1.333965e-10
3.342943e-11
4.432613e-11
1.618991e-10
9.305050e-10
1.228803e-09
4.217992e-10
7.484652e-10
5.031044e-10
4.220982e-09
3.384341e-09
7.256209e-09
1.600607e-09
2.891033e-09
4.170288e-09
2.202028e-08
1.468136e-08
2.561579e-09
2.022033e-10
8.087101e-10
2.505678e-09
7.215393e-10
2.271462e-10
7.918340e-11
1.334468e-10
2.320357e-09
1.074289e-08
3.606333e-08
1.135472e-08
1.858975e-09
8.164874e-11
1.165525e-10
7.017101e-09
2.622550e-09
1.887516e-09
4.349712e-09
8.745110e-10
6.644339e-10
6.261250e-11
4.009343e-10
9.254643e-10
5.063313e-09
2.071865e-09
2.482058e-09
1.647729e-10
4.469921e-10
2.469314e-09
5.375396e-09
2.702707e-09
3.179418e-09
1.794093e-09
1.184910e-09
3.059310e-09
1.098966e-08
1.980541e-08
5.476702e-08
2.963565e-08
2.215201e-08
6.161687e-09
5.631742e-10
2.165828e-10
2.878720e-10
2.517944e-10
9.281774e-09
4.162709e-08
1.041577e-08
3.678626e-09
6.745013e-09
7.433217e-10
6.247159e-10
4.705386e-10
2.085249e-09
3.473980e-09
6.683880e-10
7.514544e-09
1.369010e-08
1.043267e-08
1.006553e-09
1.792362e-09
8.452437e-09
1.419512e-08
1.210168e-08
2.492999e-08
1.634512e-08
2.688480e-08
2.714072e-09
6.271824e-09
2.152103e-10
1.455220e-09
2.598594e-09
8.605977e-09
9.328012e-09
6.404243e-09
5.188410e-10
8.916118e-11
1.596362e-11
1.607802e-12
5.531510e-12
4.099666e-12
9.202975e-13
1.119383e-13
1.961162e-12
1.844121e-11
3.268758e-10
3.383448e-10
2.937139e-10
8.935678e-11
1.146215e-10
2.141160e-10
9.825972e-11
9.696797e-11
6.733330e-11
2.236661e-11
2.114585e-11
6.145748e-12
1.074173e-11
1.228925e-12
1.395593e-12
2.993976e-12
8.288424e-11
6.785500e-11
2.574813e-11
4.580173e-11
8.093029e-12
2.172597e-12
5.907538e-13
1.711817e-12
4.262787e-12
7.918741e-12
3.660256e-11
3.983388e-11
6.161335e-11
7.665634e-12
1.026403e-11
2.256040e-12
7.345667e-12
8.349527e-12
3.685269e-11
3.974171e-11
6.177340e-11
7.782423e-12
1.029702e-11
2.256398e-12
7.345674e-12
8.349533e-12
3.685270e-11
3.974172e-11
6.177341e-11
7.782423e-12
1.029702e-11
2.256398e-12
7.345674e-12
8.349533e-12
3.685270e-11
3.974172e-11
6.177341e-11
7.782423e-12
1.029702e-11
2.256409e-12
7.345825e-12
8.350442e-12
3.686800e-11
5.010397e-11
6.555706e-11
7.587498e-12
1.309708e-11
3.395167e-11
3.144926e-10
1.581399e-09
5.978572e-09
2.950790e-09
1.140637e-09
1.016752e-09
1.248441e-10
2.702958e-11
2.687358e-11
7.359875e-12
2.559154e-11
4.893630e-11
8.492534e-11
2.948129e-10
5.824932e-10
3.962095e-10
1.524402e-10
1.358909e-10
5.721294e-11
1.379197e-11
9.769025e-12
5.125315e-12
5.267286e-12
4.947128e-12
1.119016e-11
1.339769e-10
1.179071e-10
1.004271e-10
8.860430e-11
5.763053e-11
1.456112e-11
2.908417e-11
6.972930e-11
2.295634e-10
1.299771e-10
3.930031e-10
2.640086e-10
8.559186e-11
1.451862e-10
3.310687e-10
1.480153e-10
4.120446e-11
6.043489e-11
1.493407e-10
9.304275e-10
1.219112e-09
4.171974e-10
1.124859e-09
5.445539e-10
4.236023e-09
3.391635e-09
7.386537e-09
1.605284e-09
2.916399e-09
4.196573e-09
2.203271e-08
1.475583e-08
2.627772e-09
2.882110e-10
1.008781e-09
2.541311e-09
7.282301e-10
2.333872e-10
1.755505e-10
1.365418e-10
2.309696e-09
1.071910e-08
3.607629e-08
1.141788e-08
2.625968e-09
7.400905e-10
1.709347e-10
7.029002e-09
2.614030e-09
1.880846e-09
4.452566e-09
9.020332e-10
6.972499e-10
7.998630e-11
4.143375e-10
9.161410e-10
5.081843e-09
2.094825e-09
2.572301e-09
1.905256e-10
4.891318e-10
2.437009e-09
5.364954e-09
2.765649e-09
3.314216e-09
2.013810e-09
1.237778e-09
3.073335e-09
1.039624e-08
1.945036e-08
5.509799e-08
2.962903e-08
2.277457e-08
7.735482e-09
1.243207e-09
3.306207e-10
3.162878e-10
2.045212e-10
9.271414e-09
4.168505e-08
1.036889e-08
3.670143e-09
6.978757e-09
8.159345e-10
1.012077e-09
4.345038e-10
2.123875e-09
3.551258e-09
5.958864e-10
7.456365e-09
1.380129e-08
1.059032e-08
9.863265e-10
2.153643e-09
8.792826e-09
1.424039e-08
1.215728e-08
2.515578e-08
1.653120e-08
2.877501e-08
2.963358e-09
6.479616e-09
2.273609e-10
1.479643e-09
2.601906e-09
8.613334e-09
9.345515e-09
6.545472e-09
7.289899e-10
3.449337e-10
3.824999e-11
2.487579e-12
3.200127e-12
3.876368e-12
8.570886e-13
1.119383e-13
1.483548e-12
2.680143e-12
2.407587e-11
1.759618e-10
2.985795e-10
1.540504e-10
5.589939e-10
3.673462e-11
6.865673e-11
1.204658e-10
7.955397e-11
1.583582e-10
1.532555e-11
4.973887e-12
3.208515e-11
2.446155e-12
1.964637e-11
3.132538e-12
6.024626e-12
4.435903e-11
2.443179e-11
5.803733e-11
4.873479e-11
5.142686e-12
7.410378e-13
7.944658e-12
1.338435e-12
4.606309e-12
6.407919e-12
2.883348e-11
1.124375e-10
3.037197e-11
8.491055e-11
9.798285e-12
2.422287e-11
5.519469e-12
5.892400e-12
2.866001e-11
1.175175e-10
3.292642e-11
8.790543e-11
9.802466e-12
2.422324e-11
5.519756e-12
5.892418e-12
2.866005e-11
1.175177e-10
3.292642e-11
8.790543e-11
9.802466e-12
2.422324e-11
5.519756e-12
5.892418e-12
2.866005e-11
1.175177e-10
3.292642e-11
8.790543e-11
9.802466e-12
2.422706e-11
5.520567e-12
5.898754e-12
2.914901e-11
1.262008e-10
3.334058e-11
8.867516e-11
1.918621e-11
3.694756e-11
1.753941e-10
4.158498e-09
2.422902e-09
1.078256e-09
1.138704e-09
2.756441e-10
2.091450e-10
2.404495e-10
7.497523e-12
2.003894e-11
3.643678e-11
8.637340e-12
1.766846e-10
4.781906e-10
1.894606e-10
1.329490e-10
2.377593e-10
6.740967e-11
3.058628e-11
4.239853e-11
1.429957e-11
1.286491e-11
1.932623e-11
1.118871e-11
5.973596e-11
7.705829e-11
9.756694e-11
1.259675e-10
3.074245e-10
7.835960e-11
4.770342e-11
1.301491e-10
7.599947e-11
8.720333e-11
4.826489e-10
5.811156e-10
3.359415e-10
8.939825e-11
4.543099e-10
1.842954e-10
6.572033e-11
2.044346e-10
1.223577e-10
7.646439e-11
1.243107e-09
3.544545e-10
9.819008e-10
1.011022e-09
7.880765e-10
2.788824e-09
5.298985e-09
1.545585e-09
2.924091e-09
2.774640e-09
7.306068e-09
1.376429e-08
2.767003e-09
4.825725e-10
4.100485e-09
7.047425e-10
7.033626e-10
2.832159e-10
1.705245e-10
3.220091e-10
1.555358e-10
2.413391e-09
2.698878e-08
1.116884e-08
2.852902e-09
4.930305e-09
6.910437e-09
3.868932e-10
1.243520e-09
1.431048e-09
3.668943e-09
9.346626e-10
8.140272e-10
6.847360e-11
4.578709e-10
3.838228e-10
2.278828e-09
1.428411e-09
2.280944e-09
3.936955e-10
1.194202e-09
1.324922e-09
3.777430e-09
1.332304e-09
2.459841e-09
3.018588e-09
1.429505e-09
1.852212e-09
6.032292e-09
9.256539e-09
4.000791e-08
2.003787e-08
2.183745e-08
1.159314e-08
2.953209e-09
3.521484e-09
4.249306e-10
2.142248e-11
6.717303e-09
1.073305e-08
6.904491e-09
3.334658e-09
6.654786e-09
1.045730e-09
7.152028e-10
3.138826e-10
1.636977e-09
1.668878e-09
3.547204e-10
6.170523e-09
6.339102e-09
8.307913e-09
9.700449e-10
2.991106e-09
7.129833e-09
7.394149e-09
6.585399e-09
1.669190e-08
1.671155e-08
2.320192e-08
8.518142e-09
9.987069e-09
2.342235e-10
1.459852e-09
1.466005e-09
5.506436e-09
3.516719e-09
6.526803e-09
1.829872e-09
3.802322e-09
7.508830e-10
3.223986e-11
3.775971e-11
3.220575e-13
4.688869e-13
9.973310e-14
1.961162e-12
2.680143e-12
1.564340e-12
8.799513e-12
1.150815e-10
2.718875e-10
6.558406e-10
2.116422e-10
7.672585e-11
8.129845e-11
9.303521e-11
1.843993e-10
2.039478e-10
8.654079e-12
5.528574e-11
2.905888e-11
2.985658e-11
4.980339e-11
1.038577e-11
4.292125e-12
1.391062e-11
7.670931e-11
5.173405e-11
6.423936e-11
4.739209e-12
1.358801e-11
3.062121e-12
2.671962e-12
2.901377e-11
3.120059e-11
9.812574e-11
2.857393e-10
1.374686e-10
1.559700e-10
4.335565e-11
1.037392e-11
3.158192e-11
1.868464e-11
1.058697e-10
3.438053e-10
1.454386e-10
1.561277e-10
4.335677e-11
1.038060e-11
3.158233e-11
1.868522e-11
1.058701e-10
3.438053e-10
1.454386e-10
1.561277e-10
4.335677e-11
1.038060e-11
3.158233e-11
1.868522e-11
1.058701e-10
3.438053e-10
1.454386e-10
1.561277e-10
4.335677e-11
1.038065e-11
3.160276e-11
1.871852e-11
1.062228e-10
3.461781e-10
1.485918e-10
1.618646e-10
9.134661e-11
2.582699e-11
2.346099e-10
6.455962e-10
6.916474e-10
6.263952e-10
2.582653e-10
8.627527e-10
6.160264e-10
1.965578e-10
1.332886e-11
5.945237e-12
8.096997e-12
5.252969e-12
3.500967e-11
7.330827e-11
4.486909e-11
3.635887e-10
5.009266e-11
6.749469e-11
2.782270e-10
1.674758e-10
5.765028e-11
1.356919e-10
3.949150e-11
3.151926e-11
5.949951e-11
4.207708e-10
1.912496e-10
4.756118e-10
7.091019e-10
4.408754e-10
3.269950e-10
3.207316e-10
8.038580e-11
4.125918e-10
1.282558e-09
7.772001e-10
6.724763e-10
4.438028e-10
4.796306e-10
1.431538e-10
2.804694e-10
1.235177e-10
9.962145e-11
4.044464e-11
1.134424e-09
8.778602e-10
1.400399e-09
5.509343e-09
7.424446e-10
1.809940e-09
5.611407e-10
1.671763e-09
3.597328e-10
3.398813e-10
8.028548e-10
1.986178e-09
5.812183e-10
5.071386e-09
5.450838e-10
1.347367e-10
3.027218e-10
1.924090e-10
2.688160e-10
8.124534e-10
5.539572e-11
1.973893e-09
2.166147e-09
2.991886e-09
5.456778e-09
2.301297e-08
2.666283e-09
1.217718e-10
3.808196e-10
4.492704e-10
2.182913e-10
7.810789e-10
6.558070e-11
3.680265e-10
1.756458e-10
3.402969e-10
2.382781e-10
1.474527e-09
4.898547e-10
1.892415e-09
1.034413e-09
3.132926e-10
5.448597e-10
7.111668e-10
2.522602e-09
1.530686e-09
9.118933e-10
1.677298e-09
7.172357e-10
5.398425e-09
5.163093e-09
8.725384e-09
1.076624e-08
3.098104e-09
4.858044e-09
4.932444e-10
5.598772e-11
2.236914e-10
6.061398e-10
7.738006e-10
1.764797e-09
2.607475e-09
5.852005e-10
7.069460e-10
4.035146e-11
7.458665e-10
3.186866e-10
2.031844e-10
1.819348e-09
8.940350e-10
7.675625e-10
5.715908e-10
2.101002e-09
5.822607e-09
1.512765e-09
1.687511e-09
5.750871e-09
6.634634e-09
1.954319e-08
9.421844e-09
9.411060e-09
1.534810e-10
7.411368e-10
2.504457e-10
5.126340e-10
4.950827e-10
1.139352e-09
2.053389e-09
8.174841e-09
2.340450e-09
5.864097e-10
8.084970e-11
8.723501e-11
1.052638e-13
1.163053e-13
1.941114e-12
1.844121e-11
2.407587e-11
8.799513e-12
2.076398e-09
3.807732e-10
9.927138e-10
3.456244e-10
4.461421e-10
2.334109e-10
1.638661e-10
1.020368e-09
3.694572e-10
1.368784e-10
6.894461e-10
2.720515e-10
3.429755e-10
1.189934e-10
1.563727e-10
6.007923e-11
2.147831e-11
2.630544e-10
9.055924e-11
7.623359e-11
7.013581e-11
3.221557e-10
1.999619e-11
3.845605e-11
4.190317e-11
1.104585e-10
4.590642e-10
4.210210e-10
4.348835e-10
4.553722e-10
4.816847e-10
4.194312e-11
3.676265e-11
2.744157e-10
3.296789e-10
6.366239e-10
7.212051e-10
4.588710e-10
4.818151e-10
4.202357e-11
3.678534e-11
2.744466e-10
3.296856e-10
6.366239e-10
7.212053e-10
4.588710e-10
4.818152e-10
4.202357e-11
3.678534e-11
2.744466e-10
3.296856e-10
6.366239e-10
7.212053e-10
4.588710e-10
4.818152e-10
4.202360e-11
3.678623e-11
2.744528e-10
3.305666e-10
6.379870e-10
7.330686e-10
4.680443e-10
5.359520e-10
3.285716e-10
2.653711e-10
6.913860e-10
6.561502e-10
6.719047e-10
2.385954e-09
1.666419e-09
6.525767e-09
4.755830e-09
6.714861e-10
1.067559e-11
7.512261e-11
4.643357e-11
1.744203e-11
5.548005e-11
1.316693e-10
5.436535e-10
9.948822e-11
2.669676e-10
1.570140e-09
1.516541e-09
6.186096e-10
2.216042e-09
3.897431e-10
1.770581e-10
1.678239e-10
2.876289e-10
6.942058e-10
2.319424e-09
1.627700e-09
2.749049e-09
1.584707e-09
1.191892e-09
1.174728e-09
7.034070e-10
1.481389e-09
2.062786e-09
2.170399e-09
1.671185e-09
2.331280e-09
1.144040e-09
5.123549e-10
2.444900e-10
1.110520e-09
3.361678e-10
7.328333e-10
1.972906e-09
6.206511e-09
7.515383e-09
3.189822e-09
2.238593e-09
5.464642e-09
1.381270e-09
4.944993e-10
1.917344e-10
4.752310e-10
6.033051e-10
7.679387e-10
1.823256e-08
3.176717e-09
6.584409e-10
4.386743e-10
5.905759e-10
1.215349e-09
1.467735e-09
7.310351e-10
1.023254e-09
5.885423e-10
2.016707e-09
6.727020e-09
3.370574e-08
3.827733e-08
5.515420e-09
3.221172e-10
7.136518e-10
4.897386e-10
5.954209e-10
1.323247e-10
8.800728e-10
9.260356e-10
3.171999e-10
4.193507e-10
1.818059e-09
1.433892e-09
5.923733e-09
1.229203e-08
1.548396e-09
2.903514e-10
1.818662e-08
5.029834e-09
3.616467e-09
2.027199e-09
1.378229e-08
2.204986e-10
2.589383e-09
1.384906e-08
9.043257e-09
2.330689e-08
5.547416e-09
1.431637e-08
1.564704e-09
1.435308e-09
8.266601e-10
5.143340e-10
2.928548e-09
6.515060e-10
2.205905e-09
1.099797e-09
1.552360e-09
1.668970e-10
7.598108e-10
1.648099e-09
5.311782e-10
2.627682e-09
2.790538e-09
1.073813e-09
6.420064e-10
2.603082e-09
2.714726e-08
2.940485e-09
2.552765e-09
2.204482e-08
1.119059e-08
4.860809e-08
3.054402e-08
9.706306e-09
5.638702e-10
5.786881e-09
2.378624e-09
1.436811e-10
5.846297e-10
8.368435e-10
2.345057e-09
1.434789e-08
1.975602e-08
4.584837e-09
1.006883e-09
7.379525e-10
2.821149e-09
8.415062e-13
2.250153e-12
1.845448e-11
3.268758e-10
1.759618e-10
1.150815e-10
3.807732e-10
1.951282e-08
7.404607e-10
7.134610e-10
5.327339e-10
3.560244e-10
3.390777e-09
2.200516e-09
1.681909e-10
9.713949e-09
1.207721e-09
1.601439e-09
3.869576e-10
3.004429e-10
5.447548e-10
7.097581e-11
9.325352e-10
4.250874e-10
1.058389e-10
8.699428e-11
4.338345e-09
3.838117e-10
1.617911e-10
1.650556e-10
1.980523e-10
5.534994e-10
9.275426e-10
8.740096e-10
9.158163e-10
1.132366e-09
4.397617e-10
5.243842e-11
8.190523e-10
8.048050e-10
8.699327e-10
1.533331e-09
9.405355e-10
1.133301e-09
4.439698e-10
5.255668e-11
8.192762e-10
8.048523e-10
8.699327e-10
1.533331e-09
9.405355e-10
1.133302e-09
4.439698e-10
5.255668e-11
8.192762e-10
8.048523e-10
8.699327e-10
1.533331e-09
9.405355e-10
1.133302e-09
4.439698e-10
5.255672e-11
8.192785e-10
8.048648e-10
8.700483e-10
1.546818e-09
9.640454e-10
1.193177e-09
6.951773e-10
4.841832e-10
1.789726e-09
1.247802e-09
6.936640e-10
3.495606e-10
2.964438e-09
2.841044e-08
4.297366e-08
1.032508e-08
3.311507e-10
1.694448e-10
5.177641e-10
7.084273e-11
2.043057e-10
5.033784e-10
1.816910e-09
3.068746e-10
3.237108e-09
5.201636e-09
3.449451e-09
2.726723e-09
1.080076e-08
1.685961e-09
4.727331e-10
3.773403e-10
4.239074e-10
6.882254e-10
1.669415e-09
2.793610e-09
7.180130e-09
4.218158e-09
3.014420e-09
3.620034e-09
3.360387e-09
2.034936e-09
1.478780e-09
2.787908e-09
4.200191e-09
6.333668e-09
3.881529e-09
1.162590e-09
1.468809e-09
2.780949e-09
2.391358e-09
1.800799e-10
2.708492e-09
2.276001e-08
1.280450e-08
6.149896e-09
7.027087e-09
2.335140e-08
4.153264e-09
5.812399e-10
1.345154e-09
2.536120e-09
6.535307e-10
7.228437e-10
2.854643e-08
1.403182e-08
6.776560e-09
2.420864e-09
1.472568e-09
4.747113e-09
5.949287e-09
1.011253e-09
1.980889e-08
1.365630e-09
1.682340e-09
6.441672e-09
3.808839e-08
5.642099e-08
5.029072e-08
9.827259e-09
1.768397e-09
3.450636e-09
2.035020e-09
2.710168e-10
2.478191e-09
3.793477e-09
1.781524e-09
2.449786e-09
3.738641e-09
2.810322e-09
1.220489e-08
3.331799e-08
3.728388e-09
1.249477e-09
1.165502e-08
3.266500e-08
3.534584e-08
5.886074e-09
2.918415e-08
2.019326e-09
5.778054e-09
1.678156e-08
1.186167e-08
5.815233e-08
2.071662e-08
4.132258e-08
6.347436e-09
5.405986e-09
1.654487e-08
2.653956e-09
4.181629e-08
2.550584e-09
2.167038e-09
1.666172e-09
1.075176e-08
3.686920e-10
3.159168e-09
3.087590e-09
3.856267e-09
4.022970e-09
5.961934e-09
1.320831e-08
3.387533e-09
1.989911e-09
4.073840e-08
2.576404e-08
3.167354e-09
4.851028e-09
3.330579e-08
1.176937e-07
8.466369e-08
1.608043e-08
9.334941e-10
7.570561e-08
2.781849e-08
1.290463e-09
1.872702e-09
2.124384e-09
3.376490e-09
1.756230e-08
3.398054e-08
2.172495e-08
5.133390e-09
3.305633e-09
1.378242e-08
4.937570e-09
4.526301e-12
1.991731e-11
3.273660e-10
3.383448e-10
2.985795e-10
2.718875e-10
9.927138e-10
7.404607e-10
3.561878e-08
8.977772e-10
3.497845e-10
1.041616e-08
4.040041e-09
3.133188e-10
1.231537e-08
1.194380e-08
3.062844e-09
5.214539e-10
7.609986e-10
6.922012e-10
4.568373e-10
8.127454e-10
6.936689e-10
2.433317e-09
1.346435e-10
5.053406e-09
3.568479e-09
7.588934e-10
2.139296e-10
4.578683e-10
5.808444e-10
9.739172e-10
5.854810e-10
1.032588e-09
2.249951e-09
8.506959e-10
2.628678e-10
1.879072e-09
1.604439e-09
1.114333e-09
1.230270e-09
1.085078e-09
2.259957e-09
8.805484e-10
2.683334e-10
1.880124e-09
1.604744e-09
1.114333e-09
1.230273e-09
1.085077e-09
2.259963e-09
8.805484e-10
2.683334e-10
1.880124e-09
1.604744e-09
1.114333e-09
1.230273e-09
1.085077e-09
2.259963e-09
8.805484e-10
2.683334e-10
1.880124e-09
1.604751e-09
1.114367e-09
1.230635e-09
1.088663e-09
2.492505e-09
1.141462e-09
6.464544e-10
3.659263e-09
2.200425e-09
1.373784e-09
3.643935e-10
3.964649e-09
1.979778e-08
5.512921e-08
5.672199e-08
1.973436e-09
1.330733e-09
1.887510e-09
3.523996e-10
3.005696e-10
2.716531e-10
4.274847e-09
7.255461e-10
3.163068e-09
1.026581e-08
5.805261e-09
2.852140e-09
2.568626e-08
2.881411e-09
8.819177e-10
8.098817e-10
4.603147e-10
6.481803e-10
1.487622e-09
2.499887e-09
5.569054e-09
5.918715e-09
9.130879e-09
6.804976e-09
7.097686e-09
4.396852e-09
1.875299e-09
3.309148e-09
4.208055e-09
7.165674e-09
8.424740e-09
4.185763e-09
9.260539e-10
4.589968e-09
6.581646e-09
6.553741e-10
6.323838e-09
8.219914e-09
3.523985e-08
2.058501e-08
7.207943e-09
6.896942e-08
1.210268e-08
1.365476e-09
1.549875e-09
2.062303e-08
1.779629e-09
6.271862e-10
3.347088e-08
1.543101e-08
1.394808e-08
5.761097e-09
5.853106e-09
1.263022e-08
1.164403e-08
1.630366e-09
2.244932e-08
1.695133e-08
6.682872e-09
3.463571e-09
3.580826e-08
5.806911e-08
5.661376e-08
3.029284e-08
3.584456e-08
1.029641e-08
1.621230e-08
1.154016e-10
1.768264e-09
8.575907e-09
2.199476e-09
1.832041e-09
2.635853e-08
7.883219e-09
1.021374e-08
3.943099e-08
8.531326e-09
3.654984e-09
3.434512e-09
5.009335e-08
8.906256e-08
8.881798e-09
7.350943e-08
3.617822e-09
2.524597e-08
4.444116e-08
2.216344e-08
4.978234e-08
1.197743e-08
1.011969e-07
2.034341e-08
1.397534e-08
5.588251e-08
3.108518e-08
1.345495e-07
1.788593e-08
3.488577e-09
1.453222e-09
1.883796e-08
4.201105e-10
4.504787e-09
9.760135e-09
5.116056e-09
1.056401e-08
7.519568e-09
1.754318e-08
3.182245e-08
3.999313e-09
4.330144e-08
3.624698e-08
7.585758e-09
4.166024e-09
4.971862e-08
1.989932e-07
1.076132e-07
5.910414e-08
2.419467e-09
1.275388e-07
2.624909e-07
7.652357e-09
7.456266e-09
7.748649e-09
5.438212e-09
1.865996e-08
3.396518e-08
2.612649e-08
1.079647e-08
1.177560e-08
5.014385e-08
2.201779e-08
9.915719e-10
1.677188e-11
3.299549e-10
3.396739e-10
2.937139e-10
1.540504e-10
6.558406e-10
3.456244e-10
7.134610e-10
8.977772e-10
3.545423e-08
1.208959e-08
4.191146e-09
3.606639e-10
1.347858e-08
1.304443e-08
3.897619e-09
4.965085e-10
7.717617e-10
7.976558e-10
5.138835e-10
1.017240e-09
7.113307e-10
1.130910e-10
1.400308e-10
7.528266e-09
3.736439e-09
1.035570e-09
2.200586e-10
4.416383e-10
5.805537e-10
7.441414e-10
5.045489e-10
8.992415e-10
1.828228e-09
9.651055e-10
6.978952e-10
2.375894e-09
1.916375e-09
9.343459e-10
1.149576e-09
9.522840e-10
1.842046e-09
1.028843e-09
7.070360e-10
2.379297e-09
1.916911e-09
9.343457e-10
1.149582e-09
9.522840e-10
1.842053e-09
1.028843e-09
7.070360e-10
2.379297e-09
1.916911e-09
9.343457e-10
1.149582e-09
9.522840e-10
1.842053e-09
1.028843e-09
7.070360e-10
2.379297e-09
1.916912e-09
9.343537e-10
1.149650e-09
9.525782e-10
1.846767e-09
1.270046e-09
1.192689e-09
4.051067e-09
2.484255e-09
5.077151e-10
3.961531e-10
4.608233e-09
2.200926e-08
5.621058e-08
4.042636e-08
4.024962e-09
1.928721e-08
3.154447e-09
6.784723e-10
3.218598e-10
2.801179e-10
2.185502e-09
1.595875e-10
5.322612e-09
9.865463e-09
5.915699e-09
4.375993e-09
2.744968e-08
2.758029e-09
9.816065e-10
1.434839e-09
5.446840e-10
6.661299e-10
6.241066e-10
9.777581e-10
4.741619e-09
4.937621e-09
6.621591e-09
8.739252e-09
1.188985e-08
4.625589e-09
1.216546e-09
2.784357e-09
4.438694e-09
7.503600e-09
7.291869e-09
3.265616e-09
2.918585e-09
6.768862e-09
6.020383e-09
7.878713e-10
8.066149e-09
8.721752e-09
9.290891e-09
5.270156e-09
2.795973e-08
8.340778e-08
1.589463e-08
3.800943e-09
3.702374e-09
2.447698e-08
1.864435e-09
6.695564e-10
3.239436e-08
1.520860e-08
1.378581e-08
5.929388e-09
7.471145e-09
2.918253e-08
1.077814e-08
1.829872e-09
2.520257e-08
1.779552e-08
1.555135e-08
5.858188e-10
2.372854e-08
5.893903e-08
5.511104e-08
3.128239e-08
4.135457e-08
2.350902e-08
1.945445e-08
3.283421e-10
2.361773e-09
8.089330e-09
1.814252e-09
2.521063e-09
1.962830e-08
4.628609e-09
3.199512e-08
4.731030e-08
6.557303e-09
5.003557e-09
9.907444e-09
5.541336e-08
7.642689e-09
7.405199e-09
1.229170e-07
6.668445e-09
6.980695e-08
4.677749e-08
2.418151e-08
5.358150e-08
1.590220e-08
5.794516e-08
1.578156e-08
6.620584e-08
1.377824e-07
1.182316e-07
1.638492e-07
3.109948e-08
6.761501e-09
1.421422e-09
1.712268e-08
6.020170e-10
6.403249e-09
1.211786e-08
1.369163e-08
8.725803e-09
9.769199e-09
2.154728e-08
3.550605e-08
1.472030e-09
4.200878e-08
3.866432e-08
6.819696e-09
5.312639e-09
4.991904e-08
2.289801e-07
9.527597e-08
2.061791e-08
1.404301e-08
1.911641e-07
2.899563e-07
1.724785e-08
8.678573e-09
1.604895e-08
8.824728e-09
1.532429e-08
3.345721e-08
2.605560e-08
1.005636e-08
1.423616e-08
5.611701e-08
3.496044e-08
2.181926e-09
4.623123e-10
3.167661e-10
3.380201e-10
2.880662e-10
8.935678e-11
5.589939e-10
2.116422e-10
4.461421e-10
5.327339e-10
3.497845e-10
1.208959e-08
4.014374e-08
5.620839e-10
1.322611e-08
1.633443e-08
5.178362e-09
6.263363e-10
8.308335e-10
9.119104e-10
7.441372e-10
1.048789e-09
9.691927e-10
1.890130e-10
5.751559e-11
4.833662e-09
3.799622e-09
3.601397e-09
2.982561e-10
5.173329e-10
3.663515e-10
6.946172e-10
2.779060e-10
6.639667e-10
1.632466e-09
1.013064e-09
3.289852e-10
2.442530e-09
3.534227e-09
6.614849e-10
1.044253e-09
7.177973e-10
1.542542e-09
1.195432e-09
3.818575e-10
2.451710e-09
3.539641e-09
6.614844e-10
1.044293e-09
7.177973e-10
1.542561e-09
1.195432e-09
3.818575e-10
2.451710e-09
3.539641e-09
6.614844e-10
1.044293e-09
7.177973e-10
1.542561e-09
1.195432e-09
3.818575e-10
2.451710e-09
3.539642e-09
6.614854e-10
1.044324e-09
7.178580e-10
1.543845e-09
1.252291e-09
5.977552e-10
3.983679e-09
4.220436e-09
5.176153e-10
3.831265e-10
3.079620e-09
2.291544e-08
5.591006e-08
4.098139e-08
7.533172e-09
2.387381e-09
7.788914e-09
2.131183e-08
3.046962e-10
3.454582e-10
2.361976e-09
4.386745e-11
2.769721e-09
9.267652e-09
7.201691e-09
4.008147e-09
2.912316e-08
5.845552e-09
1.740140e-09
1.880917e-09
1.133027e-09
1.551488e-09
6.838079e-10
7.615749e-10
2.191027e-09
3.168552e-09
5.926873e-09
8.523327e-09
1.207527e-08
6.952271e-09
5.168072e-09
4.214196e-09
3.567978e-09
6.142498e-09
8.181191e-09
4.847734e-09
2.504136e-09
5.596117e-09
1.369000e-08
2.320248e-09
6.586574e-09
9.229298e-09
1.110316e-08
1.720216e-09
1.149187e-08
6.804162e-08
3.937031e-08
2.143605e-08
5.068798e-09
5.250471e-08
3.817554e-09
9.965797e-10
2.719221e-08
1.345435e-08
1.669487e-08
6.247464e-09
1.254498e-08
7.034616e-08
1.217946e-08
3.330742e-09
2.465540e-08
1.948071e-08
3.841778e-08
1.115624e-09
7.212793e-09
3.386000e-08
5.788169e-08
3.729259e-08
4.279351e-08
4.732200e-08
7.887822e-08
1.374311e-09
2.151819e-09
8.604443e-09
2.585335e-09
1.889990e-09
1.929984e-08
7.898390e-09
1.075320e-08
3.143908e-08
3.469121e-08
1.443702e-08
1.171937e-08
7.445841e-08
1.147099e-08
1.056941e-08
3.442465e-08
6.630741e-09
1.238597e-07
5.754811e-08
7.561042e-08
5.962440e-08
1.715118e-08
5.646503e-08
3.529201e-08
3.213295e-08
2.232640e-07
2.751647e-07
2.120706e-07
9.512857e-08
5.578258e-08
1.489810e-09
1.712393e-08
1.432131e-09
4.594776e-09
1.608202e-08
2.495286e-08
1.028015e-08
6.774686e-09
2.645083e-08
6.401220e-08
4.907939e-09
2.970005e-08
3.899634e-08
1.157668e-08
7.425820e-09
5.154533e-08
2.944256e-07
9.020044e-08
1.987533e-08
1.363253e-08
1.948974e-07
3.377122e-07
5.840058e-08
1.257525e-08
4.685251e-08
2.390429e-08
1.056107e-08
2.628800e-08
2.919407e-08
1.050849e-08
1.992264e-08
6.131807e-08
5.377709e-08
1.172933e-08
1.399609e-09
7.110696e-09
1.701086e-10
1.983341e-10
4.094554e-11
1.146215e-10
3.673462e-11
7.672585e-11
2.334109e-10
3.560244e-10
1.041616e-08
4.191146e-09
5.620839e-10
2.669973e-08
1.682442e-08
3.795195e-09
3.634334e-10
1.472659e-09
7.361876e-10
7.497498e-10
1.457847e-09
6.972567e-10
2.381288e-10
5.924148e-11
1.334502e-09
3.509017e-09
1.003668e-09
1.811317e-10
2.796169e-09
2.836804e-10
1.033856e-10
2.088747e-10
2.216043e-10
1.011896e-09
8.106884e-10
3.180868e-10
2.205067e-09
2.780932e-09
5.219868e-10
3.915182e-10
3.097545e-10
1.055609e-09
8.503859e-10
5.225370e-10
2.238833e-09
2.789362e-09
5.219831e-10
3.915828e-10
3.097543e-10
1.055675e-09
8.503860e-10
5.225370e-10
2.238833e-09
2.789362e-09
5.219831e-10
3.915828e-10
3.097543e-10
1.055675e-09
8.503860e-10
5.225370e-10
2.238833e-09
2.789362e-09
5.219833e-10
3.915835e-10
3.097661e-10
1.055850e-09
8.599325e-10
5.582541e-10
3.617051e-09
3.160317e-09
4.061935e-10
1.132217e-09
2.006988e-09
1.294268e-08
2.361924e-08
3.336226e-08
8.048906e-09
4.578862e-09
1.273444e-08
6.730323e-09
4.013987e-10
2.954935e-09
1.318668e-09
3.352680e-11
2.805222e-10
4.277513e-09
2.398015e-09
1.860621e-09
2.403558e-08
4.401945e-09
2.003987e-09
4.090628e-09
2.155343e-09
1.948287e-09
6.607866e-10
6.251084e-10
6.758730e-10
1.126951e-09
2.803725e-09
4.775594e-09
1.079197e-08
7.317422e-09
4.756038e-09
5.714608e-09
6.987599e-09
2.981609e-09
4.294631e-09
4.842104e-09
3.594308e-09
5.530520e-09
1.436337e-08
1.930149e-09
7.052420e-09
6.494921e-09
4.894877e-09
4.439350e-10
1.199248e-09
5.716393e-08
2.184265e-08
7.542431e-09
3.052733e-08
6.926321e-08
6.453085e-09
1.250293e-09
1.859116e-08
3.476363e-09
8.451312e-09
4.486351e-09
1.918380e-08
8.588868e-08
8.343576e-09
3.521934e-09
9.075499e-09
2.046352e-08
4.957232e-08
9.442596e-10
7.628719e-09
4.676491e-09
8.352930e-09
2.383754e-08
4.724931e-08
5.681426e-08
9.815956e-08
7.240591e-09
2.255799e-09
8.544603e-09
1.484555e-09
8.337740e-10
1.850810e-08
1.011555e-08
5.794724e-09
1.294996e-08
3.546863e-09
2.464357e-09
4.190974e-08
7.748621e-08
1.050265e-08
5.423963e-09
1.041188e-08
1.140667e-08
3.519398e-08
4.824873e-08
1.293809e-07
5.465050e-08
2.365085e-08
2.661492e-08
2.756717e-08
3.156964e-08
2.399236e-07
2.512098e-07
1.839298e-07
1.264189e-07
8.967895e-08
3.290775e-09
1.083003e-08
1.530154e-09
1.522019e-09
1.538652e-08
3.096439e-08
7.206152e-09
6.159947e-09
1.920076e-08
7.444929e-08
3.303531e-09
1.668052e-08
3.032801e-08
5.173600e-09
1.866135e-09
4.636190e-08
3.559856e-07
3.040266e-08
1.279056e-08
1.874928e-08
1.940723e-07
3.232837e-07
3.986636e-08
1.671893e-08
9.488844e-08
3.231935e-08
3.551549e-09
4.081917e-09
1.590405e-08
6.378484e-09
2.201887e-08
5.914237e-08
5.951928e-08
1.254806e-08
3.961862e-09
1.212672e-08
3.918926e-09
1.269049e-11
1.574153e-11
7.509312e-11
2.141160e-10
6.865673e-11
8.129845e-11
1.638661e-10
3.390777e-09
4.040041e-09
3.606639e-10
1.322611e-08
1.682442e-08
5.056283e-09
3.546738e-10
6.068702e-10
8.343699e-09
6.370364e-10
4.392068e-09
5.454759e-10
3.326319e-10
7.564233e-10
1.062290e-10
9.312418e-10
6.198851e-10
1.045752e-10
4.066967e-10
3.316245e-09
3.523940e-10
4.661830e-10
1.278777e-10
4.164552e-10
7.026432e-10
2.045066e-10
1.090375e-09
2.539151e-09
4.630560e-10
1.846573e-09
2.147553e-10
8.903929e-10
5.763821e-10
6.738387e-10
1.153722e-09
2.565851e-09
4.632253e-10
1.847942e-09
2.147544e-10
8.907590e-10
5.763826e-10
6.738388e-10
1.153722e-09
2.565851e-09
4.632253e-10
1.847942e-09
2.147544e-10
8.907590e-10
5.763826e-10
6.738388e-10
1.153722e-09
2.565851e-09
4.632253e-10
1.847942e-09
2.147548e-10
8.907968e-10
5.785722e-10
6.800353e-10
1.374775e-09
2.883736e-09
4.782053e-10
2.422751e-09
1.972636e-09
6.825598e-09
5.323026e-09
9.769282e-09
7.329172e-09
9.682632e-09
1.574121e-08
2.051745e-08
1.572396e-09
1.601449e-09
8.024311e-10
2.847146e-10
1.346265e-10
4.951876e-10
3.190490e-10
1.379263e-09
7.234048e-09
1.771871e-08
2.090115e-09
3.660067e-09
7.134872e-09
6.659408e-09
1.047226e-09
7.187138e-10
4.084133e-10
5.575306e-10
1.161103e-09
2.997196e-09
5.848070e-09
5.757936e-09
9.457853e-09
1.343916e-08
1.259333e-08
2.529847e-09
1.723788e-09
3.139011e-09
3.394799e-09
4.473215e-09
2.441332e-08
5.931807e-09
3.306211e-09
4.416469e-09
4.638876e-09
1.071410e-09
1.014757e-09
4.360944e-09
1.736310e-08
1.153303e-08
1.591526e-08
1.536194e-07
2.423749e-08
2.351064e-09
6.215537e-09
5.879667e-09
3.404566e-09
2.537091e-09
1.718622e-08
9.440899e-08
1.093621e-08
2.573269e-08
2.252904e-08
8.552449e-09
9.821754e-08
2.711666e-09
2.681305e-09
2.924150e-08
1.191080e-09
6.917325e-09
1.593193e-08
5.055772e-08
1.061182e-07
4.792809e-08
4.607443e-08
1.082577e-08
5.929854e-09
6.078100e-10
2.505062e-09
2.137253e-08
6.997212e-09
1.097968e-08
1.111704e-08
2.024948e-09
9.264364e-09
5.184498e-08
3.863108e-08
1.418773e-08
2.509168e-08
5.556840e-09
4.527039e-08
2.643198e-08
7.639289e-08
4.294806e-08
7.005123e-08
1.590558e-08
4.029052e-08
3.033285e-08
2.217292e-07
2.799428e-07
1.590075e-07
1.255878e-07
1.951464e-07
3.292412e-08
9.985896e-09
9.239253e-09
5.330724e-10
8.115515e-09
4.650198e-08
6.373930e-09
4.158683e-09
4.371770e-08
6.933255e-08
1.244672e-08
4.056631e-09
2.074762e-08
1.648464e-08
3.244757e-09
1.229822e-08
3.822972e-07
3.653496e-08
1.531876e-08
3.569491e-08
2.465800e-07
1.883005e-07
5.017433e-08
2.096612e-08
1.098823e-07
1.859742e-07
4.482421e-09
5.436984e-09
2.099210e-08
3.659382e-09
3.860730e-08
2.887595e-08
5.564565e-08
1.855004e-08
2.293743e-08
3.792546e-08
2.250424e-08
5.366790e-10
1.178622e-11
6.950770e-11
2.115678e-10
9.825972e-11
1.204658e-10
9.303521e-11
1.020368e-09
2.200516e-09
3.133188e-10
1.347858e-08
1.633443e-08
3.795195e-09
3.546738e-10
1.371231e-09
8.494462e-09
8.240357e-10
5.772464e-09
4.921753e-10
5.667429e-10
8.114318e-10
1.178185e-10
4.381460e-10
2.077540e-10
9.425708e-11
4.845165e-10
3.325041e-09
2.004235e-10
1.533429e-09
9.830216e-11
3.917445e-10
5.995181e-10
1.465315e-10
5.185514e-10
1.860261e-09
3.968564e-10
2.030485e-09
3.432262e-10
1.271611e-09
4.864171e-10
7.386733e-10
5.663629e-10
1.923766e-09
3.971041e-10
2.039851e-09
3.432200e-10
1.273262e-09
4.864205e-10
7.386741e-10
5.663629e-10
1.923766e-09
3.971041e-10
2.039851e-09
3.432200e-10
1.273262e-09
4.864205e-10
7.386741e-10
5.663629e-10
1.923766e-09
3.971041e-10
2.039851e-09
3.432202e-10
1.273268e-09
4.874525e-10
7.404690e-10
6.058301e-10
1.975746e-09
4.462235e-10
2.632188e-09
1.842117e-09
5.740578e-09
1.361838e-09
2.385646e-09
6.192428e-09
1.023477e-08
1.562665e-08
2.259682e-08
3.356748e-09
5.026998e-09
2.071600e-09
1.960157e-10
2.491361e-10
5.684498e-10
8.422896e-11
1.077752e-09
5.861388e-09
1.670844e-08
7.046847e-10
4.658745e-09
8.117097e-09
9.967557e-09
1.526458e-09
1.107946e-09
4.293316e-10
4.618240e-10
6.735603e-10
1.285199e-09
3.655834e-09
4.544942e-09
9.208877e-09
1.454126e-08
1.446970e-08
2.406041e-09
1.262649e-09
2.225383e-09
2.504219e-09
3.837590e-09
2.390908e-08
6.221358e-09
4.727759e-09
4.962606e-09
3.659397e-09
9.812337e-10
2.337488e-09
4.079990e-09
3.855100e-09
5.302177e-09
1.599373e-08
1.551562e-07
3.610061e-08
3.716607e-09
8.213376e-09
5.911342e-09
3.632123e-09
2.791866e-09
1.765403e-08
8.947646e-08
6.730907e-09
3.105444e-08
3.341269e-08
1.645070e-08
1.743584e-07
1.855268e-09
4.766849e-09
3.104449e-08
2.600113e-09
6.803901e-09
8.297945e-09
4.112487e-08
9.764218e-08
4.586043e-08
7.557547e-08
7.888619e-08
5.528051e-09
1.648998e-09
4.252879e-09
1.982369e-08
7.718230e-09
1.199291e-08
1.266659e-08
3.180431e-09
8.543193e-09
3.721092e-08
7.897053e-09
7.433419e-09
5.398003e-08
1.833356e-08
4.250471e-08
1.494046e-08
6.928730e-08
4.364680e-08
3.347253e-08
3.001556e-08
3.752018e-08
3.276511e-08
2.154329e-07
2.501694e-07
1.371641e-07
1.372283e-07
2.601969e-07
5.227374e-08
4.456862e-08
1.752579e-08
9.488510e-10
6.348064e-09
4.320470e-08
4.865571e-09
4.829191e-09
4.826711e-08
1.053507e-07
1.220345e-08
4.629115e-09
1.872806e-08
1.019281e-08
5.349366e-09
1.372240e-08
3.565941e-07
2.654798e-08
2.136666e-08
4.147948e-08
2.791833e-07
1.340968e-07
4.177667e-08
2.127818e-08
1.426606e-07
2.371843e-07
9.325619e-09
1.531262e-08
3.364711e-08
5.448667e-09
4.818389e-08
2.241434e-08
4.046348e-08
1.736559e-08
2.947870e-08
5.065969e-08
6.003887e-08
1.679040e-09
6.178290e-10
2.240381e-11
2.089205e-10
9.765157e-11
9.696797e-11
7.955397e-11
1.843993e-10
3.694572e-10
1.681909e-10
1.231537e-08
1.304443e-08
5.178362e-09
3.634334e-10
6.068702e-10
8.494462e-09
9.672160e-10
9.421955e-09
2.712510e-10
5.188168e-10
9.965048e-10
7.557781e-11
4.975826e-10
5.093166e-11
5.495416e-11
2.443244e-10
3.261299e-09
2.954041e-10
3.970038e-09
8.788086e-11
1.838865e-10
6.191194e-10
9.970579e-11
2.270897e-10
5.770570e-10
3.036009e-10
2.185539e-09
3.336024e-10
2.580075e-09
1.966018e-10
9.012611e-10
2.872647e-10
6.336810e-10
3.046090e-10
2.240870e-09
3.335235e-10
2.600505e-09
1.966088e-10
9.012653e-10
2.872647e-10
6.336810e-10
3.046090e-10
2.240870e-09
3.335235e-10
2.600505e-09
1.966088e-10
9.012653e-10
2.872647e-10
6.336810e-10
3.046090e-10
2.240870e-09
3.335235e-10
2.600509e-09
1.966608e-10
9.022458e-10
2.930848e-10
6.402242e-10
3.107142e-10
2.797008e-09
1.526073e-09
5.988110e-09
3.243843e-10
4.933493e-10
1.613772e-09
9.871785e-09
1.359945e-08
2.134875e-08
4.190846e-09
7.665522e-09
2.390620e-09
6.207091e-10
3.159134e-10
4.370535e-10
6.589749e-11
5.307976e-10
2.291610e-09
1.615429e-08
5.765858e-10
2.937937e-09
6.898650e-09
1.199698e-08
1.822117e-09
9.175619e-10
5.254517e-10
4.780661e-10
5.162491e-10
7.663532e-10
1.599405e-09
1.773026e-09
7.115554e-09
1.474488e-08
1.639761e-08
2.655698e-09
1.121502e-09
1.921507e-09
1.560855e-09
1.773101e-09
2.277834e-08
6.395967e-09
5.776871e-09
3.405378e-09
4.146111e-09
1.115386e-09
1.997730e-09
3.374052e-09
2.700315e-09
1.920345e-09
8.926610e-09
1.434876e-07
3.666409e-08
1.054078e-08
5.720148e-09
8.048726e-09
4.467562e-09
2.660281e-09
1.823872e-08
6.711733e-08
3.606374e-09
3.156326e-08
3.309805e-08
1.730856e-08
2.686476e-07
1.817471e-09
1.885617e-09
2.984905e-08
4.757406e-09
1.707732e-08
1.968087e-09
1.705781e-08
6.515602e-08
4.468434e-08
7.687376e-08
9.609748e-08
3.191953e-08
3.287082e-09
9.242230e-10
1.800321e-08
9.595039e-09
1.177585e-08
1.278971e-08
3.307741e-09
5.854113e-09
1.623989e-08
5.616970e-09
6.082033e-09
3.694059e-08
2.202225e-08
4.722080e-08
5.201649e-09
6.329998e-08
2.808935e-08
2.582042e-08
5.138589e-08
3.044944e-08
3.326051e-08
1.596699e-07
1.754681e-07
1.222499e-07
1.115143e-07
2.615038e-07
6.081156e-08
6.699266e-08
2.382800e-08
3.046699e-09
2.536698e-09
4.048998e-08
2.786947e-09
3.095929e-09
4.721450e-08
1.012725e-07
1.708470e-08
5.139479e-09
1.332697e-08
9.682329e-09
6.721952e-09
6.870952e-09
3.255253e-07
2.174576e-08
2.272526e-08
3.719258e-08
2.763449e-07
1.015049e-07
2.682016e-08
1.908705e-08
1.357484e-07
2.610464e-07
1.522462e-08
2.763032e-08
4.008575e-08
7.748819e-09
5.632156e-08
1.477848e-08
2.984833e-08
1.047094e-08
3.026302e-08
5.346915e-08
7.293079e-08
5.054686e-09
1.194010e-09
1.910935e-10
2.039367e-10
9.681233e-11
9.399177e-11
6.733330e-11
1.583582e-10
2.039478e-10
1.368784e-10
9.713949e-09
1.194380e-08
3.897619e-09
6.263363e-10
1.472659e-09
8.343699e-09
8.240357e-10
9.421955e-09
6.523165e-10
7.304152e-10
1.084503e-09
7.280863e-11
4.440276e-10
6.252386e-11
1.354828e-10
1.680533e-10
3.179732e-09
1.810518e-10
4.058843e-09
2.592790e-10
3.263796e-10
4.948115e-10
8.373931e-11
1.519739e-10
4.334731e-10
3.086868e-10
2.091179e-09
3.974601e-10
2.769323e-09
2.409565e-10
8.842170e-10
2.119700e-10
5.143917e-10
2.812510e-10
2.170170e-09
3.971578e-10
2.814056e-09
2.410855e-10
8.842250e-10
2.119703e-10
5.143919e-10
2.812511e-10
2.170170e-09
3.971578e-10
2.814056e-09
2.410855e-10
8.842250e-10
2.119703e-10
5.143919e-10
2.812511e-10
2.170170e-09
3.971579e-10
2.814058e-09
2.411100e-10
8.845004e-10
2.151844e-10
5.174230e-10
2.839312e-10
2.418447e-09
1.536866e-09
5.242499e-09
2.832206e-10
6.949788e-10
1.162919e-09
8.145998e-09
9.523718e-09
1.947055e-08
4.105352e-09
8.588684e-09
3.149315e-09
1.372044e-09
2.135886e-09
3.828327e-10
6.016883e-11
5.538750e-10
1.014828e-09
1.524337e-08
4.233123e-10
1.834672e-09
6.952409e-09
1.178105e-08
1.202781e-09
1.802664e-09
1.740915e-09
5.650098e-10
5.445327e-10
6.461584e-10
1.028115e-09
1.273994e-09
5.681798e-09
1.186957e-08
1.531482e-08
4.542474e-09
2.689348e-09
1.971774e-09
2.005161e-09
1.541219e-09
1.685255e-08
6.088875e-09
6.022767e-09
5.088675e-09
4.250665e-09
1.075098e-09
2.340172e-09
2.857781e-09
2.374256e-09
2.098940e-09
3.832089e-09
1.345606e-07
3.042576e-08
5.335702e-09
1.664302e-08
1.222645e-08
3.343079e-09
1.722512e-09
1.749524e-08
4.710297e-08
1.868689e-09
3.085105e-08
3.258111e-08
1.837778e-08
2.861199e-07
2.325497e-09
1.241444e-09
2.937616e-08
2.531599e-09
1.718151e-08
4.479031e-09
8.101453e-09
2.425314e-08
4.061576e-08
7.586612e-08
9.726278e-08
6.462832e-08
3.785926e-08
1.149371e-09
1.587020e-08
3.672796e-09
9.312784e-09
1.563854e-08
3.304744e-09
3.303541e-09
9.540469e-09
2.727566e-09
3.924076e-09
3.738036e-08
2.430190e-08
3.772677e-08
1.897205e-09
5.626584e-08
2.450801e-08
1.914362e-08
4.787275e-08
2.154919e-08
5.025817e-08
1.203795e-07
1.036603e-07
7.001871e-08
7.969472e-08
2.644922e-07
5.339858e-08
7.078999e-08
2.851346e-08
1.160558e-08
8.272141e-09
2.890970e-08
2.094220e-09
2.187706e-09
4.519573e-08
8.215097e-08
1.706331e-08
4.993956e-09
4.484276e-09
1.058274e-08
6.867062e-09
5.619744e-09
2.430873e-07
1.684328e-08
2.153661e-08
3.815208e-08
2.575957e-07
6.923328e-08
1.975208e-08
1.694897e-08
1.230145e-07
2.637144e-07
1.253056e-08
2.948850e-08
4.494055e-08
1.445348e-08
5.515627e-08
8.675069e-09
1.801513e-08
8.095775e-09
2.838490e-08
5.214345e-08
7.924177e-08
6.358629e-09
5.108566e-09
5.814587e-10
8.219873e-11
3.537368e-11
5.295397e-11
2.358259e-11
2.236661e-11
1.532555e-11
8.654079e-12
6.894461e-10
1.207721e-09
3.062844e-09
4.965085e-10
8.308335e-10
7.361876e-10
6.370364e-10
5.772464e-09
2.712510e-10
7.304152e-10
3.945988e-10
4.147070e-11
2.287485e-10
2.448671e-11
1.542583e-10
1.704121e-11
1.386843e-10
1.103399e-10
3.644942e-09
9.547258e-11
3.525584e-10
1.708381e-10
6.469826e-12
2.842707e-11
2.756384e-11
8.918151e-11
4.456098e-10
2.574404e-10
2.415827e-09
1.270883e-10
5.964393e-10
2.479110e-11
1.093380e-10
5.238701e-11
5.212843e-10
2.626318e-10
2.489555e-09
1.273625e-10
5.964645e-10
2.479128e-11
1.093386e-10
5.238727e-11
5.212843e-10
2.626318e-10
2.489555e-09
1.273625e-10
5.964645e-10
2.479128e-11
1.093386e-10
5.238727e-11
5.212843e-10
2.626318e-10
2.489556e-09
1.273633e-10
5.964818e-10
2.481386e-11
1.095868e-10
5.244482e-11
5.266418e-10
2.863498e-10
3.908153e-09
1.476237e-10
5.036422e-10
1.288687e-10
1.112492e-09
8.415360e-10
5.054770e-09
2.761570e-09
7.241840e-09
2.432562e-09
2.028473e-09
2.296911e-09
2.812216e-10
2.141268e-11
1.736439e-10
1.817385e-10
4.263122e-10
1.422965e-10
6.266411e-10
2.059506e-09
6.941185e-09
5.387176e-10
4.966311e-10
1.487213e-09
2.971682e-10
2.707523e-10
1.839967e-10
1.650695e-10
1.205707e-10
4.111834e-10
1.559863e-09
3.697694e-09
2.533325e-09
2.026274e-09
1.442848e-09
9.344290e-10
7.063056e-10
1.795230e-09
1.159420e-09
4.863828e-09
3.737836e-09
2.583503e-09
5.418488e-10
1.408892e-09
1.156849e-09
1.280731e-09
6.932429e-10
5.256827e-10
1.987244e-09
1.232125e-08
4.628545e-09
8.918288e-09
8.096500e-09
2.108039e-09
1.164833e-09
3.019837e-09
1.871216e-08
4.189582e-10
6.423146e-09
1.190675e-08
1.418301e-08
2.428745e-07
1.379890e-09
4.426631e-10
3.982667e-09
2.146199e-09
1.390663e-08
6.777405e-10
3.380713e-09
7.159276e-10
3.998148e-09
3.156547e-08
8.837636e-08
6.292990e-08
3.954699e-08
1.910915e-09
3.461806e-10
1.650478e-09
2.028435e-09
3.141907e-09
2.823312e-09
1.946391e-09
1.121535e-09
4.290558e-10
9.979395e-10
1.426500e-08
2.057742e-08
1.950642e-08
1.345650e-09
4.490713e-09
2.039847e-09
7.040623e-09
3.406140e-08
6.584612e-09
3.080974e-08
2.474122e-08
1.402890e-08
6.141302e-09
2.021701e-08
9.849746e-08
3.094138e-08
6.962102e-08
1.628980e-08
1.278607e-08
7.394126e-09
4.256158e-09
3.739780e-10
1.058111e-09
7.910685e-09
5.138251e-08
9.661058e-09
2.130855e-09
1.880190e-09
1.421577e-09
5.729455e-09
1.927037e-09
3.821019e-08
6.860244e-09
9.862890e-09
5.255871e-09
8.472091e-08
3.352388e-08
4.550965e-09
3.307673e-09
4.570581e-08
1.325486e-07
8.817566e-09
2.680209e-08
2.286632e-08
1.740811e-08
2.571364e-08
7.906239e-10
1.162179e-09
1.140293e-09
8.672302e-09
1.755188e-08
6.414920e-08
6.360725e-09
5.191115e-09
5.150159e-10
1.246925e-10
1.156406e-10
5.031130e-12
1.604194e-11
1.966273e-11
2.114585e-11
4.973887e-12
5.528574e-11
2.720515e-10
1.601439e-09
5.214539e-10
7.717617e-10
9.119104e-10
7.497498e-10
4.392068e-09
4.921753e-10
5.188168e-10
1.084503e-09
4.147070e-11
2.913863e-10
3.773653e-11
1.863154e-10
3.975742e-11
5.885336e-11
3.918302e-11
2.732578e-09
9.681066e-11
2.843878e-10
4.620815e-10
2.414740e-11
1.964541e-11
1.814983e-11
6.424169e-11
2.446189e-10
2.243531e-10
1.824294e-09
2.373624e-10
7.354904e-10
1.419401e-10
7.559345e-11
4.006071e-11
3.352922e-10
1.506264e-10
1.986818e-09
2.463912e-10
7.357535e-10
1.419541e-10
7.559779e-11
4.006840e-11
3.352923e-10
1.506264e-10
1.986818e-09
2.463912e-10
7.357535e-10
1.419541e-10
7.559779e-11
4.006840e-11
3.352923e-10
1.506264e-10
1.986818e-09
2.463916e-10
7.357589e-10
1.419581e-10
7.560521e-11
4.007982e-11
3.363041e-10
1.543796e-10
2.213592e-09
2.688175e-10
7.161588e-10
1.863585e-10
7.052111e-10
3.086667e-10
1.538236e-09
1.397473e-09
5.550161e-09
1.544236e-09
3.054376e-09
4.748403e-09
6.601264e-10
3.307855e-10
7.797972e-11
5.512311e-11
8.924677e-11
3.272619e-11
6.447140e-11
1.271060e-09
3.292522e-09
1.311488e-09
2.826133e-10
2.097643e-09
3.683425e-10
4.918336e-10
3.168547e-10
2.083655e-10
9.926166e-11
1.368297e-10
4.927189e-10
1.997052e-09
1.727163e-09
1.575162e-09
2.144284e-09
1.987468e-09
1.253661e-09
1.377137e-09
6.544375e-10
3.019440e-09
3.248033e-09
2.394670e-09
1.144733e-09
1.258172e-09
7.389580e-10
1.261563e-09
5.675764e-10
4.683596e-10
5.482228e-10
1.397676e-09
4.505227e-09
7.559838e-09
7.259654e-09
5.682117e-09
1.388837e-09
2.511250e-09
4.480342e-09
6.295593e-10
1.277159e-09
3.157560e-09
4.352305e-09
1.956626e-07
1.626353e-09
1.330387e-09
2.561798e-09
5.444666e-10
1.223889e-08
6.813927e-10
1.058343e-09
2.841971e-09
2.760315e-10
4.650257e-09
3.434385e-08
6.122865e-08
4.114661e-08
1.510375e-08
1.898743e-09
7.265834e-10
9.238680e-10
9.334649e-10
6.770024e-10
1.705016e-09
6.288486e-10
8.379488e-10
8.115526e-10
3.576332e-09
1.029847e-08
1.282659e-08
2.074281e-09
6.228664e-09
1.702848e-09
6.972574e-10
3.005597e-08
2.193189e-09
2.859827e-08
1.046574e-08
2.376555e-08
9.094784e-10
1.099725e-08
3.843744e-08
1.357935e-08
6.373024e-08
1.269316e-08
3.084898e-08
1.062483e-08
9.315615e-09
1.233769e-09
1.793903e-09
1.317143e-09
7.600242e-09
7.864200e-09
1.543473e-09
1.909537e-09
1.228593e-09
3.921707e-09
3.064939e-09
5.127887e-09
5.379065e-09
5.081439e-09
1.439608e-09
1.452418e-08
2.497343e-08
5.198435e-09
2.443917e-09
1.542640e-08
6.597523e-08
4.920599e-09
2.500957e-08
1.469253e-08
2.218350e-08
2.326176e-08
6.464285e-10
7.202908e-10
3.336856e-10
2.756754e-09
7.449581e-09
2.938140e-08
6.119247e-09
7.354705e-09
1.393263e-09
1.333524e-09
1.098872e-09
8.766868e-11
1.126108e-11
1.869425e-11
2.057511e-11
6.145748e-12
3.208515e-11
2.905888e-11
3.429755e-10
3.869576e-10
7.609986e-10
7.976558e-10
7.441372e-10
1.457847e-09
5.454759e-10
5.667429e-10
9.965048e-10
7.280863e-11
2.287485e-10
3.773653e-11
2.544891e-10
3.860822e-11
9.682376e-11
1.551142e-11
5.024868e-10
8.690069e-11
2.730617e-10
4.224637e-10
4.608283e-11
5.845937e-11
9.483949e-12
6.296076e-11
6.188588e-11
1.745028e-10
5.946593e-10
2.151551e-10
6.887339e-10
1.605295e-10
1.091226e-10
4.186398e-11
1.595684e-10
1.057445e-10
7.485002e-10
2.347865e-10
6.915556e-10
1.607424e-10
1.093288e-10
4.190358e-11
1.595695e-10
1.057447e-10
7.485002e-10
2.347865e-10
6.915556e-10
1.607424e-10
1.093288e-10
4.190358e-11
1.595695e-10
1.057447e-10
7.485002e-10
2.347866e-10
6.915591e-10
1.607433e-10
1.093319e-10
4.190417e-11
1.598978e-10
1.063734e-10
7.875001e-10
2.377335e-10
7.466502e-10
1.893420e-10
5.254325e-10
1.686043e-10
5.002384e-10
4.313446e-10
4.162372e-09
1.141775e-09
3.003419e-09
5.048719e-09
1.288169e-09
9.125031e-10
1.292634e-10
2.816144e-11
7.773275e-11
3.142724e-11
8.750741e-12
8.148417e-10
2.470311e-09
1.065091e-09
2.416147e-10
2.496839e-09
3.009665e-10
6.952422e-10
3.160163e-10
1.851324e-10
1.018918e-10
8.604717e-11
1.131358e-10
4.444528e-10
1.205525e-09
1.143722e-09
1.762062e-09
1.766912e-09
1.462010e-09
9.540970e-10
5.187575e-10
1.349509e-09
2.043835e-09
1.970305e-09
9.967583e-10
1.077280e-09
9.240224e-10
1.360430e-09
4.999426e-10
3.779552e-10
4.952331e-10
8.756393e-10
3.401521e-10
6.486201e-09
6.303521e-09
4.685572e-09
2.531090e-09
2.009409e-09
3.121720e-09
6.406032e-10
7.867120e-10
1.373527e-09
2.086413e-09
1.075596e-07
1.350919e-09
1.565413e-09
2.900522e-09
5.371681e-10
5.083988e-09
6.301868e-10
9.218187e-10
2.787524e-09
4.226339e-10
6.583379e-10
1.157748e-08
4.324434e-08
3.995032e-08
1.581134e-08
3.076753e-09
5.360518e-09
2.024378e-10
5.418066e-10
4.213996e-10
7.716492e-10
4.997398e-10
9.996232e-10
7.239677e-10
2.122319e-09
5.260935e-09
5.975451e-09
2.076896e-09
5.604331e-09
1.952523e-09
1.309088e-09
1.584378e-08
1.245575e-09
2.328277e-08
5.472433e-09
2.304515e-08
8.604763e-10
1.125762e-08
1.659009e-08
6.627405e-09
5.029866e-08
9.645067e-09
3.575533e-08
1.251415e-08
1.377480e-08
6.544718e-09
3.148785e-09
3.391227e-10
2.376739e-09
3.231729e-09
1.100355e-09
2.564246e-09
9.251683e-10
4.847228e-09
1.969036e-09
3.268965e-09
5.173687e-09
1.814484e-09
1.256920e-09
4.709714e-09
1.436349e-08
3.618856e-09
2.946670e-09
8.225371e-09
3.034205e-08
2.591679e-09
1.785770e-08
8.547356e-09
2.625142e-08
1.485927e-08
2.205258e-09
1.534440e-09
3.615011e-10
8.565009e-10
3.583701e-09
1.660813e-08
2.950803e-09
7.228340e-09
1.655856e-09
1.862050e-09
3.138323e-09
2.857095e-10
2.415260e-10
1.164938e-12
1.560951e-11
5.842822e-12
1.074173e-11
2.446155e-12
2.985658e-11
1.189934e-10
3.004429e-10
6.922012e-10
5.138835e-10
1.048789e-09
6.972567e-10
3.326319e-10
8.114318e-10
7.557781e-11
4.440276e-10
2.448671e-11
1.863154e-10
3.860822e-11
9.087411e-11
2.162763e-11
2.947238e-11
2.594703e-11
1.322008e-10
3.337195e-10
4.952191e-11
1.988613e-10
7.258613e-12
1.784752e-11
2.136594e-11
1.106331e-10
1.687628e-10
1.489729e-10
4.014153e-10
1.645984e-10
9.993272e-11
1.004553e-10
4.836154e-11
4.630467e-11
3.277141e-10
1.686681e-10
4.038243e-10
1.654254e-10
1.005706e-10
1.012011e-10
4.836466e-11
4.630578e-11
3.277141e-10
1.686681e-10
4.038243e-10
1.654254e-10
1.005706e-10
1.012011e-10
4.836466e-11
4.630578e-11
3.277141e-10
1.686681e-10
4.038249e-10
1.654259e-10
1.005712e-10
1.012012e-10
4.837427e-11
4.643191e-11
3.365165e-10
1.691368e-10
4.121105e-10
1.816279e-10
3.847560e-10
1.823213e-10
2.618352e-10
1.416021e-10
1.125038e-09
4.466902e-10
2.397821e-09
3.799738e-09
1.321997e-09
1.240653e-09
1.036645e-10
8.292710e-11
6.406659e-11
1.825235e-11
3.551438e-12
1.162992e-10
1.513245e-10
8.570510e-10
1.245792e-10
1.735245e-09
1.596381e-10
8.726112e-10
3.723740e-10
1.395896e-10
1.167453e-10
7.069894e-11
5.375898e-11
1.232899e-10
2.383583e-10
4.470081e-10
1.158675e-09
1.582011e-09
1.367788e-09
7.094277e-10
4.886369e-10
6.635372e-10
6.598855e-10
8.030745e-10
8.228948e-10
9.405825e-10
1.034072e-09
1.019561e-09
2.573693e-10
3.544937e-10
3.750854e-10
3.182460e-10
1.523859e-10
3.667558e-10
2.537840e-09
4.441184e-09
2.973382e-09
3.007743e-09
1.692288e-09
7.241201e-10
2.669500e-10
9.877245e-10
2.942402e-10
1.496534e-08
5.155624e-10
1.549522e-09
2.612130e-09
4.763980e-10
1.421985e-09
2.464466e-10
7.107274e-10
2.586956e-09
3.827173e-10
9.115486e-10
4.871646e-10
4.089801e-09
1.133827e-08
1.491188e-08
3.123296e-09
6.516721e-09
1.124859e-09
4.182134e-10
1.921982e-10
3.534799e-10
1.590880e-10
9.885142e-10
6.346971e-10
8.125209e-10
1.461941e-09
1.398240e-09
1.371281e-09
4.511846e-09
1.979535e-09
1.389356e-09
4.435523e-09
2.253665e-10
1.593805e-08
1.198586e-09
1.942312e-08
8.793769e-10
9.306231e-09
1.489830e-09
3.007373e-09
2.098381e-08
5.169800e-09
3.377840e-08
9.143739e-09
1.331906e-08
8.488929e-09
4.208861e-09
2.007011e-10
9.954012e-10
3.624542e-10
3.895247e-10
2.392316e-09
6.375391e-10
2.547986e-09
1.759279e-09
1.015752e-09
3.504183e-09
3.098910e-10
1.602090e-09
1.717939e-09
2.137672e-09
1.662942e-09
2.809836e-09
5.638354e-09
3.915325e-09
1.626197e-09
9.589717e-09
3.598726e-09
2.298899e-08
8.412707e-09
2.875472e-09
3.292412e-09
2.791592e-10
3.708509e-10
5.433249e-10
3.988646e-09
1.295177e-09
3.737762e-09
1.484281e-09
2.136490e-09
3.748973e-09
9.025672e-10
4.724785e-10
1.134818e-11
1.490172e-11
5.777040e-12
9.910927e-12
1.228925e-12
1.964637e-11
4.980339e-11
1.563727e-10
5.447548e-10
4.568373e-10
1.017240e-09
9.691927e-10
2.381288e-10
7.564233e-10
1.178185e-10
4.975826e-10
6.252386e-11
1.542583e-10
3.975742e-11
9.682376e-11
2.162763e-11
3.805885e-11
1.894086e-11
5.097396e-11
3.133283e-10
5.078641e-11
2.224314e-10
2.236108e-11
2.188487e-11
1.317026e-11
1.016110e-10
5.508178e-11
1.275291e-10
3.003921e-10
1.573285e-10
9.548662e-11
1.554395e-10
1.012670e-10
4.052120e-11
2.239237e-10
1.469454e-10
3.001525e-10
1.612389e-10
9.822086e-11
1.604972e-10
1.013966e-10
4.052640e-11
2.239238e-10
1.469455e-10
3.001525e-10
1.612389e-10
9.822086e-11
1.604972e-10
1.013966e-10
4.052640e-11
2.239238e-10
1.469455e-10
3.001526e-10
1.612390e-10
9.822109e-11
1.604972e-10
1.014006e-10
4.053489e-11
2.279736e-10
1.470261e-10
3.014677e-10
1.638286e-10
3.543314e-10
2.285934e-10
2.635918e-10
1.167672e-10
5.185022e-10
2.069367e-10
1.963581e-09
3.532553e-09
1.387222e-09
1.346819e-09
1.766955e-10
5.074543e-10
4.029352e-10
2.068307e-11
5.410525e-12
1.012572e-10
2.685036e-11
7.835811e-10
1.102450e-10
1.323328e-09
1.413775e-10
8.265821e-10
3.624575e-10
3.251942e-10
1.485022e-10
7.191142e-11
6.476939e-11
7.595855e-11
8.566238e-11
2.330124e-10
8.761791e-10
1.222388e-09
1.243020e-09
9.526211e-10
6.319914e-10
3.054076e-10
4.651971e-10
5.084099e-10
6.636515e-10
8.161799e-10
1.052748e-09
1.123086e-09
4.018920e-10
4.316058e-10
3.492378e-10
2.326534e-10
2.496302e-10
3.476695e-10
3.777226e-10
3.659772e-09
1.211350e-09
3.031002e-09
3.570934e-09
1.130188e-09
3.503814e-10
6.947352e-10
2.226456e-10
6.677560e-09
4.438536e-10
1.442349e-09
2.264214e-09
6.332617e-10
2.293653e-09
6.114910e-10
4.939224e-10
2.503527e-09
5.013363e-10
8.094337e-10
5.742899e-10
5.253153e-10
5.257920e-09
1.437133e-08
2.895073e-09
5.963995e-09
3.418955e-09
8.314200e-09
1.242768e-10
3.074225e-10
1.221493e-10
8.731692e-10
6.475759e-10
7.196458e-10
8.316580e-10
1.182696e-09
1.143657e-09
3.829993e-09
1.556820e-09
1.236910e-09
4.016705e-09
8.162097e-10
9.731257e-09
8.294989e-10
1.570104e-08
7.956532e-10
8.941178e-09
1.001584e-09
3.289068e-09
1.310997e-08
4.260540e-09
2.963896e-08
7.975766e-09
1.423303e-08
1.133597e-08
7.418282e-09
1.057524e-09
1.401134e-09
2.233432e-10
3.191641e-10
2.017161e-09
5.615811e-10
2.410707e-09
1.676944e-09
1.450226e-09
1.793652e-09
2.650106e-10
1.390266e-09
8.362193e-10
1.829846e-09
1.476495e-09
2.501439e-09
3.473898e-09
2.412292e-09
1.511957e-09
8.213382e-09
1.966007e-09
1.781686e-08
7.113232e-09
6.922909e-09
4.080259e-09
8.400667e-10
6.690440e-10
8.132956e-10
1.550479e-09
8.174388e-10
3.112529e-09
1.233830e-09
1.983658e-09
5.229687e-09
2.838512e-09
1.242180e-09
4.611087e-11
2.844732e-11
2.121411e-12
5.891257e-12
4.286638e-13
1.395593e-12
3.132538e-12
1.038577e-11
6.007923e-11
7.097581e-11
8.127454e-10
7.113307e-10
1.890130e-10
5.924148e-11
1.062290e-10
4.381460e-10
5.093166e-11
1.354828e-10
1.704121e-11
5.885336e-11
1.551142e-11
2.947238e-11
1.894086e-11
8.315230e-12
1.392296e-11
2.928656e-11
2.077330e-10
1.822041e-11
2.498939e-11
6.831979e-12
7.894803e-12
1.044284e-11
1.107775e-11
4.498080e-11
4.471398e-11
6.061245e-11
1.680567e-10
7.079936e-11
4.188504e-11
1.847542e-11
3.082858e-11
4.847218e-11
4.308450e-11
6.755964e-11
1.964451e-10
7.108258e-11
4.194857e-11
1.847563e-11
3.082870e-11
4.847218e-11
4.308451e-11
6.755964e-11
1.964451e-10
7.108258e-11
4.194857e-11
1.847563e-11
3.082870e-11
4.847218e-11
4.308451e-11
6.755965e-11
1.964451e-10
7.108270e-11
4.194905e-11
1.850375e-11
3.083506e-11
4.850082e-11
4.317324e-11
7.293332e-11
2.494702e-10
1.343277e-10
7.634866e-11
6.246282e-11
3.673088e-11
2.680294e-10
1.002150e-09
8.892498e-10
1.066777e-09
1.800696e-10
9.988642e-10
6.599522e-10
6.329964e-11
2.011814e-12
2.782300e-11
7.146839e-12
2.277644e-11
3.742330e-11
4.884769e-10
4.474474e-11
4.744988e-10
1.536257e-10
1.754063e-10
1.092097e-10
6.153355e-11
6.539459e-11
4.029348e-11
2.769942e-11
3.145281e-11
7.388718e-11
2.145671e-10
3.768488e-10
6.252694e-10
6.288002e-10
2.737882e-10
1.327211e-10
2.616776e-10
1.366870e-10
1.940246e-10
9.131677e-10
8.795832e-10
3.361108e-10
1.778722e-10
3.481938e-10
1.415253e-10
1.741179e-10
2.085084e-10
6.617651e-11
6.554994e-11
5.984257e-10
1.940902e-09
1.561720e-09
1.351234e-09
2.825132e-10
1.141209e-09
8.658453e-11
2.333372e-09
1.540525e-10
3.293393e-10
7.855336e-10
6.126279e-10
3.091292e-09
8.066501e-10
2.393017e-10
3.260369e-10
4.569129e-10
6.719548e-10
4.971564e-10
2.637751e-10
1.159841e-10
1.482873e-09
1.242556e-09
5.894927e-09
3.654523e-09
1.197675e-08
4.289392e-10
3.730672e-11
1.007507e-10
2.638126e-10
1.983990e-10
5.519256e-10
4.192666e-10
5.174991e-10
1.660818e-10
9.979278e-10
6.426690e-10
1.208749e-09
1.950426e-09
1.047242e-09
7.491505e-10
1.052209e-10
5.539953e-09
6.243318e-10
3.799372e-09
5.172288e-10
2.525729e-09
1.158240e-09
7.152202e-10
8.968328e-09
3.812983e-09
8.655170e-09
1.159113e-08
7.179846e-09
1.252239e-09
1.788237e-09
4.512630e-10
5.813754e-11
9.086191e-10
1.407090e-10
1.825337e-09
8.573107e-10
1.146768e-09
6.166051e-10
5.599101e-11
1.383733e-09
5.119945e-10
5.402926e-10
4.488252e-10
1.313981e-09
4.182986e-10
7.042654e-10
1.241912e-09
4.631805e-09
3.969470e-10
7.640652e-09
4.600300e-09
7.671019e-09
3.983196e-09
6.787221e-10
8.602921e-10
1.150555e-09
3.941366e-10
7.622572e-11
4.454314e-10
4.471872e-10
8.105315e-10
5.717334e-09
3.906442e-09
1.354357e-09
1.166747e-10
4.706440e-11
2.124828e-10
6.527851e-13
2.526906e-13
9.085513e-13
2.993976e-12
6.024626e-12
4.292125e-12
2.147831e-11
9.325352e-10
6.936689e-10
1.130910e-10
5.751559e-11
1.334502e-09
9.312418e-10
2.077540e-10
5.495416e-11
1.680533e-10
1.386843e-10
3.918302e-11
5.024868e-10
2.594703e-11
5.097396e-11
1.392296e-11
5.663559e-11
2.215472e-10
1.731586e-11
1.541115e-11
7.703871e-11
5.308451e-11
3.443859e-12
5.896341e-11
2.015280e-11
4.610048e-11
9.868495e-11
1.618140e-10
1.100894e-10
7.999815e-11
5.222231e-11
3.548970e-11
3.653313e-11
1.231917e-10
5.594606e-11
2.566878e-10
1.198665e-10
8.133630e-11
5.224072e-11
3.549093e-11
3.653317e-11
1.231920e-10
5.594607e-11
2.566878e-10
1.198665e-10
8.133630e-11
5.224072e-11
3.549093e-11
3.653317e-11
1.231920e-10
5.594608e-11
2.566878e-10
1.198665e-10
8.133641e-11
5.224532e-11
3.549107e-11
3.653869e-11
1.232011e-10
5.681528e-11
2.666026e-10
1.761199e-10
1.119759e-10
5.936723e-11
2.726446e-10
2.659284e-10
4.718339e-10
4.357502e-10
6.170121e-10
2.508111e-10
2.039059e-09
4.482743e-09
1.182321e-09
6.378496e-11
3.142643e-11
2.730339e-11
1.030147e-11
1.021873e-11
1.411019e-10
3.815992e-11
2.334838e-10
3.532377e-10
5.476451e-10
1.128407e-10
3.411016e-10
5.330703e-10
4.281608e-10
9.423724e-11
5.849879e-11
7.304625e-11
1.507970e-10
3.081614e-10
4.831363e-10
7.941485e-10
6.205769e-10
5.531505e-10
8.658785e-10
1.380829e-09
1.815024e-10
6.186708e-10
9.349155e-10
6.822297e-10
3.904172e-10
1.739266e-09
3.066498e-10
3.249317e-10
4.053407e-10
1.933672e-10
5.698544e-11
1.626056e-10
2.801214e-09
1.779881e-09
1.035773e-09
1.498423e-09
9.308285e-09
1.164824e-09
4.699260e-10
7.120383e-10
3.102119e-10
2.112393e-10
5.192390e-10
5.889558e-09
7.399366e-09
4.604308e-10
7.278992e-10
9.207137e-10
1.203235e-09
6.189022e-09
1.520986e-10
7.681782e-10
4.293729e-10
2.639154e-10
2.096708e-09
3.928161e-09
1.544304e-08
6.250831e-09
2.233604e-09
4.810222e-10
9.831713e-10
1.827018e-10
1.511876e-10
5.347914e-10
2.231608e-09
6.090937e-10
1.894898e-09
6.232919e-10
5.479667e-10
2.462670e-09
3.382574e-09
9.729066e-10
2.603937e-10
1.805439e-09
3.798286e-09
3.512052e-09
5.251534e-10
7.683941e-09
1.932608e-09
1.110293e-09
2.741290e-09
2.212634e-09
8.725845e-09
2.025865e-08
1.347927e-08
3.102112e-09
6.025007e-09
1.353050e-08
7.803709e-10
7.032003e-10
2.539455e-10
6.418412e-10
7.810865e-10
5.784044e-09
1.986514e-10
3.599047e-10
2.399714e-09
6.762749e-09
7.289229e-10
4.934586e-10
2.009523e-09
2.960565e-10
2.424484e-10
1.723748e-09
3.437636e-08
4.479513e-10
2.528525e-09
7.521760e-09
2.687385e-08
5.581332e-09
1.702285e-09
1.286353e-09
1.418162e-08
6.011396e-09
1.363342e-10
2.612788e-10
1.143175e-09
4.993969e-10
6.927873e-09
5.815384e-09
4.024831e-09
7.901353e-10
1.061587e-09
3.160980e-09
1.484799e-09
2.191999e-13
1.021184e-12
2.765089e-12
8.288424e-11
4.435903e-11
1.391062e-11
2.630544e-10
4.250874e-10
2.433317e-09
1.400308e-10
4.833662e-09
3.509017e-09
6.198851e-10
9.425708e-11
2.443244e-10
3.179732e-09
1.103399e-10
2.732578e-09
8.690069e-11
1.322008e-10
3.133283e-10
2.928656e-11
2.215472e-10
4.844609e-10
2.786530e-11
1.118143e-10
1.263056e-09
3.195851e-11
3.041818e-10
5.337327e-11
5.937873e-11
2.055217e-10
1.463286e-10
1.318179e-10
2.004946e-10
1.511187e-10
7.179859e-10
9.694275e-11
4.234698e-10
9.610987e-11
3.454389e-10
1.558759e-10
2.099778e-10
1.512550e-10
7.180497e-10
9.694300e-11
4.234722e-10
9.610995e-11
3.454388e-10
1.558759e-10
2.099778e-10
1.512550e-10
7.180497e-10
9.694300e-11
4.234722e-10
9.610995e-11
3.454388e-10
1.558759e-10
2.099778e-10
1.512558e-10
7.180498e-10
9.694315e-11
4.234740e-10
9.626898e-11
3.467266e-10
1.639496e-10
2.607912e-10
1.586144e-10
9.417010e-10
8.040152e-10
7.006736e-10
3.299819e-10
3.433240e-10
6.965992e-10
4.799030e-09
7.317464e-09
9.461129e-09
8.124085e-10
7.202900e-10
1.329989e-10
5.187804e-11
4.492392e-11
3.615330e-11
1.984401e-10
1.006671e-09
3.846330e-10
7.344553e-09
2.498810e-10
5.751319e-10
2.619901e-09
2.185135e-09
2.909181e-10
2.303609e-10
8.603274e-11
1.172574e-10
4.123884e-10
7.869880e-10
1.027157e-09
8.874203e-10
1.987696e-09
3.102594e-09
4.661472e-09
6.595103e-10
4.179622e-10
8.977983e-10
1.051192e-09
5.690616e-10
6.276433e-09
1.441204e-09
6.984489e-10
9.451153e-10
6.736082e-10
3.118072e-10
6.337153e-10
4.901699e-10
5.858068e-09
2.680243e-09
1.833422e-09
5.214160e-08
6.479053e-09
8.358927e-10
1.254276e-09
2.370926e-09
6.059308e-10
8.633095e-10
8.005629e-09
1.215386e-08
1.294466e-09
9.339057e-09
7.945524e-09
1.987067e-09
2.727575e-08
6.438433e-10
6.383906e-10
1.047863e-08
7.212166e-10
2.106042e-09
3.895204e-09
1.665169e-08
8.478576e-09
1.607411e-08
1.737027e-08
3.399796e-09
3.603820e-09
1.476015e-10
2.223143e-10
8.543917e-09
1.342082e-09
5.062334e-09
6.277512e-09
3.376499e-09
1.561757e-09
4.385197e-09
2.505178e-09
1.493057e-09
9.588099e-09
2.611196e-09
1.501968e-08
5.059775e-09
2.665706e-08
3.293946e-09
6.586103e-09
2.077282e-09
4.907114e-09
1.047122e-08
2.049572e-08
3.408128e-08
1.197218e-08
1.716982e-08
5.688900e-08
1.092810e-08
2.183394e-09
2.162582e-09
3.413530e-10
5.029603e-10
1.538727e-08
6.095626e-10
2.028218e-09
1.741539e-08
1.130295e-08
6.459085e-09
5.672199e-10
2.001183e-09
3.370529e-09
1.214795e-09
1.470248e-09
5.855312e-08
3.089261e-09
3.223339e-09
1.669922e-08
7.178269e-08
7.162241e-09
1.117061e-08
3.510855e-09
2.738004e-08
9.422823e-08
9.655397e-10
1.908988e-09
5.401212e-09
9.274443e-10
2.140273e-08
6.395359e-09
5.737129e-09
2.987014e-09
8.250552e-09
1.892441e-08
8.509182e-09
1.961288e-10
2.103396e-13
2.766090e-12
8.311379e-11
6.785500e-11
2.443179e-11
7.670931e-11
9.055924e-11
1.058389e-10
1.346435e-10
7.528266e-09
3.799622e-09
1.003668e-09
1.045752e-10
4.845165e-10
3.261299e-09
1.810518e-10
3.644942e-09
9.681066e-11
2.730617e-10
3.337195e-10
5.078641e-11
2.077330e-10
1.731586e-11
2.786530e-11
5.720038e-10
1.296247e-09
6.063244e-11
9.509552e-10
5.180354e-11
1.042739e-10
2.033901e-10
7.240267e-11
9.129240e-11
2.015618e-10
1.614421e-10
7.967222e-10
1.672597e-10
7.580251e-10
9.261841e-11
3.163666e-10
1.093212e-10
2.214694e-10
1.626135e-10
7.971776e-10
1.672715e-10
7.580360e-10
9.261893e-11
3.163662e-10
1.093212e-10
2.214694e-10
1.626135e-10
7.971776e-10
1.672715e-10
7.580360e-10
9.261893e-11
3.163662e-10
1.093212e-10
2.214694e-10
1.626137e-10
7.971776e-10
1.672715e-10
7.580362e-10
9.266714e-11
3.165563e-10
1.099984e-10
2.236207e-10
1.673481e-10
1.041977e-09
8.504766e-10
1.075096e-09
7.232052e-11
2.098501e-10
6.321001e-10
4.950192e-09
7.660817e-09
1.061700e-08
1.704649e-09
1.997605e-09
4.226439e-10
1.167438e-10
1.125088e-10
6.913600e-11
3.495887e-11
1.676824e-10
5.619508e-10
8.025963e-09
1.925625e-10
8.979439e-10
3.094792e-09
3.555756e-09
3.408908e-10
3.483474e-10
1.002944e-10
1.346588e-10
1.727390e-10
2.052962e-10
7.434168e-10
1.134018e-09
2.273111e-09
3.455381e-09
5.511665e-09
7.602339e-10
1.512526e-10
6.000944e-10
7.799980e-10
8.028506e-10
6.427786e-09
1.435382e-09
1.636781e-09
1.492661e-09
7.564242e-10
3.676554e-10
1.201142e-09
6.513541e-10
9.106938e-10
8.769471e-10
5.953299e-09
5.395959e-08
9.182378e-09
1.116385e-09
2.344859e-09
3.065879e-09
7.579365e-10
8.884189e-10
8.305551e-09
1.365227e-08
9.046370e-10
1.135646e-08
1.131107e-08
6.547195e-09
5.375668e-08
5.520770e-10
1.447905e-09
1.124906e-08
7.664232e-10
2.909867e-09
2.508648e-09
1.234723e-08
9.083320e-09
1.689067e-08
2.763152e-08
2.591088e-08
2.377459e-09
4.211180e-10
2.594144e-09
8.287221e-09
1.617693e-09
6.054141e-09
5.803328e-09
1.766676e-09
4.389980e-09
7.150750e-09
1.444209e-09
1.283901e-09
1.591117e-08
9.563950e-09
6.630828e-09
8.416074e-10
3.063476e-08
7.940115e-09
1.329909e-08
3.923010e-09
3.377417e-09
9.846865e-09
2.323619e-08
2.491737e-08
8.301390e-09
2.895058e-08
8.157127e-08
1.961397e-08
8.198943e-09
3.749763e-09
2.571224e-10
5.169160e-10
1.360369e-08
6.674576e-10
2.988142e-09
1.987521e-08
2.726843e-08
6.999195e-09
7.867372e-10
2.237359e-09
3.220214e-09
1.603871e-09
1.811276e-09
6.104024e-08
3.171754e-09
5.139425e-09
1.766687e-08
9.486301e-08
6.824040e-09
4.821752e-09
4.884323e-09
4.454251e-08
1.202308e-07
2.813847e-09
4.667192e-09
9.592438e-09
1.807740e-09
2.636774e-08
5.577437e-09
5.142392e-09
3.033033e-09
1.047292e-08
2.518026e-08
2.091290e-08
5.611598e-10
2.939916e-10
2.443079e-12
8.272148e-11
6.791526e-11
2.574813e-11
5.803733e-11
5.173405e-11
7.623359e-11
8.699428e-11
5.053406e-09
3.736439e-09
3.601397e-09
1.811317e-10
4.066967e-10
3.325041e-09
2.954041e-10
4.058843e-09
9.547258e-11
2.843878e-10
4.224637e-10
4.952191e-11
2.224314e-10
1.822041e-11
1.541115e-11
1.118143e-10
1.296247e-09
5.198290e-10
1.234302e-09
5.811932e-11
9.912536e-11
2.349835e-10
4.363021e-11
8.290672e-11
1.732914e-10
1.584556e-10
8.296193e-10
1.725632e-10
9.131021e-10
8.569211e-11
3.056691e-10
9.895952e-11
1.995998e-10
1.631153e-10
8.349138e-10
1.726154e-10
9.132928e-10
8.569371e-11
3.056645e-10
9.895964e-11
1.995998e-10
1.631153e-10
8.349138e-10
1.726154e-10
9.132928e-10
8.569371e-11
3.056645e-10
9.895964e-11
1.995998e-10
1.631154e-10
8.349138e-10
1.726154e-10
9.132930e-10
8.569613e-11
3.057681e-10
9.905954e-11
1.998667e-10
1.635393e-10
1.051652e-09
8.357855e-10
1.238467e-09
7.362065e-11
8.692180e-11
4.122965e-10
4.794506e-09
7.463971e-09
1.070959e-08
2.191726e-09
2.975874e-09
6.158833e-10
2.565197e-10
1.627290e-10
9.303148e-11
3.639854e-11
1.302340e-10
3.831468e-10
7.191293e-09
3.260127e-10
1.465167e-09
3.118483e-09
4.638624e-09
5.077811e-10
3.893850e-10
1.782827e-10
1.943964e-10
1.617255e-10
1.918901e-10
3.306480e-10
5.493162e-10
2.103835e-09
3.851751e-09
5.969992e-09
9.567162e-10
4.180353e-10
5.511072e-10
5.553472e-10
6.247854e-10
6.448811e-09
1.679461e-09
1.722604e-09
1.615984e-09
1.445346e-09
4.676893e-10
1.162269e-09
7.398598e-10
9.542074e-10
4.382388e-10
1.726245e-09
5.240089e-08
1.347213e-08
3.080658e-09
2.093013e-09
3.994705e-09
1.422101e-09
8.854169e-10
8.538019e-09
1.352468e-08
9.740750e-10
1.181642e-08
1.127353e-08
7.241333e-09
9.724308e-08
6.344972e-10
1.162698e-09
1.135960e-08
1.598386e-09
7.291689e-09
5.836861e-10
6.822171e-09
9.269683e-09
1.697705e-08
2.954230e-08
3.178819e-08
8.071880e-09
1.191773e-09
2.935778e-10
8.211686e-09
4.026304e-09
6.099051e-09
5.728173e-09
1.988492e-09
1.598950e-09
3.518068e-09
4.269374e-09
4.288663e-09
1.583820e-08
1.295079e-08
9.613119e-09
7.482760e-10
2.119892e-08
3.818096e-09
1.728946e-08
1.156514e-08
8.996730e-09
1.024080e-08
2.027847e-08
2.134574e-08
1.033196e-08
2.091279e-08
8.193829e-08
3.020901e-08
1.655799e-08
7.458655e-09
1.052347e-09
6.606152e-10
1.374814e-08
5.695345e-10
1.109542e-09
2.034580e-08
2.942614e-08
9.282650e-09
2.266117e-09
1.996696e-09
3.329022e-09
1.971297e-09
1.472098e-09
6.089478e-08
3.835208e-09
6.038281e-09
1.767441e-08
9.698980e-08
7.248917e-09
3.841426e-09
4.608027e-09
3.937280e-08
1.322363e-07
1.145377e-08
6.965069e-09
1.273037e-08
2.457523e-09
3.045797e-08
4.564073e-09
4.917810e-09
2.980798e-09
1.092999e-08
2.617980e-08
2.337269e-08
2.102696e-09
5.569293e-10
5.495096e-11
8.096598e-11
6.742728e-11
2.490963e-11
4.580173e-11
4.873479e-11
6.423936e-11
7.013581e-11
4.338345e-09
3.568479e-09
1.035570e-09
2.982561e-10
2.796169e-09
3.316245e-09
2.004235e-10
3.970038e-09
2.592790e-10
3.525584e-10
4.620815e-10
4.608283e-11
1.988613e-10
2.236108e-11
2.498939e-11
7.703871e-11
1.263056e-09
6.063244e-11
1.234302e-09
5.448542e-10
1.499862e-10
2.041601e-10
3.546025e-11
5.566609e-11
1.491548e-10
1.435330e-10
7.996237e-10
1.752213e-10
9.094144e-10
1.122955e-10
2.451853e-10
7.654589e-11
1.781638e-10
1.427831e-10
8.137364e-10
1.762601e-10
9.098171e-10
1.123382e-10
2.451757e-10
7.654733e-11
1.781637e-10
1.427833e-10
8.137364e-10
1.762601e-10
9.098171e-10
1.123382e-10
2.451757e-10
7.654733e-11
1.781637e-10
1.427833e-10
8.137364e-10
1.762601e-10
9.098171e-10
1.123393e-10
2.452044e-10
7.660248e-11
1.782875e-10
1.429724e-10
9.102776e-10
8.162708e-10
1.189999e-09
9.634120e-11
1.381791e-10
3.573846e-10
3.831206e-09
5.464005e-09
1.027028e-08
2.162836e-09
3.321354e-09
9.764295e-10
4.090120e-10
9.599761e-10
1.228131e-10
3.462082e-11
1.430350e-10
2.590520e-10
7.023499e-09
1.509247e-10
4.565512e-10
3.286983e-09
5.642321e-09
4.293286e-10
6.413283e-10
5.329391e-10
2.303171e-10
1.735090e-10
1.888512e-10
2.376936e-10
4.059398e-10
1.482545e-09
2.972776e-09
5.722902e-09
1.535718e-09
8.130135e-10
5.919468e-10
7.539876e-10
4.629438e-10
5.391082e-09
1.527701e-09
1.653287e-09
2.440116e-09
1.566420e-09
3.766309e-10
1.369576e-09
7.614252e-10
8.004490e-10
5.728195e-10
8.700976e-10
5.067408e-08
9.152631e-09
1.571537e-09
7.131947e-09
5.361514e-09
1.125045e-09
6.582051e-10
8.287925e-09
1.073307e-08
6.400702e-10
1.156140e-08
1.127068e-08
7.787137e-09
1.068526e-07
9.219997e-10
5.409179e-10
1.142748e-08
1.354583e-09
7.495510e-09
1.409430e-09
3.585088e-09
3.907712e-09
1.534141e-08
2.979678e-08
3.230213e-08
1.543859e-08
1.629376e-08
4.342027e-10
7.556028e-09
1.257928e-09
5.434039e-09
8.079006e-09
1.965933e-09
1.091495e-09
2.556949e-09
8.652495e-10
9.391019e-10
1.883251e-08
1.711564e-08
9.343279e-09
3.930127e-10
1.987576e-08
3.560996e-09
7.205261e-09
8.287772e-09
1.255699e-08
1.564805e-08
2.193834e-08
1.679913e-08
6.308447e-09
1.643576e-08
8.336995e-08
2.180416e-08
1.410408e-08
1.484775e-08
5.501892e-09
4.217908e-09
1.123564e-08
5.405691e-10
7.030606e-10
1.999064e-08
2.527551e-08
9.598243e-09
2.839234e-09
9.742655e-10
4.698633e-09
1.962178e-09
1.292992e-09
5.054984e-08
3.841251e-09
5.625923e-09
1.735934e-08
9.425024e-08
6.672741e-09
3.635013e-09
3.750935e-09
3.611328e-08
1.339958e-07
5.651025e-09
7.687321e-09
2.023164e-08
4.001065e-09
3.022323e-08
3.050734e-09
3.494860e-09
2.615626e-09
1.034779e-08
2.581221e-08
2.442533e-08
2.660462e-09
2.249702e-09
2.036935e-10
3.196714e-11
2.479285e-11
1.458185e-11
1.418892e-11
8.093029e-12
5.142686e-12
4.739209e-12
3.221557e-10
3.838117e-10
7.588934e-10
2.200586e-10
5.173329e-10
2.836804e-10
3.523940e-10
1.533429e-09
8.788086e-11
3.263796e-10
1.708381e-10
2.414740e-11
5.845937e-11
7.258613e-12
2.188487e-11
6.831979e-12
5.308451e-11
3.195851e-11
9.509552e-10
5.811932e-11
1.499862e-10
7.479377e-11
2.314482e-12
1.075505e-11
8.805243e-12
2.184116e-11
1.139059e-10
8.669279e-11
6.364299e-10
5.619862e-11
9.845765e-11
7.467830e-12
4.003134e-11
2.271357e-11
1.218251e-10
8.823513e-11
6.373165e-10
5.629505e-11
9.843440e-11
7.470360e-12
4.003117e-11
2.271403e-11
1.218252e-10
8.823514e-11
6.373165e-10
5.629505e-11
9.843440e-11
7.470360e-12
4.003117e-11
2.271403e-11
1.218252e-10
8.823514e-11
6.373166e-10
5.629507e-11
9.843572e-11
7.470699e-12
4.004108e-11
2.271776e-11
1.235659e-10
9.972076e-11
8.779224e-10
6.253830e-11
6.479384e-11
4.180779e-11
3.744653e-10
4.266290e-10
2.232863e-09
1.323865e-09
2.683799e-09
7.168090e-10
4.840275e-10
9.623327e-10
1.032871e-10
1.085391e-11
4.934210e-11
6.303083e-11
2.061889e-10
5.353430e-11
1.662414e-10
8.680326e-10
3.130147e-09
1.936262e-10
2.646934e-10
4.736459e-10
1.107760e-10
5.865988e-11
3.738857e-11
4.004767e-11
3.012711e-11
9.643963e-11
3.498744e-10
9.328007e-10
6.080291e-10
5.923122e-10
3.834856e-10
1.504824e-10
1.599875e-10
5.601944e-10
2.007091e-10
1.111120e-09
1.676474e-09
1.006298e-09
1.766775e-10
6.040592e-10
3.918182e-10
3.321398e-10
2.422311e-10
1.304138e-10
7.830600e-10
3.853913e-09
8.554790e-10
1.942088e-09
3.400601e-09
9.014145e-10
3.279434e-10
1.339902e-09
4.460040e-09
1.541971e-10
2.555102e-09
3.986552e-09
6.336516e-09
9.150325e-08
5.716853e-10
1.535722e-10
1.701856e-09
8.471421e-10
6.156962e-09
2.839502e-10
1.455812e-09
1.556591e-10
1.488268e-09
1.220551e-08
2.907711e-08
1.449944e-08
1.683447e-08
6.853759e-10
1.425726e-10
5.952921e-10
1.164769e-09
1.257522e-09
1.707565e-09
7.820630e-10
3.372599e-10
1.599304e-10
2.381992e-10
6.798828e-09
1.240542e-08
7.002376e-09
6.770141e-10
1.430144e-09
3.734057e-10
2.586696e-09
5.939180e-09
1.828709e-09
6.140134e-09
7.040793e-09
1.582121e-09
1.181639e-09
4.959000e-09
3.193613e-08
1.104443e-08
1.284631e-08
4.981251e-09
3.854944e-09
3.716411e-09
1.458808e-09
2.347425e-10
2.740050e-10
4.070657e-09
1.866815e-08
4.861048e-09
6.631733e-10
6.248644e-10
5.599306e-10
1.439920e-09
4.501036e-10
9.561692e-09
1.885322e-09
2.725412e-09
2.753002e-09
3.773218e-08
4.140631e-09
6.771739e-10
1.035151e-09
1.422450e-08
6.147119e-08
3.957661e-09
5.849961e-09
8.423061e-09
4.253367e-09
1.231201e-08
3.965956e-10
2.815054e-10
4.330819e-10
2.950865e-09
7.881562e-09
1.829417e-08
2.605711e-09
2.257059e-09
1.448200e-10
4.366123e-11
1.562233e-11
1.952150e-12
8.815127e-12
7.044013e-12
2.172597e-12
7.410378e-13
1.358801e-11
1.999619e-11
1.617911e-10
2.139296e-10
4.416383e-10
3.663515e-10
1.033856e-10
4.661830e-10
9.830216e-11
1.838865e-10
4.948115e-10
6.469826e-12
1.964541e-11
9.483949e-12
1.784752e-11
1.317026e-11
7.894803e-12
3.443859e-12
3.041818e-10
5.180354e-11
9.912536e-11
2.041601e-10
2.314482e-12
2.140207e-12
4.167492e-12
6.948948e-12
2.557234e-11
1.837138e-11
2.045652e-10
1.038722e-10
8.151984e-11
3.982442e-11
3.005729e-11
1.380766e-11
3.339544e-11
1.674994e-11
2.074615e-10
1.064527e-10
8.120640e-11
4.001263e-11
3.005601e-11
1.382192e-11
3.339557e-11
1.675003e-11
2.074615e-10
1.064527e-10
8.120640e-11
4.001263e-11
3.005601e-11
1.382192e-11
3.339557e-11
1.675003e-11
2.074615e-10
1.064527e-10
8.120646e-11
4.001265e-11
3.005611e-11
1.382225e-11
3.344150e-11
1.699744e-11
2.125501e-10
1.160412e-10
8.127028e-11
4.874824e-11
8.788642e-11
3.319776e-11
1.334089e-10
5.414419e-10
1.778010e-09
4.875645e-10
4.748189e-10
1.295758e-09
1.680791e-10
5.697644e-11
2.807831e-11
1.153433e-11
3.577275e-11
7.849483e-12
2.193337e-11
4.407578e-10
1.694320e-09
2.027897e-10
1.005009e-10
4.785616e-10
1.145077e-10
2.673993e-11
2.392472e-11
2.872565e-11
1.621788e-11
1.838046e-11
6.643874e-11
2.383292e-10
2.958157e-10
3.047119e-10
4.405601e-10
2.881500e-10
1.739691e-10
3.610260e-10
1.061736e-10
3.858357e-10
1.343494e-09
9.068734e-10
2.816048e-10
1.606243e-10
2.086726e-10
2.395135e-10
2.180416e-10
9.135222e-11
1.441362e-10
3.075763e-10
6.159015e-10
1.261571e-09
2.155617e-09
2.383263e-09
2.028653e-10
7.170131e-10
6.191722e-10
3.239218e-10
5.692240e-10
4.849988e-10
1.382402e-09
6.989439e-08
5.820639e-10
1.223436e-10
1.305664e-09
2.556123e-10
4.924924e-09
1.910388e-10
2.372671e-10
8.226141e-10
5.103417e-11
1.846512e-09
7.632820e-09
1.276314e-08
1.667337e-08
2.146033e-09
6.660806e-10
2.672641e-10
3.585427e-10
1.538530e-10
3.998212e-10
6.036108e-10
1.680592e-10
1.467748e-10
1.690578e-10
1.599217e-09
5.584974e-09
3.824695e-09
2.086652e-10
9.391446e-10
3.031210e-10
2.764838e-10
4.633026e-09
7.949949e-10
3.115581e-09
2.519416e-09
1.464078e-09
3.046933e-10
1.345128e-09
8.816012e-09
3.738371e-09
8.338518e-09
3.520703e-09
5.788223e-09
4.954110e-09
1.931685e-09
1.919513e-10
7.208530e-11
6.924217e-10
2.698096e-09
3.692698e-09
4.393190e-10
4.835849e-10
4.926727e-10
6.106974e-10
5.285983e-10
1.341163e-09
1.489023e-09
1.387780e-09
6.391847e-10
3.826085e-09
2.891937e-09
6.239589e-10
6.490693e-10
2.855037e-09
2.222294e-08
2.362343e-09
3.344400e-09
5.113630e-09
3.856792e-09
1.001474e-08
2.081312e-10
1.740506e-10
1.800910e-10
6.655362e-10
1.738030e-09
4.278121e-09
2.336863e-09
2.380196e-09
3.297433e-10
4.284549e-10
1.398245e-10
1.388177e-11
6.446907e-12
6.826600e-12
2.080208e-12
5.907538e-13
7.944658e-12
3.062121e-12
3.845605e-11
1.650556e-10
4.578683e-10
5.805537e-10
6.946172e-10
2.088747e-10
1.278777e-10
3.917445e-10
6.191194e-10
8.373931e-11
2.842707e-11
1.814983e-11
6.296076e-11
2.136594e-11
1.016110e-10
1.044284e-11
5.896341e-11
5.337327e-11
1.042739e-10
2.349835e-10
3.546025e-11
1.075505e-11
4.167492e-12
1.171225e-11
8.114731e-12
1.763766e-11
9.168393e-11
1.268329e-10
3.591141e-10
1.678786e-10
4.834894e-10
4.645152e-11
3.335418e-11
2.084527e-11
7.614027e-11
1.368003e-10
3.426511e-10
1.721073e-10
4.833001e-10
4.662517e-11
3.336111e-11
2.085036e-11
7.614028e-11
1.368003e-10
3.426510e-10
1.721073e-10
4.833001e-10
4.662517e-11
3.336111e-11
2.085036e-11
7.614028e-11
1.368003e-10
3.426511e-10
1.721073e-10
4.833001e-10
4.662520e-11
3.337662e-11
2.089364e-11
7.701173e-11
1.385713e-10
3.534493e-10
1.790505e-10
5.230506e-10
1.440763e-10
1.007764e-10
2.307380e-10
1.646705e-09
5.359267e-10
6.907318e-10
1.523259e-09
6.915163e-10
4.399569e-10
2.942136e-10
7.315963e-12
2.306067e-11
1.119694e-11
3.651732e-12
3.249794e-10
1.326153e-09
1.596869e-10
1.235216e-10
7.069465e-10
1.786590e-10
7.249663e-11
4.196064e-11
1.036957e-10
9.191305e-11
5.359471e-11
7.291428e-11
1.240800e-10
6.708037e-10
4.237697e-10
5.691556e-10
1.039459e-09
9.025438e-10
1.015170e-09
6.493490e-10
4.439098e-10
1.608258e-09
1.315295e-09
6.419626e-10
6.768084e-10
6.357717e-10
1.012813e-09
3.034968e-10
1.972644e-10
3.958395e-10
5.882009e-10
1.191881e-10
2.848068e-09
1.889771e-09
2.299373e-09
2.501545e-09
1.157320e-09
2.187702e-09
6.662542e-10
5.282253e-10
3.977772e-10
7.679070e-10
3.884305e-08
5.115308e-10
2.986014e-10
2.625584e-09
6.091016e-10
2.010725e-09
2.201555e-10
2.146925e-10
9.749148e-10
1.985951e-10
2.180708e-10
2.924979e-09
9.464466e-09
1.638017e-08
2.398996e-09
4.032878e-09
1.648143e-08
2.967995e-10
1.348411e-10
2.770996e-10
2.874747e-10
1.794781e-10
2.538892e-10
2.809045e-10
1.024453e-09
2.962710e-09
2.369239e-09
3.075409e-10
8.593322e-10
1.077408e-09
1.348413e-09
3.386072e-09
9.148067e-10
2.889059e-09
1.624654e-09
3.316195e-09
1.086831e-09
3.270553e-09
4.474510e-09
2.014614e-09
6.731484e-09
2.952063e-09
1.070348e-08
9.695680e-09
6.625958e-09
2.181197e-09
8.289450e-10
1.760264e-10
8.085066e-10
1.558811e-09
3.375772e-10
7.016316e-10
5.027284e-10
1.098427e-09
3.062484e-10
1.082057e-09
1.943743e-09
6.312221e-10
4.269524e-10
1.372080e-09
2.154300e-09
6.211888e-10
8.672019e-10
2.294713e-09
1.187531e-08
1.726575e-09
2.414516e-09
3.520191e-09
7.662807e-09
7.959102e-09
1.750780e-09
2.439386e-09
5.922875e-10
2.113286e-10
9.231305e-10
2.577454e-09
1.137315e-09
2.369155e-09
9.924404e-10
2.652654e-09
3.895773e-09
1.494990e-10
2.350461e-10
4.455878e-13
6.559876e-13
5.032806e-13
1.711817e-12
1.338435e-12
2.671962e-12
4.190317e-11
1.980523e-10
5.808444e-10
7.441414e-10
2.779060e-10
2.216043e-10
4.164552e-10
5.995181e-10
9.970579e-11
1.519739e-10
2.756384e-11
6.424169e-11
6.188588e-11
1.106331e-10
5.508178e-11
1.107775e-11
2.015280e-11
5.937873e-11
2.033901e-10
4.363021e-11
5.566609e-11
8.805243e-12
6.948948e-12
8.114731e-12
1.436897e-11
4.714916e-11
1.238006e-10
3.838052e-10
3.480361e-10
6.626367e-10
2.312868e-10
4.047096e-11
5.388237e-11
3.743395e-11
1.164819e-10
3.566515e-10
3.774133e-10
6.621443e-10
2.349276e-10
4.049245e-11
5.391842e-11
3.743404e-11
1.164819e-10
3.566513e-10
3.774133e-10
6.621443e-10
2.349276e-10
4.049245e-11
5.391843e-11
3.743404e-11
1.164819e-10
3.566514e-10
3.774133e-10
6.621443e-10
2.349276e-10
4.049277e-11
5.392767e-11
3.757182e-11
1.167413e-10
3.584014e-10
3.849362e-10
6.985571e-10
3.265123e-10
2.468275e-10
2.510975e-10
7.255470e-10
4.779619e-10
6.219252e-10
1.010008e-09
7.763407e-10
6.608183e-10
4.193968e-10
3.247887e-11
1.009759e-11
9.135796e-12
1.626040e-12
1.382700e-11
8.344964e-11
9.183196e-11
7.253221e-11
5.114266e-10
1.597722e-10
2.811059e-10
1.937886e-10
1.608475e-10
2.823319e-10
1.605925e-10
1.469927e-10
1.698844e-10
3.757697e-10
4.804596e-10
1.151714e-09
1.521229e-09
2.037987e-09
1.915953e-09
1.731083e-09
1.229918e-09
7.294960e-10
1.209368e-09
1.972318e-09
1.653221e-09
1.329265e-09
1.538421e-09
6.786603e-10
4.779714e-10
5.273785e-10
4.530325e-10
7.605499e-11
4.349931e-10
3.833338e-09
4.148227e-09
2.911770e-09
3.405752e-09
3.767579e-09
1.472936e-09
4.348495e-10
7.354313e-10
1.884182e-10
3.792545e-09
1.860686e-10
3.765634e-10
2.684397e-09
6.319345e-10
6.316157e-10
1.405485e-10
2.589804e-10
1.006878e-09
1.987350e-10
3.261558e-10
1.683784e-10
9.905404e-10
4.244310e-09
2.780321e-09
4.634855e-09
2.007531e-08
3.814353e-09
1.862984e-10
2.399051e-10
1.413331e-10
7.981798e-11
2.867670e-10
3.300305e-10
3.670657e-10
6.760435e-10
4.316826e-10
4.727888e-10
1.154782e-09
1.480147e-09
1.753032e-09
1.544469e-09
4.332364e-10
3.109020e-09
9.966551e-10
3.660833e-09
2.089439e-09
3.777351e-09
9.342477e-10
8.346682e-10
2.404181e-09
1.772078e-09
1.136605e-08
9.311419e-09
7.320713e-09
2.819236e-09
1.543768e-09
8.583116e-11
1.799448e-10
1.890289e-10
9.981125e-11
6.949122e-10
4.205802e-10
6.759185e-10
2.820752e-10
3.514863e-10
1.717759e-09
3.913740e-10
6.913122e-10
6.807011e-10
5.023952e-10
3.604594e-10
1.059215e-09
2.458576e-09
2.788906e-09
1.997337e-09
2.357289e-09
2.233608e-09
7.426018e-09
6.520176e-09
2.744686e-09
1.060315e-08
8.357903e-10
8.241203e-11
9.612971e-11
5.103382e-10
5.956764e-10
1.074960e-09
1.226640e-09
3.477328e-09
5.354460e-09
6.735570e-10
5.249069e-10
9.796848e-11
3.404700e-13
5.108457e-13
1.621460e-12
4.262787e-12
4.606309e-12
2.901377e-11
1.104585e-10
5.534994e-10
9.739172e-10
5.045489e-10
6.639667e-10
1.011896e-09
7.026432e-10
1.465315e-10
2.270897e-10
4.334731e-10
8.918151e-11
2.446189e-10
1.745028e-10
1.687628e-10
1.275291e-10
4.498080e-11
4.610048e-11
2.055217e-10
7.240267e-11
8.290672e-11
1.491548e-10
2.184116e-11
2.557234e-11
1.763766e-11
4.714916e-11
2.298903e-10
5.778987e-10
4.623523e-10
1.231010e-09
7.714072e-10
5.952338e-10
1.273557e-10
5.998854e-11
2.370162e-10
4.267187e-10
5.247106e-10
1.228415e-09
7.965922e-10
5.960726e-10
1.275247e-10
5.998908e-11
2.370165e-10
4.267183e-10
5.247106e-10
1.228414e-09
7.965923e-10
5.960726e-10
1.275247e-10
5.998908e-11
2.370165e-10
4.267183e-10
5.247106e-10
1.228415e-09
7.965923e-10
5.960726e-10
1.275249e-10
6.001483e-11
2.370617e-10
4.269755e-10
5.258444e-10
1.269093e-09
8.929932e-10
7.992843e-10
1.008956e-09
6.935970e-10
6.277425e-10
6.995369e-10
1.538546e-09
1.107893e-09
7.518447e-10
1.483098e-09
3.223351e-10
1.829785e-10
2.139391e-11
5.048157e-12
1.677341e-11
9.231334e-12
3.948484e-11
9.422894e-11
2.549656e-10
6.989840e-10
3.273851e-10
3.583577e-10
7.396320e-10
1.298815e-09
4.350940e-10
5.800890e-10
2.941029e-10
2.661668e-10
7.438876e-10
1.961613e-09
2.277297e-09
3.674585e-09
5.289205e-09
5.363909e-09
3.218195e-09
1.913543e-09
1.308706e-09
1.797264e-09
4.281038e-09
3.570915e-09
3.956928e-09
2.724425e-09
1.728937e-09
1.034494e-09
7.679720e-10
2.549993e-10
2.656521e-10
2.097280e-10
1.248290e-08
6.668291e-09
6.384930e-09
1.285230e-08
5.195873e-09
1.716686e-09
1.124949e-09
7.719660e-10
6.477047e-10
1.492955e-10
4.098308e-10
2.685542e-09
8.912033e-10
4.132993e-09
5.463998e-10
3.122684e-10
1.327753e-09
3.831334e-10
3.199194e-10
1.298679e-09
1.771281e-10
7.760346e-10
3.043935e-09
6.920172e-09
2.170171e-08
3.285620e-08
5.404160e-09
4.620222e-10
2.692335e-10
1.661561e-10
2.501184e-10
6.283277e-10
3.587725e-10
3.997963e-10
5.512084e-10
5.499467e-10
5.778428e-10
2.057187e-09
2.924860e-09
3.030151e-09
2.813875e-09
8.873432e-10
1.624857e-09
5.755978e-09
5.764876e-09
5.293451e-09
3.070454e-09
1.211667e-09
1.596602e-09
1.707042e-09
1.155155e-08
1.199763e-08
1.011116e-08
3.587356e-09
3.762856e-09
6.172785e-10
1.044600e-10
1.164295e-10
6.704241e-11
5.614341e-10
5.060360e-10
8.945072e-10
3.723667e-10
8.442388e-10
8.473996e-10
1.229298e-09
7.039181e-10
7.389083e-10
1.354761e-09
1.074541e-09
6.795646e-10
2.553751e-09
3.596435e-09
4.448796e-09
4.254485e-09
3.694779e-09
7.897272e-09
9.589312e-09
7.734098e-09
2.030077e-08
5.620696e-09
2.028024e-10
3.075668e-10
1.121843e-10
1.815939e-10
9.098361e-10
1.702519e-09
4.230759e-09
1.147625e-08
4.240475e-09
2.053727e-09
5.638994e-10
2.902369e-10
3.967936e-13
1.385287e-12
4.268926e-12
7.918741e-12
6.407919e-12
3.120059e-11
4.590642e-10
9.275426e-10
5.854810e-10
8.992415e-10
1.632466e-09
8.106884e-10
2.045066e-10
5.185514e-10
5.770570e-10
3.086868e-10
4.456098e-10
2.243531e-10
5.946593e-10
1.489729e-10
3.003921e-10
4.471398e-11
9.868495e-11
1.463286e-10
9.129240e-11
1.732914e-10
1.435330e-10
1.139059e-10
1.837138e-11
9.168393e-11
1.238006e-10
5.778987e-10
6.644527e-10
1.374289e-09
1.306616e-09
1.125421e-09
9.015031e-10
1.139215e-10
2.045691e-10
4.889522e-10
6.645270e-10
1.370529e-09
1.468612e-09
1.131320e-09
9.091094e-10
1.139240e-10
2.045713e-10
4.889500e-10
6.645272e-10
1.370529e-09
1.468613e-09
1.131320e-09
9.091094e-10
1.139240e-10
2.045713e-10
4.889500e-10
6.645272e-10
1.370529e-09
1.468613e-09
1.131320e-09
9.091094e-10
1.139246e-10
2.045792e-10
4.889835e-10
6.647468e-10
1.377087e-09
1.566133e-09
1.338034e-09
1.778088e-09
1.100439e-09
1.096852e-09
6.923198e-10
1.088224e-09
1.333155e-09
1.292494e-09
1.826190e-09
1.743983e-09
1.065489e-09
1.918164e-10
1.649464e-11
5.828225e-11
1.219285e-11
5.712542e-12
6.368539e-11
1.990184e-10
5.896628e-10
1.726760e-10
4.590439e-10
9.724605e-10
3.245527e-09
8.120226e-10
1.372382e-09
6.283582e-10
4.072365e-10
4.265919e-10
7.326914e-10
3.055473e-09
5.268608e-09
6.637693e-09
9.965098e-09
5.587320e-09
3.894565e-09
3.115369e-09
1.645394e-09
3.970023e-09
4.672439e-09
6.222624e-09
5.794249e-09
5.350006e-09
2.082198e-09
1.069555e-09
4.943661e-10
5.338415e-10
4.628133e-10
9.812512e-10
4.695039e-09
1.623232e-08
1.652008e-08
1.610183e-08
5.278747e-09
2.666712e-09
1.106571e-09
8.272338e-10
1.399056e-10
4.008848e-10
2.014721e-09
9.622419e-10
9.012099e-09
1.341846e-09
9.813771e-10
9.797823e-10
8.871323e-10
5.412073e-10
1.474962e-09
1.071086e-09
5.103711e-10
1.174360e-09
5.750318e-09
2.250073e-08
3.774020e-08
1.833837e-08
1.070361e-08
4.465911e-10
7.645267e-10
2.802695e-10
5.586777e-10
4.107349e-10
6.053718e-10
5.361348e-10
3.632792e-10
6.517360e-10
2.905566e-09
2.611060e-09
3.990092e-09
6.468370e-09
2.241289e-09
8.387813e-10
4.906276e-09
6.553784e-09
8.304420e-09
6.331879e-09
4.210266e-09
6.530462e-10
1.433074e-09
1.482117e-08
1.062222e-08
1.232490e-08
4.735623e-09
6.410056e-09
2.122589e-09
5.621012e-10
1.482000e-10
9.676813e-11
9.335064e-10
3.103408e-10
1.112560e-09
4.631524e-10
9.686221e-10
7.350710e-10
8.724999e-10
1.080397e-09
1.010442e-09
1.407922e-09
6.871315e-09
1.144980e-09
2.011145e-09
3.233275e-09
8.206704e-09
2.327397e-09
5.661038e-09
1.260723e-08
1.013508e-08
1.254719e-08
4.009096e-08
7.824680e-09
1.647908e-09
1.407021e-09
3.345836e-10
1.370769e-10
5.064191e-10
1.238653e-09
4.001575e-09
1.338354e-08
9.383491e-09
6.089004e-09
2.003306e-09
1.234493e-09
7.330896e-10
1.853165e-13
4.660023e-12
7.731016e-12
3.660256e-11
2.883348e-11
9.812574e-11
4.210210e-10
8.740096e-10
1.032588e-09
1.828228e-09
1.013064e-09
3.180868e-10
1.090375e-09
1.860261e-09
3.036009e-10
2.091179e-09
2.574404e-10
1.824294e-09
2.151551e-10
4.014153e-10
1.573285e-10
6.061245e-11
1.618140e-10
1.318179e-10
2.015618e-10
1.584556e-10
7.996237e-10
8.669279e-11
2.045652e-10
1.268329e-10
3.838052e-10
4.623523e-10
1.374289e-09
1.556913e-09
1.601834e-09
1.584845e-09
5.969550e-10
3.880902e-10
3.877574e-10
4.873092e-10
1.068554e-09
1.913668e-09
1.640187e-09
1.638654e-09
5.970665e-10
3.881007e-10
3.877438e-10
4.873107e-10
1.068554e-09
1.913669e-09
1.640187e-09
1.638654e-09
5.970665e-10
3.881007e-10
3.877438e-10
4.873107e-10
1.068554e-09
1.913669e-09
1.640187e-09
1.638654e-09
5.970667e-10
3.881012e-10
3.877522e-10
4.873434e-10
1.069865e-09
1.936331e-09
1.837696e-09
2.486445e-09
1.366384e-09
3.064601e-09
6.356071e-10
1.157474e-09
1.071884e-09
5.940897e-10
1.954586e-09
3.601132e-09
4.935199e-09
1.949735e-09
3.057413e-10
2.053625e-10
6.860817e-11
1.187752e-11
3.900214e-11
6.061170e-11
7.360724e-10
8.610355e-11
9.147312e-10
1.006630e-09
5.253355e-09
1.096379e-09
3.361084e-09
1.340370e-09
6.648510e-10
6.163747e-10
5.571600e-10
8.997384e-10
2.684892e-09
8.427288e-09
1.246121e-08
8.332294e-09
6.334574e-09
6.278298e-09
2.887073e-09
3.322588e-09
3.646623e-09
7.127641e-09
7.018913e-09
9.363393e-09
5.104818e-09
1.824461e-09
7.029572e-10
8.257252e-10
1.822026e-09
1.674271e-10
1.734981e-09
1.285757e-08
1.495217e-08
2.604848e-08
1.672455e-08
6.263519e-09
2.771168e-09
8.223210e-10
5.012327e-10
6.328658e-10
1.004303e-09
5.011403e-10
1.066846e-08
3.567460e-09
7.228455e-09
3.470257e-09
4.178411e-10
6.411726e-10
2.275167e-09
1.495583e-09
5.361375e-09
2.387810e-10
2.296514e-09
1.021950e-08
3.802841e-08
2.375111e-08
6.221512e-08
8.750740e-09
1.723956e-09
6.183717e-10
6.885401e-10
1.821377e-10
9.193405e-10
9.056613e-10
6.106613e-10
4.449591e-10
1.208955e-09
2.488037e-09
6.001047e-09
9.892664e-09
8.149050e-09
3.225410e-09
6.888224e-10
8.891575e-09
6.154612e-09
1.078790e-08
9.024564e-09
3.247986e-09
1.763326e-09
2.114630e-08
7.603920e-09
1.196335e-08
5.333335e-09
9.492763e-09
5.971957e-09
1.745135e-09
1.671860e-09
2.953786e-10
6.835799e-09
3.302867e-10
7.853133e-10
5.101038e-10
1.677813e-09
4.126233e-10
1.498277e-09
4.505096e-10
1.335534e-09
2.106545e-09
1.163304e-08
1.956056e-09
2.510518e-09
2.602408e-09
9.412555e-09
3.771455e-09
6.253489e-09
6.315883e-09
1.517034e-08
1.746899e-08
7.065499e-08
1.257096e-08
2.787326e-09
1.068864e-08
2.549012e-09
7.631030e-10
4.712933e-10
5.463687e-10
2.167926e-09
1.080017e-08
1.200317e-08
1.602060e-08
4.851605e-09
4.117061e-09
3.005114e-09
3.818351e-10
3.853942e-12
7.650321e-12
3.675764e-11
3.983388e-11
1.124375e-10
2.857393e-10
4.348835e-10
9.158163e-10
2.249951e-09
9.651055e-10
3.289852e-10
2.205067e-09
2.539151e-09
3.968564e-10
2.185539e-09
3.974601e-10
2.415827e-09
2.373624e-10
6.887339e-10
1.645984e-10
9.548662e-11
1.680567e-10
1.100894e-10
2.004946e-10
1.614421e-10
8.296193e-10
1.752213e-10
6.364299e-10
1.038722e-10
3.591141e-10
3.480361e-10
1.231010e-09
1.306616e-09
1.601834e-09
1.856221e-09
6.657732e-10
6.902653e-10
4.311723e-10
3.746256e-10
9.319548e-10
1.640903e-09
1.688321e-09
2.215354e-09
6.666117e-10
6.907374e-10
4.311096e-10
3.746347e-10
9.319546e-10
1.640907e-09
1.688321e-09
2.215356e-09
6.666117e-10
6.907374e-10
4.311096e-10
3.746347e-10
9.319546e-10
1.640907e-09
1.688321e-09
2.215356e-09
6.666118e-10
6.907377e-10
4.311120e-10
3.746510e-10
9.325834e-10
1.651175e-09
1.774848e-09
3.055197e-09
1.387686e-09
3.316782e-09
8.300941e-10
1.110113e-09
9.750018e-10
3.337174e-10
1.837827e-09
3.098107e-09
5.642708e-09
6.949702e-09
2.300478e-09
9.581193e-10
1.800252e-10
3.357841e-11
6.015437e-11
4.387019e-11
6.714992e-10
3.017398e-11
7.279111e-10
1.232597e-09
6.307361e-09
7.413114e-10
5.382495e-09
1.569660e-09
9.652929e-10
1.033918e-09
5.439367e-10
7.235884e-10
1.659869e-09
4.372725e-09
8.951169e-09
1.079113e-08
9.106630e-09
7.747373e-09
4.163940e-09
3.914499e-09
3.100619e-09
4.995259e-09
6.358047e-09
9.809906e-09
6.178220e-09
3.838098e-09
1.081780e-09
1.191707e-09
2.058955e-09
2.358469e-10
1.325949e-09
2.872926e-09
1.466532e-08
2.285986e-08
1.484293e-08
1.945910e-08
5.547679e-09
1.486312e-09
8.344837e-10
9.516033e-10
1.005284e-09
2.930134e-10
1.130608e-08
3.701655e-09
9.792358e-09
5.347117e-09
9.655529e-10
9.203435e-10
1.977713e-09
1.883913e-09
6.229541e-09
1.125632e-09
2.652019e-09
2.919771e-09
3.480333e-08
2.499867e-08
6.574815e-08
1.625304e-08
1.519915e-08
1.308817e-09
1.947164e-09
1.303150e-10
8.711514e-10
1.144957e-09
6.997279e-10
4.953090e-10
2.471921e-09
1.067489e-09
2.986011e-09
1.110845e-08
1.193908e-08
4.820588e-09
8.897594e-10
8.303508e-09
3.459254e-09
1.063588e-08
8.998877e-09
4.741953e-09
6.490938e-09
3.214421e-08
6.269391e-09
9.465221e-09
3.967045e-09
1.225755e-08
8.004971e-09
3.701687e-09
3.890240e-09
1.695100e-09
1.987573e-08
9.701357e-10
1.088253e-09
3.768170e-10
1.821526e-09
4.901850e-10
1.693340e-09
6.846051e-10
5.524915e-10
3.062828e-09
1.418723e-08
2.348709e-09
6.194752e-09
1.858547e-09
9.244857e-09
4.517553e-09
1.005643e-08
5.444992e-09
8.438676e-09
1.315543e-08
8.113203e-08
1.801509e-08
4.898664e-09
1.509931e-08
1.014590e-08
2.825873e-09
1.048215e-09
4.676156e-10
1.182069e-09
9.752708e-09
1.163224e-08
1.679305e-08
6.308177e-09
6.088795e-09
8.341743e-09
1.372649e-09
3.653339e-10
3.855622e-12
3.492767e-11
3.780025e-11
6.161335e-11
3.037197e-11
1.374686e-10
4.553722e-10
1.132366e-09
8.506959e-10
6.978952e-10
2.442530e-09
2.780932e-09
4.630560e-10
2.030485e-09
3.336024e-10
2.769323e-09
1.270883e-10
7.354904e-10
1.605295e-10
9.993272e-11
1.554395e-10
7.079936e-11
7.999815e-11
1.511187e-10
7.967222e-10
1.725632e-10
9.094144e-10
5.619862e-11
8.151984e-11
1.678786e-10
6.626367e-10
7.714072e-10
1.125421e-09
1.584845e-09
6.657732e-10
8.015485e-10
4.232202e-10
1.245042e-10
3.643469e-10
1.100129e-09
1.213809e-09
1.994964e-09
6.684624e-10
8.031136e-10
4.230235e-10
1.245201e-10
3.643465e-10
1.100138e-09
1.213809e-09
1.994966e-09
6.684624e-10
8.031136e-10
4.230235e-10
1.245201e-10
3.643465e-10
1.100138e-09
1.213809e-09
1.994966e-09
6.684625e-10
8.031137e-10
4.230238e-10
1.245206e-10
3.644706e-10
1.102063e-09
1.227300e-09
2.123106e-09
1.254239e-09
3.200977e-09
6.992921e-10
8.768167e-10
5.929912e-10
1.788493e-10
9.553648e-10
2.949046e-09
5.539033e-09
6.813016e-09
7.451078e-09
1.484409e-09
3.001432e-10
5.766539e-11
5.051042e-11
3.147814e-11
2.812391e-10
1.467226e-11
5.965464e-10
9.213037e-10
5.675718e-09
4.648896e-10
5.173304e-09
1.249800e-09
9.154912e-10
1.337644e-09
4.502846e-10
3.581790e-10
5.196526e-10
1.354885e-09
4.805449e-09
4.651367e-09
5.591354e-09
1.033467e-08
5.692712e-09
2.557787e-09
2.344623e-09
2.714312e-09
3.989373e-09
7.505068e-09
4.846870e-09
4.457624e-09
1.819911e-09
1.132791e-09
2.031346e-09
3.977438e-10
8.113121e-10
1.392356e-09
1.959552e-09
1.166481e-08
1.449878e-08
1.573933e-08
6.932348e-09
3.943368e-09
3.451360e-09
9.003274e-10
1.054983e-09
1.114625e-10
7.865923e-09
3.200770e-09
1.005387e-08
5.424334e-09
1.639224e-09
1.536377e-09
8.020785e-10
2.179829e-09
5.792690e-09
1.015558e-09
3.975817e-09
2.925623e-10
5.827948e-09
1.812821e-08
6.371619e-08
1.797401e-08
1.793018e-08
2.874225e-09
2.055441e-09
1.376816e-10
6.327502e-10
7.970446e-10
7.970491e-10
5.435986e-10
2.321805e-09
6.484667e-10
1.484863e-09
7.601152e-09
9.534273e-09
6.214118e-09
4.043371e-09
5.072518e-09
8.676762e-10
1.153915e-08
5.524025e-09
4.726367e-09
6.295247e-09
3.354245e-08
2.304014e-09
7.121130e-09
3.000606e-09
7.468377e-09
9.964563e-09
1.016762e-08
8.796062e-09
5.168266e-09
2.513830e-08
1.544702e-09
1.641425e-09
2.234972e-10
1.073737e-09
5.215067e-10
1.706797e-09
1.091226e-09
8.075734e-10
2.932450e-09
1.390906e-08
1.454630e-09
6.019071e-09
1.827838e-09
6.008792e-09
2.687255e-09
1.005110e-08
5.810914e-09
4.042754e-09
7.805057e-09
6.204329e-08
9.321495e-09
1.130005e-08
1.850154e-08
1.132384e-08
6.600016e-09
1.129996e-09
4.924116e-10
4.751882e-10
3.465355e-09
8.430322e-09
1.506786e-08
5.894024e-09
6.180297e-09
9.327251e-09
2.217673e-09
8.588863e-10
3.615420e-11
3.258880e-11
3.693240e-11
5.684783e-11
7.665634e-12
8.491055e-11
1.559700e-10
4.816847e-10
4.397617e-10
2.628678e-10
2.375894e-09
3.534227e-09
5.219868e-10
1.846573e-09
3.432262e-10
2.580075e-09
2.409565e-10
5.964393e-10
1.419401e-10
1.091226e-10
1.004553e-10
1.012670e-10
4.188504e-11
5.222231e-11
7.179859e-10
1.672597e-10
9.131021e-10
1.122955e-10
9.845765e-11
3.982442e-11
4.834894e-10
2.312868e-10
5.952338e-10
9.015031e-10
5.969550e-10
6.902653e-10
4.232202e-10
2.236771e-10
9.686929e-11
5.815425e-10
6.886686e-10
1.305653e-09
6.081203e-10
6.942086e-10
4.222572e-10
2.241192e-10
9.686786e-11
5.815784e-10
6.886700e-10
1.305656e-09
6.081203e-10
6.942086e-10
4.222572e-10
2.241192e-10
9.686786e-11
5.815784e-10
6.886700e-10
1.305656e-09
6.081203e-10
6.942086e-10
4.222573e-10
2.241194e-10
9.687361e-11
5.821951e-10
6.906960e-10
1.324797e-09
6.908817e-10
2.869408e-09
6.309957e-10
7.958799e-10
3.530351e-10
1.340834e-10
4.402465e-10
2.393911e-09
5.046158e-09
7.233448e-09
9.029647e-09
1.792667e-09
8.392593e-10
4.761701e-10
5.323147e-11
3.631587e-11
2.562923e-10
4.781651e-12
5.611829e-10
8.418446e-10
4.156115e-09
3.747784e-10
4.851078e-09
1.014630e-09
9.176399e-10
1.152203e-09
3.835634e-10
2.324046e-10
2.070349e-10
3.014479e-10
1.203945e-09
2.504251e-09
2.567518e-09
5.746613e-09
4.329698e-09
4.224358e-09
1.715951e-09
1.657824e-09
2.079492e-09
3.932562e-09
3.905534e-09
2.868879e-09
1.446327e-09
1.962657e-09
2.213309e-09
2.598879e-10
6.160566e-10
1.380694e-09
1.729383e-09
1.343988e-09
1.050618e-08
6.398378e-09
6.857401e-09
1.125305e-08
1.026052e-08
1.538513e-09
1.013379e-09
2.460060e-10
4.371953e-09
2.627235e-09
9.719230e-09
5.060713e-09
2.440696e-09
2.443586e-09
8.716138e-10
2.105609e-09
5.512557e-09
1.094701e-09
3.379079e-09
1.248106e-09
1.025405e-09
8.623925e-09
5.717248e-08
1.529412e-08
1.599104e-08
7.176752e-09
1.439280e-08
1.375642e-10
6.280419e-10
6.998715e-10
5.363079e-10
6.396903e-10
2.690847e-09
5.169411e-10
1.528951e-09
5.297251e-09
8.279215e-09
5.050161e-09
2.280918e-09
5.551854e-09
2.514275e-09
1.071412e-08
3.913589e-09
4.046578e-09
3.709223e-09
3.265157e-08
3.201040e-09
8.192026e-09
2.065127e-09
5.815032e-09
9.136809e-09
1.057156e-08
1.298726e-08
9.667208e-09
3.623905e-08
7.355901e-09
2.918676e-09
1.942417e-10
8.899875e-10
3.850814e-10
1.524172e-09
1.504565e-09
9.240111e-10
4.892554e-09
9.502745e-09
1.329273e-09
5.664660e-09
6.944291e-10
4.218549e-09
2.467865e-09
9.217223e-09
4.328330e-09
3.742928e-09
5.044302e-09
4.716294e-08
6.421398e-09
4.066307e-09
1.531733e-08
1.728070e-08
7.407782e-09
3.193150e-09
1.402349e-09
1.026860e-09
1.285105e-09
5.248544e-09
1.246124e-08
4.155373e-09
5.405327e-09
9.723207e-09
3.746898e-09
2.355690e-09
1.737171e-10
1.824260e-10
1.354946e-11
3.814437e-11
2.968059e-12
1.026403e-11
9.798285e-12
4.335565e-11
4.194312e-11
5.243842e-11
1.879072e-09
1.916375e-09
6.614849e-10
3.915182e-10
2.147553e-10
1.271611e-09
1.966018e-10
8.842170e-10
2.479110e-11
7.559345e-11
4.186398e-11
4.836154e-11
4.052120e-11
1.847542e-11
3.548970e-11
9.694275e-11
7.580251e-10
8.569211e-11
2.451853e-10
7.467830e-12
3.005729e-11
4.645152e-11
4.047096e-11
1.273557e-10
1.139215e-10
3.880902e-10
4.311723e-10
1.245042e-10
9.686929e-11
5.679956e-11
1.430178e-10
5.515339e-10
1.166733e-10
3.913737e-10
4.250358e-10
1.255980e-10
9.684647e-11
5.689426e-11
1.430253e-10
5.515469e-10
1.166733e-10
3.913737e-10
4.250358e-10
1.255980e-10
9.684647e-11
5.689426e-11
1.430253e-10
5.515469e-10
1.166733e-10
3.913737e-10
4.250358e-10
1.255980e-10
9.684683e-11
5.690002e-11
1.432021e-10
5.531674e-10
1.185751e-10
4.399712e-10
5.946112e-10
2.820669e-10
1.784150e-10
9.637014e-11
7.783108e-11
3.758118e-10
1.454444e-09
5.895859e-09
9.307764e-09
1.692959e-09
1.127902e-09
3.177098e-10
1.016434e-10
2.341449e-11
7.264784e-11
3.774353e-12
4.674061e-11
2.919570e-10
1.920977e-09
1.746088e-10
2.949909e-09
2.978965e-10
6.183708e-10
1.264354e-09
1.142948e-10
8.235939e-11
8.303738e-11
7.779435e-11
1.200819e-10
2.621530e-10
5.151502e-10
1.352021e-09
2.583377e-09
1.960769e-09
7.120908e-10
6.988628e-10
1.013529e-09
5.008067e-10
8.761445e-10
2.471130e-09
1.170829e-09
1.067923e-09
6.086221e-10
3.114209e-10
5.637795e-10
7.693178e-10
6.031502e-10
3.235940e-10
3.750838e-10
2.977883e-09
4.011108e-09
3.157474e-09
2.701277e-08
1.319660e-09
9.870674e-10
3.246018e-10
2.726090e-09
5.335802e-10
3.292760e-09
2.268179e-09
2.378213e-09
2.347822e-09
5.428776e-10
2.193623e-09
1.125511e-09
1.007660e-09
2.456941e-09
1.277654e-09
1.432649e-09
2.255688e-10
6.366026e-09
7.608848e-09
1.483145e-08
5.113150e-09
1.550662e-08
1.116236e-09
5.398002e-10
4.380328e-10
1.896156e-10
3.366073e-10
2.579857e-09
4.026354e-10
9.619170e-10
8.470637e-10
2.367293e-09
2.610080e-09
2.239119e-09
2.573559e-09
1.465968e-09
7.701081e-09
7.992305e-10
2.573377e-09
2.356852e-09
1.887377e-08
1.753773e-09
6.462180e-09
8.045720e-10
2.047039e-09
4.395705e-09
1.002002e-08
1.226686e-08
8.859083e-09
3.405092e-08
9.641964e-09
3.558537e-09
2.917680e-10
1.797136e-10
2.057717e-10
5.984761e-10
1.395333e-09
5.807661e-10
4.239504e-09
4.914347e-09
3.378968e-10
5.143299e-09
3.287973e-10
1.957777e-09
9.267491e-10
4.997458e-09
1.500654e-09
2.724940e-09
3.068598e-09
1.247564e-08
3.140762e-09
2.908231e-09
8.037320e-09
1.093946e-08
7.264739e-09
3.597970e-09
3.176177e-09
1.355068e-09
4.872798e-10
8.010556e-10
2.374017e-09
1.657256e-09
2.169614e-09
7.913475e-09
3.907564e-09
2.473625e-09
5.362386e-10
3.522942e-10
3.623141e-11
1.630492e-11
2.361416e-12
8.447059e-12
2.256040e-12
2.422287e-11
1.037392e-11
3.676265e-11
8.190523e-10
1.604439e-09
9.343459e-10
1.044253e-09
3.097545e-10
8.903929e-10
4.864171e-10
9.012611e-10
2.119700e-10
1.093380e-10
4.006071e-11
1.595684e-10
4.630467e-11
2.239237e-10
3.082858e-11
3.653313e-11
4.234698e-10
9.261841e-11
3.056691e-10
7.654589e-11
4.003134e-11
1.380766e-11
3.335418e-11
5.388237e-11
5.998854e-11
2.045691e-10
3.877574e-10
3.746256e-10
3.643469e-10
5.815425e-10
1.430178e-10
9.452497e-10
6.495474e-11
1.839524e-10
3.694797e-10
4.126900e-10
3.639056e-10
5.916902e-10
1.430959e-10
9.458037e-10
6.495484e-11
1.839525e-10
3.694796e-10
4.126901e-10
3.639055e-10
5.916903e-10
1.430959e-10
9.458037e-10
6.495484e-11
1.839525e-10
3.694796e-10
4.126901e-10
3.639057e-10
5.916925e-10
1.431128e-10
9.471140e-10
6.538769e-11
1.946386e-10
4.078799e-10
5.290624e-10
4.214158e-10
6.182422e-10
3.098317e-10
4.058864e-10
5.784025e-10
5.324426e-09
1.064611e-08
1.883742e-09
1.372213e-09
6.383574e-10
8.223658e-10
3.090844e-10
3.801211e-11
1.707422e-11
3.945940e-11
4.043263e-11
8.509036e-10
2.065459e-10
1.456231e-09
5.073961e-10
9.761675e-10
1.614297e-09
3.448303e-10
2.363723e-10
3.929209e-10
3.080775e-10
3.048619e-10
3.180263e-10
5.853776e-10
1.554518e-09
2.062785e-09
2.278585e-09
2.617659e-09
1.915919e-09
2.300668e-09
1.364178e-09
8.985473e-10
2.764723e-09
2.507846e-09
2.511238e-09
1.132921e-09
1.308256e-09
2.758079e-09
1.289324e-09
8.352414e-10
7.467140e-10
7.449787e-10
5.263361e-10
6.048267e-09
3.441277e-09
2.910586e-08
4.724429e-09
3.826284e-09
4.345915e-09
2.246317e-09
1.032850e-09
2.334841e-09
1.096414e-09
2.187121e-09
2.217846e-09
8.634484e-10
3.558361e-09
3.244567e-09
6.993936e-10
1.981550e-09
2.311007e-09
1.437934e-09
4.793375e-10
1.224024e-09
3.058430e-09
8.020347e-09
5.328441e-09
1.592772e-08
6.613252e-09
4.002764e-08
7.499574e-10
3.798356e-10
3.453016e-10
1.551204e-09
4.388462e-10
1.274640e-09
5.764726e-10
1.344904e-09
1.628018e-09
2.358358e-09
1.843291e-09
2.091788e-09
1.542116e-08
2.859012e-09
3.681829e-09
4.800569e-09
1.165888e-08
1.468765e-09
1.224410e-08
2.749955e-09
4.139875e-09
3.691906e-09
1.112841e-08
1.208571e-08
1.145474e-08
3.758909e-08
1.580843e-08
7.533740e-09
4.674282e-09
6.535852e-10
1.595108e-10
5.115256e-10
1.096106e-09
6.302170e-10
4.093121e-09
3.055610e-09
1.029521e-09
3.006813e-09
1.176754e-09
2.429714e-09
8.281340e-10
3.369291e-09
1.450870e-09
2.606368e-09
2.757435e-09
1.108315e-08
4.422007e-09
5.046906e-09
6.861774e-09
7.919030e-09
7.721626e-09
1.152162e-08
6.111199e-09
1.407821e-08
3.207515e-09
8.345849e-10
1.128936e-09
1.187597e-09
1.421112e-09
4.161758e-09
3.759619e-09
3.605612e-09
4.766972e-09
6.203534e-09
4.672814e-10
4.573936e-10
9.696478e-13
5.230451e-12
1.226377e-12
7.345667e-12
5.519469e-12
3.158192e-11
2.744157e-10
8.048050e-10
1.114333e-09
1.149576e-09
7.177973e-10
1.055609e-09
5.763821e-10
7.386733e-10
2.872647e-10
5.143917e-10
5.238701e-11
3.352922e-10
1.057445e-10
3.277141e-10
1.469454e-10
4.847218e-11
1.231917e-10
9.610987e-11
3.163666e-10
9.895952e-11
1.781638e-10
2.271357e-11
3.339544e-11
2.084527e-11
3.743395e-11
2.370162e-10
4.889522e-10
4.873092e-10
9.319548e-10
1.100129e-09
6.886686e-10
5.515339e-10
6.495474e-11
2.651207e-10
3.408153e-10
5.600845e-10
9.299502e-10
1.131806e-09
6.895683e-10
5.522210e-10
6.495530e-11
2.651211e-10
3.408149e-10
5.600846e-10
9.299502e-10
1.131806e-09
6.895683e-10
5.522210e-10
6.495530e-11
2.651211e-10
3.408149e-10
5.600846e-10
9.299503e-10
1.131807e-09
6.895714e-10
5.522516e-10
6.503590e-11
2.668691e-10
3.467368e-10
5.789086e-10
9.850118e-10
1.164097e-09
8.511262e-10
1.082751e-09
4.329677e-10
2.200841e-09
5.600550e-09
2.511200e-09
1.616228e-09
7.319226e-10
1.872993e-09
5.941910e-10
2.045202e-10
2.829109e-11
2.214523e-11
2.101523e-11
3.738410e-11
6.125630e-11
6.524622e-10
1.616825e-10
1.191229e-09
9.645603e-10
6.374834e-10
8.797732e-10
1.373574e-09
5.608169e-10
7.520280e-10
3.675576e-10
3.218648e-10
8.288410e-10
2.424653e-09
2.824850e-09
3.748145e-09
5.320168e-09
5.808201e-09
3.274746e-09
1.961977e-09
1.431035e-09
2.235601e-09
6.059301e-09
3.194512e-09
3.545018e-09
4.430325e-09
2.477916e-09
1.359644e-09
8.743526e-10
6.844723e-10
3.826190e-10
3.488073e-10
1.247517e-08
3.150552e-08
6.079847e-09
1.283940e-08
7.803701e-09
2.976039e-09
1.297124e-09
2.101498e-09
3.100078e-10
1.167083e-09
1.480246e-09
9.984375e-10
3.517750e-09
6.460895e-09
8.408857e-10
6.355492e-10
2.555256e-09
1.453235e-09
4.120435e-10
1.896076e-09
2.731016e-10
1.074849e-09
4.505402e-09
1.802251e-08
8.271591e-09
6.904419e-08
5.931945e-09
5.551094e-10
3.765324e-10
8.379146e-10
2.330899e-10
1.472816e-09
4.312554e-10
6.075215e-10
8.590752e-10
1.139286e-09
7.713776e-10
2.644440e-09
1.432801e-08
4.295589e-09
4.747162e-09
1.072631e-09
7.908041e-09
5.213698e-09
1.423914e-08
3.638445e-09
6.295583e-09
1.830232e-09
5.679148e-09
6.964766e-09
1.064540e-08
3.297832e-08
1.795359e-08
7.651327e-09
6.701454e-09
1.247632e-09
1.249825e-10
2.530092e-10
5.823749e-10
4.219170e-10
3.195489e-09
1.791437e-09
9.456943e-10
1.847405e-09
4.434950e-10
3.005576e-09
1.140041e-09
1.962112e-09
1.565899e-09
2.374087e-09
9.660892e-10
6.918411e-09
4.781562e-09
6.408916e-09
6.146491e-09
6.575682e-09
7.224618e-09
1.488192e-08
1.077766e-08
2.375558e-08
7.981385e-09
6.198240e-10
5.845852e-10
1.646005e-10
3.405516e-10
2.169967e-09
3.200305e-09
4.012218e-09
1.084077e-08
9.744651e-09
1.993915e-09
9.150008e-10
2.903844e-10
6.768208e-13
7.564766e-13
6.991082e-12
8.349527e-12
5.892400e-12
1.868464e-11
3.296789e-10
8.699327e-10
1.230270e-09
9.522840e-10
1.542542e-09
8.503859e-10
6.738387e-10
5.663629e-10
6.336810e-10
2.812510e-10
5.212843e-10
1.506264e-10
7.485002e-10
1.686681e-10
3.001525e-10
4.308450e-11
5.594606e-11
3.454389e-10
1.093212e-10
1.995998e-10
1.427831e-10
1.218251e-10
1.674994e-11
7.614027e-11
1.164819e-10
4.267187e-10
6.645270e-10
1.068554e-09
1.640903e-09
1.213809e-09
1.305653e-09
1.166733e-10
1.839524e-10
3.408153e-10
7.082248e-10
1.062887e-09
1.809671e-09
1.219806e-09
1.313776e-09
1.166759e-10
1.839548e-10
3.408131e-10
7.082250e-10
1.062887e-09
1.809671e-09
1.219806e-09
1.313776e-09
1.166759e-10
1.839548e-10
3.408131e-10
7.082250e-10
1.062887e-09
1.809671e-09
1.219807e-09
1.313784e-09
1.166779e-10
1.842987e-10
3.418263e-10
7.115141e-10
1.071685e-09
1.843764e-09
1.393611e-09
1.813994e-09
8.661369e-10
1.809924e-09
2.960859e-09
1.410522e-09
1.483979e-09
1.512047e-09
2.234465e-09
2.036191e-09
1.074610e-09
1.974559e-10
2.029313e-11
5.795405e-11
1.568653e-11
7.861722e-12
1.019729e-10
9.523512e-11
9.400229e-10
5.903042e-10
5.194491e-10
1.148116e-09
3.509207e-09
1.031870e-09
1.497100e-09
6.842804e-10
4.881638e-10
4.329087e-10
7.822699e-10
2.681994e-09
5.527215e-09
7.195820e-09
1.001064e-08
5.691118e-09
4.007967e-09
3.161861e-09
1.754732e-09
4.491861e-09
4.578142e-09
6.844529e-09
7.315063e-09
5.741820e-09
2.072765e-09
1.232481e-09
1.007542e-09
5.227293e-10
4.754162e-10
1.006616e-09
2.404417e-08
1.711798e-08
1.665343e-08
1.729944e-08
6.194630e-09
2.742148e-09
1.621994e-09
6.814260e-10
4.093710e-10
4.624062e-10
7.537802e-10
3.183874e-09
1.135027e-08
1.549565e-09
1.013662e-09
1.919381e-09
1.822680e-09
6.177280e-10
1.691040e-09
1.125752e-09
5.604378e-10
1.219727e-09
6.641043e-09
9.324926e-09
7.442305e-08
1.889204e-08
1.075845e-08
4.904224e-10
1.040926e-09
2.136807e-10
8.290606e-10
4.468492e-10
7.622956e-10
6.798317e-10
5.093859e-10
5.833097e-10
2.704996e-09
1.198115e-08
5.403980e-09
7.787907e-09
2.276278e-09
1.321497e-09
3.275508e-09
1.250577e-08
8.390870e-09
9.108619e-09
4.251999e-09
1.828220e-09
2.560033e-09
1.219176e-08
1.861837e-08
1.845260e-08
8.034839e-09
9.259231e-09
2.931067e-09
6.019459e-10
2.082274e-10
1.982741e-10
7.626008e-10
7.115551e-10
1.585326e-09
9.376255e-10
1.237415e-09
4.367246e-10
1.565856e-09
1.226031e-09
1.543317e-09
1.964938e-09
8.163021e-09
1.142961e-09
2.401400e-09
4.333733e-09
9.922180e-09
2.888681e-09
6.439460e-09
1.092316e-08
1.585381e-08
1.600566e-08
4.341866e-08
1.000105e-08
2.111367e-09
1.574696e-09
3.580865e-10
1.574244e-10
7.517700e-10
1.372177e-09
2.942932e-09
1.286969e-08
1.483973e-08
5.994662e-09
2.339869e-09
1.232957e-09
7.331602e-10
4.739859e-13
7.132390e-12
8.123607e-12
3.685269e-11
2.866001e-11
1.058697e-10
6.366239e-10
1.533331e-09
1.085078e-09
1.842046e-09
1.195432e-09
5.225370e-10
1.153722e-09
1.923766e-09
3.046090e-10
2.170170e-09
2.626318e-10
1.986818e-09
2.347865e-10
4.038243e-10
1.612389e-10
6.755964e-11
2.566878e-10
1.558759e-10
2.214694e-10
1.631153e-10
8.137364e-10
8.823513e-11
2.074615e-10
1.368003e-10
3.566515e-10
5.247106e-10
1.370529e-09
1.913668e-09
1.688321e-09
1.994964e-09
6.081203e-10
3.913737e-10
3.694797e-10
5.600845e-10
1.062887e-09
2.311678e-09
1.726379e-09
2.049312e-09
6.082362e-10
3.913843e-10
3.694661e-10
5.600860e-10
1.062887e-09
2.311679e-09
1.726379e-09
2.049312e-09
6.082362e-10
3.913843e-10
3.694661e-10
5.600860e-10
1.062887e-09
2.311679e-09
1.726380e-09
2.049316e-09
6.082368e-10
3.914032e-10
3.697184e-10
5.608934e-10
1.064719e-09
2.319548e-09
1.907071e-09
2.547711e-09
1.326961e-09
3.636673e-09
2.327962e-09
1.533199e-09
1.262116e-09
6.505549e-10
2.499713e-09
4.259419e-09
4.980452e-09
1.986571e-09
3.109231e-10
2.062031e-10
7.173566e-11
1.428035e-11
4.779812e-11
6.724736e-11
1.005064e-09
2.657181e-10
1.010468e-09
1.154790e-09
5.360033e-09
1.359274e-09
3.680354e-09
1.607486e-09
7.678156e-10
6.348517e-10
6.561054e-10
9.221631e-10
3.315334e-09
8.783996e-09
1.289316e-08
9.053550e-09
6.473622e-09
6.525659e-09
3.138204e-09
3.990147e-09
3.684691e-09
7.043107e-09
8.871954e-09
1.078637e-08
5.439585e-09
2.180793e-09
1.049097e-09
8.855633e-10
1.953011e-09
1.871626e-10
5.451045e-09
1.431797e-08
1.495155e-08
2.869126e-08
1.820757e-08
6.367580e-09
3.261180e-09
8.538274e-10
6.910116e-10
6.864480e-10
9.631331e-10
1.958860e-09
1.295296e-08
3.884832e-09
7.312854e-09
4.434464e-09
6.919218e-10
7.468133e-10
2.490752e-09
1.556228e-09
5.477902e-09
2.708231e-10
2.659456e-09
9.469077e-09
7.406225e-08
2.450886e-08
6.303193e-08
9.030071e-09
1.792087e-09
6.211498e-10
9.555278e-10
2.775822e-10
1.098290e-09
1.058417e-09
6.655013e-10
4.537706e-10
1.356163e-09
1.001148e-08
7.503976e-09
1.159914e-08
8.516485e-09
3.405320e-09
7.238160e-10
1.421700e-08
6.673841e-09
1.354653e-08
1.085542e-08
4.578234e-09
2.280264e-09
2.045614e-08
1.397648e-08
1.762566e-08
8.234649e-09
1.312023e-08
7.372338e-09
1.910159e-09
1.900533e-09
3.428527e-10
6.803847e-09
5.604190e-10
1.089271e-09
1.008192e-09
1.969347e-09
4.311705e-10
1.978749e-09
5.491126e-10
1.524068e-09
2.450847e-09
1.278344e-08
2.382109e-09
2.965776e-09
3.865109e-09
1.095981e-08
4.294670e-09
6.848075e-09
6.427928e-09
2.127809e-08
2.050739e-08
7.445093e-08
1.573589e-08
3.390434e-09
1.088539e-08
2.666325e-09
7.818646e-10
5.493154e-10
6.455262e-10
2.247148e-09
1.253141e-08
1.766616e-08
1.614347e-08
5.241041e-09
4.135762e-09
3.006943e-09
3.822673e-10
5.470355e-12
7.910788e-12
3.680960e-11
3.974171e-11
1.175175e-10
3.438053e-10
7.212051e-10
9.405355e-10
2.259957e-09
1.028843e-09
3.818575e-10
2.238833e-09
2.565851e-09
3.971041e-10
2.240870e-09
3.971578e-10
2.489555e-09
2.463912e-10
6.915556e-10
1.654254e-10
9.822086e-11
1.964451e-10
1.198665e-10
2.099778e-10
1.626135e-10
8.349138e-10
1.762601e-10
6.373165e-10
1.064527e-10
3.426511e-10
3.774133e-10
1.228415e-09
1.468612e-09
1.640187e-09
2.215354e-09
6.684624e-10
6.942086e-10
4.250358e-10
4.126900e-10
9.299502e-10
1.809671e-09
1.726379e-09
2.605131e-09
6.692406e-10
6.946854e-10
4.249734e-10
4.126991e-10
9.299500e-10
1.809675e-09
1.726379e-09
2.605132e-09
6.692406e-10
6.946854e-10
4.249734e-10
4.126991e-10
9.299500e-10
1.809675e-09
1.726379e-09
2.605136e-09
6.692409e-10
6.946986e-10
4.250482e-10
4.131295e-10
9.308317e-10
1.812811e-09
1.804957e-09
3.144401e-09
1.359876e-09
3.716023e-09
1.634218e-09
1.291654e-09
1.063169e-09
3.437052e-10
2.151416e-09
3.227705e-09
5.658327e-09
7.300623e-09
2.306895e-09
9.628235e-10
1.808912e-10
3.435980e-11
6.627850e-11
4.555909e-11
8.484981e-10
7.013520e-11
7.411570e-10
1.299838e-09
6.369888e-09
8.192735e-10
5.499011e-09
1.652004e-09
1.025838e-09
1.112286e-09
5.915549e-10
7.324538e-10
1.986184e-09
4.532831e-09
9.142405e-09
1.081410e-08
9.213588e-09
7.892954e-09
4.260797e-09
4.469573e-09
3.119921e-09
4.971812e-09
7.736216e-09
1.017559e-08
6.355273e-09
4.151728e-09
1.261115e-09
1.229346e-09
2.064811e-09
2.491974e-10
4.027920e-09
3.274014e-09
1.460267e-08
2.521839e-08
1.541457e-08
1.950297e-08
5.930694e-09
1.492991e-09
8.633427e-10
9.797680e-10
9.802283e-10
4.725053e-10
1.290025e-08
3.880665e-09
9.828561e-09
6.166592e-09
1.061844e-09
9.474500e-10
2.074926e-09
1.906066e-09
6.280344e-09
1.156444e-09
2.821991e-09
2.729539e-09
5.766613e-08
2.540298e-08
6.582596e-08
1.639244e-08
1.537465e-08
1.319988e-09
2.135855e-09
1.440678e-10
9.213711e-10
1.254828e-09
7.241095e-10
4.994122e-10
2.562970e-09
3.226307e-09
3.380256e-09
1.243823e-08
1.202956e-08
4.982534e-09
9.041234e-10
1.190181e-08
3.793503e-09
1.165590e-08
9.410067e-09
5.221138e-09
8.076585e-09
3.153543e-08
1.030411e-08
1.273143e-08
4.717637e-09
1.480360e-08
8.274844e-09
3.859242e-09
4.148727e-09
1.737345e-09
1.986812e-08
1.080680e-09
1.195559e-09
5.035351e-10
2.032719e-09
4.942442e-10
1.885055e-09
6.978467e-10
5.714972e-10
3.274600e-09
1.480456e-08
2.440703e-09
6.634804e-09
2.321783e-09
1.028802e-08
4.901657e-09
1.045344e-08
5.377270e-09
1.225934e-08
1.507240e-08
8.434373e-08
2.045833e-08
5.146828e-09
1.546281e-08
1.029879e-08
2.836492e-09
1.117012e-09
4.994070e-10
1.211908e-09
1.089258e-08
1.446133e-08
1.677978e-08
6.721727e-09
6.121108e-09
8.348796e-09
1.375727e-09
3.655680e-10
3.866579e-12
3.493107e-11
3.779004e-11
6.177340e-11
3.292642e-11
1.454386e-10
4.588710e-10
1.133301e-09
8.805484e-10
7.070360e-10
2.451710e-09
2.789362e-09
4.632253e-10
2.039851e-09
3.335235e-10
2.814056e-09
1.273625e-10
7.357535e-10
1.607424e-10
1.005706e-10
1.604972e-10
7.108258e-11
8.133630e-11
1.512550e-10
7.971776e-10
1.726154e-10
9.098171e-10
5.629505e-11
8.120640e-11
1.721073e-10
6.621443e-10
7.965922e-10
1.131320e-09
1.638654e-09
6.666117e-10
8.031136e-10
4.222572e-10
1.255980e-10
3.639056e-10
1.131806e-09
1.219806e-09
2.049312e-09
6.692406e-10
8.067333e-10
4.220542e-10
1.256140e-10
3.639051e-10
1.131815e-09
1.219806e-09
2.049314e-09
6.692406e-10
8.067333e-10
4.220542e-10
1.256140e-10
3.639051e-10
1.131815e-09
1.219806e-09
2.049314e-09
6.692408e-10
8.067372e-10
4.220666e-10
1.256260e-10
3.640789e-10
1.132399e-09
1.232056e-09
2.130512e-09
1.240766e-09
3.320458e-09
8.323251e-10
9.135403e-10
6.067363e-10
1.803007e-10
1.028452e-09
2.997813e-09
5.541598e-09
6.815067e-09
7.452723e-09
1.510321e-09
3.003611e-10
5.778314e-11
5.150605e-11
3.159251e-11
2.862794e-10
1.642541e-11
6.003814e-10
9.330415e-10
5.691703e-09
4.688526e-10
5.203272e-09
1.264838e-09
9.230387e-10
1.342167e-09
4.602276e-10
3.702578e-10
5.688472e-10
1.378611e-09
4.835368e-09
4.652593e-09
5.622824e-09
1.035894e-08
5.717499e-09
2.642146e-09
2.351223e-09
2.716201e-09
4.204270e-09
7.689964e-09
4.885436e-09
4.501182e-09
1.853365e-09
1.144535e-09
2.038920e-09
4.110906e-10
1.358283e-09
1.441356e-09
1.957912e-09
1.254094e-08
1.477097e-08
1.578930e-08
7.075152e-09
3.939698e-09
3.464010e-09
9.034045e-10
1.043030e-09
1.283843e-10
8.031298e-09
3.216923e-09
1.007450e-08
5.906835e-09
1.654129e-09
1.540177e-09
8.112442e-10
2.186768e-09
5.800833e-09
1.017749e-09
4.082709e-09
2.861250e-10
7.627353e-09
1.820182e-08
6.376330e-08
1.800180e-08
1.796269e-08
2.877571e-09
2.067220e-09
1.452415e-10
6.380059e-10
8.044216e-10
8.077404e-10
5.438896e-10
2.334185e-09
1.061684e-09
1.530197e-09
7.735938e-09
9.559501e-09
6.309095e-09
4.050104e-09
5.510558e-09
8.842813e-10
1.212633e-08
5.570302e-09
4.876231e-09
6.441287e-09
3.319878e-08
2.634378e-09
7.867639e-09
3.207045e-09
8.153135e-09
1.012610e-08
1.019118e-08
8.809270e-09
5.196528e-09
2.515962e-08
1.559336e-09
1.666974e-09
2.314254e-10
1.092650e-09
5.226605e-10
1.769679e-09
1.092903e-09
8.130847e-10
2.964425e-09
1.422410e-08
1.457317e-09
6.103529e-09
1.982540e-09
6.092479e-09
2.714303e-09
1.026486e-08
5.809411e-09
4.476653e-09
8.123224e-09
6.305161e-08
9.970203e-09
1.145820e-08
1.862139e-08
1.135037e-08
6.686907e-09
1.141147e-09
4.956013e-10
4.787145e-10
3.681498e-09
9.041794e-09
1.506390e-08
6.041699e-09
6.182546e-09
9.339323e-09
2.218867e-09
8.594296e-10
3.632758e-11
3.259007e-11
3.692853e-11
5.692040e-11
7.782423e-12
8.790543e-11
1.561277e-10
4.818151e-10
4.439698e-10
2.683334e-10
2.379297e-09
3.539641e-09
5.219831e-10
1.847942e-09
3.432200e-10
2.600505e-09
2.410855e-10
5.964645e-10
1.419541e-10
1.093288e-10
1.012011e-10
1.013966e-10
4.194857e-11
5.224072e-11
7.180497e-10
1.672715e-10
9.132928e-10
1.123382e-10
9.843440e-11
4.001263e-11
4.833001e-10
2.349276e-10
5.960726e-10
9.091094e-10
5.970665e-10
6.907374e-10
4.230235e-10
2.241192e-10
9.684647e-11
5.916902e-10
6.895683e-10
1.313776e-09
6.082362e-10
6.946854e-10
4.220542e-10
2.246719e-10
9.684499e-11
5.917262e-10
6.895697e-10
1.313780e-09
6.082362e-10
6.946854e-10
4.220542e-10
2.246719e-10
9.684499e-11
5.917262e-10
6.895697e-10
1.313780e-09
6.082362e-10
6.946878e-10
4.220566e-10
2.246764e-10
9.685306e-11
5.919138e-10
6.914095e-10
1.325901e-09
6.889828e-10
2.941768e-09
6.561469e-10
8.098030e-10
3.550431e-10
1.343037e-10
4.505763e-10
2.424286e-09
5.047064e-09
7.234250e-09
9.030068e-09
1.792812e-09
8.393529e-10
4.790628e-10
5.327823e-11
3.637819e-11
2.582592e-10
4.862097e-12
5.626225e-10
8.491781e-10
4.161256e-09
3.759266e-10
4.862606e-09
1.018275e-09
9.193704e-10
1.152806e-09
3.845366e-10
2.328425e-10
2.136103e-10
3.055228e-10
1.208003e-09
2.504407e-09
2.571560e-09
5.755079e-09
4.342086e-09
4.239641e-09
1.716462e-09
1.658012e-09
2.112917e-09
3.959270e-09
3.920835e-09
2.886380e-09
1.455175e-09
1.962363e-09
2.215334e-09
2.610788e-10
7.686714e-10
1.404186e-09
1.728280e-09
1.384702e-09
1.060709e-08
6.413533e-09
6.908355e-09
1.125742e-08
1.026337e-08
1.538755e-09
1.010986e-09
2.539047e-10
4.418019e-09
2.630780e-09
9.727963e-09
5.289076e-09
2.449822e-09
2.445435e-09
8.735042e-10
2.107608e-09
5.514858e-09
1.095608e-09
3.427393e-09
1.244750e-09
1.161614e-09
8.645359e-09
5.718993e-08
1.530700e-08
1.600877e-08
7.177428e-09
1.439841e-08
1.377465e-10
6.299402e-10
7.018810e-10
5.384550e-10
6.398396e-10
2.697073e-09
6.489596e-10
1.546707e-09
5.338126e-09
8.286520e-09
5.093803e-09
2.280265e-09
5.724649e-09
2.518870e-09
1.095808e-08
3.934768e-09
4.095253e-09
3.760000e-09
3.237153e-08
3.333592e-09
8.535060e-09
2.145786e-09
6.046290e-09
9.241507e-09
1.057299e-08
1.299184e-08
9.673220e-09
3.622836e-08
7.370373e-09
2.933639e-09
1.955217e-10
8.939910e-10
3.853389e-10
1.553921e-09
1.505739e-09
9.252250e-10
4.913134e-09
9.577772e-09
1.329742e-09
5.698701e-09
7.286378e-10
4.242374e-09
2.476530e-09
9.306056e-09
4.302205e-09
3.996530e-09
5.132615e-09
4.755114e-08
6.594948e-09
4.098452e-09
1.535053e-08
1.730667e-08
7.414344e-09
3.199970e-09
1.410241e-09
1.028810e-09
1.330100e-09
5.503396e-09
1.245968e-08
4.175482e-09
5.405334e-09
9.723313e-09
3.747020e-09
2.357049e-09
1.738404e-10
1.825184e-10
1.354937e-11
3.814695e-11
2.972779e-12
1.029702e-11
9.802466e-12
4.335677e-11
4.202357e-11
5.255668e-11
1.880124e-09
1.916911e-09
6.614844e-10
3.915828e-10
2.147544e-10
1.273262e-09
1.966088e-10
8.842250e-10
2.479128e-11
7.559779e-11
4.190358e-11
4.836466e-11
4.052640e-11
1.847563e-11
3.549093e-11
9.694300e-11
7.580360e-10
8.569371e-11
2.451757e-10
7.470360e-12
3.005601e-11
4.662517e-11
4.049245e-11
1.275247e-10
1.139240e-10
3.881007e-10
4.311096e-10
1.245201e-10
9.686786e-11
5.689426e-11
1.430959e-10
5.522210e-10
1.166759e-10
3.913843e-10
4.249734e-10
1.256140e-10
9.684499e-11
5.698903e-11
1.431033e-10
5.522340e-10
1.166759e-10
3.913843e-10
4.249733e-10
1.256140e-10
9.684499e-11
5.698903e-11
1.431033e-10
5.522340e-10
1.166759e-10
3.913843e-10
4.249741e-10
1.256142e-10
9.684549e-11
5.699078e-11
1.432639e-10
5.532609e-10
1.185325e-10
4.415879e-10
6.024176e-10
2.826171e-10
1.785394e-10
9.637988e-11
7.806298e-11
3.764929e-10
1.454562e-09
5.896011e-09
9.307891e-09
1.692966e-09
1.127910e-09
3.177110e-10
1.016454e-10
2.341581e-11
7.278448e-11
3.777937e-12
4.675372e-11
2.921510e-10
1.921752e-09
1.747342e-10
2.951729e-09
2.980420e-10
6.185378e-10
1.264456e-09
1.143347e-10
8.237211e-11
8.326000e-11
7.792795e-11
1.202484e-10
2.621798e-10
5.152597e-10
1.352317e-09
2.585937e-09
1.965446e-09
7.121108e-10
6.988524e-10
1.017284e-09
5.014982e-10
8.765196e-10
2.476692e-09
1.172673e-09
1.067994e-09
6.086784e-10
3.114380e-10
5.723461e-10
7.727975e-10
6.030471e-10
3.259127e-10
3.762956e-10
2.979467e-09
4.020637e-09
3.157827e-09
2.701454e-08
1.319806e-09
9.868030e-10
3.248767e-10
2.742380e-09
5.338666e-10
3.293035e-09
2.276981e-09
2.381883e-09
2.348662e-09
5.430383e-10
2.193824e-09
1.125673e-09
1.007780e-09
2.463014e-09
1.277144e-09
1.492356e-09
2.258592e-10
6.366949e-09
7.609638e-09
1.483513e-08
5.113157e-09
1.550981e-08
1.116256e-09
5.398342e-10
4.382375e-10
1.896764e-10
3.366170e-10
2.582087e-09
4.205947e-10
9.638604e-10
8.497870e-10
2.367787e-09
2.612989e-09
2.238792e-09
2.622076e-09
1.466884e-09
7.739039e-09
8.000450e-10
2.584088e-09
2.362084e-09
1.882891e-08
1.780882e-09
6.555100e-09
8.095013e-10
2.065737e-09
4.407894e-09
1.002041e-08
1.226847e-08
8.859468e-09
3.404685e-08
9.644950e-09
3.561450e-09
2.918570e-10
1.799313e-10
2.057824e-10
6.005506e-10
1.395691e-09
5.810123e-10
4.241898e-09
4.926988e-09
3.379141e-10
5.150480e-09
3.308400e-10
1.962167e-09
9.277549e-10
5.002943e-09
1.499530e-09
2.788671e-09
3.094809e-09
1.252282e-08
3.157132e-09
2.912748e-09
8.042743e-09
1.094113e-08
7.265909e-09
3.598663e-09
3.176674e-09
1.355212e-09
4.897358e-10
8.183636e-10
2.373870e-09
1.658871e-09
2.169614e-09
7.913475e-09
3.907564e-09
2.473626e-09
5.362395e-10
3.523351e-10
3.623247e-11
1.630576e-11
2.362995e-12
8.462728e-12
2.256398e-12
2.422324e-11
1.038060e-11
3.678534e-11
8.192762e-10
1.604744e-09
9.343457e-10
1.044293e-09
3.097543e-10
8.907590e-10
4.864205e-10
9.012653e-10
2.119703e-10
1.093386e-10
4.006840e-11
1.595695e-10
4.630578e-11
2.239238e-10
3.082870e-11
3.653317e-11
4.234722e-10
9.261893e-11
3.056645e-10
7.654733e-11
4.003117e-11
1.382192e-11
3.336111e-11
5.391842e-11
5.998908e-11
2.045713e-10
3.877438e-10
3.746347e-10
3.643465e-10
5.815784e-10
1.430253e-10
9.458037e-10
6.495530e-11
1.839548e-10
3.694661e-10
4.126991e-10
3.639051e-10
5.917262e-10
1.431033e-10
9.463577e-10
6.495541e-11
1.839548e-10
3.694660e-10
4.126992e-10
3.639051e-10
5.917263e-10
1.431033e-10
9.463577e-10
6.495541e-11
1.839548e-10
3.694662e-10
4.126993e-10
3.639053e-10
5.917269e-10
1.431187e-10
9.471894e-10
6.537810e-11
1.949911e-10
4.095752e-10
5.293762e-10
4.214542e-10
6.182445e-10
3.098831e-10
4.060370e-10
5.784280e-10
5.324524e-09
1.064622e-08
1.883745e-09
1.372216e-09
6.383579e-10
8.223667e-10
3.090846e-10
3.802355e-11
1.707620e-11
3.946418e-11
4.044882e-11
8.511589e-10
2.066224e-10
1.456858e-09
5.074544e-10
9.762326e-10
1.614379e-09
3.448442e-10
2.363739e-10
3.929710e-10
3.081220e-10
3.049155e-10
3.180294e-10
5.854134e-10
1.554587e-09
2.063629e-09
2.281514e-09
2.617688e-09
1.915909e-09
2.301642e-09
1.364385e-09
8.986363e-10
2.765961e-09
2.508948e-09
2.511304e-09
1.132935e-09
1.308265e-09
2.762529e-09
1.290506e-09
8.352181e-10
7.479669e-10
7.456109e-10
5.264744e-10
6.053409e-09
3.441506e-09
2.910742e-08
4.724471e-09
3.826199e-09
4.346100e-09
2.251715e-09
1.033011e-09
2.334975e-09
1.099063e-09
2.188904e-09
2.218325e-09
8.635586e-10
3.558498e-09
3.244630e-09
6.994287e-10
1.983965e-09
2.310580e-09
1.469636e-09
4.795050e-10
1.224155e-09
3.058666e-09
8.021584e-09
5.328445e-09
1.592997e-08
6.613266e-09
4.002767e-08
7.499787e-10
3.798576e-10
3.453047e-10
1.551984e-09
4.490033e-10
1.275826e-09
5.774434e-10
1.345073e-09
1.628974e-09
2.358255e-09
1.869878e-09
2.092436e-09
1.545562e-08
2.859326e-09
3.685739e-09
4.803710e-09
1.163932e-08
1.484165e-09
1.231117e-08
2.753109e-09
4.148747e-09
3.696009e-09
1.112867e-08
1.208678e-08
1.145507e-08
3.758601e-08
1.581035e-08
7.535677e-09
4.674517e-09
6.536402e-10
1.595143e-10
5.122953e-10
1.096215e-09
6.303516e-10
4.094841e-09
3.060818e-09
1.029532e-09
3.009220e-09
1.178005e-09
2.431830e-09
8.285261e-10
3.371725e-09
1.450394e-09
2.637162e-09
2.773362e-09
1.111791e-08
4.431090e-09
5.048551e-09
6.864117e-09
7.919576e-09
7.721949e-09
1.152229e-08
6.111522e-09
1.407841e-08
3.208755e-09
8.430660e-10
1.128895e-09
1.188362e-09
1.421112e-09
4.161758e-09
3.759619e-09
3.605612e-09
4.766972e-09
6.203534e-09
4.672816e-10
4.574082e-10
9.697142e-13
5.231138e-12
1.226404e-12
7.345674e-12
5.519756e-12
3.158233e-11
2.744466e-10
8.048523e-10
1.114333e-09
1.149582e-09
7.177973e-10
1.055675e-09
5.763826e-10
7.386741e-10
2.872647e-10
5.143919e-10
5.238727e-11
3.352923e-10
1.057447e-10
3.277141e-10
1.469455e-10
4.847218e-11
1.231920e-10
9.610995e-11
3.163662e-10
9.895964e-11
1.781637e-10
2.271403e-11
3.339557e-11
2.085036e-11
3.743404e-11
2.370165e-10
4.889500e-10
4.873107e-10
9.319546e-10
1.100138e-09
6.886700e-10
5.515469e-10
6.495484e-11
2.651211e-10
3.408131e-10
5.600860e-10
9.299500e-10
1.131815e-09
6.895697e-10
5.522340e-10
6.495541e-11
2.651214e-10
3.408128e-10
5.600861e-10
9.299500e-10
1.131815e-09
6.895697e-10
5.522340e-10
6.495541e-11
2.651214e-10
3.408128e-10
5.600861e-10
9.299501e-10
1.131815e-09
6.895725e-10
5.522533e-10
6.503405e-11
2.669269e-10
3.470080e-10
5.789588e-10
9.850301e-10
1.164098e-09
8.511356e-10
1.082777e-09
4.329718e-10
2.200857e-09
5.600576e-09
2.511201e-09
1.616229e-09
7.319227e-10
1.872993e-09
5.941910e-10
2.045208e-10
2.829112e-11
2.214599e-11
2.101605e-11
3.738883e-11
6.125957e-11
6.525968e-10
1.616878e-10
1.191245e-09
9.645648e-10
6.374861e-10
8.797736e-10
1.373583e-09
5.608239e-10
7.520367e-10
3.675582e-10
3.218702e-10
8.288510e-10
2.424786e-09
2.825304e-09
3.748150e-09
5.320160e-09
5.808528e-09
3.274789e-09
1.962002e-09
1.431264e-09
2.235780e-09
6.059322e-09
3.194523e-09
3.545033e-09
4.431304e-09
2.478163e-09
1.359639e-09
8.746713e-10
6.846009e-10
3.826324e-10
3.489096e-10
1.247526e-08
3.150627e-08
6.079860e-09
1.283936e-08
7.803745e-09
2.977201e-09
1.297144e-09
2.101560e-09
3.102607e-10
1.167234e-09
1.480284e-09
9.984886e-10
3.517832e-09
6.460909e-09
8.408883e-10
6.357423e-10
2.555151e-09
1.460711e-09
4.120591e-10
1.896138e-09
2.731095e-10
1.074946e-09
4.505402e-09
1.802363e-08
8.271599e-09
6.904421e-08
5.931951e-09
5.551101e-10
3.765330e-10
8.379923e-10
2.336819e-10
1.473361e-09
4.315026e-10
6.075383e-10
8.592250e-10
1.139277e-09
7.734975e-10
2.644708e-09
1.434826e-08
4.295706e-09
4.747802e-09
1.072789e-09
7.898900e-09
5.215682e-09
1.426790e-08
3.639419e-09
6.299742e-09
1.830606e-09
5.679178e-09
6.964987e-09
1.064548e-08
3.297666e-08
1.795433e-08
7.651893e-09
6.701476e-09
1.247644e-09
1.249891e-10
2.531170e-10
5.823815e-10
4.219300e-10
3.196199e-09
1.793056e-09
9.456952e-10
1.847956e-09
4.436164e-10
3.006594e-09
1.140072e-09
1.962696e-09
1.565764e-09
2.376742e-09
9.673475e-10
6.934832e-09
4.787164e-09
6.409230e-09
6.146875e-09
6.575828e-09
7.224738e-09
1.488208e-08
1.077771e-08
2.375566e-08
7.982076e-09
6.206714e-10
5.845818e-10
1.646447e-10
3.405522e-10
2.169967e-09
3.200305e-09
4.012218e-09
1.084077e-08
9.744651e-09
1.993915e-09
9.150008e-10
2.903844e-10
6.768497e-13
7.564777e-13
6.991083e-12
8.349533e-12
5.892418e-12
1.868522e-11
3.296856e-10
8.699327e-10
1.230273e-09
9.522840e-10
1.542561e-09
8.503860e-10
6.738388e-10
5.663629e-10
6.336810e-10
2.812511e-10
5.212843e-10
1.506264e-10
7.485002e-10
1.686681e-10
3.001525e-10
4.308451e-11
5.594607e-11
3.454388e-10
1.093212e-10
1.995998e-10
1.427833e-10
1.218252e-10
1.675003e-11
7.614028e-11
1.164819e-10
4.267183e-10
6.645272e-10
1.068554e-09
1.640907e-09
1.213809e-09
1.305656e-09
1.166733e-10
1.839525e-10
3.408149e-10
7.082250e-10
1.062887e-09
1.809675e-09
1.219806e-09
1.313780e-09
1.166759e-10
1.839548e-10
3.408128e-10
7.082253e-10
1.062887e-09
1.809675e-09
1.219806e-09
1.313780e-09
1.166759e-10
1.839548e-10
3.408128e-10
7.082253e-10
1.062887e-09
1.809675e-09
1.219807e-09
1.313785e-09
1.166779e-10
1.843101e-10
3.418733e-10
7.115228e-10
1.071688e-09
1.843764e-09
1.393613e-09
1.814001e-09
8.661376e-10
1.809927e-09
2.960864e-09
1.410522e-09
1.483979e-09
1.512047e-09
2.234465e-09
2.036191e-09
1.074610e-09
1.974559e-10
2.029315e-11
5.795419e-11
1.568678e-11
7.861784e-12
1.019789e-10
9.523628e-11
9.400249e-10
5.903053e-10
5.194492e-10
1.148116e-09
3.509210e-09
1.031871e-09
1.497101e-09
6.842804e-10
4.881647e-10
4.329103e-10
7.822919e-10
2.682071e-09
5.527215e-09
7.195816e-09
1.001086e-08
5.691135e-09
4.007973e-09
3.161931e-09
1.754768e-09
4.491864e-09
4.578144e-09
6.844533e-09
7.315500e-09
5.741894e-09
2.072764e-09
1.232537e-09
1.007578e-09
5.227321e-10
4.754283e-10
1.006618e-09
2.404446e-08
1.711799e-08
1.665340e-08
1.729947e-08
6.195006e-09
2.742153e-09
1.622001e-09
6.815472e-10
4.093855e-10
4.624099e-10
7.537844e-10
3.183912e-09
1.135028e-08
1.549565e-09
1.013680e-09
1.919371e-09
1.824510e-09
6.177318e-10
1.691047e-09
1.125756e-09
5.604442e-10
1.219727e-09
6.641217e-09
9.324930e-09
7.442306e-08
1.889204e-08
1.075845e-08
4.904224e-10
1.040945e-09
2.137433e-10
8.290968e-10
4.469623e-10
7.623004e-10
6.798517e-10
5.093845e-10
5.834976e-10
2.705020e-09
1.198963e-08
5.404051e-09
7.788273e-09
2.276305e-09
1.320994e-09
3.276432e-09
1.251215e-08
8.391291e-09
9.110072e-09
4.252207e-09
1.828221e-09
2.560069e-09
1.219178e-08
1.861787e-08
1.845302e-08
8.035045e-09
9.259240e-09
2.931072e-09
6.019468e-10
2.082336e-10
1.982755e-10
7.626017e-10
7.116120e-10
1.586009e-09
9.376258e-10
1.237481e-09
4.367514e-10
1.565965e-09
1.226046e-09
1.543363e-09
1.964904e-09
8.164119e-09
1.143087e-09
2.402847e-09
4.336423e-09
9.922407e-09
2.888755e-09
6.439490e-09
1.092319e-08
1.585387e-08
1.600570e-08
4.341868e-08
1.000123e-08
2.111804e-09
1.574698e-09
3.580909e-10
1.574244e-10
7.517700e-10
1.372177e-09
2.942932e-09
1.286969e-08
1.483973e-08
5.994662e-09
2.339869e-09
1.232957e-09
7.331602e-10
4.739859e-13
7.132390e-12
8.123608e-12
3.685270e-11
2.866005e-11
1.058701e-10
6.366239e-10
1.533331e-09
1.085077e-09
1.842053e-09
1.195432e-09
5.225370e-10
1.153722e-09
1.923766e-09
3.046090e-10
2.170170e-09
2.626318e-10
1.986818e-09
2.347865e-10
4.038243e-10
1.612389e-10
6.755964e-11
2.566878e-10
1.558759e-10
2.214694e-10
1.631153e-10
8.137364e-10
8.823514e-11
2.074615e-10
1.368003e-10
3.566513e-10
5.247106e-10
1.370529e-09
1.913669e-09
1.688321e-09
1.994966e-09
6.081203e-10
3.913737e-10
3.694796e-10
5.600846e-10
1.062887e-09
2.311679e-09
1.726379e-09
2.049314e-09
6.082362e-10
3.913843e-10
3.694660e-10
5.600861e-10
1.062887e-09
2.311680e-09
1.726379e-09
2.049314e-09
6.082362e-10
3.913843e-10
3.694660e-10
5.600861e-10
1.062887e-09
2.311680e-09
1.726380e-09
2.049317e-09
6.082367e-10
3.914038e-10
3.697301e-10
5.608956e-10
1.064720e-09
2.319548e-09
1.907073e-09
2.547714e-09
1.326961e-09
3.636674e-09
2.327963e-09
1.533199e-09
1.262116e-09
6.505549e-10
2.499713e-09
4.259419e-09
4.980453e-09
1.986571e-09
3.109231e-10
2.062031e-10
7.173571e-11
1.428035e-11
4.779845e-11
6.724742e-11
1.005065e-09
2.657182e-10
1.010468e-09
1.154790e-09
5.360035e-09
1.359275e-09
3.680355e-09
1.607486e-09
7.678158e-10
6.348521e-10
6.561105e-10
9.221811e-10
3.315334e-09
8.783995e-09
1.289330e-08
9.053564e-09
6.473625e-09
6.525681e-09
3.138218e-09
3.990148e-09
3.684691e-09
7.043108e-09
8.872223e-09
1.078642e-08
5.439585e-09
2.180808e-09
1.049104e-09
8.855644e-10
1.953016e-09
1.871628e-10
5.451062e-09
1.431797e-08
1.495154e-08
2.869128e-08
1.820782e-08
6.367582e-09
3.261182e-09
8.538430e-10
6.910186e-10
6.864489e-10
9.631337e-10
1.958863e-09
1.295297e-08
3.884832e-09
7.312861e-09
4.434462e-09
6.921164e-10
7.468144e-10
2.490755e-09
1.556229e-09
5.477907e-09
2.708231e-10
2.659479e-09
9.469077e-09
7.406225e-08
2.450887e-08
6.303193e-08
9.030071e-09
1.792089e-09
6.211681e-10
9.555359e-10
2.775890e-10
1.098293e-09
1.058427e-09
6.655011e-10
4.538060e-10
1.356167e-09
1.001232e-08
7.504009e-09
1.159944e-08
8.516501e-09
3.405197e-09
7.238622e-10
1.422161e-08
6.673940e-09
1.354727e-08
1.085553e-08
4.578235e-09
2.280271e-09
2.045615e-08
1.397628e-08
1.762582e-08
8.234756e-09
1.312023e-08
7.372340e-09
1.910160e-09
1.900535e-09
3.428528e-10
6.803847e-09
5.604244e-10
1.089345e-09
1.008192e-09
1.969387e-09
4.311726e-10
1.978781e-09
5.491141e-10
1.524090e-09
2.450842e-09
1.278408e-08
2.382173e-09
2.966064e-09
3.865405e-09
1.095997e-08
4.294727e-09
6.848083e-09
6.427935e-09
2.127811e-08
2.050741e-08
7.445095e-08
1.573600e-08
3.390519e-09
1.088539e-08
2.666327e-09
7.818646e-10
5.493154e-10
6.455263e-10
2.247148e-09
1.253141e-08
1.766616e-08
1.614347e-08
5.241041e-09
4.135762e-09
3.006943e-09
3.822673e-10
5.470356e-12
7.910788e-12
3.680960e-11
3.974172e-11
1.175177e-10
3.438053e-10
7.212053e-10
9.405355e-10
2.259963e-09
1.028843e-09
3.818575e-10
2.238833e-09
2.565851e-09
3.971041e-10
2.240870e-09
3.971578e-10
2.489555e-09
2.463912e-10
6.915556e-10
1.654254e-10
9.822086e-11
1.964451e-10
1.198665e-10
2.099778e-10
1.626135e-10
8.349138e-10
1.762601e-10
6.373165e-10
1.064527e-10
3.426510e-10
3.774133e-10
1.228414e-09
1.468613e-09
1.640187e-09
2.215356e-09
6.684624e-10
6.942086e-10
4.250358e-10
4.126901e-10
9.299502e-10
1.809671e-09
1.726379e-09
2.605132e-09
6.692406e-10
6.946854e-10
4.249733e-10
4.126992e-10
9.299500e-10
1.809675e-09
1.726379e-09
2.605134e-09
6.692406e-10
6.946854e-10
4.249733e-10
4.126992e-10
9.299500e-10
1.809675e-09
1.726379e-09
2.605136e-09
6.692409e-10
6.946990e-10
4.250516e-10
4.131307e-10
9.308320e-10
1.812811e-09
1.804958e-09
3.144404e-09
1.359876e-09
3.716024e-09
1.634218e-09
1.291654e-09
1.063169e-09
3.437052e-10
2.151416e-09
3.227705e-09
5.658327e-09
7.300623e-09
2.306895e-09
9.628236e-10
1.808912e-10
3.435981e-11
6.627873e-11
4.555911e-11
8.484987e-10
7.013522e-11
7.411570e-10
1.299838e-09
6.369889e-09
8.192738e-10
5.499011e-09
1.652004e-09
1.025838e-09
1.112286e-09
5.915574e-10
7.324627e-10
1.986184e-09
4.532830e-09
9.142475e-09
1.081411e-08
9.213591e-09
7.892970e-09
4.260804e-09
4.469574e-09
3.119922e-09
4.971812e-09
7.736436e-09
1.017563e-08
6.355272e-09
4.151737e-09
1.261118e-09
1.229346e-09
2.064814e-09
2.491975e-10
4.027932e-09
3.274015e-09
1.460265e-08
2.521841e-08
1.541474e-08
1.950298e-08
5.930696e-09
1.492997e-09
8.633437e-10
9.797687e-10
9.802286e-10
4.725057e-10
1.290026e-08
3.880665e-09
9.828568e-09
6.166590e-09
1.061909e-09
9.474503e-10
2.074928e-09
1.906067e-09
6.280347e-09
1.156444e-09
2.822002e-09
2.729539e-09
5.766614e-08
2.540299e-08
6.582596e-08
1.639244e-08
1.537465e-08
1.319994e-09
2.135860e-09
1.440688e-10
9.213719e-10
1.254836e-09
7.241093e-10
4.994231e-10
2.562973e-09
3.226549e-09
3.380265e-09
1.243848e-08
1.202958e-08
4.982442e-09
9.041311e-10
1.190496e-08
3.793577e-09
1.165623e-08
9.410154e-09
5.221138e-09
8.076591e-09
3.153543e-08
1.030398e-08
1.273153e-08
4.717666e-09
1.480360e-08
8.274845e-09
3.859242e-09
4.148728e-09
1.737345e-09
1.986812e-08
1.080684e-09
1.195585e-09
5.035351e-10
2.032752e-09
4.942449e-10
1.885067e-09
6.978470e-10
5.715005e-10
3.274596e-09
1.480508e-08
2.440749e-09
6.635029e-09
2.321894e-09
1.028813e-08
4.901699e-09
1.045345e-08
5.377274e-09
1.225935e-08
1.507242e-08
8.434374e-08
2.045842e-08
5.146859e-09
1.546281e-08
1.029879e-08
2.836492e-09
1.117012e-09
4.994070e-10
1.211908e-09
1.089258e-08
1.446133e-08
1.677978e-08
6.721727e-09
6.121108e-09
8.348796e-09
1.375727e-09
3.655680e-10
3.866579e-12
3.493107e-11
3.779004e-11
6.177341e-11
3.292642e-11
1.454386e-10
4.588710e-10
1.133302e-09
8.805484e-10
7.070360e-10
2.451710e-09
2.789362e-09
4.632253e-10
2.039851e-09
3.335235e-10
2.814056e-09
1.273625e-10
7.357535e-10
1.607424e-10
1.005706e-10
1.604972e-10
7.108258e-11
8.133630e-11
1.512550e-10
7.971776e-10
1.726154e-10
9.098171e-10
5.629505e-11
8.120640e-11
1.721073e-10
6.621443e-10
7.965923e-10
1.131320e-09
1.638654e-09
6.666117e-10
8.031136e-10
4.222572e-10
1.255980e-10
3.639055e-10
1.131806e-09
1.219806e-09
2.049312e-09
6.692406e-10
8.067333e-10
4.220542e-10
1.256140e-10
3.639051e-10
1.131815e-09
1.219806e-09
2.049314e-09
6.692406e-10
8.067333e-10
4.220542e-10
1.256140e-10
3.639051e-10
1.131815e-09
1.219806e-09
2.049314e-09
6.692407e-10
8.067373e-10
4.220672e-10
1.256260e-10
3.640790e-10
1.132399e-09
1.232056e-09
2.130512e-09
1.240766e-09
3.320458e-09
8.323252e-10
9.135403e-10
6.067363e-10
1.803007e-10
1.028452e-09
2.997813e-09
5.541598e-09
6.815067e-09
7.452723e-09
1.510321e-09
3.003611e-10
5.778314e-11
5.150608e-11
3.159252e-11
2.862795e-10
1.642541e-11
6.003814e-10
9.330415e-10
5.691703e-09
4.688527e-10
5.203273e-09
1.264838e-09
9.230387e-10
1.342167e-09
4.602280e-10
3.702592e-10
5.688472e-10
1.378611e-09
4.835379e-09
4.652594e-09
5.622825e-09
1.035895e-08
5.717501e-09
2.642146e-09
2.351223e-09
2.716201e-09
4.204304e-09
7.689981e-09
4.885436e-09
4.501185e-09
1.853366e-09
1.144535e-09
2.038920e-09
4.110906e-10
1.358285e-09
1.441356e-09
1.957912e-09
1.254095e-08
1.477105e-08
1.578930e-08
7.075153e-09
3.939700e-09
3.464010e-09
9.034046e-10
1.043030e-09
1.283844e-10
8.031298e-09
3.216923e-09
1.007451e-08
5.906834e-09
1.654140e-09
1.540177e-09
8.112444e-10
2.186768e-09
5.800834e-09
1.017749e-09
4.082715e-09
2.861250e-10
7.627354e-09
1.820182e-08
6.376330e-08
1.800180e-08
1.796269e-08
2.877572e-09
2.067220e-09
1.452418e-10
6.380059e-10
8.044221e-10
8.077404e-10
5.438924e-10
2.334186e-09
1.061731e-09
1.530198e-09
7.735964e-09
9.559508e-09
6.309039e-09
4.050107e-09
5.510940e-09
8.842854e-10
1.212652e-08
5.570315e-09
4.876231e-09
6.441289e-09
3.319879e-08
2.634369e-09
7.867661e-09
3.207053e-09
8.153136e-09
1.012610e-08
1.019118e-08
8.809271e-09
5.196528e-09
2.515962e-08
1.559339e-09
1.666980e-09
2.314254e-10
1.092653e-09
5.226608e-10
1.769683e-09
1.092903e-09
8.130856e-10
2.964425e-09
1.422437e-08
1.457321e-09
6.103605e-09
1.982572e-09
6.092488e-09
2.714307e-09
1.026487e-08
5.809414e-09
4.476655e-09
8.123226e-09
6.305162e-08
9.970230e-09
1.145822e-08
1.862139e-08
1.135037e-08
6.686907e-09
1.141147e-09
4.956013e-10
4.787147e-10
3.681498e-09
9.041794e-09
1.506390e-08
6.041699e-09
6.182546e-09
9.339324e-09
2.218867e-09
8.594296e-10
3.632759e-11
3.259007e-11
3.692853e-11
5.692040e-11
7.782423e-12
8.790543e-11
1.561277e-10
4.818152e-10
4.439698e-10
2.683334e-10
2.379297e-09
3.539641e-09
5.219831e-10
1.847942e-09
3.432200e-10
2.600505e-09
2.410855e-10
5.964645e-10
1.419541e-10
1.093288e-10
1.012011e-10
1.013966e-10
4.194857e-11
5.224072e-11
7.180497e-10
1.672715e-10
9.132928e-10
1.123382e-10
9.843440e-11
4.001263e-11
4.833001e-10
2.349276e-10
5.960726e-10
9.091094e-10
5.970665e-10
6.907374e-10
4.230235e-10
2.241192e-10
9.684647e-11
5.916903e-10
6.895683e-10
1.313776e-09
6.082362e-10
6.946854e-10
4.220542e-10
2.246719e-10
9.684499e-11
5.917263e-10
6.895697e-10
1.313780e-09
6.082362e-10
6.946854e-10
4.220542e-10
2.246719e-10
9.684499e-11
5.917263e-10
6.895697e-10
1.313780e-09
6.082362e-10
6.946879e-10
4.220567e-10
2.246764e-10
9.685307e-11
5.919138e-10
6.914095e-10
1.325901e-09
6.889828e-10
2.941768e-09
6.561469e-10
8.098030e-10
3.550431e-10
1.343037e-10
4.505763e-10
2.424286e-09
5.047064e-09
7.234250e-09
9.030068e-09
1.792812e-09
8.393529e-10
4.790628e-10
5.327823e-11
3.637819e-11
2.582592e-10
4.862097e-12
5.626225e-10
8.491781e-10
4.161256e-09
3.759266e-10
4.862606e-09
1.018275e-09
9.193704e-10
1.152806e-09
3.845367e-10
2.328426e-10
2.136103e-10
3.055228e-10
1.208005e-09
2.504408e-09
2.571560e-09
5.755084e-09
4.342087e-09
4.239641e-09
1.716462e-09
1.658012e-09
2.112923e-09
3.959273e-09
3.920835e-09
2.886380e-09
1.455175e-09
1.962363e-09
2.215334e-09
2.610788e-10
7.686722e-10
1.404186e-09
1.728280e-09
1.384702e-09
1.060713e-08
6.413533e-09
6.908355e-09
1.125742e-08
1.026337e-08
1.538755e-09
1.010986e-09
2.539047e-10
4.418019e-09
2.630780e-09
9.727965e-09
5.289075e-09
2.449828e-09
2.445435e-09
8.735042e-10
2.107608e-09
5.514858e-09
1.095608e-09
3.427396e-09
1.244750e-09
1.161614e-09
8.645359e-09
5.718993e-08
1.530700e-08
1.600877e-08
7.177429e-09
1.439841e-08
1.377465e-10
6.299402e-10
7.018811e-10
5.384550e-10
6.398410e-10
2.697073e-09
6.489744e-10
1.546707e-09
5.338134e-09
8.286522e-09
5.093777e-09
2.280266e-09
5.724799e-09
2.518871e-09
1.095816e-08
3.934775e-09
4.095253e-09
3.760000e-09
3.237154e-08
3.333589e-09
8.535070e-09
2.145789e-09
6.046291e-09
9.241508e-09
1.057299e-08
1.299184e-08
9.673220e-09
3.622836e-08
7.370403e-09
2.933641e-09
1.955217e-10
8.939916e-10
3.853391e-10
1.553923e-09
1.505740e-09
9.252252e-10
4.913134e-09
9.577836e-09
1.329743e-09
5.698733e-09
7.286466e-10
4.242377e-09
2.476530e-09
9.306058e-09
4.302207e-09
3.996531e-09
5.132615e-09
4.755114e-08
6.594956e-09
4.098460e-09
1.535053e-08
1.730667e-08
7.414344e-09
3.199970e-09
1.410241e-09
1.028812e-09
1.330100e-09
5.503396e-09
1.245968e-08
4.175482e-09
5.405334e-09
9.723313e-09
3.747020e-09
2.357049e-09
1.738404e-10
1.825184e-10
1.354937e-11
3.814695e-11
2.972779e-12
1.029702e-11
9.802466e-12
4.335677e-11
4.202357e-11
5.255668e-11
1.880124e-09
1.916911e-09
6.614844e-10
3.915828e-10
2.147544e-10
1.273262e-09
1.966088e-10
8.842250e-10
2.479128e-11
7.559779e-11
4.190358e-11
4.836466e-11
4.052640e-11
1.847563e-11
3.549093e-11
9.694300e-11
7.580360e-10
8.569371e-11
2.451757e-10
7.470360e-12
3.005601e-11
4.662517e-11
4.049245e-11
1.275247e-10
1.139240e-10
3.881007e-10
4.311096e-10
1.245201e-10
9.686786e-11
5.689426e-11
1.430959e-10
5.522210e-10
1.166759e-10
3.913843e-10
4.249734e-10
1.256140e-10
9.684499e-11
5.698903e-11
1.431033e-10
5.522340e-10
1.166759e-10
3.913843e-10
4.249733e-10
1.256140e-10
9.684499e-11
5.698903e-11
1.431033e-10
5.522340e-10
1.166759e-10
3.913843e-10
4.249741e-10
1.256142e-10
9.684549e-11
5.699078e-11
1.432639e-10
5.532609e-10
1.185325e-10
4.415879e-10
6.024176e-10
2.826171e-10
1.785394e-10
9.637988e-11
7.806298e-11
3.764929e-10
1.454562e-09
5.896011e-09
9.307891e-09
1.692966e-09
1.127910e-09
3.177110e-10
1.016454e-10
2.341581e-11
7.278448e-11
3.777938e-12
4.675372e-11
2.921510e-10
1.921753e-09
1.747342e-10
2.951729e-09
2.980420e-10
6.185378e-10
1.264456e-09
1.143347e-10
8.237211e-11
8.326000e-11
7.792795e-11
1.202484e-10
2.621798e-10
5.152597e-10
1.352317e-09
2.585937e-09
1.965446e-09
7.121108e-10
6.988524e-10
1.017285e-09
5.014983e-10
8.765196e-10
2.476693e-09
1.172673e-09
1.067994e-09
6.086784e-10
3.114380e-10
5.723462e-10
7.727975e-10
6.030471e-10
3.259128e-10
3.762960e-10
2.979467e-09
4.020637e-09
3.157827e-09
2.701454e-08
1.319806e-09
9.868030e-10
3.248767e-10
2.742380e-09
5.338666e-10
3.293035e-09
2.276981e-09
2.381886e-09
2.348662e-09
5.430383e-10
2.193824e-09
1.125673e-09
1.007781e-09
2.463014e-09
1.277144e-09
1.492356e-09
2.258592e-10
6.366949e-09
7.609638e-09
1.483513e-08
5.113158e-09
1.550981e-08
1.116256e-09
5.398342e-10
4.382375e-10
1.896764e-10
3.366171e-10
2.582087e-09
4.205967e-10
9.638605e-10
8.497875e-10
2.367787e-09
2.612988e-09
2.238792e-09
2.622119e-09
1.466884e-09
7.739051e-09
8.000452e-10
2.584088e-09
2.362084e-09
1.882891e-08
1.780881e-09
6.555102e-09
8.095015e-10
2.065737e-09
4.407894e-09
1.002041e-08
1.226847e-08
8.859469e-09
3.404685e-08
9.644996e-09
3.561451e-09
2.918569e-10
1.799314e-10
2.057825e-10
6.005507e-10
1.395692e-09
5.810126e-10
4.241899e-09
4.926999e-09
3.379142e-10
5.150487e-09
3.308405e-10
1.962168e-09
9.277551e-10
5.002943e-09
1.499530e-09
2.788671e-09
3.094810e-09
1.252283e-08
3.157133e-09
2.912749e-09
8.042743e-09
1.094113e-08
7.265909e-09
3.598664e-09
3.176674e-09
1.355217e-09
4.897358e-10
8.183636e-10
2.373870e-09
1.658871e-09
2.169614e-09
7.913476e-09
3.907565e-09
2.473626e-09
5.362396e-10
3.523352e-10
3.623247e-11
1.630576e-11
2.362995e-12
8.462728e-12
2.256398e-12
2.422324e-11
1.038060e-11
3.678534e-11
8.192762e-10
1.604744e-09
9.343457e-10
1.044293e-09
3.097543e-10
8.907590e-10
4.864205e-10
9.012653e-10
2.119703e-10
1.093386e-10
4.006840e-11
1.595695e-10
4.630578e-11
2.239238e-10
3.082870e-11
3.653317e-11
4.234722e-10
9.261893e-11
3.056645e-10
7.654733e-11
4.003117e-11
1.382192e-11
3.336111e-11
5.391843e-11
5.998908e-11
2.045713e-10
3.877438e-10
3.746347e-10
3.643465e-10
5.815784e-10
1.430253e-10
9.458037e-10
6.495530e-11
1.839548e-10
3.694661e-10
4.126991e-10
3.639051e-10
5.917262e-10
1.431033e-10
9.463577e-10
6.495541e-11
1.839548e-10
3.694660e-10
4.126992e-10
3.639051e-10
5.917263e-10
1.431033e-10
9.463577e-10
6.495541e-11
1.839548e-10
3.694662e-10
4.126993e-10
3.639053e-10
5.917269e-10
1.431187e-10
9.471894e-10
6.537810e-11
1.949911e-10
4.095752e-10
5.293762e-10
4.214542e-10
6.182445e-10
3.098831e-10
4.060370e-10
5.784280e-10
5.324524e-09
1.064622e-08
1.883745e-09
1.372216e-09
6.383579e-10
8.223667e-10
3.090846e-10
3.802355e-11
1.707623e-11
3.946418e-11
4.044883e-11
8.511589e-10
2.066224e-10
1.456858e-09
5.074544e-10
9.762326e-10
1.614379e-09
3.448442e-10
2.363739e-10
3.929710e-10
3.081220e-10
3.049155e-10
3.180294e-10
5.854134e-10
1.554587e-09
2.063629e-09
2.281514e-09
2.617688e-09
1.915909e-09
2.301642e-09
1.364385e-09
8.986363e-10
2.765961e-09
2.508949e-09
2.511304e-09
1.132935e-09
1.308265e-09
2.762529e-09
1.290506e-09
8.352182e-10
7.479681e-10
7.456118e-10
5.264744e-10
6.053409e-09
3.441506e-09
2.910742e-08
4.724472e-09
3.826200e-09
4.346101e-09
2.251715e-09
1.033011e-09
2.334975e-09
1.099063e-09
2.188905e-09
2.218325e-09
8.635588e-10
3.558498e-09
3.244631e-09
6.994289e-10
1.983966e-09
2.310580e-09
1.469636e-09
4.795051e-10
1.224155e-09
3.058666e-09
8.021584e-09
5.328445e-09
1.592997e-08
6.613266e-09
4.002767e-08
7.499787e-10
3.798576e-10
3.453048e-10
1.551984e-09
4.490045e-10
1.275827e-09
5.774436e-10
1.345073e-09
1.628974e-09
2.358255e-09
1.869901e-09
2.092437e-09
1.545563e-08
2.859326e-09
3.685739e-09
4.803710e-09
1.163932e-08
1.484165e-09
1.231118e-08
2.753109e-09
4.148750e-09
3.696009e-09
1.112867e-08
1.208678e-08
1.145507e-08
3.758601e-08
1.581053e-08
7.535678e-09
4.674514e-09
6.536403e-10
1.595145e-10
5.122954e-10
1.096217e-09
6.303533e-10
4.094847e-09
3.060823e-09
1.029532e-09
3.009222e-09
1.178005e-09
2.431831e-09
8.285262e-10
3.371726e-09
1.450394e-09
2.637164e-09
2.773362e-09
1.111791e-08
4.431090e-09
5.048551e-09
6.864117e-09
7.919576e-09
7.721949e-09
1.152230e-08
6.111522e-09
1.407849e-08
3.208755e-09
8.430663e-10
1.128896e-09
1.188362e-09
1.421112e-09
4.161759e-09
3.759621e-09
3.605616e-09
4.766974e-09
6.203536e-09
4.672817e-10
4.574084e-10
9.697142e-13
5.231138e-12
1.226404e-12
7.345674e-12
5.519756e-12
3.158233e-11
2.744466e-10
8.048523e-10
1.114333e-09
1.149582e-09
7.177973e-10
1.055675e-09
5.763826e-10
7.386741e-10
2.872647e-10
5.143919e-10
5.238727e-11
3.352923e-10
1.057447e-10
3.277141e-10
1.469455e-10
4.847218e-11
1.231920e-10
9.610995e-11
3.163662e-10
9.895964e-11
1.781637e-10
2.271403e-11
3.339557e-11
2.085036e-11
3.743404e-11
2.370165e-10
4.889500e-10
4.873107e-10
9.319546e-10
1.100138e-09
6.886700e-10
5.515469e-10
6.495484e-11
2.651211e-10
3.408131e-10
5.600860e-10
9.299500e-10
1.131815e-09
6.895697e-10
5.522340e-10
6.495541e-11
2.651214e-10
3.408128e-10
5.600861e-10
9.299500e-10
1.131815e-09
6.895697e-10
5.522340e-10
6.495541e-11
2.651214e-10
3.408128e-10
5.600861e-10
9.299501e-10
1.131815e-09
6.895725e-10
5.522533e-10
6.503405e-11
2.669269e-10
3.470080e-10
5.789588e-10
9.850301e-10
1.164098e-09
8.511356e-10
1.082777e-09
4.329718e-10
2.200857e-09
5.600576e-09
2.511201e-09
1.616229e-09
7.319227e-10
1.872993e-09
5.941911e-10
2.045208e-10
2.829119e-11
2.214601e-11
2.101606e-11
3.738883e-11
6.125957e-11
6.525968e-10
1.616878e-10
1.191245e-09
9.645648e-10
6.374861e-10
8.797736e-10
1.373583e-09
5.608239e-10
7.520367e-10
3.675582e-10
3.218702e-10
8.288510e-10
2.424786e-09
2.825304e-09
3.748150e-09
5.320160e-09
5.808528e-09
3.274789e-09
1.962002e-09
1.431264e-09
2.235780e-09
6.059322e-09
3.194523e-09
3.545033e-09
4.431305e-09
2.478163e-09
1.359639e-09
8.746737e-10
6.846023e-10
3.826327e-10
3.489096e-10
1.247526e-08
3.150627e-08
6.079863e-09
1.283936e-08
7.803746e-09
2.977201e-09
1.297144e-09
2.101561e-09
3.102607e-10
1.167234e-09
1.480284e-09
9.984889e-10
3.517832e-09
6.460910e-09
8.408887e-10
6.357431e-10
2.555151e-09
1.460711e-09
4.120592e-10
1.896139e-09
2.731096e-10
1.074946e-09
4.505402e-09
1.802363e-08
8.271599e-09
6.904421e-08
5.931951e-09
5.551101e-10
3.765330e-10
8.379923e-10
2.336820e-10
1.473362e-09
4.315026e-10
6.075383e-10
8.592249e-10
1.139277e-09
7.734994e-10
2.644711e-09
1.434827e-08
4.295707e-09
4.747802e-09
1.072789e-09
7.898901e-09
5.215682e-09
1.426790e-08
3.639419e-09
6.299751e-09
1.830606e-09
5.679179e-09
6.964987e-09
1.064549e-08
3.297666e-08
1.795461e-08
7.651894e-09
6.701471e-09
1.247645e-09
1.249898e-10
2.531171e-10
5.823867e-10
4.219329e-10
3.196209e-09
1.793058e-09
9.456953e-10
1.847956e-09
4.436164e-10
3.006595e-09
1.140072e-09
1.962698e-09
1.565764e-09
2.376744e-09
9.673475e-10
6.934833e-09
4.787164e-09
6.409230e-09
6.146875e-09
6.575828e-09
7.224738e-09
1.488209e-08
1.077771e-08
2.375580e-08
7.982078e-09
6.206720e-10
5.845823e-10
1.646449e-10
3.405525e-10
2.169969e-09
3.200308e-09
4.012224e-09
1.084077e-08
9.744654e-09
1.993916e-09
9.150013e-10
2.903845e-10
6.768497e-13
7.564777e-13
6.991083e-12
8.349533e-12
5.892418e-12
1.868522e-11
3.296856e-10
8.699327e-10
1.230273e-09
9.522840e-10
1.542561e-09
8.503860e-10
6.738388e-10
5.663629e-10
6.336810e-10
2.812511e-10
5.212843e-10
1.506264e-10
7.485002e-10
1.686681e-10
3.001526e-10
4.308451e-11
5.594608e-11
3.454388e-10
1.093212e-10
1.995998e-10
1.427833e-10
1.218252e-10
1.675003e-11
7.614028e-11
1.164819e-10
4.267183e-10
6.645272e-10
1.068554e-09
1.640907e-09
1.213809e-09
1.305656e-09
1.166733e-10
1.839525e-10
3.408149e-10
7.082250e-10
1.062887e-09
1.809675e-09
1.219806e-09
1.313780e-09
1.166759e-10
1.839548e-10
3.408128e-10
7.082253e-10
1.062887e-09
1.809675e-09
1.219806e-09
1.313780e-09
1.166759e-10
1.839548e-10
3.408128e-10
7.082253e-10
1.062887e-09
1.809675e-09
1.219807e-09
1.313785e-09
1.166779e-10
1.843102e-10
3.418733e-10
7.115229e-10
1.071688e-09
1.843764e-09
1.393613e-09
1.814001e-09
8.661376e-10
1.809927e-09
2.960864e-09
1.410522e-09
1.483979e-09
1.512047e-09
2.234465e-09
2.036191e-09
1.074610e-09
1.974581e-10
2.029322e-11
5.795436e-11
1.568679e-11
7.861784e-12
1.019789e-10
9.523629e-11
9.400249e-10
5.903053e-10
5.194492e-10
1.148116e-09
3.509211e-09
1.031871e-09
1.497101e-09
6.842804e-10
4.881647e-10
4.329103e-10
7.822919e-10
2.682071e-09
5.527216e-09
7.195816e-09
1.001086e-08
5.691135e-09
4.007973e-09
3.161931e-09
1.754769e-09
4.491864e-09
4.578144e-09
6.844533e-09
7.315502e-09
5.741894e-09
2.072765e-09
1.232544e-09
1.007583e-09
5.227355e-10
4.754286e-10
1.006618e-09
2.404446e-08
1.711800e-08
1.665341e-08
1.729947e-08
6.195007e-09
2.742153e-09
1.622002e-09
6.815473e-10
4.093865e-10
4.624101e-10
7.537848e-10
3.183912e-09
1.135029e-08
1.549571e-09
1.013686e-09
1.919372e-09
1.824510e-09
6.177322e-10
1.691047e-09
1.125757e-09
5.604457e-10
1.219727e-09
6.641218e-09
9.324930e-09
7.442306e-08
1.889204e-08
1.075846e-08
4.904224e-10
1.040945e-09
2.137434e-10
8.290992e-10
4.469623e-10
7.623005e-10
6.798517e-10
5.093845e-10
5.834979e-10
2.705023e-09
1.198963e-08
5.404055e-09
7.788273e-09
2.276305e-09
1.320994e-09
3.276432e-09
1.251215e-08
8.391292e-09
9.110089e-09
4.252207e-09
1.828223e-09
2.560070e-09
1.219178e-08
1.861787e-08
1.845366e-08
8.035047e-09
9.259228e-09
2.931073e-09
6.019596e-10
2.082340e-10
1.983322e-10
7.626207e-10
7.116264e-10
1.586010e-09
9.376265e-10
1.237482e-09
4.367514e-10
1.565965e-09
1.226046e-09
1.543368e-09
1.964904e-09
8.164140e-09
1.143087e-09
2.402848e-09
4.336423e-09
9.922409e-09
2.888755e-09
6.439491e-09
1.092319e-08
1.585389e-08
1.600570e-08
4.341917e-08
1.000123e-08
2.111810e-09
1.574702e-09
3.580928e-10
1.574254e-10
7.517781e-10
1.372188e-09
2.942941e-09
1.286970e-08
1.483974e-08
5.994665e-09
2.339871e-09
1.232957e-09
7.331609e-10
4.739859e-13
7.132390e-12
8.123608e-12
3.685270e-11
2.866005e-11
1.058701e-10
6.366239e-10
1.533331e-09
1.085077e-09
1.842053e-09
1.195432e-09
5.225370e-10
1.153722e-09
1.923766e-09
3.046090e-10
2.170170e-09
2.626318e-10
1.986818e-09
2.347866e-10
4.038249e-10
1.612390e-10
6.755965e-11
2.566878e-10
1.558759e-10
2.214694e-10
1.631154e-10
8.137364e-10
8.823514e-11
2.074615e-10
1.368003e-10
3.566514e-10
5.247106e-10
1.370529e-09
1.913669e-09
1.688321e-09
1.994966e-09
6.081203e-10
3.913737e-10
3.694796e-10
5.600846e-10
1.062887e-09
2.311679e-09
1.726379e-09
2.049314e-09
6.082362e-10
3.913843e-10
3.694662e-10
5.600861e-10
1.062887e-09
2.311680e-09
1.726379e-09
2.049314e-09
6.082362e-10
3.913843e-10
3.694662e-10
5.600861e-10
1.062887e-09
2.311680e-09
1.726380e-09
2.049317e-09
6.082368e-10
3.914039e-10
3.697303e-10
5.608956e-10
1.064720e-09
2.319548e-09
1.907073e-09
2.547715e-09
1.326961e-09
3.636674e-09
2.327963e-09
1.533199e-09
1.262116e-09
6.505549e-10
2.499713e-09
4.259419e-09
4.980459e-09
1.986621e-09
3.109265e-10
2.062042e-10
7.173591e-11
1.428036e-11
4.779847e-11
6.724744e-11
1.005065e-09
2.657182e-10
1.010468e-09
1.154790e-09
5.360035e-09
1.359275e-09
3.680355e-09
1.607486e-09
7.678159e-10
6.348521e-10
6.561106e-10
9.221811e-10
3.315334e-09
8.783995e-09
1.289330e-08
9.053564e-09
6.473625e-09
6.525681e-09
3.138220e-09
3.990149e-09
3.684692e-09
7.043109e-09
8.872231e-09
1.078642e-08
5.439590e-09
2.180844e-09
1.049123e-09
8.855846e-10
1.953021e-09
1.871635e-10
5.451065e-09
1.431799e-08
1.495156e-08
2.869129e-08
1.820782e-08
6.367583e-09
3.261185e-09
8.538431e-10
6.910339e-10
6.864508e-10
9.631362e-10
1.958863e-09
1.295299e-08
3.884899e-09
7.312968e-09
4.434464e-09
6.921155e-10
7.468162e-10
2.490756e-09
1.556229e-09
5.477982e-09
2.708231e-10
2.659481e-09
9.469078e-09
7.406226e-08
2.450887e-08
6.303196e-08
9.030070e-09
1.792089e-09
6.211687e-10
9.555559e-10
2.775890e-10
1.098294e-09
1.058428e-09
6.655014e-10
4.538067e-10
1.356187e-09
1.001232e-08
7.504015e-09
1.159944e-08
8.516501e-09
3.405198e-09
7.238624e-10
1.422162e-08
6.673942e-09
1.354732e-08
1.085553e-08
4.578262e-09
2.280272e-09
2.045617e-08
1.397628e-08
1.762689e-08
8.234762e-09
1.312019e-08
7.372344e-09
1.910219e-09
1.900544e-09
3.432374e-10
6.804155e-09
5.605053e-10
1.089348e-09
1.008195e-09
1.969393e-09
4.311725e-10
1.978786e-09
5.491143e-10
1.524172e-09
2.450843e-09
1.278417e-08
2.382173e-09
2.966068e-09
3.865405e-09
1.095997e-08
4.294728e-09
6.848084e-09
6.427933e-09
2.127815e-08
2.050741e-08
7.445281e-08
1.573601e-08
3.390533e-09
1.088546e-08
2.666351e-09
7.818797e-10
5.493575e-10
6.455863e-10
2.247179e-09
1.253143e-08
1.766618e-08
1.614350e-08
5.241063e-09
4.135764e-09
3.006948e-09
3.822687e-10
5.470356e-12
7.910788e-12
3.680960e-11
3.974172e-11
1.175177e-10
3.438053e-10
7.212053e-10
9.405355e-10
2.259963e-09
1.028843e-09
3.818575e-10
2.238833e-09
2.565851e-09
3.971041e-10
2.240870e-09
3.971579e-10
2.489556e-09
2.463916e-10
6.915591e-10
1.654259e-10
9.822109e-11
1.964451e-10
1.198665e-10
2.099778e-10
1.626137e-10
8.349138e-10
1.762601e-10
6.373166e-10
1.064527e-10
3.426511e-10
3.774133e-10
1.228415e-09
1.468613e-09
1.640187e-09
2.215356e-09
6.684625e-10
6.942086e-10
4.250358e-10
4.126901e-10
9.299503e-10
1.809671e-09
1.726380e-09
2.605136e-09
6.692408e-10
6.946878e-10
4.249741e-10
4.126993e-10
9.299501e-10
1.809675e-09
1.726380e-09
2.605136e-09
6.692407e-10
6.946879e-10
4.249741e-10
4.126993e-10
9.299501e-10
1.809675e-09
1.726380e-09
2.605138e-09
6.692411e-10
6.947015e-10
4.250524e-10
4.131308e-10
9.308321e-10
1.812812e-09
1.804958e-09
3.144407e-09
1.359876e-09
3.716027e-09
1.634220e-09
1.291654e-09
1.063169e-09
3.437052e-10
2.151416e-09
3.227707e-09
5.658341e-09
7.301289e-09
2.306974e-09
9.628756e-10
1.808925e-10
3.435989e-11
6.627968e-11
4.555947e-11
8.484990e-10
7.013522e-11
7.411570e-10
1.299838e-09
6.369890e-09
8.192739e-10
5.499011e-09
1.652004e-09
1.025839e-09
1.112286e-09
5.915575e-10
7.324630e-10
1.986186e-09
4.532831e-09
9.142479e-09
1.081411e-08
9.213593e-09
7.892967e-09
4.260810e-09
4.469580e-09
3.119924e-09
4.971815e-09
7.736465e-09
1.017564e-08
6.355306e-09
4.151928e-09
1.261227e-09
1.229424e-09
2.064843e-09
2.492061e-10
4.027976e-09
3.274047e-09
1.460270e-08
2.521843e-08
1.541475e-08
1.950298e-08
5.930710e-09
1.492998e-09
8.633771e-10
9.798017e-10
9.802558e-10
4.725060e-10
1.290028e-08
3.880810e-09
9.829968e-09
6.166624e-09
1.061900e-09
9.474570e-10
2.074934e-09
1.906071e-09
6.280515e-09
1.156445e-09
2.822024e-09
2.729542e-09
5.766614e-08
2.540299e-08
6.582602e-08
1.639243e-08
1.537466e-08
1.319996e-09
2.136091e-09
1.440687e-10
9.213733e-10
1.254841e-09
7.241126e-10
4.994269e-10
2.563203e-09
3.226552e-09
3.380277e-09
1.243848e-08
1.202958e-08
4.982454e-09
9.041325e-10
1.190496e-08
3.793591e-09
1.165635e-08
9.410154e-09
5.221208e-09
8.076607e-09
3.153556e-08
1.030399e-08
1.273427e-08
4.717677e-09
1.480346e-08
8.274859e-09
3.859479e-09
4.148769e-09
1.745195e-09
1.987027e-08
1.081968e-09
1.195600e-09
5.035415e-10
2.032783e-09
4.942436e-10
1.885085e-09
6.978490e-10
5.716737e-10
3.274615e-09
1.480539e-08
2.440751e-09
6.635095e-09
2.321895e-09
1.028814e-08
4.901704e-09
1.045347e-08
5.377262e-09
1.225946e-08
1.507243e-08
8.434796e-08
2.045847e-08
5.146918e-09
1.546297e-08
1.029920e-08
2.836688e-09
1.117669e-09
4.997300e-10
1.212076e-09
1.089264e-08
1.446136e-08
1.677983e-08
6.721876e-09
6.121128e-09
8.348825e-09
1.375736e-09
3.655785e-10
3.866579e-12
3.493107e-11
3.779004e-11
6.177341e-11
3.292642e-11
1.454386e-10
4.588710e-10
1.133302e-09
8.805484e-10
7.070360e-10
2.451710e-09
2.789362e-09
4.632253e-10
2.039851e-09
3.335235e-10
2.814058e-09
1.273633e-10
7.357589e-10
1.607433e-10
1.005712e-10
1.604972e-10
7.108270e-11
8.133641e-11
1.512558e-10
7.971776e-10
1.726154e-10
9.098171e-10
5.629507e-11
8.120646e-11
1.721073e-10
6.621443e-10
7.965923e-10
1.131320e-09
1.638654e-09
6.666118e-10
8.031137e-10
4.222573e-10
1.255980e-10
3.639057e-10
1.131807e-09
1.219807e-09
2.049316e-09
6.692409e-10
8.067372e-10
4.220566e-10
1.256142e-10
3.639053e-10
1.131815e-09
1.219807e-09
2.049317e-09
6.692409e-10
8.067373e-10
4.220567e-10
1.256142e-10
3.639053e-10
1.131815e-09
1.219807e-09
2.049317e-09
6.692411e-10
8.067413e-10
4.220696e-10
1.256262e-10
3.640791e-10
1.132399e-09
1.232056e-09
2.130515e-09
1.240766e-09
3.320462e-09
8.323284e-10
9.135417e-10
6.067367e-10
1.803008e-10
1.028452e-09
2.997818e-09
5.541616e-09
6.815851e-09
7.453034e-09
1.510400e-09
3.003653e-10
5.778336e-11
5.150752e-11
3.159383e-11
2.862799e-10
1.642542e-11
6.003814e-10
9.330416e-10
5.691703e-09
4.688527e-10
5.203273e-09
1.264838e-09
9.230407e-10
1.342167e-09
4.602284e-10
3.702594e-10
5.688495e-10
1.378612e-09
4.835384e-09
4.652597e-09
5.622827e-09
1.035894e-08
5.717514e-09
2.642155e-09
2.351228e-09
2.716205e-09
4.204338e-09
7.690001e-09
4.885483e-09
4.501582e-09
1.853632e-09
1.144681e-09
2.038960e-09
4.111129e-10
1.358348e-09
1.441432e-09
1.957960e-09
1.254098e-08
1.477107e-08
1.578931e-08
7.075182e-09
3.939702e-09
3.464187e-09
9.034456e-10
1.043116e-09
1.283863e-10
8.031331e-09
3.217087e-09
1.007624e-08
5.906884e-09
1.654113e-09
1.540199e-09
8.112526e-10
2.186776e-09
5.801047e-09
1.017751e-09
4.082793e-09
2.861319e-10
7.627360e-09
1.820183e-08
6.376337e-08
1.800179e-08
1.796270e-08
2.877579e-09
2.067541e-09
1.452412e-10
6.380091e-10
8.044276e-10
8.077488e-10
5.439062e-10
2.334546e-09
1.061736e-09
1.530224e-09
7.735969e-09
9.559509e-09
6.309065e-09
4.050119e-09
5.510941e-09
8.843032e-10
1.212682e-08
5.570315e-09
4.876468e-09
6.441310e-09
3.319896e-08
2.634376e-09
7.871886e-09
3.207082e-09
8.152948e-09
1.012616e-08
1.019207e-08
8.809431e-09
5.231832e-09
2.516275e-08
1.562215e-09
1.667024e-09
2.314425e-10
1.092688e-09
5.226551e-10
1.769734e-09
1.092911e-09
8.139872e-10
2.964450e-09
1.422480e-08
1.457321e-09
6.103689e-09
1.982576e-09
6.092507e-09
2.714317e-09
1.026490e-08
5.809382e-09
4.476803e-09
8.123242e-09
6.305612e-08
9.970292e-09
1.145844e-08
1.862161e-08
1.135088e-08
6.687529e-09
1.142100e-09
4.965425e-10
4.791205e-10
3.681591e-09
9.041846e-09
1.506396e-08
6.041881e-09
6.182577e-09
9.339365e-09
2.218885e-09
8.594582e-10
3.633374e-11
3.259007e-11
3.692853e-11
5.692040e-11
7.782423e-12
8.790543e-11
1.561277e-10
4.818152e-10
4.439698e-10
2.683334e-10
2.379297e-09
3.539642e-09
5.219833e-10
1.847942e-09
3.432202e-10
2.600509e-09
2.411100e-10
5.964818e-10
1.419581e-10
1.093319e-10
1.012012e-10
1.014006e-10
4.194905e-11
5.224532e-11
7.180498e-10
1.672715e-10
9.132930e-10
1.123393e-10
9.843572e-11
4.001265e-11
4.833001e-10
2.349276e-10
5.960726e-10
9.091094e-10
5.970667e-10
6.907377e-10
4.230238e-10
2.241194e-10
9.684683e-11
5.916925e-10
6.895714e-10
1.313784e-09
6.082368e-10
6.946986e-10
4.220666e-10
2.246764e-10
9.684549e-11
5.917269e-10
6.895725e-10
1.313785e-09
6.082367e-10
6.946990e-10
4.220672e-10
2.246764e-10
9.684549e-11
5.917269e-10
6.895725e-10
1.313785e-09
6.082368e-10
6.947015e-10
4.220696e-10
2.246809e-10
9.685357e-11
5.919144e-10
6.914123e-10
1.325906e-09
6.889833e-10
2.941782e-09
6.561607e-10
8.098087e-10
3.550448e-10
1.343046e-10
4.505781e-10
2.424303e-09
5.047107e-09
7.235771e-09
9.030687e-09
1.793233e-09
8.394243e-10
4.790708e-10
5.328232e-11
3.640126e-11
2.582661e-10
4.862172e-12
5.626227e-10
8.491788e-10
4.161258e-09
3.759267e-10
4.862607e-09
1.018275e-09
9.193795e-10
1.152806e-09
3.845371e-10
2.328440e-10
2.136210e-10
3.055228e-10
1.208019e-09
2.504411e-09
2.571570e-09
5.755085e-09
4.342136e-09
4.239667e-09
1.716478e-09
1.658029e-09
2.112990e-09
3.959299e-09
3.920927e-09
2.887455e-09
1.456437e-09
1.962875e-09
2.215445e-09
2.611485e-10
7.688407e-10
1.404828e-09
1.728746e-09
1.384749e-09
1.060714e-08
6.413546e-09
6.908408e-09
1.125743e-08
1.026432e-08
1.538892e-09
1.011145e-09
2.539372e-10
4.418116e-09
2.631204e-09
9.730122e-09
5.289145e-09
2.449564e-09
2.445728e-09
8.735388e-10
2.107627e-09
5.515264e-09
1.095615e-09
3.427544e-09
1.245014e-09
1.161631e-09
8.645369e-09
5.719002e-08
1.530698e-08
1.600878e-08
7.177503e-09
1.440380e-08
1.377441e-10
6.299636e-10
7.019045e-10
5.384701e-10
6.399085e-10
2.699092e-09
6.490024e-10
1.546915e-09
5.338136e-09
8.286527e-09
5.093861e-09
2.280324e-09
5.724808e-09
2.518987e-09
1.095870e-08
3.934774e-09
4.095748e-09
3.760047e-09
3.237182e-08
3.333648e-09
8.548549e-09
2.145896e-09
6.045951e-09
9.241611e-09
1.057639e-08
1.299245e-08
9.813692e-09
3.623521e-08
7.409536e-09
2.933874e-09
1.957307e-10
8.940937e-10
3.853274e-10
1.554094e-09
1.505860e-09
9.289197e-10
4.913240e-09
9.578412e-09
1.329748e-09
5.698902e-09
7.286517e-10
4.242409e-09
2.476551e-09
9.306217e-09
4.302270e-09
3.997458e-09
5.132652e-09
4.755663e-08
6.595054e-09
4.098967e-09
1.535096e-08
1.730782e-08
7.415504e-09
3.206262e-09
1.419168e-09
1.033499e-09
1.330349e-09
5.503549e-09
1.245978e-08
4.175705e-09
5.405380e-09
9.723429e-09
3.747166e-09
2.357193e-09
1.738798e-10
1.824845e-10
1.354937e-11
3.814695e-11
2.972779e-12
1.029702e-11
9.802466e-12
4.335677e-11
4.202360e-11
5.255672e-11
1.880124e-09
1.916912e-09
6.614854e-10
3.915835e-10
2.147548e-10
1.273268e-09
1.966608e-10
8.845004e-10
2.481386e-11
7.560521e-11
4.190417e-11
4.837427e-11
4.053489e-11
1.850375e-11
3.549107e-11
9.694315e-11
7.580362e-10
8.569613e-11
2.452044e-10
7.470699e-12
3.005611e-11
4.662520e-11
4.049277e-11
1.275249e-10
1.139246e-10
3.881012e-10
4.311120e-10
1.245206e-10
9.687361e-11
5.690002e-11
1.431128e-10
5.522516e-10
1.166779e-10
3.914032e-10
4.250482e-10
1.256260e-10
9.685306e-11
5.699078e-11
1.431187e-10
5.522533e-10
1.166779e-10
3.914038e-10
4.250516e-10
1.256260e-10
9.685307e-11
5.699078e-11
1.431187e-10
5.522533e-10
1.166779e-10
3.914039e-10
4.250524e-10
1.256262e-10
9.685357e-11
5.699253e-11
1.432792e-10
5.532803e-10
1.185344e-10
4.416079e-10
6.024967e-10
2.826304e-10
1.785486e-10
9.638399e-11
7.807185e-11
3.765184e-10
1.454659e-09
5.898639e-09
9.309043e-09
1.693601e-09
1.128146e-09
3.177321e-10
1.017072e-10
2.347156e-11
7.280240e-11
3.779554e-12
4.675309e-11
2.921520e-10
1.921758e-09
1.747346e-10
2.951735e-09
2.980424e-10
6.185655e-10
1.264458e-09
1.143382e-10
8.238298e-11
8.331698e-11
7.793342e-11
1.203430e-10
2.621864e-10
5.152730e-10
1.352323e-09
2.586096e-09
1.965607e-09
7.121773e-10
6.989035e-10
1.017575e-09
5.015775e-10
8.766682e-10
2.479644e-09
1.177064e-09
1.070781e-09
6.088959e-10
3.118307e-10
5.728186e-10
7.742956e-10
6.040345e-10
3.262078e-10
3.763228e-10
2.979490e-09
4.020742e-09
3.157846e-09
2.702029e-08
1.320088e-09
9.872447e-10
3.249443e-10
2.742733e-09
5.352937e-10
3.295720e-09
2.277074e-09
2.381350e-09
2.349295e-09
5.431789e-10
2.193870e-09
1.126610e-09
1.007800e-09
2.463253e-09
1.277706e-09
1.492616e-09
2.258809e-10
6.367052e-09
7.609615e-09
1.483515e-08
5.113308e-09
1.552153e-08
1.116214e-09
5.399134e-10
4.383295e-10
1.897176e-10
3.367466e-10
2.586602e-09
4.206811e-10
9.643832e-10
8.497921e-10
2.367787e-09
2.613039e-09
2.238932e-09
2.622353e-09
1.467386e-09
7.739970e-09
8.000442e-10
2.585362e-09
2.362163e-09
1.882924e-08
1.781041e-09
6.584188e-09
8.097440e-10
2.065075e-09
4.408030e-09
1.002632e-08
1.226937e-08
9.064667e-09
3.405599e-08
9.706444e-09
3.561998e-09
2.932587e-10
1.803064e-10
2.057526e-10
6.008651e-10
1.395890e-09
5.959069e-10
4.242054e-09
4.928170e-09
3.379240e-10
5.150849e-09
3.308537e-10
1.962275e-09
9.278199e-10
5.003014e-09
1.499477e-09
2.791335e-09
3.095342e-09
1.253003e-08
3.157336e-09
2.913620e-09
8.043532e-09
1.094266e-08
7.268000e-09
3.611131e-09
3.217697e-09
1.365257e-09
4.906063e-10
8.186681e-10
2.374043e-09
1.659379e-09
2.169676e-09
7.913676e-09
3.907932e-09
2.473913e-09
5.364853e-10
3.522503e-10
3.640002e-11
1.630576e-11
2.363002e-12
8.462756e-12
2.256409e-12
2.422706e-11
1.038065e-11
3.678623e-11
8.192785e-10
1.604751e-09
9.343537e-10
1.044324e-09
3.097661e-10
8.907968e-10
4.874525e-10
9.022458e-10
2.151844e-10
1.095868e-10
4.007982e-11
1.598978e-10
4.643191e-11
2.279736e-10
3.083506e-11
3.653869e-11
4.234740e-10
9.266714e-11
3.057681e-10
7.660248e-11
4.004108e-11
1.382225e-11
3.337662e-11
5.392767e-11
6.001483e-11
2.045792e-10
3.877522e-10
3.746510e-10
3.644706e-10
5.821951e-10
1.432021e-10
9.471140e-10
6.503590e-11
1.842987e-10
3.697184e-10
4.131295e-10
3.640789e-10
5.919138e-10
1.432639e-10
9.471894e-10
6.503405e-11
1.843101e-10
3.697301e-10
4.131307e-10
3.640790e-10
5.919138e-10
1.432639e-10
9.471894e-10
6.503405e-11
1.843102e-10
3.697303e-10
4.131308e-10
3.640791e-10
5.919144e-10
1.432792e-10
9.480264e-10
6.545732e-11
1.953469e-10
4.098421e-10
5.298105e-10
4.216299e-10
6.184388e-10
3.102825e-10
4.064749e-10
5.789842e-10
5.340006e-09
1.065515e-08
1.889035e-09
1.372923e-09
6.386521e-10
8.247469e-10
3.147303e-10
3.820153e-11
1.713983e-11
3.940752e-11
4.046441e-11
8.512387e-10
2.066480e-10
1.456968e-09
5.075663e-10
9.765726e-10
1.614621e-09
3.449245e-10
2.366331e-10
3.947707e-10
3.083673e-10
3.072871e-10
3.185385e-10
5.866381e-10
1.554522e-09
2.064237e-09
2.283332e-09
2.621165e-09
1.917994e-09
2.304137e-09
1.366661e-09
9.021516e-10
2.774719e-09
2.538916e-09
2.538168e-09
1.138928e-09
1.313383e-09
2.773432e-09
1.298948e-09
8.444439e-10
7.572081e-10
7.474003e-10
5.267034e-10
6.055217e-09
3.441659e-09
2.912760e-08
4.732842e-09
3.830781e-09
4.348250e-09
2.252778e-09
1.061397e-09
2.368842e-09
1.100024e-09
2.187639e-09
2.219905e-09
8.675167e-10
3.559280e-09
3.256650e-09
6.995378e-10
1.985241e-09
2.321796e-09
1.470696e-09
4.815323e-10
1.224650e-09
3.058583e-09
8.021676e-09
5.328841e-09
1.595902e-08
6.611802e-09
4.003730e-08
7.506261e-10
3.814402e-10
3.471098e-10
1.563329e-09
4.499388e-10
1.283011e-09
5.775554e-10
1.345172e-09
1.629408e-09
2.358554e-09
1.872174e-09
2.098243e-09
1.548030e-08
2.859695e-09
3.692414e-09
4.806188e-09
1.164105e-08
1.486721e-09
1.248601e-08
2.759002e-09
4.141680e-09
3.696873e-09
1.115589e-08
1.208950e-08
1.220325e-08
3.761444e-08
1.605919e-08
7.538876e-09
4.723833e-09
6.692448e-10
1.590281e-10
5.156375e-10
1.096619e-09
7.393323e-10
4.096551e-09
3.066615e-09
1.029909e-09
3.011637e-09
1.178897e-09
2.432829e-09
8.313737e-10
3.372526e-09
1.449565e-09
2.646902e-09
2.778346e-09
1.117818e-08
4.435979e-09
5.052717e-09
6.866739e-09
7.924797e-09
7.731850e-09
1.166910e-08
6.240174e-09
1.423250e-08
3.231829e-09
8.474510e-10
1.130167e-09
1.195123e-09
1.421767e-09
4.162193e-09
3.760591e-09
3.609031e-09
4.774583e-09
6.200601e-09
4.698983e-10
4.600306e-10
9.697148e-13
5.231160e-12
1.226441e-12
7.345825e-12
5.520567e-12
3.160276e-11
2.744528e-10
8.048648e-10
1.114367e-09
1.149650e-09
7.178580e-10
1.055850e-09
5.785722e-10
7.404690e-10
2.930848e-10
5.174230e-10
5.244482e-11
3.363041e-10
1.063734e-10
3.365165e-10
1.470261e-10
4.850082e-11
1.232011e-10
9.626898e-11
3.165563e-10
9.905954e-11
1.782875e-10
2.271776e-11
3.344150e-11
2.089364e-11
3.757182e-11
2.370617e-10
4.889835e-10
4.873434e-10
9.325834e-10
1.102063e-09
6.906960e-10
5.531674e-10
6.538769e-11
2.668691e-10
3.418263e-10
5.608934e-10
9.308317e-10
1.132399e-09
6.914095e-10
5.532609e-10
6.537810e-11
2.669269e-10
3.418733e-10
5.608956e-10
9.308320e-10
1.132399e-09
6.914095e-10
5.532609e-10
6.537810e-11
2.669269e-10
3.418733e-10
5.608956e-10
9.308321e-10
1.132399e-09
6.914123e-10
5.532803e-10
6.545732e-11
2.687446e-10
3.480722e-10
5.797700e-10
9.859232e-10
1.164699e-09
8.532179e-10
1.084979e-09
4.354783e-10
2.224862e-09
5.611433e-09
2.522123e-09
1.617942e-09
7.324632e-10
1.880988e-09
6.114449e-10
2.065477e-10
2.842787e-11
2.196012e-11
2.118767e-11
3.743544e-11
6.133838e-11
6.529868e-10
1.617365e-10
1.192622e-09
9.647643e-10
6.380794e-10
8.810125e-10
1.382308e-09
5.609422e-10
7.601616e-10
3.695601e-10
3.231493e-10
8.301376e-10
2.431124e-09
2.826860e-09
3.754837e-09
5.331580e-09
5.821070e-09
3.283888e-09
1.978133e-09
1.461682e-09
2.288351e-09
6.128902e-09
3.217431e-09
3.570703e-09
4.454058e-09
2.503029e-09
1.381423e-09
8.944529e-10
6.894650e-10
3.840053e-10
3.500794e-10
1.248509e-08
3.153243e-08
6.095529e-09
1.286170e-08
7.808344e-09
2.980074e-09
1.347534e-09
2.200008e-09
3.132519e-10
1.165096e-09
1.482808e-09
1.005597e-09
3.519507e-09
6.495940e-09
8.411873e-10
6.386953e-10
2.568989e-09
1.462439e-09
4.157233e-10
1.901877e-09
2.729373e-10
1.075295e-09
4.506075e-09
1.806705e-08
8.269031e-09
6.906491e-08
5.939014e-09
5.592408e-10
3.826408e-10
8.634015e-10
2.352689e-10
1.488355e-09
4.317448e-10
6.078086e-10
8.606300e-10
1.140332e-09
7.742724e-10
2.653090e-09
1.438385e-08
4.296975e-09
4.763386e-09
1.075517e-09
7.910579e-09
5.219879e-09
1.454537e-08
3.653083e-09
6.277535e-09
1.832285e-09
5.714602e-09
6.970570e-09
1.177505e-08
3.301842e-08
1.832861e-08
7.656900e-09
6.782896e-09
1.294865e-09
1.225350e-10
2.626463e-10
5.832939e-10
6.152237e-10
3.198616e-09
1.808678e-09
9.463887e-10
1.851295e-09
4.444399e-10
3.012707e-09
1.141991e-09
1.965770e-09
1.567301e-09
2.388629e-09
9.691503e-10
7.040655e-09
4.800923e-09
6.429696e-09
6.162976e-09
6.587413e-09
7.242106e-09
1.511892e-08
1.109424e-08
2.402731e-08
8.051106e-09
6.297478e-10
5.881352e-10
1.787325e-10
3.424564e-10
2.171136e-09
3.201847e-09
4.018191e-09
1.086417e-08
9.738424e-09
2.007041e-09
9.207221e-10
3.022236e-10
6.772562e-13
7.564938e-13
6.991613e-12
8.350442e-12
5.898754e-12
1.871852e-11
3.305666e-10
8.700483e-10
1.230635e-09
9.525782e-10
1.543845e-09
8.599325e-10
6.800353e-10
6.058301e-10
6.402242e-10
2.839312e-10
5.266418e-10
1.543796e-10
7.875001e-10
1.691368e-10
3.014677e-10
4.317324e-11
5.681528e-11
3.467266e-10
1.099984e-10
1.998667e-10
1.429724e-10
1.235659e-10
1.699744e-11
7.701173e-11
1.167413e-10
4.269755e-10
6.647468e-10
1.069865e-09
1.651175e-09
1.227300e-09
1.324797e-09
1.185751e-10
1.946386e-10
3.467368e-10
7.115141e-10
1.064719e-09
1.812811e-09
1.232056e-09
1.325901e-09
1.185325e-10
1.949911e-10
3.470080e-10
7.115228e-10
1.064720e-09
1.812811e-09
1.232056e-09
1.325901e-09
1.185325e-10
1.949911e-10
3.470080e-10
7.115229e-10
1.064720e-09
1.812812e-09
1.232056e-09
1.325906e-09
1.185344e-10
1.953469e-10
3.480722e-10
7.149260e-10
1.073560e-09
1.846909e-09
1.406154e-09
1.827476e-09
8.811137e-10
1.888602e-09
2.979049e-09
1.445362e-09
1.491232e-09
1.514490e-09
2.249893e-09
2.200463e-09
1.118736e-09
2.016864e-10
1.942426e-11
6.169659e-11
1.646640e-11
7.901759e-12
1.030853e-10
9.749130e-11
9.445192e-10
5.906353e-10
5.213944e-10
1.153306e-09
3.566042e-09
1.032190e-09
1.539476e-09
6.898533e-10
4.958740e-10
4.371779e-10
7.894178e-10
2.697955e-09
5.605905e-09
7.217701e-09
1.008511e-08
5.739726e-09
4.070277e-09
3.343241e-09
1.937877e-09
4.612325e-09
4.683086e-09
6.946085e-09
7.415541e-09
5.856050e-09
2.176901e-09
1.288318e-09
1.025212e-09
5.365103e-10
5.087089e-10
1.013318e-09
2.408178e-08
1.718597e-08
1.670705e-08
1.731980e-08
6.207581e-09
3.055157e-09
1.802276e-09
7.223211e-10
3.970165e-10
4.746117e-10
7.648410e-10
3.191128e-09
1.168176e-08
1.553545e-09
1.039229e-09
1.942172e-09
1.829810e-09
6.419467e-10
1.701820e-09
1.115825e-09
5.631572e-10
1.225256e-09
6.705344e-09
9.322243e-09
7.445826e-08
1.898208e-08
1.090432e-08
5.113219e-10
1.235359e-09
2.273785e-10
8.537793e-10
4.481381e-10
7.627350e-10
6.858747e-10
5.165172e-10
5.871437e-10
2.723922e-09
1.203440e-08
5.404548e-09
7.905753e-09
2.292061e-09
1.355285e-09
3.318025e-09
1.297083e-08
8.435581e-09
9.072993e-09
4.283591e-09
1.892802e-09
2.575182e-09
1.480592e-08
1.868365e-08
1.931029e-08
8.047523e-09
9.463593e-09
3.099534e-09
5.546853e-10
2.571015e-10
2.083150e-10
2.022734e-09
7.156653e-10
1.640272e-09
9.399148e-10
1.249816e-09
4.442535e-10
1.570228e-09
1.243068e-09
1.554852e-09
1.966687e-09
8.271841e-09
1.155839e-09
2.535647e-09
4.370975e-09
1.008741e-08
2.917825e-09
6.555358e-09
1.105040e-08
1.624903e-08
1.704404e-08
4.442065e-08
1.012833e-08
2.206004e-09
1.607482e-09
5.043056e-10
1.665404e-10
7.577858e-10
1.377241e-09
2.953303e-09
1.291348e-08
1.481304e-08
6.143547e-09
2.365278e-09
1.308687e-09
8.539596e-10
4.756483e-13
7.144498e-12
8.124071e-12
3.686800e-11
2.914901e-11
1.062228e-10
6.379870e-10
1.546818e-09
1.088663e-09
1.846767e-09
1.252291e-09
5.582541e-10
1.374775e-09
1.975746e-09
3.107142e-10
2.418447e-09
2.863498e-10
2.213592e-09
2.377335e-10
4.121105e-10
1.638286e-10
7.293332e-11
2.666026e-10
1.639496e-10
2.236207e-10
1.635393e-10
9.102776e-10
9.972076e-11
2.125501e-10
1.385713e-10
3.584014e-10
5.258444e-10
1.377087e-09
1.936331e-09
1.774848e-09
2.123106e-09
6.908817e-10
4.399712e-10
4.078799e-10
5.789086e-10
1.071685e-09
2.319548e-09
1.804957e-09
2.130512e-09
6.889828e-10
4.415879e-10
4.095752e-10
5.789588e-10
1.071688e-09
2.319548e-09
1.804958e-09
2.130512e-09
6.889828e-10
4.415879e-10
4.095752e-10
5.789588e-10
1.071688e-09
2.319548e-09
1.804958e-09
2.130515e-09
6.889833e-10
4.416079e-10
4.098421e-10
5.797700e-10
1.073560e-09
2.328860e-09
1.986422e-09
2.630102e-09
1.421471e-09
4.062372e-09
2.393615e-09
1.662686e-09
1.292965e-09
6.637867e-10
2.561791e-09
4.622879e-09
5.557745e-09
2.084084e-09
2.718348e-10
2.292049e-10
8.895443e-11
1.609024e-11
4.919240e-11
6.768729e-11
1.058293e-09
2.809577e-10
1.044037e-09
1.165412e-09
5.602926e-09
1.368303e-09
3.946918e-09
1.627211e-09
7.979436e-10
6.227299e-10
7.020130e-10
9.970533e-10
3.358069e-09
8.973411e-09
1.349996e-08
9.346335e-09
6.802360e-09
7.166012e-09
4.218550e-09
4.454595e-09
3.844006e-09
7.431710e-09
9.298095e-09
1.148379e-08
5.991622e-09
2.478263e-09
1.104057e-09
9.660348e-10
2.280896e-09
2.022346e-10
5.739140e-09
1.472428e-08
1.513529e-08
2.877111e-08
1.829212e-08
8.098143e-09
4.414715e-09
9.421199e-10
4.986895e-10
8.158154e-10
1.025774e-09
1.964963e-09
1.366265e-08
3.948807e-09
7.720424e-09
4.572740e-09
7.419981e-10
8.593818e-10
2.575529e-09
1.530600e-09
5.511787e-09
2.892938e-10
2.893907e-09
9.522370e-09
7.415079e-08
2.470638e-08
6.500888e-08
9.879091e-09
2.568101e-09
7.790069e-10
1.159223e-09
2.798531e-10
1.099315e-09
1.117570e-09
6.993798e-10
4.674615e-10
1.451706e-09
1.010378e-08
7.588764e-09
1.212748e-08
8.661256e-09
3.480139e-09
7.861492e-10
1.760621e-08
6.802804e-09
1.355583e-08
1.093461e-08
5.416637e-09
2.342497e-09
2.930749e-08
1.415725e-08
1.918243e-08
8.323283e-09
1.380016e-08
8.006903e-09
1.691139e-09
2.846018e-09
4.107894e-10
2.733573e-08
5.829171e-10
1.206722e-09
1.022139e-09
2.124894e-09
4.421233e-10
2.028071e-09
6.102876e-10
1.596337e-09
2.426675e-09
1.332798e-08
2.489898e-09
3.604249e-09
3.970019e-09
1.144573e-08
4.625964e-09
7.038097e-09
6.616079e-09
2.291749e-08
2.299808e-08
7.826465e-08
1.622754e-08
3.592500e-09
1.144690e-08
4.520093e-09
9.114626e-10
5.739650e-10
6.833589e-10
2.304106e-09
1.260307e-08
1.762076e-08
1.713710e-08
5.520777e-09
4.617396e-09
3.779641e-09
5.904698e-10
5.928797e-12
7.960307e-12
3.715857e-11
5.010397e-11
1.262008e-10
3.461781e-10
7.330686e-10
9.640454e-10
2.492505e-09
1.270046e-09
5.977552e-10
3.617051e-09
2.883736e-09
4.462235e-10
2.797008e-09
1.536866e-09
3.908153e-09
2.688175e-10
7.466502e-10
1.816279e-10
3.543314e-10
2.494702e-10
1.761199e-10
2.607912e-10
1.673481e-10
1.051652e-09
8.162708e-10
8.779224e-10
1.160412e-10
3.534493e-10
3.849362e-10
1.269093e-09
1.566133e-09
1.837696e-09
3.055197e-09
1.254239e-09
2.869408e-09
5.946112e-10
5.290624e-10
9.850118e-10
1.843764e-09
1.907071e-09
3.144401e-09
1.240766e-09
2.941768e-09
6.024176e-10
5.293762e-10
9.850301e-10
1.843764e-09
1.907073e-09
3.144404e-09
1.240766e-09
2.941768e-09
6.024176e-10
5.293762e-10
9.850301e-10
1.843764e-09
1.907073e-09
3.144407e-09
1.240766e-09
2.941782e-09
6.024967e-10
5.298105e-10
9.859232e-10
1.846909e-09
1.986422e-09
3.705575e-09
1.947681e-09
6.337242e-09
2.001865e-09
2.017010e-09
1.197227e-09
4.568120e-10
2.464811e-09
4.809040e-09
6.948023e-09
8.620109e-09
1.397557e-09
2.064275e-09
2.864324e-10
7.580152e-11
8.158795e-11
4.992126e-11
1.000249e-09
7.781045e-11
9.801722e-10
1.673595e-09
7.336252e-09
8.166067e-10
7.355718e-09
1.784176e-09
1.220875e-09
9.436708e-10
7.760477e-10
9.827358e-10
2.239912e-09
4.966215e-09
9.622656e-09
1.242891e-08
1.217458e-08
1.143383e-08
8.066358e-09
7.081655e-09
3.899184e-09
5.921858e-09
9.056581e-09
1.290560e-08
9.901890e-09
5.767967e-09
1.568978e-09
1.597936e-09
4.008063e-09
3.775235e-10
4.725010e-09
3.622543e-09
2.715853e-08
2.604092e-08
1.561158e-08
3.033186e-08
1.235971e-08
2.151330e-09
4.338838e-10
3.221079e-09
1.661952e-09
5.037424e-10
1.410391e-08
4.047413e-09
1.519369e-08
8.394393e-09
1.233898e-09
1.401344e-09
2.952179e-09
1.694687e-09
6.353940e-09
1.827808e-09
4.334613e-09
2.902578e-09
5.872831e-08
2.627058e-08
7.018888e-08
2.794288e-08
4.864649e-08
1.975051e-09
4.528617e-09
1.613319e-10
9.468593e-10
1.614474e-09
1.068016e-09
5.276651e-10
3.455398e-09
3.508114e-09
3.686800e-09
1.405147e-08
1.298466e-08
5.483427e-09
1.149675e-09
1.749863e-08
5.421785e-09
1.316109e-08
1.016155e-08
7.586754e-09
8.888133e-09
7.935686e-08
1.106075e-08
1.642288e-08
5.089519e-09
1.798610e-08
1.078683e-08
3.000298e-09
8.537317e-09
3.114606e-09
1.628378e-07
1.427807e-09
2.028132e-09
5.582144e-10
2.837319e-09
6.579919e-10
1.989291e-09
9.174235e-10
8.921012e-10
3.277214e-09
1.637225e-08
2.908577e-09
1.668679e-08
2.481953e-09
1.083458e-08
7.854756e-09
1.284604e-08
5.994418e-09
1.535928e-08
2.172681e-08
9.488148e-08
2.311864e-08
6.042522e-09
1.670585e-08
4.300043e-08
4.528980e-09
1.485652e-09
6.362876e-10
1.411004e-09
1.134710e-08
1.462048e-08
1.885716e-08
8.601546e-09
1.184921e-08
1.326306e-08
2.707502e-09
1.127561e-09
3.955046e-12
3.548057e-11
4.819461e-11
6.555706e-11
3.334058e-11
1.485918e-10
4.680443e-10
1.193177e-09
1.141462e-09
1.192689e-09
3.983679e-09
3.160317e-09
4.782053e-10
2.632188e-09
1.526073e-09
5.242499e-09
1.476237e-10
7.161588e-10
1.893420e-10
3.847560e-10
2.285934e-10
1.343277e-10
1.119759e-10
1.586144e-10
1.041977e-09
8.357855e-10
1.189999e-09
6.253830e-11
8.127028e-11
1.790505e-10
6.985571e-10
8.929932e-10
1.338034e-09
2.486445e-09
1.387686e-09
3.200977e-09
6.309957e-10
2.820669e-10
4.214158e-10
1.164097e-09
1.393611e-09
2.547711e-09
1.359876e-09
3.320458e-09
6.561469e-10
2.826171e-10
4.214542e-10
1.164098e-09
1.393613e-09
2.547714e-09
1.359876e-09
3.320458e-09
6.561469e-10
2.826171e-10
4.214542e-10
1.164098e-09
1.393613e-09
2.547715e-09
1.359876e-09
3.320462e-09
6.561607e-10
2.826304e-10
4.216299e-10
1.164699e-09
1.406154e-09
2.630102e-09
1.947681e-09
6.228039e-09
1.253830e-09
1.965055e-09
7.619743e-10
2.726255e-10
1.397193e-09
5.064622e-09
6.876638e-09
7.832910e-09
2.241171e-09
2.758193e-09
4.259130e-10
1.579618e-10
6.678899e-11
3.282383e-11
3.842249e-10
2.956122e-11
6.751557e-10
1.120102e-09
7.012006e-09
6.468074e-10
6.886405e-09
1.414809e-09
1.197299e-09
8.328311e-10
7.187865e-10
5.817952e-10
7.712800e-10
1.748863e-09
5.294855e-09
5.624007e-09
7.968435e-09
1.559898e-08
1.079635e-08
5.521299e-09
3.465660e-09
3.769197e-09
5.859819e-09
1.088186e-08
8.589698e-09
6.505469e-09
2.507463e-09
1.556668e-09
4.211388e-09
6.540884e-10
2.029639e-09
1.627886e-09
2.493950e-09
1.460297e-08
2.723487e-08
2.719683e-08
1.584083e-08
5.055009e-09
8.916613e-10
3.441222e-09
2.354122e-09
1.926985e-10
9.214894e-09
3.342561e-09
1.537660e-08
8.076027e-09
1.258484e-09
2.334196e-09
1.330185e-09
1.831266e-09
6.295027e-09
1.653381e-09
6.421467e-09
2.334802e-10
7.738835e-09
1.903554e-08
6.924066e-08
2.994244e-08
5.265119e-08
4.028003e-09
5.101791e-09
2.797967e-10
7.066509e-10
1.147252e-09
1.319156e-09
5.152867e-10
2.922928e-09
1.446511e-09
1.650954e-09
8.877937e-09
1.057127e-08
7.093487e-09
3.954951e-09
1.124884e-08
1.467118e-09
1.130915e-08
7.031936e-09
8.554076e-09
7.800695e-09
8.754424e-08
3.190555e-09
1.226245e-08
3.732668e-09
1.086479e-08
1.298296e-08
6.391147e-09
1.704585e-08
9.474187e-09
2.310400e-07
1.984156e-09
3.760824e-09
3.000077e-10
1.814668e-09
1.084949e-09
1.874895e-09
1.065114e-09
1.067965e-09
2.182340e-09
1.674745e-08
2.369470e-09
1.623829e-08
2.420312e-09
6.882485e-09
3.386329e-09
1.270611e-08
8.748297e-09
7.262660e-09
1.505888e-08
7.297199e-08
1.263729e-08
1.462389e-08
2.064197e-08
4.806530e-08
9.983691e-09
1.492917e-09
6.250023e-10
8.612247e-10
3.961707e-09
8.975960e-09
1.736534e-08
8.141139e-09
1.251259e-08
1.436214e-08
4.430073e-09
2.474012e-09
4.762651e-11
3.272471e-11
4.745500e-11
6.084873e-11
7.587498e-12
8.867516e-11
1.618646e-10
5.359520e-10
6.951773e-10
6.464544e-10
4.051067e-09
4.220436e-09
4.061935e-10
2.422751e-09
1.842117e-09
5.988110e-09
2.832206e-10
5.036422e-10
1.863585e-10
5.254325e-10
1.823213e-10
2.635918e-10
7.634866e-11
5.936723e-11
9.417010e-10
8.504766e-10
1.238467e-09
9.634120e-11
6.479384e-11
4.874824e-11
5.230506e-10
3.265123e-10
7.992843e-10
1.778088e-09
1.366384e-09
3.316782e-09
6.992921e-10
7.958799e-10
1.784150e-10
6.182422e-10
8.511262e-10
1.813994e-09
1.326961e-09
3.716023e-09
8.323251e-10
8.098030e-10
1.785394e-10
6.182445e-10
8.511356e-10
1.814001e-09
1.326961e-09
3.716024e-09
8.323252e-10
8.098030e-10
1.785394e-10
6.182445e-10
8.511356e-10
1.814001e-09
1.326961e-09
3.716027e-09
8.323284e-10
8.098087e-10
1.785486e-10
6.184388e-10
8.532179e-10
1.827476e-09
1.421471e-09
6.337242e-09
1.253830e-09
2.313344e-09
5.918716e-10
2.025205e-10
8.399930e-10
5.050341e-09
6.478936e-09
8.105526e-09
2.473291e-09
4.814714e-09
1.985417e-09
3.742551e-09
8.738030e-11
3.138678e-11
3.574708e-10
4.613000e-12
6.193870e-10
1.079605e-09
4.962905e-09
3.686437e-10
7.199827e-09
1.525431e-09
1.079633e-09
5.477233e-10
1.067213e-09
5.480799e-10
5.516883e-10
5.552589e-10
1.606245e-09
3.754354e-09
5.016750e-09
1.045072e-08
9.315313e-09
8.758935e-09
4.426578e-09
3.248798e-09
3.801540e-09
7.683556e-09
8.506633e-09
5.302065e-09
2.180009e-09
2.788561e-09
5.328022e-09
5.519688e-10
1.459045e-09
1.638463e-09
2.707047e-09
1.604560e-09
1.245131e-08
1.935204e-08
2.836040e-08
1.421193e-08
2.244125e-09
5.976449e-09
3.047961e-09
9.373038e-10
5.471656e-09
2.839164e-09
1.509561e-08
7.422116e-09
1.711157e-09
4.626045e-09
2.571878e-09
1.279383e-09
5.494015e-09
1.913754e-09
6.918401e-09
5.892272e-10
1.124616e-09
9.291066e-09
6.231737e-08
2.729131e-08
5.193162e-08
1.151031e-08
5.303447e-08
5.042143e-10
5.372219e-10
1.069757e-09
1.117949e-09
5.493520e-10
3.085994e-09
1.120067e-09
1.390948e-09
6.640327e-09
9.519868e-09
5.585722e-09
2.444281e-09
1.340082e-08
4.820145e-09
8.792844e-09
4.588997e-09
7.447594e-09
6.207746e-09
9.864128e-08
5.146566e-09
1.675538e-08
2.815860e-09
1.060285e-08
1.308390e-08
5.923047e-09
3.830248e-08
2.323131e-08
4.888896e-07
1.556227e-08
1.510675e-08
9.068677e-10
2.123258e-09
1.499219e-09
1.694182e-09
1.346282e-09
1.473895e-09
3.062566e-09
1.060913e-08
2.413252e-09
1.850147e-08
2.031437e-09
4.799576e-09
3.459230e-09
1.248978e-08
4.539875e-09
6.546168e-09
1.594738e-08
5.944025e-08
9.197603e-09
6.185227e-09
1.853000e-08
7.527936e-08
1.323796e-08
4.058356e-09
1.818528e-09
5.112949e-09
1.844155e-09
5.394649e-09
1.463060e-08
6.297899e-09
1.246164e-08
1.649771e-08
1.399420e-08
7.580951e-09
2.522959e-10
2.020510e-10
2.394733e-11
4.206396e-11
2.916449e-12
1.309708e-11
1.918621e-11
9.134661e-11
3.285716e-10
4.841832e-10
3.659263e-09
2.484255e-09
5.176153e-10
1.132217e-09
1.972636e-09
5.740578e-09
3.243843e-10
6.949788e-10
1.288687e-10
7.052111e-10
1.686043e-10
2.618352e-10
1.167672e-10
6.246282e-11
2.726446e-10
8.040152e-10
1.075096e-09
7.362065e-11
1.381791e-10
4.180779e-11
8.788642e-11
1.440763e-10
2.468275e-10
1.008956e-09
1.100439e-09
3.064601e-09
8.300941e-10
8.768167e-10
3.530351e-10
9.637014e-11
3.098317e-10
1.082751e-09
8.661369e-10
3.636673e-09
1.634218e-09
9.135403e-10
3.550431e-10
9.637988e-11
3.098831e-10
1.082777e-09
8.661376e-10
3.636674e-09
1.634218e-09
9.135403e-10
3.550431e-10
9.637988e-11
3.098831e-10
1.082777e-09
8.661376e-10
3.636674e-09
1.634220e-09
9.135417e-10
3.550448e-10
9.638399e-11
3.102825e-10
1.084979e-09
8.811137e-10
4.062372e-09
2.001865e-09
1.965055e-09
5.918716e-10
2.442515e-10
5.774674e-10
3.262172e-09
2.944591e-09
6.671623e-09
2.468635e-09
6.042663e-09
5.020245e-09
8.768328e-09
7.239346e-10
5.319994e-11
1.814848e-10
1.706338e-11
5.880932e-11
4.790717e-10
2.995176e-09
3.038600e-10
5.064402e-09
8.579915e-10
1.686499e-09
9.633791e-10
2.237973e-09
9.885429e-10
1.445950e-09
4.703310e-10
5.455521e-10
1.450707e-09
3.716519e-09
7.024189e-09
8.255253e-09
6.934067e-09
4.484250e-09
5.429199e-09
4.771210e-09
3.596021e-09
5.502021e-09
6.868197e-09
3.160621e-09
2.580422e-09
4.173232e-09
1.359273e-09
1.736693e-09
9.447313e-10
1.891817e-09
7.159391e-10
1.397663e-09
1.843500e-08
1.626120e-08
8.639080e-09
2.005499e-08
8.372259e-09
5.461568e-09
1.838437e-09
4.016504e-09
9.425090e-10
8.666087e-09
4.637715e-09
2.056194e-09
5.767442e-09
5.954912e-09
1.063476e-09
1.448331e-09
2.103110e-09
6.291675e-09
9.246066e-10
2.075314e-09
7.871398e-10
1.159785e-08
2.006326e-08
5.424199e-08
1.185182e-08
9.476920e-08
6.964845e-09
3.889154e-10
7.764166e-10
8.530576e-10
3.388736e-10
2.982171e-09
1.071951e-09
1.278029e-09
1.961717e-09
3.661165e-09
4.571116e-09
3.882504e-09
1.271914e-08
8.049260e-09
5.431835e-09
1.711016e-09
8.875464e-09
5.100209e-09
9.437385e-08
5.513212e-09
2.237684e-08
2.343245e-09
9.999933e-09
1.135158e-08
1.026706e-08
5.065999e-08
2.688307e-08
6.417091e-07
2.418904e-08
3.367708e-08
5.250535e-09
3.318663e-09
2.731673e-09
1.138594e-09
1.472106e-09
1.637669e-09
2.612610e-09
6.288362e-09
1.829758e-09
1.842190e-08
2.650932e-09
6.784708e-09
2.891069e-09
8.555683e-09
2.145478e-09
6.019194e-09
1.465846e-08
2.742943e-08
1.139066e-08
1.096841e-08
1.333179e-08
7.832364e-08
1.614636e-08
7.856555e-09
5.805498e-09
1.011279e-08
2.218028e-09
6.187519e-10
4.682786e-09
3.983325e-09
9.765860e-09
1.731695e-08
2.746628e-08
1.062715e-08
1.046692e-09
4.349359e-10
5.157582e-10
2.986069e-12
9.029247e-13
7.220366e-12
3.395167e-11
3.694756e-11
2.582699e-11
2.653711e-10
1.789726e-09
2.200425e-09
5.077151e-10
3.831265e-10
2.006988e-09
6.825598e-09
1.361838e-09
4.933493e-10
1.162919e-09
1.112492e-09
3.086667e-10
5.002384e-10
1.416021e-10
5.185022e-10
3.673088e-11
2.659284e-10
7.006736e-10
7.232052e-11
8.692180e-11
3.573846e-10
3.744653e-10
3.319776e-11
1.007764e-10
2.510975e-10
6.935970e-10
1.096852e-09
6.356071e-10
1.110113e-09
5.929912e-10
1.340834e-10
7.783108e-11
4.058864e-10
4.329677e-10
1.809924e-09
2.327962e-09
1.291654e-09
6.067363e-10
1.343037e-10
7.806298e-11
4.060370e-10
4.329718e-10
1.809927e-09
2.327963e-09
1.291654e-09
6.067363e-10
1.343037e-10
7.806298e-11
4.060370e-10
4.329718e-10
1.809927e-09
2.327963e-09
1.291654e-09
6.067367e-10
1.343046e-10
7.807185e-11
4.064749e-10
4.354783e-10
1.888602e-09
2.393615e-09
2.017010e-09
7.619743e-10
2.025205e-10
5.774674e-10
2.539725e-09
1.312011e-09
2.512257e-09
1.732442e-09
6.530934e-09
7.676674e-09
7.029438e-08
1.212655e-08
4.074816e-11
7.358534e-11
1.535265e-10
1.035327e-10
4.178466e-11
4.227559e-10
2.255284e-10
2.745559e-09
3.616829e-09
1.288319e-09
1.301234e-09
9.963871e-09
2.792004e-09
6.112389e-09
1.234501e-09
5.780807e-10
4.597680e-10
1.292980e-09
4.323729e-09
7.273814e-09
7.589543e-09
7.370915e-09
8.435455e-09
5.562663e-09
3.543019e-09
2.137187e-09
2.715868e-09
5.135878e-09
5.553932e-09
4.723274e-09
2.929638e-09
1.558254e-09
1.267413e-09
2.662624e-09
1.144678e-09
4.886136e-10
1.975748e-09
2.197631e-08
1.439803e-08
1.110581e-08
1.673705e-08
1.568847e-08
1.058941e-08
1.884970e-09
2.879033e-09
2.379928e-09
8.310719e-10
1.476832e-09
7.794376e-09
2.697140e-08
3.784617e-09
6.308732e-10
1.949962e-09
1.021080e-08
3.808774e-09
1.749810e-09
4.638209e-09
7.523438e-09
2.727277e-09
1.273766e-08
1.382077e-08
1.159294e-07
3.951924e-08
7.630732e-09
3.531148e-10
2.271410e-09
7.409722e-10
6.658097e-10
1.661553e-09
3.524971e-09
8.875221e-10
2.388408e-09
1.436547e-09
5.927647e-09
1.755990e-08
1.868964e-08
1.127055e-08
4.069188e-09
3.378640e-09
1.501986e-08
6.254840e-08
9.127419e-09
3.217390e-08
9.449722e-09
2.047854e-08
8.326771e-09
2.043890e-08
6.623615e-08
4.819953e-08
1.206883e-06
4.812645e-08
9.557709e-08
9.625471e-08
1.357529e-08
2.639402e-08
3.983722e-09
1.286878e-09
3.574991e-09
4.289223e-09
1.507281e-09
5.750832e-09
9.890920e-09
2.287116e-08
8.427890e-09
3.449537e-09
1.857700e-08
1.459269e-09
2.086668e-09
1.524928e-08
5.526841e-08
9.263037e-09
9.217074e-09
2.999886e-08
7.871190e-08
2.346822e-08
1.264570e-08
7.849573e-09
8.664568e-08
1.701727e-08
1.131212e-09
1.771668e-09
1.705107e-09
5.971838e-09
9.846957e-09
3.768987e-08
2.116155e-08
6.422502e-09
1.303116e-09
2.645829e-09
2.650649e-09
1.679574e-12
7.099184e-12
3.352817e-11
3.144926e-10
1.753941e-10
2.346099e-10
6.913860e-10
1.247802e-09
1.373784e-09
3.961531e-10
3.079620e-09
1.294268e-08
5.323026e-09
2.385646e-09
1.613772e-09
8.145998e-09
8.415360e-10
1.538236e-09
4.313446e-10
1.125038e-09
2.069367e-10
2.680294e-10
4.718339e-10
3.299819e-10
2.098501e-10
4.122965e-10
3.831206e-09
4.266290e-10
1.334089e-10
2.307380e-10
7.255470e-10
6.277425e-10
6.923198e-10
1.157474e-09
9.750018e-10
1.788493e-10
4.402465e-10
3.758118e-10
5.784025e-10
2.200841e-09
2.960859e-09
1.533199e-09
1.063169e-09
1.803007e-10
4.505763e-10
3.764929e-10
5.784280e-10
2.200857e-09
2.960864e-09
1.533199e-09
1.063169e-09
1.803007e-10
4.505763e-10
3.764929e-10
5.784280e-10
2.200857e-09
2.960864e-09
1.533199e-09
1.063169e-09
1.803008e-10
4.505781e-10
3.765184e-10
5.789842e-10
2.224862e-09
2.979049e-09
1.662686e-09
1.197227e-09
2.726255e-10
8.399930e-10
3.262172e-09
1.312011e-09
2.609586e-09
2.330857e-09
8.598519e-09
1.073939e-08
1.225079e-07
1.237354e-07
4.490983e-10
1.771448e-09
5.677019e-10
1.309207e-09
6.454576e-10
3.018204e-10
2.070296e-10
3.498888e-09
3.396711e-09
1.202284e-08
3.255480e-09
2.753694e-08
8.058570e-09
2.313295e-08
5.474145e-09
1.041235e-09
5.737485e-10
1.041560e-09
1.282956e-09
3.710789e-09
7.348322e-09
1.198227e-08
1.622393e-08
1.010888e-08
4.387459e-09
3.204959e-09
2.331628e-09
2.379050e-09
3.795770e-09
7.715607e-09
8.433788e-09
4.356543e-09
1.669862e-09
4.432234e-09
3.087874e-09
2.759612e-09
1.319115e-09
3.566285e-09
3.385021e-08
2.612468e-08
2.168332e-08
4.323712e-08
3.632897e-08
6.811424e-09
4.398696e-09
7.072194e-09
1.814508e-09
2.799456e-09
5.660351e-09
3.947887e-08
1.798313e-08
3.883851e-09
8.478874e-09
1.384569e-08
1.572873e-08
1.118139e-08
7.043054e-09
1.265051e-07
1.313301e-09
3.193947e-09
1.335087e-08
1.194830e-07
5.781822e-08
6.024139e-08
6.766720e-09
5.948264e-09
6.376412e-09
1.405838e-09
1.320295e-09
8.543807e-09
2.091315e-09
5.341175e-09
4.419026e-09
4.989811e-09
9.775016e-09
4.132675e-08
3.214458e-08
2.773406e-08
1.008070e-08
1.254524e-08
1.548391e-07
1.510956e-08
5.276944e-08
1.924285e-08
2.410198e-07
7.818458e-09
3.802806e-08
9.630609e-08
5.643491e-08
2.929563e-06
1.315229e-07
2.830191e-07
3.886823e-07
2.041856e-07
1.682781e-07
5.122721e-08
1.920215e-09
3.956744e-09
8.864409e-09
5.631313e-09
1.318859e-08
1.808700e-08
3.960819e-08
1.121467e-07
5.404220e-09
2.817198e-08
7.291889e-09
6.761267e-09
1.224152e-08
7.492520e-08
6.450426e-08
1.182722e-08
2.484661e-08
1.101361e-07
4.989219e-08
3.786145e-08
1.643211e-08
1.543101e-07
2.272979e-07
1.258972e-08
1.722275e-08
3.280901e-09
1.313493e-08
1.465390e-08
4.286533e-08
2.753606e-08
2.661348e-08
6.093417e-09
1.127961e-08
1.358284e-08
5.055325e-09
1.130071e-11
3.919509e-11
3.146078e-10
1.581399e-09
4.158498e-09
6.455962e-10
6.561502e-10
6.936640e-10
3.643935e-10
4.608233e-09
2.291544e-08
2.361924e-08
9.769282e-09
6.192428e-09
9.871785e-09
9.523718e-09
5.054770e-09
1.397473e-09
4.162372e-09
4.466902e-10
1.963581e-09
1.002150e-09
4.357502e-10
3.433240e-10
6.321001e-10
4.794506e-09
5.464005e-09
2.232863e-09
5.414419e-10
1.646705e-09
4.779619e-10
6.995369e-10
1.088224e-09
1.071884e-09
3.337174e-10
9.553648e-10
2.393911e-09
1.454444e-09
5.324426e-09
5.600550e-09
1.410522e-09
1.262116e-09
3.437052e-10
1.028452e-09
2.424286e-09
1.454562e-09
5.324524e-09
5.600576e-09
1.410522e-09
1.262116e-09
3.437052e-10
1.028452e-09
2.424286e-09
1.454562e-09
5.324524e-09
5.600576e-09
1.410522e-09
1.262116e-09
3.437052e-10
1.028452e-09
2.424303e-09
1.454659e-09
5.340006e-09
5.611433e-09
1.445362e-09
1.292965e-09
4.568120e-10
1.397193e-09
5.050341e-09
2.944591e-09
2.512257e-09
2.330857e-09
1.840517e-08
1.743641e-08
1.972073e-07
2.338303e-07
2.139725e-09
2.704338e-08
1.345404e-08
7.013046e-09
1.194294e-08
2.411122e-09
3.979158e-10
6.216415e-09
7.812242e-09
1.387192e-08
1.524205e-08
9.696673e-08
1.539032e-08
6.294362e-08
2.561942e-08
3.736721e-09
1.206958e-09
1.488988e-09
1.349349e-09
2.812303e-09
3.201737e-09
9.309431e-09
2.063987e-08
2.130749e-08
9.149715e-09
6.414721e-09
5.060824e-09
2.199104e-09
3.175470e-09
5.642601e-09
8.998779e-09
1.074894e-08
6.004783e-09
1.139494e-08
6.280888e-09
8.009226e-09
9.204124e-09
6.863551e-09
9.049664e-09
2.879927e-08
4.619853e-08
6.043596e-08
1.166784e-07
2.846534e-08
1.951622e-08
1.043836e-08
1.634976e-08
1.084291e-08
7.195058e-09
4.782750e-08
2.485781e-08
1.695682e-08
6.628075e-08
9.215243e-08
4.631051e-08
3.340104e-08
2.954868e-08
1.942457e-07
1.624739e-08
8.227624e-09
1.168818e-08
1.093950e-07
6.584470e-08
8.250173e-08
4.514049e-08
1.844187e-07
2.082564e-08
8.693833e-09
4.962108e-09
9.808829e-09
4.262328e-09
2.706972e-08
9.316166e-09
2.371882e-08
2.551783e-08
2.789045e-08
3.295862e-08
1.146811e-07
4.643068e-08
7.586070e-08
2.352620e-07
2.647858e-08
7.333817e-08
3.950362e-08
5.119018e-07
7.505444e-08
1.102423e-07
2.121488e-07
6.428811e-08
4.575824e-06
3.245744e-07
7.344927e-07
1.322780e-06
6.407483e-07
3.105548e-06
2.632479e-07
1.617757e-08
1.605295e-08
7.683404e-09
1.185607e-08
6.185017e-08
3.461395e-08
1.563951e-07
2.138526e-07
1.789804e-08
6.662532e-08
1.422413e-08
2.068312e-08
3.244004e-08
8.583120e-08
1.037549e-07
7.565506e-08
6.934661e-08
1.828152e-07
5.744661e-08
5.715714e-08
5.348011e-08
4.010750e-07
4.481403e-07
1.887819e-07
1.983784e-07
2.137752e-08
5.118428e-08
4.337763e-08
6.658736e-08
2.900350e-08
4.042811e-08
1.646771e-08
5.715165e-08
6.229841e-08
2.754576e-08
2.403977e-08
3.361759e-11
3.204623e-10
1.586504e-09
5.978572e-09
2.422902e-09
6.916474e-10
6.719047e-10
3.495606e-10
3.964649e-09
2.200926e-08
5.591006e-08
3.336226e-08
7.329172e-09
1.023477e-08
1.359945e-08
1.947055e-08
2.761570e-09
5.550161e-09
1.141775e-09
2.397821e-09
3.532553e-09
8.892498e-10
6.170121e-10
6.965992e-10
4.950192e-09
7.463971e-09
1.027028e-08
1.323865e-09
1.778010e-09
5.359267e-10
6.219252e-10
1.538546e-09
1.333155e-09
5.940897e-10
1.837827e-09
2.949046e-09
5.046158e-09
5.895859e-09
1.064611e-08
2.511200e-09
1.483979e-09
6.505549e-10
2.151416e-09
2.997813e-09
5.047064e-09
5.896011e-09
1.064622e-08
2.511201e-09
1.483979e-09
6.505549e-10
2.151416e-09
2.997813e-09
5.047064e-09
5.896011e-09
1.064622e-08
2.511201e-09
1.483979e-09
6.505549e-10
2.151416e-09
2.997818e-09
5.047107e-09
5.898639e-09
1.065515e-08
2.522123e-09
1.491232e-09
6.637867e-10
2.464811e-09
5.064622e-09
6.478936e-09
6.671623e-09
1.732442e-09
8.598519e-09
1.743641e-08
2.335113e-07
2.669191e-07
3.865331e-09
5.515023e-08
1.851621e-08
4.257610e-08
1.930098e-08
2.953253e-09
2.007186e-09
4.835951e-09
8.027661e-09
1.725847e-08
1.908716e-08
1.278128e-07
1.536404e-08
8.693557e-08
6.384958e-08
1.023721e-08
2.599434e-09
2.829136e-09
1.597364e-09
1.686269e-09
2.314970e-09
7.122709e-09
1.394412e-08
2.071534e-08
1.802583e-08
1.676729e-08
9.790527e-09
2.750757e-09
2.829647e-09
4.564500e-09
1.108210e-08
1.061670e-08
7.877133e-09
1.766466e-08
1.261266e-08
1.262821e-08
1.189020e-08
8.088433e-09
1.783563e-08
1.505301e-08
2.395536e-08
6.157744e-08
1.603456e-07
9.762863e-08
2.970396e-08
1.765498e-08
2.707323e-08
1.501261e-08
8.863892e-09
4.574053e-08
3.060413e-08
2.195264e-08
7.103011e-08
1.638202e-07
8.662472e-08
5.848595e-08
4.449893e-08
2.139153e-07
2.197148e-08
5.402828e-08
9.150040e-09
6.013633e-08
6.111798e-08
8.875882e-08
5.672680e-08
2.652105e-07
1.220212e-07
1.613903e-08
1.229920e-08
1.081943e-08
5.235641e-09
3.854868e-08
9.876375e-09
2.702389e-08
5.003148e-08
2.865280e-08
3.177768e-08
9.890548e-08
4.571069e-08
1.624961e-07
2.863194e-07
2.846265e-08
7.248228e-08
3.780925e-08
5.650364e-07
1.222581e-07
1.133735e-07
2.710020e-07
6.654297e-08
4.844183e-06
3.720657e-07
7.838864e-07
1.466988e-06
7.023749e-07
3.670604e-06
3.157994e-07
3.755369e-08
2.302823e-08
7.734370e-09
1.528857e-08
6.356060e-08
3.918212e-08
1.651452e-07
4.524524e-07
2.176714e-08
7.078260e-08
1.285804e-08
2.900895e-08
5.544656e-08
8.409910e-08
1.151774e-07
9.562007e-08
8.784337e-08
2.160562e-07
8.660705e-08
5.667733e-08
3.441151e-08
4.431018e-07
5.838625e-07
3.254359e-07
3.779247e-07
2.437957e-08
8.733201e-08
6.065066e-08
6.531676e-08
3.557425e-08
4.420760e-08
1.977203e-08
7.938368e-08
8.180331e-08
9.814258e-08
3.946476e-08
1.429104e-08
2.943275e-10
1.580889e-09
5.970093e-09
2.950790e-09
1.078256e-09
6.263952e-10
2.385954e-09
2.964438e-09
1.979778e-08
5.621058e-08
4.098139e-08
8.048906e-09
9.682632e-09
1.562665e-08
2.134875e-08
4.105352e-09
7.241840e-09
1.544236e-09
3.003419e-09
3.799738e-09
1.387222e-09
1.066777e-09
2.508111e-10
4.799030e-09
7.660817e-09
1.070959e-08
2.162836e-09
2.683799e-09
4.875645e-10
6.907318e-10
1.010008e-09
1.107893e-09
1.292494e-09
1.954586e-09
3.098107e-09
5.539033e-09
7.233448e-09
9.307764e-09
1.883742e-09
1.616228e-09
1.512047e-09
2.499713e-09
3.227705e-09
5.541598e-09
7.234250e-09
9.307891e-09
1.883745e-09
1.616229e-09
1.512047e-09
2.499713e-09
3.227705e-09
5.541598e-09
7.234250e-09
9.307891e-09
1.883745e-09
1.616229e-09
1.512047e-09
2.499713e-09
3.227707e-09
5.541616e-09
7.235771e-09
9.309043e-09
1.889035e-09
1.617942e-09
1.514490e-09
2.561791e-09
4.809040e-09
6.876638e-09
8.105526e-09
2.468635e-09
6.530934e-09
1.073939e-08
1.972073e-07
2.669191e-07
1.914529e-08
6.706222e-08
2.474412e-08
7.473817e-08
5.591907e-08
3.164068e-09
3.460098e-09
6.063958e-09
5.974949e-09
1.609704e-08
2.210252e-08
1.267621e-07
1.290935e-08
8.540895e-08
8.529746e-08
1.682267e-08
4.138131e-09
3.790947e-09
1.940693e-09
1.273120e-09
1.191537e-09
2.244934e-09
9.091505e-09
1.649705e-08
1.252215e-08
1.808978e-08
1.337155e-08
4.264802e-09
3.119875e-09
2.907602e-09
9.134947e-09
1.026255e-08
8.322303e-09
1.579565e-08
1.247972e-08
1.827956e-08
1.207889e-08
6.864778e-09
1.995192e-08
1.919665e-08
9.628257e-09
4.204871e-08
1.356020e-07
1.001839e-07
5.725389e-08
1.893736e-08
3.902640e-08
1.620416e-08
8.594520e-09
3.326445e-08
2.959708e-08
2.282006e-08
7.291632e-08
1.871662e-07
1.062112e-07
8.067883e-08
4.808961e-08
2.113103e-07
2.684396e-08
6.692350e-08
1.686676e-08
2.726756e-08
3.826915e-08
8.429849e-08
5.477211e-08
2.784080e-07
1.634112e-07
4.546713e-08
1.646285e-08
1.046384e-08
5.868042e-09
3.835504e-08
1.012866e-08
2.863037e-08
6.198179e-08
2.674859e-08
3.329045e-08
1.039242e-07
4.307034e-08
1.243363e-07
3.107092e-07
6.490302e-08
6.053420e-08
4.196205e-08
5.524393e-07
1.239803e-07
1.267899e-07
3.145994e-07
3.891690e-08
4.623437e-06
3.955862e-07
7.553586e-07
1.475014e-06
6.966343e-07
3.849613e-06
3.538646e-07
7.150673e-08
4.155744e-08
7.511389e-09
2.387062e-08
6.191449e-08
3.640472e-08
1.586287e-07
5.131235e-07
2.289666e-08
6.714359e-08
1.750263e-08
2.745478e-08
5.368912e-08
7.046237e-08
1.219433e-07
9.544453e-08
8.493060e-08
2.272937e-07
1.078039e-07
5.982012e-08
3.852533e-08
4.198040e-07
6.019254e-07
3.983758e-07
4.297641e-07
2.914114e-08
1.092571e-07
7.983062e-08
5.617142e-08
3.909168e-08
4.786517e-08
1.955477e-08
8.778954e-08
9.918462e-08
1.084724e-07
5.889755e-08
2.365377e-08
1.225749e-08
1.470911e-09
5.911779e-09
2.921513e-09
1.140637e-09
1.138704e-09
2.582653e-10
1.666419e-09
2.841044e-08
5.512921e-08
4.042636e-08
7.533172e-09
4.578862e-09
1.574121e-08
2.259682e-08
4.190846e-09
8.588684e-09
2.432562e-09
3.054376e-09
5.048719e-09
1.321997e-09
1.346819e-09
1.800696e-10
2.039059e-09
7.317464e-09
1.061700e-08
2.191726e-09
3.321354e-09
7.168090e-10
4.748189e-10
1.523259e-09
7.763407e-10
7.518447e-10
1.826190e-09
3.601132e-09
5.642708e-09
6.813016e-09
9.029647e-09
1.692959e-09
1.372213e-09
7.319226e-10
2.234465e-09
4.259419e-09
5.658327e-09
6.815067e-09
9.030068e-09
1.692966e-09
1.372216e-09
7.319227e-10
2.234465e-09
4.259419e-09
5.658327e-09
6.815067e-09
9.030068e-09
1.692966e-09
1.372216e-09
7.319227e-10
2.234465e-09
4.259419e-09
5.658341e-09
6.815851e-09
9.030687e-09
1.693601e-09
1.372923e-09
7.324632e-10
2.249893e-09
4.622879e-09
6.948023e-09
7.832910e-09
2.473291e-09
6.042663e-09
7.676674e-09
1.225079e-07
2.338303e-07
3.865331e-09
6.706222e-08
4.593178e-08
9.904213e-08
7.963950e-08
4.589158e-09
4.815754e-09
5.758718e-09
5.693507e-09
1.011565e-08
2.180546e-08
1.227536e-07
9.444668e-09
7.140162e-08
9.769544e-08
1.707415e-08
5.042153e-09
6.553924e-09
3.062734e-09
1.073863e-09
9.840898e-10
9.181661e-10
3.475333e-09
9.912832e-09
9.754030e-09
1.701866e-08
1.033716e-08
5.546898e-09
5.093153e-09
3.268994e-09
6.949464e-09
7.231121e-09
8.215467e-09
1.477918e-08
1.199914e-08
1.932723e-08
1.225552e-08
6.870918e-09
1.720705e-08
1.996189e-08
8.727687e-09
1.762357e-08
1.161826e-07
8.566432e-08
3.570200e-08
3.177249e-08
5.110988e-08
1.727301e-08
7.348612e-09
2.223583e-08
2.674215e-08
1.982104e-08
7.092616e-08
2.000173e-07
1.146486e-07
9.166527e-08
5.856272e-08
1.464855e-07
2.134457e-08
7.962147e-08
2.064663e-08
3.428940e-08
1.544887e-08
5.234433e-08
4.913247e-08
2.751182e-07
1.659055e-07
6.336088e-08
5.736956e-08
9.160942e-09
8.123264e-09
3.576591e-08
7.399103e-09
2.781161e-08
6.919470e-08
2.509314e-08
3.047646e-08
9.676138e-08
3.973132e-08
1.239657e-07
2.984469e-07
2.459853e-08
4.353672e-08
6.209773e-08
4.979465e-07
1.316931e-07
9.904714e-08
3.459499e-07
3.774767e-08
4.160536e-06
3.295787e-07
6.521433e-07
1.453605e-06
5.999031e-07
3.869486e-06
3.331693e-07
8.805898e-08
6.747958e-08
1.573978e-08
3.251380e-08
5.870024e-08
3.158527e-08
1.426974e-07
5.944350e-07
1.635301e-08
6.831021e-08
1.381800e-08
2.990693e-08
6.475484e-08
5.101825e-08
9.735827e-08
8.848656e-08
8.525118e-08
2.194240e-07
1.402533e-07
4.771032e-08
3.017515e-08
3.690947e-07
6.193973e-07
4.068153e-07
4.356028e-07
2.752072e-08
1.408486e-07
9.906109e-08
5.111477e-08
4.090937e-08
4.399599e-08
1.819160e-08
8.774467e-08
1.030031e-07
1.128169e-07
6.245442e-08
5.795955e-08
2.520498e-08
4.223447e-09
4.523114e-09
2.795481e-09
1.101208e-09
1.016752e-09
2.756441e-10
8.627527e-10
6.525767e-09
4.297366e-08
5.672199e-08
4.024962e-09
2.387381e-09
1.273444e-08
2.051745e-08
3.356748e-09
7.665522e-09
3.149315e-09
2.028473e-09
4.748403e-09
1.288169e-09
1.240653e-09
1.766955e-10
9.988642e-10
4.482743e-09
9.461129e-09
1.704649e-09
2.975874e-09
9.764295e-10
4.840275e-10
1.295758e-09
6.915163e-10
6.608183e-10
1.483098e-09
1.743983e-09
4.935199e-09
6.949702e-09
7.451078e-09
1.792667e-09
1.127902e-09
6.383574e-10
1.872993e-09
2.036191e-09
4.980452e-09
7.300623e-09
7.452723e-09
1.792812e-09
1.127910e-09
6.383579e-10
1.872993e-09
2.036191e-09
4.980453e-09
7.300623e-09
7.452723e-09
1.792812e-09
1.127910e-09
6.383579e-10
1.872993e-09
2.036191e-09
4.980459e-09
7.301289e-09
7.453034e-09
1.793233e-09
1.128146e-09
6.386521e-10
1.880988e-09
2.200463e-09
5.557745e-09
8.620109e-09
2.241171e-09
4.814714e-09
5.020245e-09
7.029438e-08
1.237354e-07
2.139725e-09
5.515023e-08
2.474412e-08
9.904213e-08
1.036341e-07
3.936120e-09
7.498225e-09
3.768188e-09
2.606278e-09
8.987757e-09
1.309758e-08
9.449676e-08
3.219248e-09
3.994383e-08
9.366006e-08
1.383802e-08
3.422710e-09
1.086316e-08
2.509135e-09
1.183355e-09
1.406410e-09
6.157076e-10
1.969275e-09
5.520613e-09
7.219722e-09
1.187957e-08
9.197328e-09
5.717288e-09
3.109704e-09
3.468065e-09
6.938744e-09
5.066423e-09
6.468456e-09
1.249797e-08
1.082877e-08
1.835478e-08
8.284080e-09
3.487282e-09
1.563865e-08
1.801294e-08
4.667157e-09
1.529361e-08
5.634499e-08
8.053528e-08
2.713074e-08
1.557646e-08
5.398554e-08
1.648643e-08
6.273788e-09
5.291629e-09
2.424183e-08
1.173423e-08
2.151945e-08
1.820171e-07
1.092995e-07
8.788716e-08
5.665513e-08
8.806483e-08
1.086056e-08
8.148472e-08
1.377215e-08
2.944593e-08
2.106479e-08
2.442976e-08
2.012723e-08
2.156519e-07
1.596153e-07
6.111751e-08
5.925940e-08
2.644565e-08
1.169810e-08
3.034901e-08
1.952264e-09
1.275647e-08
6.766818e-08
2.029534e-08
2.201868e-08
8.336511e-08
1.822593e-08
7.434159e-08
2.695436e-07
2.454017e-08
3.217051e-08
9.884751e-09
3.619612e-07
1.395548e-07
4.056945e-08
3.188625e-07
1.305352e-08
3.642946e-06
2.669257e-07
4.742661e-07
9.658217e-07
2.142176e-07
3.402222e-06
1.532915e-07
7.318878e-08
6.068797e-08
1.791790e-08
5.642649e-08
4.283177e-08
1.429338e-08
4.865674e-08
5.766277e-07
5.937386e-09
4.230120e-08
9.375592e-09
1.807620e-08
5.924029e-08
4.116940e-08
8.333585e-08
7.433014e-08
4.059287e-08
1.779586e-07
1.476377e-07
4.344545e-08
1.580791e-08
2.812630e-07
5.649823e-07
3.927973e-07
4.057514e-07
1.441614e-08
1.345812e-07
1.154682e-07
3.080237e-08
4.416004e-08
3.479387e-08
1.088896e-08
7.978393e-08
8.140028e-08
1.084481e-07
5.969012e-08
6.015550e-08
5.333793e-08
7.231696e-09
1.211017e-10
9.689347e-10
8.463119e-10
8.542731e-10
1.248441e-10
2.091450e-10
6.160264e-10
4.755830e-09
1.032508e-08
1.973436e-09
1.928721e-08
7.788914e-09
6.730323e-09
1.572396e-09
5.026998e-09
2.390620e-09
1.372044e-09
2.296911e-09
6.601264e-10
9.125031e-10
1.036645e-10
5.074543e-10
6.599522e-10
1.182321e-09
8.124085e-10
1.997605e-09
6.158833e-10
4.090120e-10
9.623327e-10
1.680791e-10
4.399569e-10
4.193968e-10
3.223351e-10
1.065489e-09
1.949735e-09
2.300478e-09
1.484409e-09
8.392593e-10
3.177098e-10
8.223658e-10
5.941910e-10
1.074610e-09
1.986571e-09
2.306895e-09
1.510321e-09
8.393529e-10
3.177110e-10
8.223667e-10
5.941910e-10
1.074610e-09
1.986571e-09
2.306895e-09
1.510321e-09
8.393529e-10
3.177110e-10
8.223667e-10
5.941911e-10
1.074610e-09
1.986621e-09
2.306974e-09
1.510400e-09
8.394243e-10
3.177321e-10
8.247469e-10
6.114449e-10
1.118736e-09
2.084084e-09
1.397557e-09
2.758193e-09
1.985417e-09
8.768328e-09
1.212655e-08
4.490983e-10
2.704338e-08
1.851621e-08
7.473817e-08
7.963950e-08
3.936120e-09
1.660305e-08
3.011404e-09
4.722108e-10
3.824964e-09
6.224094e-09
1.090201e-08
7.967036e-10
1.924156e-08
5.902265e-08
6.251743e-09
2.683777e-09
8.047827e-09
1.008453e-09
6.983309e-10
4.969108e-10
1.655374e-10
3.260031e-10
6.060285e-10
9.463473e-10
3.334269e-09
2.321768e-09
1.969639e-09
2.550108e-09
2.286525e-09
8.946314e-10
9.672275e-10
2.061274e-09
2.436809e-09
4.723087e-09
1.185407e-08
2.680895e-09
9.301937e-10
8.206683e-09
8.677109e-09
1.403485e-09
8.080217e-09
2.002405e-08
8.565346e-09
7.583719e-09
7.634079e-09
3.549862e-08
6.222389e-09
2.470922e-09
3.968154e-09
8.173284e-09
5.513877e-09
1.137574e-08
8.423368e-08
5.315171e-08
5.217622e-08
4.333892e-08
5.607027e-08
5.499908e-09
5.310198e-08
9.018878e-09
1.888358e-08
1.027722e-08
1.009994e-08
4.015174e-09
5.672315e-08
8.117083e-08
5.037308e-08
5.205317e-08
2.752988e-08
1.986132e-08
4.628246e-09
5.304987e-10
3.612782e-09
3.433745e-08
1.496712e-08
1.823660e-08
4.169995e-08
7.819451e-09
2.678491e-08
9.555523e-08
7.550960e-09
1.339380e-08
1.264025e-08
7.025622e-08
2.968265e-08
1.354246e-08
1.796231e-07
3.101081e-09
1.906262e-06
9.244661e-08
1.389617e-07
3.990711e-07
9.362167e-08
1.678014e-06
7.204216e-08
9.941377e-08
6.227638e-08
2.645277e-08
6.403423e-08
2.786241e-08
3.470663e-09
1.213801e-08
3.213632e-07
2.089899e-09
2.939207e-08
1.147285e-08
1.801112e-08
2.793240e-08
1.749544e-08
2.987298e-08
2.029626e-08
1.241817e-08
6.821133e-08
9.982003e-08
1.518440e-08
1.283782e-08
1.159940e-07
3.662445e-07
1.573786e-07
1.543216e-07
7.827023e-09
1.105530e-07
9.342604e-08
1.793373e-08
3.505335e-08
3.404611e-08
3.959866e-09
5.465528e-08
5.169416e-08
2.743850e-08
3.526827e-08
5.434044e-08
5.754958e-08
9.101944e-09
2.104056e-10
1.282131e-10
3.851061e-10
7.037327e-10
9.221983e-11
2.702958e-11
2.404495e-10
1.965578e-10
6.714861e-10
3.311507e-10
1.330733e-09
3.154447e-09
2.131183e-08
4.013987e-10
1.601449e-09
2.071600e-09
6.207091e-10
2.135886e-09
2.812216e-10
3.307855e-10
1.292634e-10
8.292710e-11
4.029352e-10
6.329964e-11
6.378496e-11
7.202900e-10
4.226439e-10
2.565197e-10
9.599761e-10
1.032871e-10
5.697644e-11
2.942136e-10
3.247887e-11
1.829785e-10
1.918164e-10
3.057413e-10
9.581193e-10
3.001432e-10
4.761701e-10
1.016434e-10
3.090844e-10
2.045202e-10
1.974559e-10
3.109231e-10
9.628235e-10
3.003611e-10
4.790628e-10
1.016454e-10
3.090846e-10
2.045208e-10
1.974559e-10
3.109231e-10
9.628236e-10
3.003611e-10
4.790628e-10
1.016454e-10
3.090846e-10
2.045208e-10
1.974581e-10
3.109265e-10
9.628756e-10
3.003653e-10
4.790708e-10
1.017072e-10
3.147303e-10
2.065477e-10
2.016864e-10
2.718348e-10
2.064275e-09
4.259130e-10
3.742551e-09
7.239346e-10
4.074816e-11
1.771448e-09
1.345404e-08
4.257610e-08
5.591907e-08
4.589158e-09
7.498225e-09
3.011404e-09
1.869585e-09
2.208445e-10
3.206797e-09
4.546367e-09
4.152359e-11
5.926643e-09
4.102111e-08
2.561682e-09
2.160712e-09
7.598726e-09
7.910604e-10
6.942866e-10
3.733207e-10
6.228248e-11
1.046249e-10
1.207508e-10
1.527620e-10
6.122673e-10
4.330038e-10
6.580114e-10
1.706272e-09
1.682720e-09
3.796514e-10
2.447450e-10
9.058829e-10
3.321334e-10
6.535879e-10
9.460103e-09
1.767008e-09
5.022312e-10
1.034199e-09
5.613358e-09
5.457946e-10
3.059648e-09
1.069526e-08
2.891039e-09
3.929465e-10
5.152092e-09
2.256267e-08
4.307592e-09
2.471312e-09
1.120596e-09
5.568056e-09
2.553504e-09
8.335020e-09
6.745938e-08
2.383614e-08
2.148130e-08
3.541879e-08
5.215438e-08
4.352154e-09
4.343063e-08
3.120653e-09
1.291815e-08
9.188894e-09
3.258274e-09
3.732877e-09
3.228911e-09
1.803607e-08
3.129152e-08
4.634950e-08
2.768712e-08
3.278879e-08
6.327952e-09
1.001617e-10
1.541190e-09
1.717162e-08
1.119091e-08
1.455514e-08
2.939962e-08
3.004418e-09
1.349158e-08
2.313666e-08
3.251036e-09
6.024380e-09
8.496835e-09
3.195989e-08
1.448572e-08
4.561287e-09
9.372997e-08
1.237284e-09
8.887922e-07
6.390747e-08
7.473044e-08
1.470494e-07
3.815913e-08
6.160324e-07
4.983423e-08
3.705848e-08
5.459967e-08
5.449987e-08
6.798840e-08
4.854184e-08
7.942161e-09
9.018631e-10
2.362393e-07
7.697820e-10
1.318856e-08
2.312712e-08
1.811089e-08
2.258857e-08
1.041094e-08
1.922822e-08
9.143892e-09
3.951273e-09
2.899436e-08
8.329788e-08
5.204589e-09
5.297205e-09
7.784031e-08
2.763472e-07
7.653078e-08
5.635374e-08
7.856766e-09
7.465212e-08
7.931204e-08
1.425670e-08
3.571824e-08
5.036411e-08
2.049423e-09
3.928785e-08
3.171156e-08
1.516614e-08
8.478363e-09
4.959983e-08
5.978885e-08
9.951743e-09
1.140216e-09
1.473388e-10
4.154845e-10
4.182048e-11
4.506787e-11
1.374760e-11
2.687358e-11
7.497523e-12
1.332886e-11
1.067559e-11
1.694448e-10
1.887510e-09
6.784723e-10
3.046962e-10
2.954935e-09
8.024311e-10
1.960157e-10
3.159134e-10
3.828327e-10
2.141268e-11
7.797972e-11
2.816144e-11
6.406659e-11
2.068307e-11
2.011814e-12
3.142643e-11
1.329989e-10
1.167438e-10
1.627290e-10
1.228131e-10
1.085391e-11
2.807831e-11
7.315963e-12
1.009759e-11
2.139391e-11
1.649464e-11
2.053625e-10
1.800252e-10
5.766539e-11
5.323147e-11
2.341449e-11
3.801211e-11
2.829109e-11
2.029313e-11
2.062031e-10
1.808912e-10
5.778314e-11
5.327823e-11
2.341581e-11
3.802355e-11
2.829112e-11
2.029315e-11
2.062031e-10
1.808912e-10
5.778314e-11
5.327823e-11
2.341581e-11
3.802355e-11
2.829119e-11
2.029322e-11
2.062042e-10
1.808925e-10
5.778336e-11
5.328232e-11
2.347156e-11
3.820153e-11
2.842787e-11
1.942426e-11
2.292049e-10
2.864324e-10
1.579618e-10
8.738030e-11
5.319994e-11
7.358534e-11
5.677019e-10
7.013046e-09
1.930098e-08
3.164068e-09
4.815754e-09
3.768188e-09
4.722108e-10
2.208445e-10
1.468980e-10
4.546308e-10
6.673009e-12
1.893230e-10
1.812091e-09
8.871529e-10
9.831097e-10
5.508582e-09
2.060928e-10
6.863133e-10
6.746418e-10
2.744425e-11
2.477772e-11
2.529143e-11
1.876118e-11
3.566819e-11
2.972017e-11
8.646885e-11
3.141729e-10
7.167323e-10
2.052009e-10
9.916161e-11
1.281208e-10
1.092058e-10
5.491360e-11
8.312076e-10
8.906891e-10
3.285721e-10
5.292808e-10
3.940642e-10
1.550692e-10
8.445291e-10
2.469203e-09
4.483412e-10
6.265868e-11
2.183740e-10
6.892447e-09
1.173907e-09
9.411944e-10
2.088441e-09
8.855945e-10
5.671322e-10
5.420481e-10
2.818850e-08
3.266833e-09
1.569291e-09
5.573266e-09
3.120677e-08
3.769598e-09
1.101119e-08
1.744746e-09
2.679016e-09
7.691338e-09
7.753802e-10
1.164415e-09
2.313842e-09
3.769654e-10
2.916183e-09
6.248531e-09
2.334251e-08
2.993028e-08
6.209708e-09
7.973068e-10
6.051688e-10
3.876457e-09
7.000441e-10
1.539644e-09
1.651081e-08
1.720960e-09
3.631095e-09
3.738683e-09
7.111835e-10
1.261912e-09
5.822222e-09
9.459784e-09
4.062578e-09
7.921174e-10
3.805956e-09
1.261190e-09
9.272585e-08
1.575897e-08
1.591551e-08
4.512786e-08
3.204122e-09
6.563979e-08
1.069720e-08
1.337339e-08
3.347346e-08
2.223532e-08
5.330835e-08
5.077759e-08
1.509337e-08
2.096570e-09
2.290439e-08
1.678240e-09
1.339491e-09
2.226601e-08
6.009404e-09
5.527830e-09
6.797859e-09
4.200578e-09
3.995299e-09
9.984193e-10
9.447985e-09
2.302999e-08
7.830509e-10
7.870543e-10
3.567972e-08
9.527723e-08
1.110184e-08
6.176707e-09
9.712021e-09
3.324924e-08
3.744483e-08
5.148849e-09
1.882364e-08
4.459571e-08
1.000443e-09
8.244154e-09
1.112296e-08
2.650121e-09
2.305200e-09
6.914584e-09
4.651966e-08
7.748467e-09
1.374649e-09
7.493168e-10
7.797188e-10
3.087279e-11
2.333125e-11
1.188151e-11
2.309935e-11
7.359875e-12
2.003894e-11
5.945237e-12
7.512261e-11
5.177641e-10
3.523996e-10
3.218598e-10
3.454582e-10
1.318668e-09
2.847146e-10
2.491361e-10
4.370535e-10
6.016883e-11
1.736439e-10
5.512311e-11
7.773275e-11
1.825235e-11
5.410525e-12
2.782300e-11
2.730339e-11
5.187804e-11
1.125088e-10
9.303148e-11
3.462082e-11
4.934210e-11
1.153433e-11
2.306067e-11
9.135796e-12
5.048157e-12
5.828225e-11
6.860817e-11
3.357841e-11
5.051042e-11
3.631587e-11
7.264784e-11
1.707422e-11
2.214523e-11
5.795405e-11
7.173566e-11
3.435980e-11
5.150605e-11
3.637819e-11
7.278448e-11
1.707620e-11
2.214599e-11
5.795419e-11
7.173571e-11
3.435981e-11
5.150608e-11
3.637819e-11
7.278448e-11
1.707623e-11
2.214601e-11
5.795436e-11
7.173591e-11
3.435989e-11
5.150752e-11
3.640126e-11
7.280240e-11
1.713983e-11
2.196012e-11
6.169659e-11
8.895443e-11
7.580152e-11
6.678899e-11
3.138678e-11
1.814848e-10
1.535265e-10
1.309207e-09
1.194294e-08
2.953253e-09
3.460098e-09
5.758718e-09
2.606278e-09
3.824964e-09
3.206797e-09
4.546308e-10
9.606434e-12
2.223144e-10
2.166240e-10
4.524875e-10
9.050394e-10
3.868424e-09
2.743683e-10
1.921495e-09
2.133361e-09
1.527258e-10
1.937170e-10
1.261779e-10
1.942013e-11
1.594130e-11
1.172891e-11
2.859452e-11
1.177250e-10
2.646331e-10
1.467328e-10
1.262254e-10
2.255473e-10
9.792774e-11
5.719447e-11
2.574885e-10
2.589620e-10
2.452677e-10
4.600806e-10
3.117933e-10
6.493306e-10
5.184251e-10
1.263094e-09
2.072249e-10
2.860652e-10
7.374105e-10
7.428909e-10
6.003994e-10
9.030640e-10
1.958411e-09
1.509716e-09
7.784547e-10
8.119415e-10
9.418931e-09
2.270273e-09
1.472697e-09
8.017079e-09
2.230391e-08
3.772295e-09
1.080553e-08
8.908430e-09
9.461557e-09
9.133339e-09
5.420505e-10
4.165485e-09
2.406726e-09
8.261062e-10
7.798303e-10
2.570561e-09
1.327254e-08
2.700418e-08
6.157625e-09
1.335043e-08
4.300173e-08
2.734677e-09
3.954907e-10
7.131441e-10
8.271039e-09
2.025612e-09
4.312115e-09
1.209265e-08
1.575036e-09
1.686736e-09
4.443689e-09
5.002431e-09
3.361993e-09
3.940010e-09
1.496075e-09
2.742342e-09
5.349476e-08
1.007398e-08
7.034427e-09
3.754338e-08
4.741065e-09
4.306944e-08
1.238121e-08
1.532661e-08
2.944766e-08
2.743816e-08
6.332905e-08
1.100749e-07
7.362955e-08
6.805924e-08
5.962030e-08
3.610192e-08
9.242465e-10
2.395298e-08
4.643256e-09
7.101928e-09
6.890651e-09
1.071389e-08
3.224044e-09
1.490611e-08
8.547825e-09
1.453280e-08
6.569253e-10
1.869783e-09
2.980149e-08
5.589975e-08
9.986552e-09
4.924871e-09
3.101083e-08
1.855515e-08
3.022167e-08
6.633397e-09
3.680759e-08
4.340477e-08
6.201524e-09
1.642590e-08
6.192697e-08
3.992522e-09
7.544059e-09
5.066303e-09
2.481379e-08
5.896232e-09
5.103157e-09
7.403264e-09
1.699256e-08
3.978205e-10
5.540648e-11
7.540576e-12
1.878348e-11
6.838679e-12
2.559154e-11
3.643678e-11
8.096997e-12
4.643357e-11
7.084273e-11
3.005696e-10
2.801179e-10
2.361976e-09
3.352680e-11
1.346265e-10
5.684498e-10
6.589749e-11
5.538750e-10
1.817385e-10
8.924677e-11
3.142724e-11
3.551438e-12
1.012572e-10
7.146839e-12
1.030147e-11
4.492392e-11
6.913600e-11
3.639854e-11
1.430350e-10
6.303083e-11
3.577275e-11
1.119694e-11
1.626040e-12
1.677341e-11
1.219285e-11
1.187752e-11
6.015437e-11
3.147814e-11
2.562923e-10
3.774353e-12
3.945940e-11
2.101523e-11
1.568653e-11
1.428035e-11
6.627850e-11
3.159251e-11
2.582592e-10
3.777937e-12
3.946418e-11
2.101605e-11
1.568678e-11
1.428035e-11
6.627873e-11
3.159252e-11
2.582592e-10
3.777938e-12
3.946418e-11
2.101606e-11
1.568679e-11
1.428036e-11
6.627968e-11
3.159383e-11
2.582661e-10
3.779554e-12
3.940752e-11
2.118767e-11
1.646640e-11
1.609024e-11
8.158795e-11
3.282383e-11
3.574708e-10
1.706338e-11
1.035327e-10
6.454576e-10
2.411122e-09
2.007186e-09
6.063958e-09
5.693507e-09
8.987757e-09
6.224094e-09
4.546367e-09
6.673009e-12
2.223144e-10
1.635152e-10
4.132819e-11
5.642193e-10
2.784173e-09
2.570388e-10
2.874215e-09
3.586265e-09
2.972693e-10
6.031891e-10
5.106551e-10
5.425759e-11
1.896479e-11
8.160428e-12
1.468504e-11
5.045156e-11
9.079237e-11
9.660064e-11
1.391141e-10
4.105818e-10
1.935508e-10
8.740688e-11
1.367130e-10
7.395378e-11
8.109235e-11
4.225826e-10
2.791838e-10
1.354352e-09
1.859866e-10
9.773983e-10
9.573876e-11
3.741956e-10
1.301750e-09
4.139012e-10
7.497210e-11
9.670520e-10
1.912459e-09
1.508525e-09
2.049784e-09
8.174708e-10
6.012321e-09
1.138162e-09
1.504037e-09
2.658208e-08
1.400276e-08
2.702283e-09
9.520601e-09
1.420326e-08
2.028356e-08
1.215684e-08
3.863330e-10
6.850664e-09
2.900736e-09
9.533715e-10
1.477706e-09
4.543637e-10
3.905813e-09
1.919291e-08
5.194761e-09
1.891176e-08
9.192106e-08
2.298549e-08
1.496613e-10
4.091868e-10
3.961405e-09
1.903469e-09
4.599899e-09
1.781737e-08
2.278431e-09
2.377548e-09
1.804530e-09
2.271935e-09
2.267252e-09
5.264735e-09
2.142613e-09
4.012329e-09
1.595094e-08
7.422611e-09
3.147484e-09
2.292330e-08
5.787183e-09
2.694002e-08
1.539514e-08
9.549034e-09
1.769198e-08
3.532798e-08
5.853916e-08
1.435583e-07
1.122202e-07
1.064455e-07
1.071576e-07
2.202311e-07
1.122336e-09
2.760259e-08
1.607480e-09
5.876339e-09
9.028284e-09
1.258311e-08
5.654181e-09
2.765377e-08
8.375135e-09
1.405241e-08
7.189447e-10
4.253103e-09
2.690801e-08
1.556227e-08
8.385333e-09
5.902767e-09
5.544317e-08
1.148050e-08
1.798390e-08
8.831368e-09
4.526968e-08
4.075197e-08
9.382905e-09
3.457476e-08
1.358601e-07
8.776329e-09
1.350664e-08
3.546407e-09
2.898825e-08
2.085902e-09
7.658875e-09
1.469222e-08
2.993090e-08
1.560064e-09
1.099241e-10
4.262722e-10
1.488372e-12
6.308995e-12
2.531696e-11
4.893630e-11
8.637340e-12
5.252969e-12
1.744203e-11
2.043057e-10
2.716531e-10
2.185502e-09
4.386745e-11
2.805222e-10
4.951876e-10
8.422896e-11
5.307976e-10
1.014828e-09
4.263122e-10
3.272619e-11
8.750741e-12
1.162992e-10
2.685036e-11
2.277644e-11
1.021873e-11
3.615330e-11
3.495887e-11
1.302340e-10
2.590520e-10
2.061889e-10
7.849483e-12
3.651732e-12
1.382700e-11
9.231334e-12
5.712542e-12
3.900214e-11
4.387019e-11
2.812391e-10
4.781651e-12
4.674061e-11
4.043263e-11
3.738410e-11
7.861722e-12
4.779812e-11
4.555909e-11
2.862794e-10
4.862097e-12
4.675372e-11
4.044882e-11
3.738883e-11
7.861784e-12
4.779845e-11
4.555911e-11
2.862795e-10
4.862097e-12
4.675372e-11
4.044883e-11
3.738883e-11
7.861784e-12
4.779847e-11
4.555947e-11
2.862799e-10
4.862172e-12
4.675309e-11
4.046441e-11
3.743544e-11
7.901759e-12
4.919240e-11
4.992126e-11
3.842249e-10
4.613000e-12
5.880932e-11
4.178466e-11
3.018204e-10
3.979158e-10
4.835951e-09
5.974949e-09
1.011565e-08
1.309758e-08
1.090201e-08
4.152359e-11
1.893230e-10
2.166240e-10
4.132819e-11
1.491275e-10
2.620293e-10
2.542623e-10
2.805492e-09
4.214879e-09
4.024686e-10
9.960777e-10
1.246615e-09
4.378265e-10
5.055086e-11
1.380165e-11
2.487362e-11
2.755535e-11
2.866756e-11
9.463389e-11
1.799272e-10
4.791592e-10
5.020659e-10
2.267556e-10
5.820615e-11
6.751783e-11
6.046836e-11
1.640545e-10
2.211499e-10
1.805805e-09
3.084549e-10
3.080991e-10
6.562098e-11
5.093375e-10
1.432706e-09
4.785860e-10
9.691644e-11
2.044468e-10
1.914895e-09
1.540652e-09
2.143039e-09
2.017404e-09
1.158106e-09
6.869810e-10
8.856000e-10
3.204648e-08
7.900092e-09
1.505319e-09
2.847446e-09
1.510984e-08
2.724245e-08
9.540265e-09
5.368251e-10
1.095594e-08
4.037991e-09
1.350534e-09
1.146940e-09
2.785618e-09
1.531219e-09
1.376340e-09
1.232137e-09
2.008574e-08
9.951044e-08
4.642761e-08
9.443173e-10
3.134409e-10
1.242620e-09
8.025925e-10
2.462822e-09
1.916469e-08
3.639660e-09
2.341822e-09
5.854954e-10
3.579792e-09
1.419266e-09
5.795701e-09
2.363816e-09
4.613527e-09
2.057139e-09
2.737383e-09
6.356808e-09
9.628008e-09
5.175585e-09
1.491008e-08
2.396950e-08
5.478203e-09
7.990432e-09
1.790058e-08
4.781058e-08
1.559448e-07
1.215375e-07
1.257172e-07
1.166884e-07
6.935098e-07
1.249099e-08
1.624763e-08
7.740389e-10
4.693219e-09
7.797006e-09
1.127233e-08
5.059687e-09
3.665117e-08
7.163260e-09
1.608308e-08
7.379680e-10
8.250206e-09
1.462916e-08
2.209012e-09
4.557444e-09
5.844127e-09
6.269395e-08
5.221141e-09
1.457530e-08
1.117820e-08
5.122160e-08
1.774092e-08
1.195817e-08
3.858667e-08
1.522306e-07
2.359900e-08
1.530005e-08
1.693196e-09
3.634093e-08
1.211786e-09
7.268508e-09
1.612709e-08
4.184630e-08
2.086462e-09
7.067541e-10
7.579196e-10
4.707779e-10
1.422957e-11
2.539098e-11
4.891939e-11
8.492534e-11
1.766846e-10
3.500967e-11
5.548005e-11
5.033784e-10
4.274847e-09
1.595875e-10
2.769721e-09
4.277513e-09
3.190490e-10
1.077752e-09
2.291610e-09
1.524337e-08
1.422965e-10
6.447140e-11
8.148417e-10
1.513245e-10
7.835811e-10
3.742330e-11
1.411019e-10
1.984401e-10
1.676824e-10
3.831468e-10
7.023499e-09
5.353430e-11
2.193337e-11
3.249794e-10
8.344964e-11
3.948484e-11
6.368539e-11
6.061170e-11
6.714992e-10
1.467226e-11
5.611829e-10
2.919570e-10
8.509036e-10
6.125630e-11
1.019729e-10
6.724736e-11
8.484981e-10
1.642541e-11
5.626225e-10
2.921510e-10
8.511589e-10
6.125957e-11
1.019789e-10
6.724742e-11
8.484987e-10
1.642541e-11
5.626225e-10
2.921510e-10
8.511589e-10
6.125957e-11
1.019789e-10
6.724744e-11
8.484990e-10
1.642542e-11
5.626227e-10
2.921520e-10
8.512387e-10
6.133838e-11
1.030853e-10
6.768729e-11
1.000249e-09
2.956122e-11
6.193870e-10
4.790717e-10
4.227559e-10
2.070296e-10
6.216415e-09
8.027661e-09
1.609704e-08
2.180546e-08
9.449676e-08
7.967036e-10
5.926643e-09
1.812091e-09
4.524875e-10
5.642193e-10
2.620293e-10
4.780575e-09
4.750264e-09
5.144979e-09
2.041010e-09
3.581782e-09
3.621900e-09
1.074360e-08
7.382440e-10
1.333758e-10
4.150563e-10
3.434837e-10
1.190305e-10
3.097344e-10
8.764877e-10
1.463299e-09
2.931294e-09
2.419371e-09
5.602696e-10
5.501159e-10
1.690644e-09
1.942576e-10
4.093948e-10
4.688565e-09
7.949658e-10
1.197018e-09
3.788460e-10
4.991425e-09
2.820682e-09
1.775474e-09
9.321548e-10
3.552192e-09
2.362564e-09
7.343370e-09
5.522930e-09
3.046563e-09
1.122856e-08
4.157648e-09
3.074486e-09
4.837962e-08
6.686769e-08
6.259181e-09
4.427634e-09
1.745920e-08
3.579093e-08
1.427554e-08
4.296179e-09
8.369581e-08
1.390616e-08
5.426194e-09
2.523569e-09
6.825268e-09
1.064016e-07
4.624325e-10
9.403267e-10
2.647217e-08
1.088382e-07
5.723041e-08
1.005672e-08
2.911811e-08
2.576155e-09
4.794392e-09
4.799390e-09
2.055435e-08
1.967736e-08
2.953536e-09
1.564264e-09
5.437200e-08
7.388415e-09
6.652116e-09
3.612871e-09
7.856407e-09
3.434062e-09
2.475713e-08
9.536745e-08
2.047057e-08
2.017926e-08
3.059382e-08
1.106667e-07
1.548787e-08
4.444822e-08
8.609878e-08
1.121663e-07
2.722966e-07
1.881733e-07
2.550500e-07
1.908353e-07
4.556503e-06
3.612668e-07
1.622307e-07
1.348934e-08
2.546132e-08
7.509040e-09
1.162041e-08
7.918363e-09
8.484303e-08
1.016765e-07
3.291437e-08
1.406204e-08
3.916534e-08
1.132125e-08
1.355970e-08
4.627320e-08
1.100048e-08
1.027455e-07
1.059796e-08
7.630547e-08
4.444011e-08
9.306576e-08
1.964104e-08
3.502811e-08
1.842144e-07
1.888709e-07
3.733431e-07
8.383304e-08
1.100317e-08
2.363392e-07
6.324874e-09
2.097451e-08
1.668813e-08
6.403575e-08
7.470781e-09
1.277236e-08
1.340870e-08
6.537184e-09
3.679014e-09
1.963268e-11
6.374474e-11
8.497375e-11
2.948129e-10
4.781906e-10
7.330827e-11
1.316693e-10
1.816910e-09
7.255461e-10
5.322612e-09
9.267652e-09
2.398015e-09
1.379263e-09
5.861388e-09
1.615429e-08
4.233123e-10
6.266411e-10
1.271060e-09
2.470311e-09
8.570510e-10
1.102450e-10
4.884769e-10
3.815992e-11
1.006671e-09
5.619508e-10
7.191293e-09
1.509247e-10
1.662414e-10
4.407578e-10
1.326153e-09
9.183196e-11
9.422894e-11
1.990184e-10
7.360724e-10
3.017398e-11
5.965464e-10
8.418446e-10
1.920977e-09
2.065459e-10
6.524622e-10
9.523512e-11
1.005064e-09
7.013520e-11
6.003814e-10
8.491781e-10
1.921752e-09
2.066224e-10
6.525968e-10
9.523628e-11
1.005065e-09
7.013522e-11
6.003814e-10
8.491781e-10
1.921753e-09
2.066224e-10
6.525968e-10
9.523629e-11
1.005065e-09
7.013522e-11
6.003814e-10
8.491788e-10
1.921758e-09
2.066480e-10
6.529868e-10
9.749130e-11
1.058293e-09
7.781045e-11
6.751557e-10
1.079605e-09
2.995176e-09
2.255284e-10
3.498888e-09
7.812242e-09
1.725847e-08
2.210252e-08
1.227536e-07
3.219248e-09
1.924156e-08
4.102111e-08
8.871529e-10
9.050394e-10
2.784173e-09
2.542623e-10
4.750264e-09
2.441256e-08
2.190803e-09
5.299940e-09
7.034874e-09
2.158280e-08
3.268572e-09
1.154020e-09
2.141800e-09
1.984001e-09
2.374372e-10
6.506979e-10
8.438559e-10
1.813832e-09
3.309571e-09
4.254586e-09
3.609735e-09
2.139371e-09
4.885728e-09
3.492390e-09
3.101899e-10
4.075215e-09
1.768219e-09
1.995782e-09
8.649617e-10
9.343460e-09
8.050037e-09
3.525732e-09
1.110080e-09
1.036444e-08
1.581171e-08
2.062744e-09
6.248066e-09
9.968174e-09
1.560831e-08
3.894212e-08
4.711404e-09
8.304053e-08
9.361401e-08
5.394453e-09
4.415013e-09
1.990793e-08
3.730000e-08
1.514620e-08
9.308525e-09
9.509389e-08
6.053431e-08
1.622280e-08
4.708158e-09
1.986417e-08
1.213619e-07
3.588210e-09
1.309721e-09
3.519274e-08
1.060707e-07
5.969921e-08
1.114091e-08
7.767437e-08
4.852972e-08
1.420750e-08
1.047283e-08
1.404790e-08
1.908832e-08
3.134907e-09
5.126161e-09
1.009743e-07
2.413678e-08
4.436131e-08
1.652649e-08
1.430542e-08
3.894676e-09
3.761823e-08
2.880640e-08
2.606787e-08
7.306670e-07
5.359155e-08
1.875232e-07
1.777551e-08
8.239749e-08
4.323999e-08
2.061721e-07
6.138677e-07
2.210353e-07
4.092653e-07
2.463150e-07
7.167601e-06
5.595985e-07
4.984452e-07
2.695651e-07
2.985832e-08
2.095499e-08
1.815248e-08
1.079414e-08
7.257095e-08
1.183625e-07
8.260010e-08
1.025725e-08
1.176115e-07
3.419209e-08
3.015037e-08
1.173319e-08
2.240078e-08
1.965874e-07
1.739918e-08
1.026449e-07
5.633074e-08
1.766369e-07
5.965982e-08
5.786537e-08
2.734527e-07
2.132889e-07
4.689867e-07
1.159508e-07
4.014336e-08
3.487220e-07
1.198740e-08
3.901658e-08
1.896996e-08
6.469732e-08
8.528603e-09
2.403402e-08
2.116607e-08
1.114246e-07
8.088234e-09
4.213135e-09
1.897005e-11
8.445988e-11
3.107430e-10
5.824932e-10
1.894606e-10
4.486909e-11
5.436535e-10
3.068746e-10
3.163068e-09
9.865463e-09
7.201691e-09
1.860621e-09
7.234048e-09
1.670844e-08
5.765858e-10
1.834672e-09
2.059506e-09
3.292522e-09
1.065091e-09
1.245792e-10
1.323328e-09
4.474474e-11
2.334838e-10
3.846330e-10
8.025963e-09
3.260127e-10
4.565512e-10
8.680326e-10
1.694320e-09
1.596869e-10
7.253221e-11
2.549656e-10
5.896628e-10
8.610355e-11
7.279111e-10
9.213037e-10
4.156115e-09
1.746088e-10
1.456231e-09
1.616825e-10
9.400229e-10
2.657181e-10
7.411570e-10
9.330415e-10
4.161256e-09
1.747342e-10
1.456858e-09
1.616878e-10
9.400249e-10
2.657182e-10
7.411570e-10
9.330415e-10
4.161256e-09
1.747342e-10
1.456858e-09
1.616878e-10
9.400249e-10
2.657182e-10
7.411570e-10
9.330416e-10
4.161258e-09
1.747346e-10
1.456968e-09
1.617365e-10
9.445192e-10
2.809577e-10
9.801722e-10
1.120102e-09
4.962905e-09
3.038600e-10
2.745559e-09
3.396711e-09
1.387192e-08
1.908716e-08
1.267621e-07
9.444668e-09
3.994383e-08
5.902265e-08
2.561682e-09
9.831097e-10
3.868424e-09
2.570388e-10
2.805492e-09
5.144979e-09
2.190803e-09
3.009961e-08
7.208500e-09
2.611364e-08
5.101201e-09
2.477145e-09
6.506810e-09
5.372424e-09
2.788800e-10
3.837787e-10
5.279488e-10
1.855883e-09
3.145947e-09
6.450751e-09
5.211996e-09
5.113292e-09
1.172057e-08
3.561573e-09
6.468101e-10
8.047485e-09
1.385220e-09
1.633927e-09
2.070158e-09
1.451627e-08
9.628539e-09
6.138199e-09
1.377921e-09
1.278340e-08
2.070294e-08
2.150553e-09
4.141973e-09
1.397734e-08
1.452463e-08
4.870754e-08
1.242425e-08
8.931411e-08
1.613160e-07
1.014369e-08
3.749835e-09
2.209587e-08
2.451750e-08
1.210949e-08
1.307470e-08
9.738561e-08
8.159646e-08
2.317645e-08
1.446932e-08
2.899864e-08
1.273188e-07
4.763805e-09
2.640027e-09
2.592159e-08
5.898918e-08
6.189429e-08
1.389159e-08
9.392549e-08
6.012878e-08
6.866096e-08
1.622768e-08
7.956330e-09
1.938512e-08
1.578990e-09
4.243709e-09
1.539280e-07
2.889532e-08
7.731303e-09
6.933246e-09
6.370067e-08
2.018575e-08
5.017812e-08
3.898695e-08
2.189581e-08
7.830182e-09
9.115363e-08
9.978645e-07
1.916242e-08
1.559265e-07
3.118924e-08
2.390388e-07
2.180275e-07
1.551880e-07
8.543567e-07
1.882914e-07
7.775777e-06
6.300996e-07
5.752549e-07
4.423863e-07
6.345594e-08
1.188200e-08
8.607018e-09
2.834383e-08
6.622322e-08
1.320592e-07
4.481280e-08
1.752204e-08
1.870922e-07
6.327908e-09
4.617520e-08
5.517090e-08
2.473001e-08
1.135889e-07
1.622189e-08
2.161320e-07
7.769120e-08
1.868423e-07
2.038349e-08
9.050166e-08
3.723793e-07
1.339123e-07
5.023209e-07
1.381655e-07
6.943016e-08
4.160859e-07
1.608041e-08
4.414498e-08
1.275749e-08
6.767120e-08
8.619271e-09
2.935473e-08
2.258568e-08
1.394487e-07
1.980280e-08
6.734843e-09
3.229522e-09
7.962094e-11
2.921107e-10
5.820045e-10
3.962095e-10
1.329490e-10
3.635887e-10
9.948822e-11
3.237108e-09
1.026581e-08
5.915699e-09
4.008147e-09
2.403558e-08
1.771871e-08
7.046847e-10
2.937937e-09
6.952409e-09
6.941185e-09
1.311488e-09
2.416147e-10
1.735245e-09
1.413775e-10
4.744988e-10
3.532377e-10
7.344553e-09
1.925625e-10
1.465167e-09
3.286983e-09
3.130147e-09
2.027897e-10
1.235216e-10
5.114266e-10
6.989840e-10
1.726760e-10
9.147312e-10
1.232597e-09
5.675718e-09
3.747784e-10
2.949909e-09
5.073961e-10
1.191229e-09
5.903042e-10
1.010468e-09
1.299838e-09
5.691703e-09
3.759266e-10
2.951729e-09
5.074544e-10
1.191245e-09
5.903053e-10
1.010468e-09
1.299838e-09
5.691703e-09
3.759266e-10
2.951729e-09
5.074544e-10
1.191245e-09
5.903053e-10
1.010468e-09
1.299838e-09
5.691703e-09
3.759267e-10
2.951735e-09
5.075663e-10
1.192622e-09
5.906353e-10
1.044037e-09
1.673595e-09
7.012006e-09
3.686437e-10
5.064402e-09
3.616829e-09
1.202284e-08
1.524205e-08
1.278128e-07
1.290935e-08
7.140162e-08
9.366006e-08
6.251743e-09
2.160712e-09
5.508582e-09
2.743683e-10
2.874215e-09
4.214879e-09
2.041010e-09
5.299940e-09
7.208500e-09
6.310088e-08
6.262875e-09
3.813712e-09
4.145855e-08
2.150369e-08
1.218337e-09
1.488316e-09
1.128529e-09
1.438703e-09
4.914431e-09
1.952897e-08
1.120450e-08
3.452050e-08
3.335033e-08
1.345552e-08
6.036754e-09
1.097167e-08
3.687112e-09
2.823304e-08
3.271342e-09
3.118916e-08
1.903248e-08
1.085176e-08
2.451687e-09
2.359952e-08
2.522990e-08
3.258227e-09
7.576084e-09
6.490574e-09
1.128270e-07
7.128869e-08
1.354515e-08
2.789722e-07
2.831691e-07
6.650348e-09
5.402491e-09
4.776090e-08
2.085049e-08
8.664470e-09
1.847533e-08
9.927883e-08
8.954742e-08
3.776327e-08
9.745655e-09
5.585370e-08
1.467407e-07
8.061398e-09
4.000974e-09
1.734617e-07
4.196978e-08
1.901183e-08
2.012277e-08
1.389440e-07
6.765334e-08
1.345606e-07
1.336391e-07
1.264038e-08
3.075419e-08
1.396329e-09
4.730696e-09
2.246734e-07
2.810457e-08
7.770820e-09
1.032387e-08
8.397801e-09
5.854200e-09
1.006603e-07
6.567014e-08
4.940011e-08
1.078711e-08
2.110003e-07
2.074822e-07
3.364049e-08
9.647968e-07
6.347629e-08
3.713183e-07
2.167014e-07
1.482802e-07
3.267815e-07
1.606913e-07
8.626561e-06
6.588616e-07
7.529060e-07
7.367148e-07
2.069427e-07
4.677942e-08
1.974481e-08
3.244207e-09
4.541422e-08
1.583775e-07
5.810528e-08
2.989207e-08
3.571858e-07
7.827696e-09
1.311453e-07
1.398493e-08
2.977473e-08
3.143972e-07
1.165263e-08
1.350106e-07
1.330066e-07
4.122486e-07
3.320326e-08
1.813326e-07
5.039153e-07
1.490584e-07
6.121155e-07
1.670288e-07
1.324515e-07
6.784579e-07
2.831682e-08
6.031439e-08
9.688615e-09
6.882172e-08
1.008456e-08
3.252719e-08
2.665106e-08
1.621853e-07
3.849125e-08
2.902706e-08
8.736407e-09
7.348204e-10
1.717336e-10
5.634733e-10
3.745668e-10
1.524402e-10
2.377593e-10
5.009266e-11
2.669676e-10
5.201636e-09
5.805261e-09
4.375993e-09
2.912316e-08
4.401945e-09
2.090115e-09
4.658745e-09
6.898650e-09
1.178105e-08
5.387176e-10
2.826133e-10
2.496839e-09
1.596381e-10
8.265821e-10
1.536257e-10
5.476451e-10
2.498810e-10
8.979439e-10
3.118483e-09
5.642321e-09
1.936262e-10
1.005009e-10
7.069465e-10
1.597722e-10
3.273851e-10
4.590439e-10
1.006630e-09
6.307361e-09
4.648896e-10
4.851078e-09
2.978965e-10
9.761675e-10
9.645603e-10
5.194491e-10
1.154790e-09
6.369888e-09
4.688526e-10
4.862606e-09
2.980420e-10
9.762326e-10
9.645648e-10
5.194492e-10
1.154790e-09
6.369889e-09
4.688527e-10
4.862606e-09
2.980420e-10
9.762326e-10
9.645648e-10
5.194492e-10
1.154790e-09
6.369890e-09
4.688527e-10
4.862607e-09
2.980424e-10
9.765726e-10
9.647643e-10
5.213944e-10
1.165412e-09
7.336252e-09
6.468074e-10
7.199827e-09
8.579915e-10
1.288319e-09
3.255480e-09
9.696673e-08
1.536404e-08
8.540895e-08
9.769544e-08
1.383802e-08
2.683777e-09
7.598726e-09
2.060928e-10
1.921495e-09
3.586265e-09
4.024686e-10
3.581782e-09
7.034874e-09
2.611364e-08
6.262875e-09
3.195143e-08
4.298751e-08
3.233080e-08
2.038249e-09
2.022364e-09
1.499669e-09
1.079671e-09
2.090752e-09
3.650877e-09
1.015071e-08
2.621893e-08
3.946126e-08
4.691150e-08
1.274072e-08
1.023570e-08
5.857200e-09
2.417038e-09
5.429095e-09
6.580910e-08
1.823700e-08
1.138051e-08
4.457295e-09
3.302397e-08
2.452109e-08
3.518963e-09
1.010525e-08
1.101177e-08
4.374553e-09
5.654502e-08
1.126409e-07
2.909049e-07
5.071683e-07
6.253664e-09
2.779927e-08
3.956854e-08
2.206506e-08
2.107161e-08
1.632842e-08
4.515952e-08
8.889142e-08
3.792030e-08
1.406318e-08
1.503180e-07
6.106463e-08
6.081323e-09
1.604399e-08
1.788513e-07
5.967816e-08
1.913116e-09
5.228351e-09
9.354769e-08
7.422549e-08
1.742951e-07
1.773914e-07
5.361710e-08
1.552623e-08
2.107071e-09
8.952684e-09
2.160696e-07
2.840687e-08
7.429291e-09
8.124650e-09
1.061087e-08
4.623748e-09
2.701634e-08
3.795843e-08
7.471433e-08
3.966482e-08
4.255791e-07
1.395257e-07
2.375127e-08
1.081379e-07
8.397001e-08
1.126423e-06
2.174972e-07
1.689289e-07
2.394748e-07
1.336080e-07
7.539588e-06
5.547972e-07
1.336722e-06
8.602386e-07
4.239671e-07
1.278546e-07
2.884965e-08
1.158779e-09
4.378803e-08
5.187508e-08
2.966672e-08
4.909690e-08
3.944913e-07
4.160587e-08
6.260467e-08
1.633984e-08
7.362689e-08
1.157267e-07
1.483483e-08
3.689513e-07
1.108529e-07
1.926000e-07
3.459807e-08
4.261031e-07
5.897326e-07
7.934638e-08
3.451845e-07
1.770348e-07
2.902050e-07
7.052811e-07
7.783578e-08
8.141686e-08
1.036805e-08
7.512384e-08
8.246587e-09
2.681982e-08
1.421633e-08
1.631071e-07
4.852883e-08
4.511687e-08
1.868024e-08
1.787904e-09
1.009428e-09
2.550061e-10
3.528772e-10
1.510015e-10
1.358909e-10
6.740967e-11
6.749469e-11
1.570140e-09
3.449451e-09
2.852140e-09
2.744968e-08
5.845552e-09
2.003987e-09
3.660067e-09
8.117097e-09
1.199698e-08
1.202781e-09
4.966311e-10
2.097643e-09
3.009665e-10
8.726112e-10
3.624575e-10
1.754063e-10
1.128407e-10
5.751319e-10
3.094792e-09
4.638624e-09
4.293286e-10
2.646934e-10
4.785616e-10
1.786590e-10
2.811059e-10
3.583577e-10
9.724605e-10
5.253355e-09
7.413114e-10
5.173304e-09
1.014630e-09
6.183708e-10
1.614297e-09
6.374834e-10
1.148116e-09
5.360033e-09
8.192735e-10
5.203272e-09
1.018275e-09
6.185378e-10
1.614379e-09
6.374861e-10
1.148116e-09
5.360035e-09
8.192738e-10
5.203273e-09
1.018275e-09
6.185378e-10
1.614379e-09
6.374861e-10
1.148116e-09
5.360035e-09
8.192739e-10
5.203273e-09
1.018275e-09
6.185655e-10
1.614621e-09
6.380794e-10
1.153306e-09
5.602926e-09
8.166067e-10
6.886405e-09
1.525431e-09
1.686499e-09
1.301234e-09
2.753694e-08
1.539032e-08
8.693557e-08
8.529746e-08
1.707415e-08
3.422710e-09
8.047827e-09
7.910604e-10
6.863133e-10
2.133361e-09
2.972693e-10
9.960777e-10
3.621900e-09
2.158280e-08
5.101201e-09
3.813712e-09
4.298751e-08
6.211794e-08
3.585421e-09
3.496428e-09
2.907725e-09
1.830892e-09
2.331286e-09
3.521072e-09
8.985197e-09
1.839943e-08
4.683533e-08
4.629970e-08
3.238594e-08
4.774683e-08
1.462191e-08
3.859545e-09
9.141665e-09
3.275098e-08
2.205756e-08
4.494359e-08
9.165578e-09
3.539274e-08
2.400607e-08
4.818312e-09
9.907642e-09
1.501167e-08
6.759694e-09
1.582992e-08
3.631735e-08
2.704778e-07
6.146462e-07
4.759603e-08
3.962639e-08
4.433996e-08
1.840637e-08
6.633756e-09
1.209239e-08
3.318890e-08
6.056272e-08
3.202889e-08
1.742510e-08
1.493902e-07
4.610425e-08
7.583661e-09
5.688373e-09
1.799378e-07
6.002903e-08
3.948996e-09
1.945026e-09
4.733055e-08
4.769928e-08
1.400311e-07
1.852316e-07
1.090106e-07
7.117713e-08
4.714889e-09
4.906476e-09
1.753480e-07
1.827412e-08
6.549760e-09
8.751889e-09
8.911585e-09
1.707655e-09
1.521450e-08
3.370439e-08
1.858374e-08
2.207937e-08
4.750214e-07
1.293207e-07
3.652521e-08
8.541224e-08
7.750838e-08
2.717368e-07
2.333585e-07
5.955173e-07
1.987415e-07
9.442338e-08
6.532765e-06
4.578931e-07
5.734614e-07
8.320923e-07
9.505862e-07
1.555976e-07
1.139783e-07
1.888258e-08
1.527306e-08
2.801513e-08
1.739002e-08
1.457718e-08
3.634108e-07
4.886406e-08
7.236842e-08
3.034363e-08
2.109450e-08
1.012782e-07
6.173991e-08
1.139876e-07
1.102902e-07
3.696747e-07
3.159255e-08
2.350256e-07
5.073631e-07
2.295210e-07
3.259986e-07
1.440096e-07
2.011769e-07
7.237563e-07
1.527899e-07
7.471989e-08
1.466540e-08
6.103234e-08
6.042086e-09
2.007525e-08
8.978708e-09
9.484913e-08
4.512705e-08
4.861519e-08
2.659347e-08
1.526853e-08
1.786513e-09
1.098623e-09
2.335255e-10
1.336633e-10
1.225584e-10
5.721294e-11
3.058628e-11
2.782270e-10
1.516541e-09
2.726723e-09
2.568626e-08
2.758029e-09
1.740140e-09
4.090628e-09
7.134872e-09
9.967557e-09
1.822117e-09
1.802664e-09
1.487213e-09
3.683425e-10
6.952422e-10
3.723740e-10
3.251942e-10
1.092097e-10
3.411016e-10
2.619901e-09
3.555756e-09
5.077811e-10
6.413283e-10
4.736459e-10
1.145077e-10
7.249663e-11
1.937886e-10
7.396320e-10
3.245527e-09
1.096379e-09
5.382495e-09
1.249800e-09
9.176399e-10
1.264354e-09
3.448303e-10
8.797732e-10
3.509207e-09
1.359274e-09
5.499011e-09
1.264838e-09
9.193704e-10
1.264456e-09
3.448442e-10
8.797736e-10
3.509210e-09
1.359275e-09
5.499011e-09
1.264838e-09
9.193704e-10
1.264456e-09
3.448442e-10
8.797736e-10
3.509211e-09
1.359275e-09
5.499011e-09
1.264838e-09
9.193795e-10
1.264458e-09
3.449245e-10
8.810125e-10
3.566042e-09
1.368303e-09
7.355718e-09
1.414809e-09
1.079633e-09
9.633791e-10
9.963871e-09
8.058570e-09
6.294362e-08
6.384958e-08
1.682267e-08
5.042153e-09
1.086316e-08
1.008453e-09
6.942866e-10
6.746418e-10
1.527258e-10
6.031891e-10
1.246615e-09
1.074360e-08
3.268572e-09
2.477145e-09
4.145855e-08
3.233080e-08
3.585421e-09
2.752659e-08
4.688832e-09
3.133284e-09
3.234045e-09
3.721550e-09
4.671947e-09
1.294383e-08
5.270261e-08
3.826348e-08
6.004449e-08
5.586326e-08
2.860091e-08
3.449080e-08
1.802924e-08
2.795398e-08
2.504705e-08
1.818366e-08
1.842816e-08
7.055509e-08
1.832041e-08
5.324231e-09
1.079162e-08
1.650966e-08
5.167267e-09
7.567380e-09
8.412697e-09
4.089641e-07
5.232502e-07
3.826078e-08
1.772964e-07
6.384198e-08
1.447187e-08
2.557862e-09
1.256142e-08
9.376485e-09
1.114176e-08
2.962249e-08
1.587470e-08
1.446863e-07
3.744467e-08
4.897672e-09
1.969046e-09
1.756071e-07
4.172700e-08
3.477656e-09
1.127940e-08
1.714372e-08
9.965818e-09
9.407933e-08
1.906405e-07
8.564761e-08
8.583424e-08
5.184794e-08
6.084663e-09
1.433998e-07
3.510010e-09
2.298396e-09
1.234263e-08
8.014911e-09
1.412961e-09
7.442096e-09
8.776442e-09
9.106776e-09
3.390198e-08
4.338759e-07
1.017079e-07
7.597798e-09
3.961238e-08
9.696417e-08
1.701975e-07
2.021723e-07
1.172585e-07
2.061728e-07
7.926730e-08
2.241440e-06
2.171814e-07
3.397135e-07
8.062808e-07
3.897273e-07
1.397491e-07
4.525069e-07
3.795113e-08
1.480077e-08
1.781236e-08
3.372814e-09
5.465796e-09
3.425412e-07
2.370912e-08
3.305580e-08
2.458354e-08
1.617984e-08
1.087039e-07
1.275817e-08
1.008831e-07
1.387718e-07
6.084293e-08
2.540200e-08
4.664077e-07
4.929889e-07
3.814134e-08
9.195949e-08
2.960933e-07
3.279303e-07
6.645449e-07
8.588576e-08
7.388001e-08
8.304589e-08
3.960516e-08
5.671176e-09
6.498179e-09
4.026276e-09
4.874978e-08
3.595184e-08
4.812199e-08
2.635409e-08
1.870629e-08
6.124922e-09
3.142135e-09
1.186417e-10
3.982871e-11
6.146659e-11
3.950018e-11
1.379197e-11
4.239853e-11
1.674758e-10
6.186096e-10
1.080076e-08
2.881411e-09
9.816065e-10
1.880917e-09
2.155343e-09
6.659408e-09
1.526458e-09
9.175619e-10
1.740915e-09
2.971682e-10
4.918336e-10
3.160163e-10
1.395896e-10
1.485022e-10
6.153355e-11
5.330703e-10
2.185135e-09
3.408908e-10
3.893850e-10
5.329391e-10
1.107760e-10
2.673993e-11
4.196064e-11
1.608475e-10
1.298815e-09
8.120226e-10
3.361084e-09
1.569660e-09
9.154912e-10
1.152203e-09
1.142948e-10
2.363723e-10
1.373574e-09
1.031870e-09
3.680354e-09
1.652004e-09
9.230387e-10
1.152806e-09
1.143347e-10
2.363739e-10
1.373583e-09
1.031871e-09
3.680355e-09
1.652004e-09
9.230387e-10
1.152806e-09
1.143347e-10
2.363739e-10
1.373583e-09
1.031871e-09
3.680355e-09
1.652004e-09
9.230407e-10
1.152806e-09
1.143382e-10
2.366331e-10
1.382308e-09
1.032190e-09
3.946918e-09
1.784176e-09
1.197299e-09
5.477233e-10
2.237973e-09
2.792004e-09
2.313295e-08
2.561942e-08
1.023721e-08
4.138131e-09
6.553924e-09
2.509135e-09
6.983309e-10
3.733207e-10
2.744425e-11
1.937170e-10
5.106551e-10
4.378265e-10
7.382440e-10
1.154020e-09
6.506810e-09
2.150369e-08
2.038249e-09
3.496428e-09
4.688832e-09
1.505787e-08
4.159955e-09
3.680378e-09
2.980726e-09
6.146624e-09
1.548035e-08
2.997668e-08
5.679874e-08
5.244485e-08
5.884234e-08
2.590573e-08
2.269736e-08
3.646063e-08
6.098484e-09
1.035334e-08
2.758590e-08
3.738283e-08
2.117550e-08
1.517659e-08
7.564962e-09
1.420030e-08
3.950804e-09
2.548221e-09
3.833518e-09
1.095207e-08
4.069358e-07
1.973553e-07
1.042455e-07
6.602289e-08
3.189988e-08
6.853002e-09
2.062924e-09
6.174466e-09
3.049303e-09
2.752022e-09
8.271584e-09
1.297567e-07
3.033109e-08
5.255640e-09
1.570824e-09
2.304083e-08
2.923154e-08
4.103027e-09
5.218801e-09
1.152866e-08
1.179914e-09
1.018170e-08
6.165452e-08
8.431145e-08
9.294218e-08
4.417131e-08
1.994370e-08
9.442213e-09
2.546398e-09
6.744604e-10
2.945296e-09
6.445313e-09
2.009499e-09
1.528039e-09
1.675930e-09
2.077758e-09
1.089505e-08
3.447052e-07
9.622785e-08
7.317424e-09
6.942714e-09
1.600722e-08
1.506939e-07
7.576384e-08
9.737806e-08
1.253810e-07
6.568801e-08
4.936649e-07
3.798566e-08
1.250065e-07
3.751691e-07
3.106378e-07
1.508183e-07
7.924971e-08
2.588713e-08
1.261291e-07
5.726253e-09
1.734121e-09
2.857586e-09
4.896833e-08
2.227011e-08
2.001128e-08
4.224351e-09
3.555914e-09
1.032393e-08
2.058115e-08
4.584192e-08
4.659040e-08
3.881898e-08
1.935641e-08
9.444267e-08
3.526339e-07
2.450629e-07
4.504304e-08
4.240787e-08
1.383795e-07
4.860789e-07
2.173339e-07
6.390903e-08
1.726063e-08
4.754566e-08
8.394688e-09
2.199497e-09
8.106795e-10
1.078535e-08
1.290563e-08
2.985297e-08
2.387545e-08
2.091143e-08
5.849692e-09
4.230420e-09
7.646726e-10
3.244612e-10
8.007536e-12
2.531775e-11
7.070681e-12
9.769025e-12
1.429957e-11
5.765028e-11
2.216042e-09
1.685961e-09
8.819177e-10
1.434839e-09
1.133027e-09
1.948287e-09
1.047226e-09
1.107946e-09
5.254517e-10
5.650098e-10
2.707523e-10
3.168547e-10
1.851324e-10
1.167453e-10
7.191142e-11
6.539459e-11
4.281608e-10
2.909181e-10
3.483474e-10
1.782827e-10
2.303171e-10
5.865988e-11
2.392472e-11
1.036957e-10
2.823319e-10
4.350940e-10
1.372382e-09
1.340370e-09
9.652929e-10
1.337644e-09
3.835634e-10
8.235939e-11
3.929209e-10
5.608169e-10
1.497100e-09
1.607486e-09
1.025838e-09
1.342167e-09
3.845366e-10
8.237211e-11
3.929710e-10
5.608239e-10
1.497101e-09
1.607486e-09
1.025838e-09
1.342167e-09
3.845367e-10
8.237211e-11
3.929710e-10
5.608239e-10
1.497101e-09
1.607486e-09
1.025839e-09
1.342167e-09
3.845371e-10
8.238298e-11
3.947707e-10
5.609422e-10
1.539476e-09
1.627211e-09
1.220875e-09
8.328311e-10
1.067213e-09
9.885429e-10
6.112389e-09
5.474145e-09
3.736721e-09
2.599434e-09
3.790947e-09
3.062734e-09
1.183355e-09
4.969108e-10
6.228248e-11
2.477772e-11
1.261779e-10
5.425759e-11
5.055086e-11
1.333758e-10
2.141800e-09
5.372424e-09
1.218337e-09
2.022364e-09
2.907725e-09
3.133284e-09
4.159955e-09
1.376446e-08
6.334635e-09
3.150734e-09
5.210324e-09
1.379395e-08
3.454829e-08
5.467374e-08
6.243173e-08
4.110612e-08
5.459250e-08
2.488693e-08
9.946827e-09
7.292997e-09
1.239454e-08
2.843453e-08
2.849705e-08
1.040788e-08
1.154655e-08
1.120045e-08
3.197316e-09
2.384143e-09
1.866306e-09
1.818389e-09
2.372485e-08
3.937042e-08
8.837116e-08
2.154696e-07
5.682201e-08
1.431644e-08
3.942809e-09
1.976498e-09
1.686559e-09
5.870961e-10
2.739365e-09
1.402981e-08
1.923467e-08
8.354951e-09
1.846452e-09
5.162616e-09
3.933153e-09
2.752609e-09
2.970536e-09
2.788242e-09
4.285830e-09
8.004262e-10
7.163103e-09
3.559120e-08
7.056524e-08
4.825334e-08
4.343152e-08
1.210542e-08
1.171218e-09
9.122892e-10
1.399720e-09
1.003633e-09
1.079048e-09
8.072027e-10
6.132219e-10
5.996271e-10
2.827212e-09
6.872451e-08
4.261528e-08
1.120831e-08
2.097561e-08
1.103755e-08
8.576869e-09
3.692163e-08
8.128614e-08
8.506983e-08
5.875113e-08
2.936452e-07
1.120157e-08
3.431282e-08
1.038261e-07
1.057181e-07
8.962438e-08
7.373993e-08
4.887607e-08
2.105333e-08
7.715082e-09
5.540298e-09
1.154716e-09
4.173313e-09
3.609391e-09
8.985968e-09
2.959141e-09
1.764759e-09
3.747330e-09
5.919318e-09
1.976331e-08
1.179587e-08
2.177207e-08
9.510483e-09
2.525499e-08
6.359605e-08
2.557817e-08
3.929254e-08
4.447615e-08
6.519562e-08
1.520577e-07
5.008669e-08
1.259077e-07
1.068611e-07
4.262826e-08
8.689532e-09
1.634416e-09
5.607403e-10
9.823696e-10
3.089493e-09
9.172421e-09
1.026119e-08
2.111120e-08
8.131077e-09
7.434397e-09
1.080743e-09
6.177933e-10
1.625321e-10
6.737197e-12
4.885571e-12
6.469103e-12
5.125315e-12
1.286491e-11
1.356919e-10
3.897431e-10
4.727331e-10
8.098817e-10
5.446840e-10
1.551488e-09
6.607866e-10
7.187138e-10
4.293316e-10
4.780661e-10
5.445327e-10
1.839967e-10
2.083655e-10
1.018918e-10
7.069894e-11
6.476939e-11
4.029348e-11
9.423724e-11
2.303609e-10
1.002944e-10
1.943964e-10
1.735090e-10
3.738857e-11
2.872565e-11
9.191305e-11
1.605925e-10
5.800890e-10
6.283582e-10
6.648510e-10
1.033918e-09
4.502846e-10
2.324046e-10
8.303738e-11
3.080775e-10
7.520280e-10
6.842804e-10
7.678156e-10
1.112286e-09
4.602276e-10
2.328425e-10
8.326000e-11
3.081220e-10
7.520367e-10
6.842804e-10
7.678158e-10
1.112286e-09
4.602280e-10
2.328426e-10
8.326000e-11
3.081220e-10
7.520367e-10
6.842804e-10
7.678159e-10
1.112286e-09
4.602284e-10
2.328440e-10
8.331698e-11
3.083673e-10
7.601616e-10
6.898533e-10
7.979436e-10
9.436708e-10
7.187865e-10
5.480799e-10
1.445950e-09
1.234501e-09
1.041235e-09
1.206958e-09
2.829136e-09
1.940693e-09
1.073863e-09
1.406410e-09
1.655374e-10
1.046249e-10
2.529143e-11
1.942013e-11
1.896479e-11
1.380165e-11
4.150563e-10
1.984001e-09
2.788800e-10
1.488316e-09
1.499669e-09
1.830892e-09
3.234045e-09
3.680378e-09
6.334635e-09
6.252510e-08
2.292059e-08
5.723089e-09
1.883221e-08
5.495151e-08
6.511818e-08
7.599875e-08
7.667756e-08
3.800107e-08
3.200236e-08
1.634231e-08
8.888220e-09
1.442380e-08
1.646933e-08
1.039210e-08
2.494380e-08
1.101940e-08
4.176716e-09
3.199248e-09
2.264921e-09
2.398775e-09
6.621525e-09
3.275800e-09
1.177620e-07
5.920126e-08
4.764467e-08
2.086968e-07
1.495950e-08
3.206997e-09
9.139535e-10
2.141691e-09
1.072695e-09
1.237163e-09
6.242895e-09
4.456743e-09
2.158729e-09
5.613659e-09
2.172973e-09
6.707462e-10
2.650960e-09
2.118622e-09
2.281108e-09
3.047356e-09
7.878851e-10
4.496144e-09
2.153125e-08
4.267680e-08
2.780648e-08
3.244315e-08
2.510356e-08
8.223959e-10
1.529149e-09
4.608504e-10
4.219184e-10
8.929900e-10
4.042788e-10
2.844341e-10
5.993180e-10
7.465413e-09
8.349824e-09
1.175066e-08
9.717743e-09
1.906879e-08
1.080911e-08
8.624105e-09
3.478080e-08
3.033051e-08
1.150104e-07
1.796841e-07
3.592418e-08
1.960125e-08
2.241881e-08
4.792610e-08
4.828096e-08
5.036297e-08
3.908556e-08
3.694460e-08
2.539308e-08
7.110064e-09
2.073387e-09
2.281424e-09
9.277882e-10
1.202268e-09
2.846630e-09
1.168766e-09
1.939627e-09
4.046817e-09
3.302941e-09
2.683903e-08
5.288935e-09
4.650266e-09
1.778400e-08
1.926436e-08
9.096702e-08
3.561437e-07
2.733970e-08
3.202511e-08
4.973694e-08
6.138122e-08
6.329507e-08
3.781197e-08
8.805148e-08
2.794497e-08
1.593019e-08
1.604355e-09
1.567470e-09
1.144830e-09
2.554674e-09
3.732670e-09
9.753280e-09
7.035967e-09
9.998840e-09
3.701715e-09
2.580069e-09
5.926985e-10
2.162911e-10
1.595637e-12
4.186319e-12
4.676007e-12
5.267286e-12
1.932623e-11
3.949150e-11
1.770581e-10
3.773403e-10
4.603147e-10
6.661299e-10
6.838079e-10
6.251084e-10
4.084133e-10
4.618240e-10
5.162491e-10
6.461584e-10
1.650695e-10
9.926166e-11
8.604717e-11
5.375898e-11
7.595855e-11
2.769942e-11
5.849879e-11
8.603274e-11
1.346588e-10
1.617255e-10
1.888512e-10
4.004767e-11
1.621788e-11
5.359471e-11
1.469927e-10
2.941029e-10
4.072365e-10
6.163747e-10
5.439367e-10
3.581790e-10
2.070349e-10
7.779435e-11
3.048619e-10
3.675576e-10
4.881638e-10
6.348517e-10
5.915549e-10
3.702578e-10
2.136103e-10
7.792795e-11
3.049155e-10
3.675582e-10
4.881647e-10
6.348521e-10
5.915574e-10
3.702592e-10
2.136103e-10
7.792795e-11
3.049155e-10
3.675582e-10
4.881647e-10
6.348521e-10
5.915575e-10
3.702594e-10
2.136210e-10
7.793342e-11
3.072871e-10
3.695601e-10
4.958740e-10
6.227299e-10
7.760477e-10
5.817952e-10
5.516883e-10
4.703310e-10
5.780807e-10
5.737485e-10
1.488988e-09
1.597364e-09
1.273120e-09
9.840898e-10
6.157076e-10
3.260031e-10
1.207508e-10
1.876118e-11
1.594130e-11
8.160428e-12
2.487362e-11
3.434837e-10
2.374372e-10
3.837787e-10
1.128529e-09
1.079671e-09
2.331286e-09
3.721550e-09
2.980726e-09
3.150734e-09
2.292059e-08
1.988599e-07
7.011444e-08
1.387890e-08
3.670827e-08
1.149964e-07
1.017730e-07
9.676916e-08
3.722709e-08
2.367093e-08
3.113701e-08
1.553779e-08
1.221835e-08
1.117924e-08
1.495382e-08
1.757823e-08
1.075464e-08
3.007759e-09
4.006587e-09
8.004782e-09
4.055530e-09
1.830481e-09
6.734309e-09
6.367111e-08
9.019833e-08
5.827131e-08
3.982078e-08
3.747910e-08
6.067084e-09
3.156173e-09
2.381008e-09
5.252268e-10
9.878471e-10
2.475649e-09
2.128285e-09
6.015894e-09
2.741817e-09
1.366637e-09
7.564587e-10
1.719532e-09
2.473976e-09
3.325000e-09
2.290747e-09
4.761281e-10
2.450099e-09
1.608765e-08
3.020346e-08
3.055599e-08
3.497349e-08
1.302924e-08
1.796382e-09
2.955297e-09
4.295581e-10
4.476989e-10
4.684499e-10
6.010500e-10
3.968746e-10
1.133394e-09
9.363586e-10
7.615976e-09
1.856144e-08
2.185664e-08
9.204276e-09
2.295421e-08
1.632654e-08
3.633053e-08
3.291508e-08
1.147067e-07
1.048393e-07
5.886568e-08
1.712001e-08
1.223813e-08
2.414831e-08
3.734737e-08
5.199431e-08
3.576784e-08
2.563949e-08
1.835314e-08
1.405499e-08
4.575718e-09
1.422386e-09
4.807419e-10
6.943831e-10
2.178228e-09
2.278279e-09
2.240935e-09
2.366912e-09
2.244217e-09
1.457136e-08
2.539258e-08
1.273779e-08
8.868113e-09
6.882440e-09
3.750206e-08
8.759939e-07
4.533219e-07
2.081073e-08
1.492380e-08
4.350533e-08
6.939490e-08
1.277477e-07
2.804868e-08
1.711020e-08
1.715772e-08
6.740382e-09
4.654454e-09
8.762399e-10
1.092411e-09
3.406069e-09
5.185073e-09
9.006633e-09
6.859454e-09
3.975969e-09
2.386837e-09
1.092474e-09
8.084253e-10
2.028115e-12
4.417545e-12
4.791341e-12
4.947128e-12
1.118871e-11
3.151926e-11
1.678239e-10
4.239074e-10
6.481803e-10
6.241066e-10
7.615749e-10
6.758730e-10
5.575306e-10
6.735603e-10
7.663532e-10
1.028115e-09
1.205707e-10
1.368297e-10
1.131358e-10
1.232899e-10
8.566238e-11
3.145281e-11
7.304625e-11
1.172574e-10
1.727390e-10
1.918901e-10
2.376936e-10
3.012711e-11
1.838046e-11
7.291428e-11
1.698844e-10
2.661668e-10
4.265919e-10
5.571600e-10
7.235884e-10
5.196526e-10
3.014479e-10
1.200819e-10
3.180263e-10
3.218648e-10
4.329087e-10
6.561054e-10
7.324538e-10
5.688472e-10
3.055228e-10
1.202484e-10
3.180294e-10
3.218702e-10
4.329103e-10
6.561105e-10
7.324627e-10
5.688472e-10
3.055228e-10
1.202484e-10
3.180294e-10
3.218702e-10
4.329103e-10
6.561106e-10
7.324630e-10
5.688495e-10
3.055228e-10
1.203430e-10
3.185385e-10
3.231493e-10
4.371779e-10
7.020130e-10
9.827358e-10
7.712800e-10
5.552589e-10
5.455521e-10
4.597680e-10
1.041560e-09
1.349349e-09
1.686269e-09
1.191537e-09
9.181661e-10
1.969275e-09
6.060285e-10
1.527620e-10
3.566819e-11
1.172891e-11
1.468504e-11
2.755535e-11
1.190305e-10
6.506979e-10
5.279488e-10
1.438703e-09
2.090752e-09
3.521072e-09
4.671947e-09
6.146624e-09
5.210324e-09
5.723089e-09
7.011444e-08
5.731234e-07
1.940020e-07
3.105346e-08
1.294753e-07
2.772421e-07
1.065725e-07
6.493403e-08
3.198676e-08
8.020460e-08
3.769126e-08
1.310321e-08
1.816356e-08
2.641094e-08
1.991276e-08
7.381221e-09
6.574834e-09
1.302238e-08
1.134360e-08
6.966393e-09
4.414357e-09
8.864858e-09
1.694036e-07
7.540687e-08
8.475455e-08
4.509912e-08
2.758429e-08
3.357557e-08
3.354037e-09
1.992926e-09
1.342597e-09
7.462724e-10
1.611763e-09
5.998140e-09
3.791245e-09
3.380600e-09
2.590010e-09
1.150420e-09
2.963575e-09
4.254636e-09
2.208867e-09
3.212038e-09
1.032226e-09
2.476630e-09
1.654872e-08
3.072459e-08
4.081396e-08
2.451556e-08
2.700024e-08
7.287849e-09
4.234545e-09
5.362699e-10
3.427367e-10
1.026739e-09
3.552407e-10
1.129090e-09
2.685042e-09
1.231150e-09
2.732758e-09
7.094910e-08
3.068953e-08
1.683041e-08
7.249931e-09
1.955808e-07
1.800203e-07
5.039268e-08
2.997140e-08
4.454807e-08
1.419311e-07
3.909635e-08
1.371307e-08
2.605411e-08
6.697084e-08
5.863130e-08
4.613047e-08
2.831132e-08
3.145336e-08
3.469027e-08
7.849979e-09
1.199061e-09
3.886709e-10
6.483219e-10
4.334559e-09
4.091874e-09
2.894663e-09
3.591583e-09
3.206081e-09
8.278851e-09
1.896803e-08
9.723250e-08
1.923358e-08
7.990832e-09
2.187314e-08
2.712182e-07
1.098605e-06
4.529095e-07
1.834253e-08
4.950041e-08
1.475728e-07
8.326212e-08
5.867073e-08
1.906947e-08
5.041171e-08
2.207203e-08
3.409112e-09
1.029869e-09
1.299285e-09
3.036675e-09
6.963703e-09
8.629246e-09
6.856363e-09
6.189780e-09
5.505704e-09
4.338326e-09
5.420191e-10
4.079096e-12
4.545897e-12
4.528485e-12
1.119016e-11
5.973596e-11
5.949951e-11
2.876289e-10
6.882254e-10
1.487622e-09
9.777581e-10
2.191027e-09
1.126951e-09
1.161103e-09
1.285199e-09
1.599405e-09
1.273994e-09
4.111834e-10
4.927189e-10
4.444528e-10
2.383583e-10
2.330124e-10
7.388718e-11
1.507970e-10
4.123884e-10
2.052962e-10
3.306480e-10
4.059398e-10
9.643963e-11
6.643874e-11
1.240800e-10
3.757697e-10
7.438876e-10
7.326914e-10
8.997384e-10
1.659869e-09
1.354885e-09
1.203945e-09
2.621530e-10
5.853776e-10
8.288410e-10
7.822699e-10
9.221631e-10
1.986184e-09
1.378611e-09
1.208003e-09
2.621798e-10
5.854134e-10
8.288510e-10
7.822919e-10
9.221811e-10
1.986184e-09
1.378611e-09
1.208005e-09
2.621798e-10
5.854134e-10
8.288510e-10
7.822919e-10
9.221811e-10
1.986186e-09
1.378612e-09
1.208019e-09
2.621864e-10
5.866381e-10
8.301376e-10
7.894178e-10
9.970533e-10
2.239912e-09
1.748863e-09
1.606245e-09
1.450707e-09
1.292980e-09
1.282956e-09
2.812303e-09
2.314970e-09
2.244934e-09
3.475333e-09
5.520613e-09
9.463473e-10
6.122673e-10
2.972017e-11
2.859452e-11
5.045156e-11
2.866756e-11
3.097344e-10
8.438559e-10
1.855883e-09
4.914431e-09
3.650877e-09
8.985197e-09
1.294383e-08
1.548035e-08
1.379395e-08
1.883221e-08
1.387890e-08
1.940020e-07
1.590916e-06
5.370139e-07
1.168219e-07
3.513322e-07
3.287758e-07
1.026207e-07
1.312516e-07
1.485107e-07
6.008183e-08
5.319044e-08
5.125242e-08
3.692194e-08
3.479805e-08
1.886255e-08
3.488820e-08
1.712164e-08
7.145300e-09
1.175838e-08
3.483381e-08
3.372318e-08
3.733467e-07
1.986538e-07
6.718506e-08
1.975658e-07
1.552079e-07
2.978697e-08
3.286288e-09
9.414902e-09
1.204166e-09
1.089585e-09
5.727592e-09
4.624295e-09
6.836043e-09
1.405158e-08
5.748798e-09
3.721603e-09
8.540061e-09
3.208349e-09
2.429506e-09
6.545170e-09
4.051992e-09
2.673340e-08
2.599762e-08
6.185433e-08
2.786881e-08
9.511634e-08
1.582091e-07
1.064256e-08
5.743105e-09
5.950305e-10
1.170720e-09
7.866545e-10
8.839132e-10
9.048461e-10
1.261613e-08
2.622342e-08
1.168018e-08
9.322068e-09
1.252002e-07
3.333293e-08
2.440288e-08
7.234702e-08
2.903339e-06
1.857586e-07
8.663033e-08
6.515180e-08
8.087575e-08
1.038780e-07
1.012463e-07
8.731248e-08
7.873126e-08
1.466544e-07
5.769324e-08
7.647171e-08
1.038580e-07
6.048271e-08
6.125460e-09
1.808428e-09
1.772870e-09
1.040163e-09
3.727827e-09
8.077752e-09
6.582161e-09
1.532062e-08
1.056738e-08
3.036573e-08
8.076313e-09
5.108690e-08
2.723841e-07
5.973197e-08
3.053074e-08
6.481689e-08
3.548778e-07
1.151477e-06
8.134721e-07
1.975073e-07
9.372814e-08
9.510661e-08
8.580772e-08
9.248337e-08
1.765599e-07
1.560167e-08
3.067487e-09
1.261917e-09
7.548188e-09
5.982762e-09
1.010839e-08
8.996640e-09
2.401764e-08
2.190758e-08
2.619161e-08
2.909649e-09
2.857750e-09
6.876361e-12
9.314509e-12
1.148466e-11
1.339769e-10
7.705829e-11
4.207708e-10
6.942058e-10
1.669415e-09
2.499887e-09
4.741619e-09
3.168552e-09
2.803725e-09
2.997196e-09
3.655834e-09
1.773026e-09
5.681798e-09
1.559863e-09
1.997052e-09
1.205525e-09
4.470081e-10
8.761791e-10
2.145671e-10
3.081614e-10
7.869880e-10
7.434168e-10
5.493162e-10
1.482545e-09
3.498744e-10
2.383292e-10
6.708037e-10
4.804596e-10
1.961613e-09
3.055473e-09
2.684892e-09
4.372725e-09
4.805449e-09
2.504251e-09
5.151502e-10
1.554518e-09
2.424653e-09
2.681994e-09
3.315334e-09
4.532831e-09
4.835368e-09
2.504407e-09
5.152597e-10
1.554587e-09
2.424786e-09
2.682071e-09
3.315334e-09
4.532830e-09
4.835379e-09
2.504408e-09
5.152597e-10
1.554587e-09
2.424786e-09
2.682071e-09
3.315334e-09
4.532831e-09
4.835384e-09
2.504411e-09
5.152730e-10
1.554522e-09
2.431124e-09
2.697955e-09
3.358069e-09
4.966215e-09
5.294855e-09
3.754354e-09
3.716519e-09
4.323729e-09
3.710789e-09
3.201737e-09
7.122709e-09
9.091505e-09
9.912832e-09
7.219722e-09
3.334269e-09
4.330038e-10
8.646885e-11
1.177250e-10
9.079237e-11
9.463389e-11
8.764877e-10
1.813832e-09
3.145947e-09
1.952897e-08
1.015071e-08
1.839943e-08
5.270261e-08
2.997668e-08
3.454829e-08
5.495151e-08
3.670827e-08
3.105346e-08
5.370139e-07
4.334783e-06
1.512891e-06
2.435823e-07
4.873202e-07
5.533319e-07
2.737438e-07
8.680495e-08
6.211543e-08
1.945642e-07
1.656018e-07
6.642073e-08
6.589877e-08
1.421446e-07
4.493379e-08
1.259761e-08
7.515721e-09
1.588692e-08
6.021179e-08
2.415167e-07
1.634134e-06
4.297885e-07
3.310181e-07
8.961188e-07
1.473286e-07
2.140671e-08
1.561745e-08
3.708347e-09
1.455771e-09
7.707302e-09
5.631456e-09
1.073096e-08
2.451796e-08
3.135540e-08
1.669861e-08
1.072636e-08
1.814361e-08
5.771211e-09
6.468222e-09
3.032424e-08
4.805109e-09
9.438185e-08
3.679702e-07
7.081109e-08
1.286057e-07
5.210094e-07
2.234928e-07
1.298443e-08
8.988097e-09
3.993010e-09
8.953546e-10
3.238746e-09
2.299273e-09
3.731525e-09
4.499154e-09
1.239284e-07
2.729236e-07
4.090302e-08
1.351653e-08
1.687929e-07
1.726922e-07
8.676702e-08
3.564945e-07
3.648370e-06
4.332420e-07
1.509758e-07
6.606808e-08
6.742599e-08
2.684575e-07
6.067322e-07
2.475297e-07
1.656137e-07
2.266730e-07
2.309475e-07
1.805188e-07
4.135193e-08
5.734470e-09
6.157247e-09
4.234186e-09
4.886416e-09
8.981540e-09
5.500676e-09
1.876477e-08
4.031202e-08
4.906755e-08
7.550379e-08
2.310027e-08
2.427174e-08
2.081974e-07
6.686311e-07
1.770693e-07
1.402093e-07
1.374791e-07
4.029949e-07
2.173711e-06
3.492384e-06
1.345057e-07
1.617658e-07
3.118996e-07
3.043542e-07
1.231498e-07
1.265661e-08
4.035322e-09
3.786907e-09
8.386177e-09
4.921067e-08
1.450408e-08
3.433495e-08
8.414987e-08
9.560770e-08
1.636371e-08
1.479408e-08
3.940034e-09
1.077406e-11
2.088105e-11
1.379638e-10
1.179071e-10
9.756694e-11
1.912496e-10
2.319424e-09
2.793610e-09
5.569054e-09
4.937621e-09
5.926873e-09
4.775594e-09
5.848070e-09
4.544942e-09
7.115554e-09
1.186957e-08
3.697694e-09
1.727163e-09
1.143722e-09
1.158675e-09
1.222388e-09
3.768488e-10
4.831363e-10
1.027157e-09
1.134018e-09
2.103835e-09
2.972776e-09
9.328007e-10
2.958157e-10
4.237697e-10
1.151714e-09
2.277297e-09
5.268608e-09
8.427288e-09
8.951169e-09
4.651367e-09
2.567518e-09
1.352021e-09
2.062785e-09
2.824850e-09
5.527215e-09
8.783996e-09
9.142405e-09
4.652593e-09
2.571560e-09
1.352317e-09
2.063629e-09
2.825304e-09
5.527215e-09
8.783995e-09
9.142475e-09
4.652594e-09
2.571560e-09
1.352317e-09
2.063629e-09
2.825304e-09
5.527216e-09
8.783995e-09
9.142479e-09
4.652597e-09
2.571570e-09
1.352323e-09
2.064237e-09
2.826860e-09
5.605905e-09
8.973411e-09
9.622656e-09
5.624007e-09
5.016750e-09
7.024189e-09
7.273814e-09
7.348322e-09
9.309431e-09
1.394412e-08
1.649705e-08
9.754030e-09
1.187957e-08
2.321768e-09
6.580114e-10
3.141729e-10
2.646331e-10
9.660064e-11
1.799272e-10
1.463299e-09
3.309571e-09
6.450751e-09
1.120450e-08
2.621893e-08
4.683533e-08
3.826348e-08
5.679874e-08
5.467374e-08
6.511818e-08
1.149964e-07
1.294753e-07
1.168219e-07
1.512891e-06
7.932815e-06
2.271381e-06
7.489673e-07
7.217030e-07
3.369462e-07
1.353645e-07
1.052967e-07
1.823815e-07
3.307566e-07
2.027014e-07
2.892039e-07
1.295663e-07
5.085962e-08
1.906642e-08
2.634655e-08
2.109644e-08
4.127770e-08
4.500967e-07
3.806972e-06
1.907367e-06
1.276917e-06
5.829420e-07
7.912277e-08
5.460116e-08
6.270464e-09
3.527986e-09
4.605301e-09
7.299134e-09
1.534030e-08
2.969615e-08
6.434293e-08
3.507261e-08
3.503866e-08
1.172578e-08
1.247977e-08
2.045806e-08
3.605966e-08
2.719550e-08
4.630646e-09
4.022439e-08
4.971860e-07
5.494177e-07
5.995870e-07
6.584127e-07
2.322623e-07
1.931552e-08
2.499442e-08
3.908933e-09
4.256670e-09
4.742764e-09
7.527006e-09
3.906303e-09
1.694363e-09
1.037045e-08
4.488387e-07
5.665779e-07
8.207893e-08
2.392547e-07
1.693274e-07
1.469868e-07
5.578414e-07
5.987223e-07
4.124198e-06
4.846921e-07
2.624057e-07
1.172082e-07
7.799455e-08
4.893693e-07
9.611539e-07
4.956627e-07
4.361447e-07
3.975743e-07
1.310955e-07
5.184819e-08
1.822047e-08
5.339747e-09
4.402246e-09
8.717965e-09
1.667426e-08
1.348301e-08
2.513888e-08
5.992385e-08
8.387570e-08
2.217616e-07
9.288332e-08
1.380411e-07
8.719780e-08
2.183356e-07
1.273871e-06
1.314743e-06
3.052952e-07
3.035026e-07
6.010756e-07
3.302922e-06
4.186767e-06
5.433501e-07
5.487727e-07
1.885500e-07
1.174073e-07
2.763622e-08
1.768151e-08
7.038175e-09
1.076664e-08
3.874301e-08
1.052764e-07
1.039206e-07
1.689824e-07
4.561929e-08
5.263041e-08
1.805370e-08
5.541629e-09
1.247704e-11
1.416496e-10
1.277447e-10
1.004271e-10
1.259675e-10
4.756118e-10
1.627700e-09
7.180130e-09
5.918715e-09
6.621591e-09
8.523327e-09
1.079197e-08
5.757936e-09
9.208877e-09
1.474488e-08
1.531482e-08
2.533325e-09
1.575162e-09
1.762062e-09
1.582011e-09
1.243020e-09
6.252694e-10
7.941485e-10
8.874203e-10
2.273111e-09
3.851751e-09
5.722902e-09
6.080291e-10
3.047119e-10
5.691556e-10
1.521229e-09
3.674585e-09
6.637693e-09
1.246121e-08
1.079113e-08
5.591354e-09
5.746613e-09
2.583377e-09
2.278585e-09
3.748145e-09
7.195820e-09
1.289316e-08
1.081410e-08
5.622824e-09
5.755079e-09
2.585937e-09
2.281514e-09
3.748150e-09
7.195816e-09
1.289330e-08
1.081411e-08
5.622825e-09
5.755084e-09
2.585937e-09
2.281514e-09
3.748150e-09
7.195816e-09
1.289330e-08
1.081411e-08
5.622827e-09
5.755085e-09
2.586096e-09
2.283332e-09
3.754837e-09
7.217701e-09
1.349996e-08
1.242891e-08
7.968435e-09
1.045072e-08
8.255253e-09
7.589543e-09
1.198227e-08
2.063987e-08
2.071534e-08
1.252215e-08
1.701866e-08
9.197328e-09
1.969639e-09
1.706272e-09
7.167323e-10
1.467328e-10
1.391141e-10
4.791592e-10
2.931294e-09
4.254586e-09
5.211996e-09
3.452050e-08
3.946126e-08
4.629970e-08
6.004449e-08
5.244485e-08
6.243173e-08
7.599875e-08
1.017730e-07
2.772421e-07
3.513322e-07
2.435823e-07
2.271381e-06
1.139394e-05
2.761775e-06
3.541551e-07
4.466726e-07
4.211669e-07
1.849185e-07
1.662298e-07
2.579149e-07
6.534659e-07
3.386148e-07
1.003242e-07
4.768882e-08
6.192107e-08
5.855493e-08
1.980183e-08
1.383205e-08
2.289584e-07
1.069184e-05
4.753030e-06
2.160790e-06
5.874743e-07
2.929310e-07
3.964300e-08
6.660260e-09
1.284325e-08
8.931151e-09
9.542252e-09
3.000870e-08
7.398233e-08
4.881214e-08
5.417880e-08
4.414372e-08
7.349348e-09
1.575411e-08
4.334084e-08
4.207259e-08
3.197690e-08
6.848676e-09
8.229038e-09
3.057044e-07
1.180243e-06
1.111149e-06
4.293315e-07
2.777672e-07
5.928649e-08
9.369894e-09
3.825812e-09
7.294189e-09
1.371131e-08
6.489539e-09
2.121142e-09
5.642454e-09
5.316880e-09
3.884116e-08
9.189141e-07
9.365624e-07
9.396545e-08
2.240462e-08
2.748288e-07
1.563022e-06
6.763560e-07
7.405102e-07
4.297920e-06
7.018827e-07
1.624609e-07
9.721015e-08
1.064789e-07
8.035163e-07
1.487683e-06
7.001669e-07
2.858997e-07
2.201720e-07
1.043642e-07
1.760799e-08
6.611514e-09
3.742555e-09
7.537620e-09
2.100120e-08
4.053729e-08
3.963811e-08
2.269577e-08
7.114014e-08
4.054633e-07
3.265685e-07
2.069153e-07
1.236693e-07
9.978357e-08
3.703243e-07
3.449165e-06
1.732080e-06
2.605222e-07
1.709440e-07
9.750746e-07
4.387957e-06
4.880692e-06
3.656785e-07
2.085088e-07
2.135558e-07
6.514888e-08
1.813540e-08
9.261413e-09
7.091846e-09
4.414791e-08
1.632289e-07
2.558396e-07
8.711465e-08
8.670913e-08
7.554043e-08
2.512913e-08
1.832290e-09
1.137829e-10
1.164059e-10
9.861288e-11
8.860430e-11
3.074245e-10
7.091019e-10
2.749049e-09
4.218158e-09
9.130879e-09
8.739252e-09
1.207527e-08
7.317422e-09
9.457853e-09
1.454126e-08
1.639761e-08
4.542474e-09
2.026274e-09
2.144284e-09
1.766912e-09
1.367788e-09
9.526211e-10
6.288002e-10
6.205769e-10
1.987696e-09
3.455381e-09
5.969992e-09
1.535718e-09
5.923122e-10
4.405601e-10
1.039459e-09
2.037987e-09
5.289205e-09
9.965098e-09
8.332294e-09
9.106630e-09
1.033467e-08
4.329698e-09
1.960769e-09
2.617659e-09
5.320168e-09
1.001064e-08
9.053550e-09
9.213588e-09
1.035894e-08
4.342086e-09
1.965446e-09
2.617688e-09
5.320160e-09
1.001086e-08
9.053564e-09
9.213591e-09
1.035895e-08
4.342087e-09
1.965446e-09
2.617688e-09
5.320160e-09
1.001086e-08
9.053564e-09
9.213593e-09
1.035894e-08
4.342136e-09
1.965607e-09
2.621165e-09
5.331580e-09
1.008511e-08
9.346335e-09
1.217458e-08
1.559898e-08
9.315313e-09
6.934067e-09
7.370915e-09
1.622393e-08
2.130749e-08
1.802583e-08
1.808978e-08
1.033716e-08
5.717288e-09
2.550108e-09
1.682720e-09
2.052009e-10
1.262254e-10
4.105818e-10
5.020659e-10
2.419371e-09
3.609735e-09
5.113292e-09
3.335033e-08
4.691150e-08
3.238594e-08
5.586326e-08
5.884234e-08
4.110612e-08
7.667756e-08
9.676916e-08
1.065725e-07
3.287758e-07
4.873202e-07
7.489673e-07
2.761775e-06
1.101552e-05
2.042761e-06
3.168215e-07
4.560957e-07
2.214522e-07
2.165949e-07
4.988240e-07
3.757885e-07
3.947936e-07
1.513061e-07
6.853191e-08
8.118155e-08
3.922552e-08
1.911020e-08
3.785107e-08
5.546023e-08
2.025237e-06
1.102785e-05
4.049622e-06
2.041821e-06
2.770239e-07
5.703902e-08
1.407579e-08
1.447680e-08
8.932910e-09
1.485992e-08
6.707593e-08
4.884405e-08
5.925105e-08
6.115561e-08
1.118207e-08
5.492645e-09
4.073380e-08
3.668781e-08
3.247438e-08
2.505737e-08
8.897461e-09
3.195790e-08
4.844700e-07
9.542385e-07
1.009414e-06
7.393866e-07
2.420667e-07
1.542944e-08
9.519397e-09
5.144778e-09
1.188026e-08
1.055502e-08
3.686850e-09
2.941722e-09
4.372048e-09
1.268478e-08
4.097602e-08
2.899114e-07
9.473519e-07
6.900441e-07
5.927208e-08
1.281901e-07
4.698099e-07
1.528238e-06
8.599006e-07
9.225686e-07
4.094114e-06
4.216657e-07
8.518960e-08
1.507429e-07
4.050807e-07
1.044503e-06
1.269156e-06
4.638145e-07
2.342235e-07
1.057810e-07
1.542802e-08
4.909710e-09
5.008319e-09
5.380597e-09
2.973761e-08
4.369096e-08
3.268884e-08
1.853168e-08
1.826385e-08
2.620804e-07
4.647411e-07
2.588341e-07
2.102008e-07
1.951583e-07
2.162519e-07
5.903042e-07
3.401203e-06
1.491280e-06
2.929099e-07
5.493010e-07
1.418305e-06
4.203940e-06
4.267199e-06
3.042559e-07
1.600297e-07
2.896336e-08
1.196133e-08
4.877205e-09
1.963685e-08
8.870984e-08
1.877745e-07
1.494868e-07
1.708873e-07
9.944521e-08
4.459466e-08
4.713736e-09
7.302413e-10
5.621210e-11
6.280995e-11
4.758507e-11
5.763053e-11
7.835960e-11
4.408754e-10
1.584707e-09
3.014420e-09
6.804976e-09
1.188985e-08
6.952271e-09
4.756038e-09
1.343916e-08
1.446970e-08
2.655698e-09
2.689348e-09
1.442848e-09
1.987468e-09
1.462010e-09
7.094277e-10
6.319914e-10
2.737882e-10
5.531505e-10
3.102594e-09
5.511665e-09
9.567162e-10
8.130135e-10
3.834856e-10
2.881500e-10
9.025438e-10
1.915953e-09
5.363909e-09
5.587320e-09
6.334574e-09
7.747373e-09
5.692712e-09
4.224358e-09
7.120908e-10
1.915919e-09
5.808201e-09
5.691118e-09
6.473622e-09
7.892954e-09
5.717499e-09
4.239641e-09
7.121108e-10
1.915909e-09
5.808528e-09
5.691135e-09
6.473625e-09
7.892970e-09
5.717501e-09
4.239641e-09
7.121108e-10
1.915909e-09
5.808528e-09
5.691135e-09
6.473625e-09
7.892967e-09
5.717514e-09
4.239667e-09
7.121773e-10
1.917994e-09
5.821070e-09
5.739726e-09
6.802360e-09
1.143383e-08
1.079635e-08
8.758935e-09
4.484250e-09
8.435455e-09
1.010888e-08
9.149715e-09
1.676729e-08
1.337155e-08
5.546898e-09
3.109704e-09
2.286525e-09
3.796514e-10
9.916161e-11
2.255473e-10
1.935508e-10
2.267556e-10
5.602696e-10
2.139371e-09
1.172057e-08
1.345552e-08
1.274072e-08
4.774683e-08
2.860091e-08
2.590573e-08
5.459250e-08
3.800107e-08
3.722709e-08
6.493403e-08
1.026207e-07
5.533319e-07
7.217030e-07
3.541551e-07
2.042761e-06
7.097644e-06
9.569439e-07
1.226230e-07
9.335193e-08
3.481438e-07
3.194897e-07
1.999113e-07
1.744049e-07
2.077310e-07
8.585649e-08
2.444484e-08
2.450624e-08
2.059463e-08
2.339392e-08
6.030557e-08
3.330639e-07
1.334253e-06
1.086579e-05
3.781388e-06
2.562636e-07
3.403142e-08
1.633270e-08
8.588516e-09
3.602176e-09
3.903098e-08
2.971635e-08
4.928225e-08
6.027124e-08
1.116580e-08
6.111698e-09
9.759121e-09
2.916393e-08
2.797309e-08
1.554789e-08
8.608125e-09
3.005829e-09
7.999231e-08
4.791338e-07
3.820744e-07
5.830175e-07
7.808005e-07
1.277690e-07
6.132063e-09
6.127543e-09
9.766940e-09
6.133263e-09
2.331063e-09
3.015679e-09
3.447356e-09
1.665124e-09
1.382371e-08
1.397457e-07
5.666502e-08
5.236488e-08
8.185064e-07
5.092126e-07
1.825523e-08
8.550854e-08
4.849332e-07
1.703279e-06
6.273325e-07
5.594356e-07
5.812790e-07
1.750551e-07
2.414109e-07
2.437841e-07
2.078034e-07
6.396370e-07
7.733585e-07
2.060611e-07
3.921593e-08
7.794479e-09
3.430233e-09
3.513167e-09
9.718658e-09
2.483494e-08
1.772085e-08
1.803054e-08
2.212505e-08
4.486902e-08
8.284768e-08
1.599773e-07
4.103556e-07
2.580779e-07
1.920166e-07
1.974182e-07
1.264198e-07
2.985345e-07
2.733117e-06
1.564535e-06
5.669856e-07
2.518709e-07
8.642882e-07
2.585983e-06
1.448051e-06
8.495908e-08
1.174668e-08
3.691840e-09
2.234324e-09
2.626389e-08
9.745851e-08
6.933095e-08
1.041554e-07
1.607830e-07
8.679583e-08
6.147261e-09
1.235567e-09
7.058764e-10
1.819428e-11
2.927002e-11
2.459470e-11
1.456112e-11
4.770342e-11
3.269950e-10
1.191892e-09
3.620034e-09
7.097686e-09
4.625589e-09
5.168072e-09
5.714608e-09
1.259333e-08
2.406041e-09
1.121502e-09
1.971774e-09
9.344290e-10
1.253661e-09
9.540970e-10
4.886369e-10
3.054076e-10
1.327211e-10
8.658785e-10
4.661472e-09
7.602339e-10
4.180353e-10
5.919468e-10
1.504824e-10
1.739691e-10
1.015170e-09
1.731083e-09
3.218195e-09
3.894565e-09
6.278298e-09
4.163940e-09
2.557787e-09
1.715951e-09
6.988628e-10
2.300668e-09
3.274746e-09
4.007967e-09
6.525659e-09
4.260797e-09
2.642146e-09
1.716462e-09
6.988524e-10
2.301642e-09
3.274789e-09
4.007973e-09
6.525681e-09
4.260804e-09
2.642146e-09
1.716462e-09
6.988524e-10
2.301642e-09
3.274789e-09
4.007973e-09
6.525681e-09
4.260810e-09
2.642155e-09
1.716478e-09
6.989035e-10
2.304137e-09
3.283888e-09
4.070277e-09
7.166012e-09
8.066358e-09
5.521299e-09
4.426578e-09
5.429199e-09
5.562663e-09
4.387459e-09
6.414721e-09
9.790527e-09
4.264802e-09
5.093153e-09
3.468065e-09
8.946314e-10
2.447450e-10
1.281208e-10
9.792774e-11
8.740688e-11
5.820615e-11
5.501159e-10
4.885728e-09
3.561573e-09
6.036754e-09
1.023570e-08
1.462191e-08
3.449080e-08
2.269736e-08
2.488693e-08
3.200236e-08
2.367093e-08
3.198676e-08
1.312516e-07
2.737438e-07
3.369462e-07
4.466726e-07
3.168215e-07
9.569439e-07
4.243921e-06
4.912145e-07
2.047087e-07
1.428555e-07
1.395112e-07
1.485992e-07
1.470325e-07
1.032624e-07
6.508623e-08
2.605534e-08
1.944220e-08
1.537610e-08
1.169416e-08
3.559748e-08
2.389541e-07
2.844248e-07
1.212397e-06
1.035944e-05
4.154956e-07
3.496263e-08
1.144282e-08
5.357324e-09
1.158132e-08
1.187434e-08
2.082683e-08
5.218475e-08
1.063836e-08
3.989446e-09
6.883871e-09
6.815999e-09
2.212381e-08
1.102433e-08
4.703114e-09
8.478974e-09
6.825731e-09
7.151324e-08
2.093040e-07
2.900177e-07
2.193475e-07
2.962420e-07
1.716357e-07
1.094632e-08
9.848939e-09
4.627339e-09
1.585135e-09
3.609222e-09
2.164887e-09
9.307991e-10
3.914482e-09
3.277724e-08
3.704092e-08
3.546707e-08
2.667925e-08
1.019039e-07
4.807592e-07
2.695902e-07
1.564441e-07
2.315162e-07
3.295100e-07
1.515476e-06
3.133657e-07
1.684021e-07
2.058082e-07
1.812286e-07
1.182549e-07
1.325060e-07
1.682206e-07
3.465792e-07
3.248556e-07
3.897980e-08
4.734627e-09
3.169443e-09
3.687809e-09
6.535318e-09
1.262138e-08
6.373623e-09
6.833934e-09
2.758950e-08
3.228438e-08
2.393394e-08
2.762569e-08
1.603086e-07
4.065613e-07
8.769372e-08
1.048557e-07
3.258997e-07
9.435141e-08
2.260395e-07
2.473356e-06
1.191327e-06
2.968794e-07
3.236977e-07
5.235169e-07
1.149153e-06
6.246622e-07
1.580999e-08
1.863894e-09
3.389843e-09
2.702986e-08
4.280753e-08
4.999101e-08
9.215962e-08
6.296462e-08
4.901867e-08
9.028720e-09
3.535362e-09
6.002662e-10
1.097140e-11
1.622031e-11
5.276103e-12
2.908417e-11
1.301491e-10
3.207316e-10
1.174728e-09
3.360387e-09
4.396852e-09
1.216546e-09
4.214196e-09
6.987599e-09
2.529847e-09
1.262649e-09
1.921507e-09
2.005161e-09
7.063056e-10
1.377137e-09
5.187575e-10
6.635372e-10
4.651971e-10
2.616776e-10
1.380829e-09
6.595103e-10
1.512526e-10
5.511072e-10
7.539876e-10
1.599875e-10
3.610260e-10
6.493490e-10
1.229918e-09
1.913543e-09
3.115369e-09
2.887073e-09
3.914499e-09
2.344623e-09
1.657824e-09
1.013529e-09
1.364178e-09
1.961977e-09
3.161861e-09
3.138204e-09
4.469573e-09
2.351223e-09
1.658012e-09
1.017284e-09
1.364385e-09
1.962002e-09
3.161931e-09
3.138218e-09
4.469574e-09
2.351223e-09
1.658012e-09
1.017285e-09
1.364385e-09
1.962002e-09
3.161931e-09
3.138220e-09
4.469580e-09
2.351228e-09
1.658029e-09
1.017575e-09
1.366661e-09
1.978133e-09
3.343241e-09
4.218550e-09
7.081655e-09
3.465660e-09
3.248798e-09
4.771210e-09
3.543019e-09
3.204959e-09
5.060824e-09
2.750757e-09
3.119875e-09
3.268994e-09
6.938744e-09
9.672275e-10
9.058829e-10
1.092058e-10
5.719447e-11
1.367130e-10
6.751783e-11
1.690644e-09
3.492390e-09
6.468101e-10
1.097167e-08
5.857200e-09
3.859545e-09
1.802924e-08
3.646063e-08
9.946827e-09
1.634231e-08
3.113701e-08
8.020460e-08
1.485107e-07
8.680495e-08
1.353645e-07
4.211669e-07
4.560957e-07
1.226230e-07
4.912145e-07
3.816197e-06
2.531184e-07
5.368708e-08
6.330360e-08
1.156681e-07
1.786101e-07
7.112162e-08
2.157304e-08
6.256506e-08
3.154453e-08
7.203818e-09
1.528445e-08
1.863158e-08
7.702131e-07
2.072541e-07
1.953239e-08
1.190781e-06
3.804711e-06
1.087143e-07
6.369734e-09
1.834506e-08
4.909106e-09
2.342803e-09
2.683753e-08
9.673951e-09
3.288901e-09
3.108654e-08
5.037787e-09
3.234052e-09
1.656399e-08
2.075531e-09
3.124065e-09
1.149121e-08
1.405517e-08
2.320450e-08
1.121542e-07
2.559310e-07
3.610262e-08
7.348526e-08
1.744440e-07
1.844258e-08
1.444424e-08
1.013030e-09
1.269057e-09
3.654373e-09
9.473152e-10
1.197171e-09
1.134873e-08
6.897006e-09
4.526875e-09
2.928624e-08
1.071884e-07
9.897487e-09
1.590435e-08
2.818236e-07
5.367575e-07
2.234280e-08
1.675381e-07
2.263910e-07
1.454279e-06
1.125658e-07
7.671581e-08
8.065399e-08
1.304100e-07
1.813950e-07
3.793164e-08
4.684147e-08
1.892115e-07
1.470985e-07
9.517646e-09
3.396300e-09
2.061355e-09
2.033572e-09
7.496570e-09
4.012030e-09
7.092569e-09
1.595100e-08
4.221949e-09
5.529973e-08
1.873717e-08
1.023508e-07
1.800137e-07
7.071309e-08
3.833030e-08
1.656340e-07
6.524668e-07
1.579623e-07
1.246089e-07
1.896342e-06
1.166952e-06
3.201170e-07
7.400215e-08
1.404509e-07
8.983718e-07
8.485779e-08
5.025270e-09
5.236039e-09
1.399292e-08
2.270945e-08
5.929734e-08
4.543178e-08
2.324035e-08
1.954236e-08
2.716971e-08
6.054491e-09
1.058010e-09
1.723375e-12
1.218814e-12
2.377733e-11
6.972930e-11
7.599947e-11
8.038580e-11
7.034070e-10
2.034936e-09
1.875299e-09
2.784357e-09
3.567978e-09
2.981609e-09
1.723788e-09
2.225383e-09
1.560855e-09
1.541219e-09
1.795230e-09
6.544375e-10
1.349509e-09
6.598855e-10
5.084099e-10
1.366870e-10
1.815024e-10
4.179622e-10
6.000944e-10
5.553472e-10
4.629438e-10
5.601944e-10
1.061736e-10
4.439098e-10
7.294960e-10
1.308706e-09
1.645394e-09
3.322588e-09
3.100619e-09
2.714312e-09
2.079492e-09
5.008067e-10
8.985473e-10
1.431035e-09
1.754732e-09
3.990147e-09
3.119921e-09
2.716201e-09
2.112917e-09
5.014982e-10
8.986363e-10
1.431264e-09
1.754768e-09
3.990148e-09
3.119922e-09
2.716201e-09
2.112923e-09
5.014983e-10
8.986363e-10
1.431264e-09
1.754769e-09
3.990149e-09
3.119924e-09
2.716205e-09
2.112990e-09
5.015775e-10
9.021516e-10
1.461682e-09
1.937877e-09
4.454595e-09
3.899184e-09
3.769197e-09
3.801540e-09
3.596021e-09
2.137187e-09
2.331628e-09
2.199104e-09
2.829647e-09
2.907602e-09
6.949464e-09
5.066423e-09
2.061274e-09
3.321334e-10
5.491360e-11
2.574885e-10
7.395378e-11
6.046836e-11
1.942576e-10
3.101899e-10
8.047485e-09
3.687112e-09
2.417038e-09
9.141665e-09
2.795398e-08
6.098484e-09
7.292997e-09
8.888220e-09
1.553779e-08
3.769126e-08
6.008183e-08
6.211543e-08
1.052967e-07
1.849185e-07
2.214522e-07
9.335193e-08
2.047087e-07
2.531184e-07
5.889076e-07
7.058926e-08
8.046655e-08
8.719523e-08
4.463329e-08
2.487891e-08
4.386544e-08
2.169711e-08
2.131790e-08
6.476022e-09
5.268880e-09
3.225223e-08
9.035872e-08
5.503269e-07
2.123301e-07
1.156874e-07
1.607526e-07
2.752625e-07
1.699999e-08
7.470073e-09
9.065865e-10
4.520156e-09
4.964785e-09
3.316920e-09
3.449488e-08
7.706958e-09
3.010583e-09
1.139764e-08
5.389764e-09
3.995178e-09
4.016981e-09
1.385353e-08
6.374744e-09
1.527293e-08
6.381437e-08
4.680910e-08
1.188057e-07
1.134221e-07
5.556092e-08
1.123043e-08
1.072358e-08
2.367182e-09
1.493255e-09
1.148395e-09
1.713067e-09
3.117811e-09
3.468171e-09
5.884245e-09
1.311299e-08
3.325278e-08
1.798976e-08
4.766895e-08
4.765910e-08
3.171690e-08
3.687702e-07
2.449040e-07
2.204188e-08
1.286925e-07
1.688432e-07
1.630478e-07
3.351448e-08
9.490668e-08
9.333624e-08
5.861634e-08
4.888101e-08
3.740380e-08
3.612252e-08
4.555380e-08
6.746068e-09
1.121308e-09
2.469564e-09
2.001612e-09
3.584140e-09
4.646632e-09
4.476212e-09
3.783717e-09
2.245543e-08
1.169778e-08
2.439330e-08
5.041088e-08
1.111220e-07
2.818367e-08
2.517057e-08
1.405702e-07
2.418264e-07
4.826877e-07
1.428241e-07
3.256295e-07
7.441955e-07
4.890170e-07
1.715508e-07
2.510480e-07
1.101714e-07
4.011806e-08
4.061406e-09
1.874605e-09
8.393724e-09
1.947105e-08
1.672010e-08
2.617762e-08
2.779117e-08
3.700244e-08
1.080306e-08
4.047043e-09
5.787056e-09
6.623568e-12
2.354985e-11
6.676349e-11
2.295634e-10
8.720333e-11
4.125918e-10
1.481389e-09
1.478780e-09
3.309148e-09
4.438694e-09
6.142498e-09
4.294631e-09
3.139011e-09
2.504219e-09
1.773101e-09
1.685255e-08
1.159420e-09
3.019440e-09
2.043835e-09
8.030745e-10
6.636515e-10
1.940246e-10
6.186708e-10
8.977983e-10
7.799980e-10
6.247854e-10
5.391082e-09
2.007091e-10
3.858357e-10
1.608258e-09
1.209368e-09
1.797264e-09
3.970023e-09
3.646623e-09
4.995259e-09
3.989373e-09
3.932562e-09
8.761445e-10
2.764723e-09
2.235601e-09
4.491861e-09
3.684691e-09
4.971812e-09
4.204270e-09
3.959270e-09
8.765196e-10
2.765961e-09
2.235780e-09
4.491864e-09
3.684691e-09
4.971812e-09
4.204304e-09
3.959273e-09
8.765196e-10
2.765961e-09
2.235780e-09
4.491864e-09
3.684692e-09
4.971815e-09
4.204338e-09
3.959299e-09
8.766682e-10
2.774719e-09
2.288351e-09
4.612325e-09
3.844006e-09
5.921858e-09
5.859819e-09
7.683556e-09
5.502021e-09
2.715868e-09
2.379050e-09
3.175470e-09
4.564500e-09
9.134947e-09
7.231121e-09
6.468456e-09
2.436809e-09
6.535879e-10
8.312076e-10
2.589620e-10
8.109235e-11
1.640545e-10
4.093948e-10
4.075215e-09
1.385220e-09
2.823304e-08
5.429095e-09
3.275098e-08
2.504705e-08
1.035334e-08
1.239454e-08
1.442380e-08
1.221835e-08
1.310321e-08
5.319044e-08
1.945642e-07
1.823815e-07
1.662298e-07
2.165949e-07
3.481438e-07
1.428555e-07
5.368708e-08
7.058926e-08
4.462994e-07
1.400710e-07
5.799621e-08
5.257852e-08
1.123173e-07
4.474252e-08
1.137655e-08
8.773960e-09
9.566270e-09
1.417823e-08
3.754550e-08
7.559999e-07
1.557920e-07
6.592062e-07
4.813472e-07
1.232288e-07
2.819964e-08
4.981298e-08
5.540623e-09
2.386991e-09
5.299860e-09
3.258785e-09
3.764398e-08
1.182585e-08
1.357069e-08
3.342581e-08
9.556654e-09
1.317039e-08
6.506111e-09
1.061375e-08
8.915617e-08
3.081709e-09
2.428475e-08
7.138982e-08
1.002794e-07
1.347996e-07
2.584887e-07
1.222954e-07
2.355236e-08
1.172504e-08
3.209792e-09
1.599133e-09
4.362314e-09
2.895556e-09
2.369272e-09
3.651549e-09
1.441092e-08
3.236741e-08
2.680949e-08
1.488738e-08
7.060345e-08
8.950443e-08
2.340433e-08
7.788855e-08
5.482827e-07
2.809711e-07
9.498695e-08
7.973657e-08
4.304783e-08
2.487967e-07
1.044800e-07
6.847264e-08
5.409157e-08
7.033835e-08
8.232315e-08
6.914420e-08
2.154642e-08
3.248729e-09
1.807869e-08
3.369522e-09
4.261362e-09
3.753134e-09
6.194483e-09
5.472019e-09
3.606831e-08
6.694515e-09
4.922028e-08
1.125291e-08
5.933909e-08
1.090206e-07
1.226973e-07
1.185941e-07
2.134363e-07
5.067820e-08
1.204585e-07
1.106124e-06
3.780221e-07
1.072726e-07
5.546639e-07
6.954166e-07
1.895181e-07
1.098125e-07
8.375688e-09
7.913740e-09
1.451357e-08
9.691113e-09
1.475198e-08
2.556808e-08
3.310061e-08
7.478565e-08
5.770683e-08
1.541143e-08
3.069890e-08
1.850527e-09
2.382442e-11
7.833404e-11
2.238594e-10
1.299771e-10
4.826489e-10
1.282558e-09
2.062786e-09
2.787908e-09
4.208055e-09
7.503600e-09
8.181191e-09
4.842104e-09
3.394799e-09
3.837590e-09
2.277834e-08
6.088875e-09
4.863828e-09
3.248033e-09
1.970305e-09
8.228948e-10
8.161799e-10
9.131677e-10
9.349155e-10
1.051192e-09
8.028506e-10
6.448811e-09
1.527701e-09
1.111120e-09
1.343494e-09
1.315295e-09
1.972318e-09
4.281038e-09
4.672439e-09
7.127641e-09
6.358047e-09
7.505068e-09
3.905534e-09
2.471130e-09
2.507846e-09
6.059301e-09
4.578142e-09
7.043107e-09
7.736216e-09
7.689964e-09
3.920835e-09
2.476692e-09
2.508948e-09
6.059322e-09
4.578144e-09
7.043108e-09
7.736436e-09
7.689981e-09
3.920835e-09
2.476693e-09
2.508949e-09
6.059322e-09
4.578144e-09
7.043109e-09
7.736465e-09
7.690001e-09
3.920927e-09
2.479644e-09
2.538916e-09
6.128902e-09
4.683086e-09
7.431710e-09
9.056581e-09
1.088186e-08
8.506633e-09
6.868197e-09
5.135878e-09
3.795770e-09
5.642601e-09
1.108210e-08
1.026255e-08
8.215467e-09
1.249797e-08
4.723087e-09
9.460103e-09
8.906891e-10
2.452677e-10
4.225826e-10
2.211499e-10
4.688565e-09
1.768219e-09
1.633927e-09
3.271342e-09
6.580910e-08
2.205756e-08
1.818366e-08
2.758590e-08
2.843453e-08
1.646933e-08
1.117924e-08
1.816356e-08
5.125242e-08
1.656018e-07
3.307566e-07
2.579149e-07
4.988240e-07
3.194897e-07
1.395112e-07
6.330360e-08
8.046655e-08
1.400710e-07
4.709231e-07
1.013638e-07
2.170368e-07
1.350731e-07
2.696225e-08
1.230445e-08
1.082743e-08
2.661473e-08
5.949519e-08
4.834525e-08
3.904025e-07
9.448454e-07
4.419227e-07
9.026323e-07
1.201182e-07
2.448750e-08
8.272991e-09
3.350917e-08
5.064703e-09
4.503568e-09
3.747601e-08
1.397873e-08
3.579089e-08
7.197939e-08
4.627853e-08
4.044357e-09
1.159040e-08
2.154617e-08
1.052023e-07
1.465836e-08
1.239808e-08
2.307650e-08
1.246326e-07
1.778397e-07
2.593537e-07
4.402633e-07
6.243502e-07
2.725706e-08
1.341742e-08
2.584827e-09
5.106246e-09
4.233593e-09
3.875401e-09
3.975902e-09
4.118888e-09
1.011293e-08
5.411616e-08
5.802915e-08
8.906508e-08
1.050047e-07
2.482565e-08
7.708496e-08
1.362171e-07
1.477372e-07
7.453184e-07
2.354476e-07
1.088967e-07
3.035280e-07
1.050134e-07
2.619230e-07
8.203003e-08
1.468697e-07
1.373907e-07
1.444464e-07
8.751763e-08
1.596486e-08
9.165528e-08
2.951896e-08
6.937054e-09
2.958028e-09
1.278640e-08
5.708787e-09
4.502752e-08
1.092093e-08
6.345175e-09
2.426798e-08
1.070919e-07
5.852654e-08
7.142345e-08
2.080747e-07
3.780204e-07
1.258587e-07
1.107184e-07
4.088021e-07
1.972101e-07
1.382329e-06
5.104265e-07
1.524621e-06
5.011062e-07
2.047575e-07
1.129835e-07
6.109058e-08
1.445422e-07
1.451685e-08
8.292284e-09
2.173201e-08
4.072839e-08
8.524255e-08
1.267788e-07
5.615345e-08
1.126920e-07
8.667818e-09
2.861308e-09
4.022752e-11
2.156393e-10
1.381009e-10
3.930031e-10
5.811156e-10
7.772001e-10
2.170399e-09
4.200191e-09
7.165674e-09
7.291869e-09
4.847734e-09
3.594308e-09
4.473215e-09
2.390908e-08
6.395967e-09
6.022767e-09
3.737836e-09
2.394670e-09
9.967583e-10
9.405825e-10
1.052748e-09
8.795832e-10
6.822297e-10
5.690616e-10
6.427786e-09
1.679461e-09
1.653287e-09
1.676474e-09
9.068734e-10
6.419626e-10
1.653221e-09
3.570915e-09
6.222624e-09
7.018913e-09
9.809906e-09
4.846870e-09
2.868879e-09
1.170829e-09
2.511238e-09
3.194512e-09
6.844529e-09
8.871954e-09
1.017559e-08
4.885436e-09
2.886380e-09
1.172673e-09
2.511304e-09
3.194523e-09
6.844533e-09
8.872223e-09
1.017563e-08
4.885436e-09
2.886380e-09
1.172673e-09
2.511304e-09
3.194523e-09
6.844533e-09
8.872231e-09
1.017564e-08
4.885483e-09
2.887455e-09
1.177064e-09
2.538168e-09
3.217431e-09
6.946085e-09
9.298095e-09
1.290560e-08
8.589698e-09
5.302065e-09
3.160621e-09
5.553932e-09
7.715607e-09
8.998779e-09
1.061670e-08
8.322303e-09
1.477918e-08
1.082877e-08
1.185407e-08
1.767008e-09
3.285721e-10
4.600806e-10
2.791838e-10
1.805805e-09
7.949658e-10
1.995782e-09
2.070158e-09
3.118916e-08
1.823700e-08
4.494359e-08
1.842816e-08
3.738283e-08
2.849705e-08
1.039210e-08
1.495382e-08
2.641094e-08
3.692194e-08
6.642073e-08
2.027014e-07
6.534659e-07
3.757885e-07
1.999113e-07
1.485992e-07
1.156681e-07
8.719523e-08
5.799621e-08
1.013638e-07
6.023502e-07
1.859517e-07
5.405133e-08
3.058232e-08
1.343002e-08
3.423879e-08
4.190761e-08
7.448941e-09
7.142061e-08
6.245801e-07
6.834834e-07
1.188304e-06
1.284898e-07
2.759057e-07
3.911497e-08
2.768757e-09
5.833315e-09
6.483100e-09
9.609598e-09
1.321340e-08
3.727853e-08
7.567795e-08
6.331129e-08
5.962659e-09
3.977512e-09
1.191900e-08
1.110436e-07
2.379379e-08
1.580359e-08
6.991223e-09
2.085820e-08
9.533738e-08
3.108507e-07
5.032079e-07
7.022978e-07
6.777225e-08
2.255915e-08
6.644200e-09
4.249182e-09
2.685612e-09
4.868797e-09
5.266774e-09
4.244572e-09
2.581502e-09
3.650912e-09
2.415101e-08
1.754733e-07
1.635210e-07
6.422960e-08
1.022784e-08
1.954576e-08
1.674103e-07
2.011618e-07
1.229937e-07
7.522811e-07
4.897001e-07
9.530894e-08
4.903661e-08
5.758134e-08
3.450029e-07
2.076421e-07
2.169670e-07
1.218291e-07
3.229194e-08
1.322213e-07
5.994796e-08
8.326707e-09
2.063645e-09
8.125151e-09
7.012024e-09
5.027787e-08
8.969918e-09
4.638646e-09
5.460908e-09
5.886791e-08
7.489057e-08
1.391227e-07
1.017414e-07
1.781393e-07
1.619779e-07
3.365688e-07
5.522890e-07
1.220514e-07
3.462004e-08
2.902741e-07
3.023408e-06
7.296589e-07
2.372633e-07
1.560862e-07
1.470971e-07
1.895302e-07
1.787248e-08
2.506381e-09
9.166353e-09
2.386554e-08
7.493271e-08
1.416744e-07
7.759671e-08
1.203077e-07
1.732440e-08
6.188372e-09
1.234640e-09
1.830505e-10
1.207600e-10
3.585472e-10
2.640086e-10
3.359415e-10
6.724763e-10
1.671185e-09
6.333668e-09
8.424740e-09
3.265616e-09
2.504136e-09
5.530520e-09
2.441332e-08
6.221358e-09
5.776871e-09
5.088675e-09
2.583503e-09
1.144733e-09
1.077280e-09
1.034072e-09
1.123086e-09
3.361108e-10
3.904172e-10
6.276433e-09
1.435382e-09
1.722604e-09
2.440116e-09
1.006298e-09
2.816048e-10
6.768084e-10
1.329265e-09
3.956928e-09
5.794249e-09
9.363393e-09
6.178220e-09
4.457624e-09
1.446327e-09
1.067923e-09
1.132921e-09
3.545018e-09
7.315063e-09
1.078637e-08
6.355273e-09
4.501182e-09
1.455175e-09
1.067994e-09
1.132935e-09
3.545033e-09
7.315500e-09
1.078642e-08
6.355272e-09
4.501185e-09
1.455175e-09
1.067994e-09
1.132935e-09
3.545033e-09
7.315502e-09
1.078642e-08
6.355306e-09
4.501582e-09
1.456437e-09
1.070781e-09
1.138928e-09
3.570703e-09
7.415541e-09
1.148379e-08
9.901890e-09
6.505469e-09
2.180009e-09
2.580422e-09
4.723274e-09
8.433788e-09
1.074894e-08
7.877133e-09
1.579565e-08
1.199914e-08
1.835478e-08
2.680895e-09
5.022312e-10
5.292808e-10
3.117933e-10
1.354352e-09
3.084549e-10
1.197018e-09
8.649617e-10
1.451627e-08
1.903248e-08
1.138051e-08
9.165578e-09
7.055509e-08
2.117550e-08
1.040788e-08
2.494380e-08
1.757823e-08
1.991276e-08
3.479805e-08
6.589877e-08
2.892039e-07
3.386148e-07
3.947936e-07
1.744049e-07
1.470325e-07
1.786101e-07
4.463329e-08
5.257852e-08
2.170368e-07
1.859517e-07
3.965661e-07
5.298802e-08
2.119929e-08
5.093799e-08
4.573931e-08
4.984979e-09
1.542652e-08
3.067182e-08
8.290756e-07
8.859431e-07
3.588211e-07
8.674599e-07
8.580916e-08
5.880657e-08
5.537469e-09
1.134796e-08
5.292534e-09
4.858409e-09
3.397348e-08
7.532846e-08
6.702573e-08
1.036937e-08
4.772196e-09
6.018459e-09
1.081289e-07
1.356208e-08
1.595406e-08
2.025171e-08
1.480773e-08
1.191251e-08
1.879193e-07
4.736654e-07
7.585214e-07
1.232047e-07
6.653951e-08
1.071274e-08
1.185664e-08
1.410374e-09
3.283475e-09
6.792624e-09
4.998697e-09
1.100985e-09
3.860103e-09
6.239991e-09
3.091856e-08
1.291454e-07
1.771413e-07
5.147846e-08
1.957128e-08
8.850610e-08
1.210860e-07
7.759218e-08
2.335941e-07
3.797137e-07
7.421154e-07
8.531281e-08
2.206940e-08
7.430786e-08
1.721794e-07
4.469179e-07
1.826846e-07
7.814158e-08
1.779390e-07
1.461528e-07
1.304624e-08
3.214911e-09
7.735432e-09
3.136193e-09
4.830874e-08
1.074419e-08
7.351773e-09
5.102054e-09
2.858562e-08
6.695394e-08
5.684581e-08
9.208430e-08
2.817378e-07
2.836220e-08
6.093839e-08
5.893204e-07
3.909230e-07
9.809119e-08
1.252368e-07
1.652941e-06
5.087687e-07
1.592219e-06
3.957410e-07
1.709638e-07
4.405500e-07
3.215217e-08
2.652838e-09
4.544862e-09
1.038157e-08
5.135273e-08
1.273536e-07
8.048455e-08
1.330964e-07
2.364513e-08
1.264127e-08
5.163975e-09
1.158005e-09
6.153466e-11
2.862485e-10
1.558633e-10
8.559186e-11
8.939825e-11
4.438028e-10
2.331280e-09
3.881529e-09
4.185763e-09
2.918585e-09
5.596117e-09
1.436337e-08
5.931807e-09
4.727759e-09
3.405378e-09
4.250665e-09
5.418488e-10
1.258172e-09
9.240224e-10
1.019561e-09
4.018920e-10
1.778722e-10
1.739266e-09
1.441204e-09
1.636781e-09
1.615984e-09
1.566420e-09
1.766775e-10
1.606243e-10
6.357717e-10
1.538421e-09
2.724425e-09
5.350006e-09
5.104818e-09
3.838098e-09
1.819911e-09
1.962657e-09
6.086221e-10
1.308256e-09
4.430325e-09
5.741820e-09
5.439585e-09
4.151728e-09
1.853365e-09
1.962363e-09
6.086784e-10
1.308265e-09
4.431304e-09
5.741894e-09
5.439585e-09
4.151737e-09
1.853366e-09
1.962363e-09
6.086784e-10
1.308265e-09
4.431305e-09
5.741894e-09
5.439590e-09
4.151928e-09
1.853632e-09
1.962875e-09
6.088959e-10
1.313383e-09
4.454058e-09
5.856050e-09
5.991622e-09
5.767967e-09
2.507463e-09
2.788561e-09
4.173232e-09
2.929638e-09
4.356543e-09
6.004783e-09
1.766466e-08
1.247972e-08
1.932723e-08
8.284080e-09
9.301937e-10
1.034199e-09
3.940642e-10
6.493306e-10
1.859866e-10
3.080991e-10
3.788460e-10
9.343460e-09
9.628539e-09
1.085176e-08
4.457295e-09
3.539274e-08
1.832041e-08
1.517659e-08
1.154655e-08
1.101940e-08
1.075464e-08
7.381221e-09
1.886255e-08
1.421446e-07
1.295663e-07
1.003242e-07
1.513061e-07
2.077310e-07
1.032624e-07
7.112162e-08
2.487891e-08
1.123173e-07
1.350731e-07
5.405133e-08
5.298802e-08
1.028177e-07
3.899780e-08
4.168426e-08
1.313063e-08
7.488514e-09
1.410153e-08
3.876723e-08
2.985362e-07
5.234871e-07
5.644997e-07
4.068811e-07
1.504709e-07
8.313776e-09
1.793640e-08
5.452527e-09
1.361757e-09
2.471096e-08
4.415858e-08
6.269021e-08
1.251235e-08
5.178145e-09
1.082312e-08
3.137881e-08
1.533285e-08
1.051935e-08
7.328083e-09
6.679294e-08
2.109260e-09
3.683774e-08
3.478543e-07
6.677529e-07
9.237074e-08
1.489611e-07
4.233884e-08
7.821839e-09
4.041745e-09
2.782797e-09
4.094403e-09
6.342287e-09
8.922480e-10
2.302778e-09
4.466568e-09
1.919029e-08
7.626798e-08
4.857462e-08
2.255449e-08
1.280376e-07
1.162148e-07
2.017634e-08
5.752086e-08
1.275124e-07
3.243302e-07
2.030391e-07
1.136686e-07
1.551761e-07
8.441911e-08
1.394517e-07
1.271733e-07
1.827891e-07
2.150129e-07
2.462280e-07
3.109624e-07
2.972472e-08
6.405572e-09
1.300384e-08
3.505776e-09
2.265317e-08
1.002150e-08
3.981044e-09
6.348777e-09
3.988381e-08
3.651001e-08
5.247141e-08
2.256718e-08
1.321274e-07
3.989505e-08
1.114032e-07
2.485684e-07
1.230111e-07
1.254937e-07
2.054896e-07
1.606949e-06
3.531254e-07
1.073689e-07
2.114901e-07
1.005096e-06
5.553719e-07
1.069455e-07
4.175088e-09
8.116899e-09
3.798763e-09
2.277091e-08
8.804371e-08
6.383946e-08
1.087472e-07
3.435218e-08
2.668829e-08
9.012557e-09
3.104273e-09
6.611784e-10
1.487046e-10
1.201351e-10
6.047473e-11
1.451862e-10
4.543099e-10
4.796306e-10
1.144040e-09
1.162590e-09
9.260539e-10
6.768862e-09
1.369000e-08
1.930149e-09
3.306211e-09
4.962606e-09
4.146111e-09
1.075098e-09
1.408892e-09
7.389580e-10
1.360430e-09
2.573693e-10
4.316058e-10
3.481938e-10
3.066498e-10
6.984489e-10
1.492661e-09
1.445346e-09
3.766309e-10
6.040592e-10
2.086726e-10
1.012813e-09
6.786603e-10
1.728937e-09
2.082198e-09
1.824461e-09
1.081780e-09
1.132791e-09
2.213309e-09
3.114209e-10
2.758079e-09
2.477916e-09
2.072765e-09
2.180793e-09
1.261115e-09
1.144535e-09
2.215334e-09
3.114380e-10
2.762529e-09
2.478163e-09
2.072764e-09
2.180808e-09
1.261118e-09
1.144535e-09
2.215334e-09
3.114380e-10
2.762529e-09
2.478163e-09
2.072765e-09
2.180844e-09
1.261227e-09
1.144681e-09
2.215445e-09
3.118307e-10
2.773432e-09
2.503029e-09
2.176901e-09
2.478263e-09
1.568978e-09
1.556668e-09
5.328022e-09
1.359273e-09
1.558254e-09
1.669862e-09
1.139494e-08
1.261266e-08
1.827956e-08
1.225552e-08
3.487282e-09
8.206683e-09
5.613358e-09
1.550692e-10
5.184251e-10
9.773983e-10
6.562098e-11
4.991425e-09
8.050037e-09
6.138199e-09
2.451687e-09
3.302397e-08
2.400607e-08
5.324231e-09
7.564962e-09
1.120045e-08
4.176716e-09
3.007759e-09
6.574834e-09
3.488820e-08
4.493379e-08
5.085962e-08
4.768882e-08
6.853191e-08
8.585649e-08
6.508623e-08
2.157304e-08
4.386544e-08
4.474252e-08
2.696225e-08
3.058232e-08
2.119929e-08
3.899780e-08
7.891468e-08
3.094050e-09
5.142642e-09
1.949444e-08
2.821059e-08
3.511032e-08
5.110310e-08
4.889401e-08
5.975965e-07
5.192186e-07
2.864607e-08
7.248457e-08
4.502004e-09
3.448378e-09
1.496001e-08
1.252845e-08
4.066178e-08
8.580112e-09
1.411717e-08
5.330654e-08
2.586147e-08
1.146173e-08
6.155881e-09
1.191849e-08
1.067142e-07
3.720944e-09
7.824966e-09
1.442794e-07
3.484464e-07
5.423954e-08
8.240945e-08
1.806577e-07
1.121610e-07
3.555493e-09
2.180155e-09
1.069574e-08
5.917688e-09
7.956178e-10
3.332430e-09
8.301898e-09
9.230929e-09
3.820665e-08
7.563227e-08
3.909796e-08
1.292219e-08
2.089800e-07
1.102625e-07
3.526088e-08
5.462999e-08
2.479259e-07
1.469404e-07
9.985363e-08
7.295912e-08
9.274070e-08
1.669860e-07
1.374377e-07
1.974462e-07
5.219309e-08
3.691246e-07
8.762509e-07
8.600348e-08
8.713828e-08
5.050321e-08
1.736825e-08
2.792251e-08
1.000670e-08
2.030368e-09
9.100553e-09
6.471119e-08
3.281078e-08
2.210317e-08
1.703616e-08
1.195272e-07
1.574346e-08
2.720647e-08
2.448510e-07
2.402665e-07
1.768115e-08
5.768034e-08
1.727259e-06
3.719076e-07
1.534673e-07
1.337930e-07
5.001044e-07
9.263676e-07
4.051507e-07
3.420157e-08
6.962889e-08
2.186353e-08
1.784393e-08
5.359344e-08
5.087369e-08
3.249858e-08
3.270087e-08
4.444200e-08
3.185277e-08
1.245376e-08
2.494128e-09
7.264983e-09
3.011903e-11
3.575354e-11
1.411909e-10
3.310687e-10
1.842954e-10
1.431538e-10
5.123549e-10
1.468809e-09
4.589968e-09
6.020383e-09
2.320248e-09
7.052420e-09
4.416469e-09
3.659397e-09
1.115386e-09
2.340172e-09
1.156849e-09
1.261563e-09
4.999426e-10
3.544937e-10
3.492378e-10
1.415253e-10
3.249317e-10
9.451153e-10
7.564242e-10
4.676893e-10
1.369576e-09
3.918182e-10
2.395135e-10
3.034968e-10
4.779714e-10
1.034494e-09
1.069555e-09
7.029572e-10
1.191707e-09
2.031346e-09
2.598879e-10
5.637795e-10
1.289324e-09
1.359644e-09
1.232481e-09
1.049097e-09
1.229346e-09
2.038920e-09
2.610788e-10
5.723461e-10
1.290506e-09
1.359639e-09
1.232537e-09
1.049104e-09
1.229346e-09
2.038920e-09
2.610788e-10
5.723462e-10
1.290506e-09
1.359639e-09
1.232544e-09
1.049123e-09
1.229424e-09
2.038960e-09
2.611485e-10
5.728186e-10
1.298948e-09
1.381423e-09
1.288318e-09
1.104057e-09
1.597936e-09
4.211388e-09
5.519688e-10
1.736693e-09
1.267413e-09
4.432234e-09
6.280888e-09
1.262821e-08
1.207889e-08
6.870918e-09
1.563865e-08
8.677109e-09
5.457946e-10
8.445291e-10
1.263094e-09
9.573876e-11
5.093375e-10
2.820682e-09
3.525732e-09
1.377921e-09
2.359952e-08
2.452109e-08
4.818312e-09
1.079162e-08
1.420030e-08
3.197316e-09
3.199248e-09
4.006587e-09
1.302238e-08
1.712164e-08
1.259761e-08
1.906642e-08
6.192107e-08
8.118155e-08
2.444484e-08
2.605534e-08
6.256506e-08
2.169711e-08
1.137655e-08
1.230445e-08
1.343002e-08
5.093799e-08
4.168426e-08
3.094050e-09
2.930403e-08
1.433338e-08
1.896608e-08
1.167014e-08
2.927080e-09
1.192231e-07
1.541867e-07
3.019956e-08
4.765169e-07
1.561092e-07
7.850698e-09
9.835916e-09
1.127466e-08
5.658028e-09
1.204354e-08
6.183026e-09
2.390080e-08
8.076660e-08
2.279574e-08
1.065797e-08
4.375780e-09
1.422407e-08
1.624294e-07
5.606286e-09
1.411333e-08
2.149260e-08
3.715410e-08
2.086917e-08
9.687735e-08
2.011419e-07
1.365464e-07
3.152561e-08
4.262508e-09
4.236536e-08
5.685034e-09
1.284059e-09
4.362979e-09
1.216057e-08
6.894791e-09
1.118006e-08
1.171169e-08
3.143173e-09
7.550747e-08
2.815265e-07
2.406372e-08
1.091442e-08
6.220138e-08
1.927476e-07
1.200738e-07
8.989570e-08
1.186758e-07
9.932348e-08
1.410689e-07
3.785730e-08
1.346425e-07
1.216933e-07
4.613425e-07
1.045505e-06
1.025792e-07
1.761115e-07
9.429731e-08
9.697704e-08
4.824839e-08
7.640852e-09
1.608229e-09
1.382839e-08
1.114444e-07
1.374004e-08
1.473867e-08
7.169077e-09
1.151920e-07
2.094797e-08
2.566158e-08
2.438776e-07
5.704814e-08
2.410215e-08
5.525945e-07
2.095304e-06
1.556170e-07
4.257971e-08
1.849570e-07
1.062526e-06
1.135068e-06
1.610059e-07
3.058660e-08
2.960786e-07
4.940893e-08
2.663697e-08
2.961217e-08
2.992813e-08
1.118096e-08
3.306556e-08
5.226480e-08
4.328644e-08
1.237343e-08
1.196014e-08
1.706769e-08
6.923546e-09
1.986084e-11
1.351676e-10
3.225896e-10
1.480153e-10
6.572033e-11
2.804694e-10
2.444900e-10
2.780949e-09
6.581646e-09
7.878713e-10
6.586574e-09
6.494921e-09
4.638876e-09
9.812337e-10
1.997730e-09
2.857781e-09
1.280731e-09
5.675764e-10
3.779552e-10
3.750854e-10
2.326534e-10
1.741179e-10
4.053407e-10
6.736082e-10
3.676554e-10
1.162269e-09
7.614252e-10
3.321398e-10
2.180416e-10
1.972644e-10
5.273785e-10
7.679720e-10
4.943661e-10
8.257252e-10
2.058955e-09
3.977438e-10
6.160566e-10
7.693178e-10
8.352414e-10
8.743526e-10
1.007542e-09
8.855633e-10
2.064811e-09
4.110906e-10
7.686714e-10
7.727975e-10
8.352181e-10
8.746713e-10
1.007578e-09
8.855644e-10
2.064814e-09
4.110906e-10
7.686722e-10
7.727975e-10
8.352182e-10
8.746737e-10
1.007583e-09
8.855846e-10
2.064843e-09
4.111129e-10
7.688407e-10
7.742956e-10
8.444439e-10
8.944529e-10
1.025212e-09
9.660348e-10
4.008063e-09
6.540884e-10
1.459045e-09
9.447313e-10
2.662624e-09
3.087874e-09
8.009226e-09
1.189020e-08
6.864778e-09
1.720705e-08
1.801294e-08
1.403485e-09
3.059648e-09
2.469203e-09
2.072249e-10
3.741956e-10
1.432706e-09
1.775474e-09
1.110080e-09
1.278340e-08
2.522990e-08
3.518963e-09
9.907642e-09
1.650966e-08
3.950804e-09
2.384143e-09
2.264921e-09
8.004782e-09
1.134360e-08
7.145300e-09
7.515721e-09
2.634655e-08
5.855493e-08
3.922552e-08
2.450624e-08
1.944220e-08
3.154453e-08
2.131790e-08
8.773960e-09
1.082743e-08
3.423879e-08
4.573931e-08
1.313063e-08
5.142642e-09
1.433338e-08
4.424036e-08
6.903744e-09
1.724996e-09
1.536553e-08
1.236297e-07
1.056824e-07
4.424703e-08
7.724379e-08
2.247698e-07
5.460864e-08
4.991817e-09
1.627093e-08
4.053892e-08
2.832232e-09
2.252263e-08
8.596386e-08
2.541212e-08
1.140523e-08
1.455408e-08
1.302919e-08
2.423299e-07
7.394147e-09
1.084341e-08
2.679176e-08
1.072433e-08
4.780665e-09
5.153389e-08
2.176399e-07
1.590645e-07
3.329257e-08
1.617054e-08
9.246751e-08
4.327984e-08
2.861592e-10
2.923349e-09
1.867897e-08
1.056071e-08
7.562399e-09
8.775731e-09
2.130004e-09
1.351420e-08
2.113232e-07
8.747164e-08
7.891007e-08
3.517083e-09
8.143726e-08
5.380245e-07
4.984779e-08
7.967800e-08
9.050346e-08
3.605318e-07
2.913926e-08
1.132060e-07
7.555391e-08
3.740794e-07
1.646143e-06
1.692760e-07
1.607384e-07
1.472035e-07
7.500636e-07
1.944784e-07
2.026168e-08
1.913844e-09
6.128040e-09
1.274561e-07
1.660301e-08
1.111084e-08
1.111476e-08
6.300154e-08
3.358638e-08
1.850224e-08
2.884729e-07
5.811653e-08
4.740032e-09
4.731094e-08
2.180613e-06
7.822573e-07
1.655935e-08
5.678875e-08
1.678262e-06
1.326623e-06
2.879985e-07
5.380481e-08
2.704869e-07
2.425908e-07
9.548261e-08
8.388149e-08
4.748336e-08
9.634534e-09
2.929350e-08
4.787194e-08
4.726423e-08
1.446917e-08
1.329145e-08
5.276639e-08
3.480882e-08
2.213881e-09
1.265434e-10
3.135020e-10
1.333965e-10
4.120446e-11
2.044346e-10
1.235177e-10
1.110520e-09
2.391358e-09
6.553741e-10
8.066149e-09
9.229298e-09
4.894877e-09
1.071410e-09
2.337488e-09
3.374052e-09
2.374256e-09
6.932429e-10
4.683596e-10
4.952331e-10
3.182460e-10
2.496302e-10
2.085084e-10
1.933672e-10
3.118072e-10
1.201142e-09
7.398598e-10
8.004490e-10
2.422311e-10
9.135222e-11
3.958395e-10
4.530325e-10
2.549993e-10
5.338415e-10
1.822026e-09
2.358469e-10
8.113121e-10
1.380694e-09
6.031502e-10
7.467140e-10
6.844723e-10
5.227293e-10
1.953011e-09
2.491974e-10
1.358283e-09
1.404186e-09
6.030471e-10
7.479669e-10
6.846009e-10
5.227321e-10
1.953016e-09
2.491975e-10
1.358285e-09
1.404186e-09
6.030471e-10
7.479681e-10
6.846023e-10
5.227355e-10
1.953021e-09
2.492061e-10
1.358348e-09
1.404828e-09
6.040345e-10
7.572081e-10
6.894650e-10
5.365103e-10
2.280896e-09
3.775235e-10
2.029639e-09
1.638463e-09
1.891817e-09
1.144678e-09
2.759612e-09
9.204124e-09
8.088433e-09
1.995192e-08
1.996189e-08
4.667157e-09
8.080217e-09
1.069526e-08
4.483412e-10
2.860652e-10
1.301750e-09
4.785860e-10
9.321548e-10
1.036444e-08
2.070294e-08
3.258227e-09
1.010525e-08
1.501167e-08
5.167267e-09
2.548221e-09
1.866306e-09
2.398775e-09
4.055530e-09
6.966393e-09
1.175838e-08
1.588692e-08
2.109644e-08
1.980183e-08
1.911020e-08
2.059463e-08
1.537610e-08
7.203818e-09
6.476022e-09
9.566270e-09
2.661473e-08
4.190761e-08
4.984979e-09
7.488514e-09
1.949444e-08
1.896608e-08
6.903744e-09
1.558691e-08
1.629390e-08
2.836259e-08
2.182226e-08
2.242144e-08
1.515954e-07
5.974502e-08
8.192898e-08
7.762352e-08
1.893990e-08
2.064349e-07
5.506603e-09
2.284076e-08
8.483327e-08
1.953157e-08
1.168100e-08
5.440510e-08
3.420269e-08
2.654386e-07
7.757502e-09
1.241220e-08
2.172928e-08
1.024822e-08
3.237653e-09
3.359589e-08
2.074020e-07
1.384667e-07
3.181649e-08
4.448710e-08
4.836722e-07
5.811724e-08
1.382153e-09
3.699776e-09
1.867992e-08
1.716250e-08
8.410526e-09
7.739077e-09
7.372841e-09
1.936563e-08
1.637349e-07
2.085480e-08
8.898280e-09
6.503154e-08
1.190011e-07
5.115608e-07
5.957082e-08
1.632980e-07
6.419682e-08
3.574179e-07
3.518866e-08
1.624775e-07
1.176043e-07
3.661321e-07
1.700790e-06
1.078629e-07
2.626882e-07
2.476396e-07
1.551880e-06
6.059804e-07
6.370044e-08
8.771903e-09
6.003907e-09
1.161516e-07
7.543085e-09
2.013119e-08
1.896402e-08
1.275150e-07
3.023407e-08
1.945652e-08
1.917684e-07
2.486905e-08
9.952665e-08
5.909375e-08
1.861004e-06
1.759330e-07
5.082223e-08
6.105459e-07
1.999560e-06
1.241407e-06
1.766770e-07
7.635166e-08
5.573213e-07
3.421107e-07
3.965144e-07
2.285983e-07
1.666836e-07
1.495025e-08
3.262063e-08
4.349759e-08
4.146865e-08
1.229184e-08
1.830679e-08
1.233572e-07
1.220283e-07
6.398970e-09
7.890394e-10
1.258387e-10
1.070298e-10
3.342943e-11
6.043489e-11
1.223577e-10
9.962145e-11
3.361678e-10
1.800799e-10
6.323838e-09
8.721752e-09
1.110316e-08
4.439350e-10
1.014757e-09
4.079990e-09
2.700315e-09
2.098940e-09
5.256827e-10
5.482228e-10
8.756393e-10
1.523859e-10
3.476695e-10
6.617651e-11
5.698544e-11
6.337153e-10
6.513541e-10
9.542074e-10
5.728195e-10
1.304138e-10
1.441362e-10
5.882009e-10
7.605499e-11
2.656521e-10
4.628133e-10
1.674271e-10
1.325949e-09
1.392356e-09
1.729383e-09
3.235940e-10
7.449787e-10
3.826190e-10
4.754162e-10
1.871626e-10
4.027920e-09
1.441356e-09
1.728280e-09
3.259127e-10
7.456109e-10
3.826324e-10
4.754283e-10
1.871628e-10
4.027932e-09
1.441356e-09
1.728280e-09
3.259128e-10
7.456118e-10
3.826327e-10
4.754286e-10
1.871635e-10
4.027976e-09
1.441432e-09
1.728746e-09
3.262078e-10
7.474003e-10
3.840053e-10
5.087089e-10
2.022346e-10
4.725010e-09
1.627886e-09
2.707047e-09
7.159391e-10
4.886136e-10
1.319115e-09
6.863551e-09
1.783563e-08
1.919665e-08
8.727687e-09
1.529361e-08
2.002405e-08
2.891039e-09
6.265868e-11
7.374105e-10
4.139012e-10
9.691644e-11
3.552192e-09
1.581171e-08
2.150553e-09
7.576084e-09
1.101177e-08
6.759694e-09
7.567380e-09
3.833518e-09
1.818389e-09
6.621525e-09
1.830481e-09
4.414357e-09
3.483381e-08
6.021179e-08
4.127770e-08
1.383205e-08
3.785107e-08
2.339392e-08
1.169416e-08
1.528445e-08
5.268880e-09
1.417823e-08
5.949519e-08
7.448941e-09
1.542652e-08
1.410153e-08
2.821059e-08
1.167014e-08
1.724996e-09
1.629390e-08
4.186819e-08
3.273665e-09
3.696082e-08
6.626791e-08
4.738192e-08
4.242502e-07
4.801594e-08
3.100815e-08
3.778953e-07
7.166853e-09
2.611112e-08
6.309226e-08
1.114135e-08
1.055293e-08
7.577174e-08
6.494275e-08
3.207706e-07
1.083773e-08
1.360860e-08
1.818846e-08
7.292619e-09
1.767229e-08
4.003914e-09
1.368166e-07
1.333783e-07
3.007906e-08
2.892639e-08
8.129114e-07
3.054585e-07
3.097750e-09
7.216367e-09
2.045547e-08
2.058092e-08
8.943225e-09
6.793829e-09
8.023915e-09
1.624232e-08
6.558023e-08
2.743860e-08
5.180671e-09
5.513909e-09
4.693299e-08
6.494943e-07
1.100637e-07
6.978830e-08
1.086043e-07
4.513785e-07
3.645739e-08
1.444003e-07
1.443809e-07
3.065194e-07
1.750330e-06
1.470529e-07
2.111145e-07
2.056752e-07
2.138101e-06
9.315727e-07
1.143159e-07
4.519493e-08
2.987167e-09
1.063723e-07
4.026762e-09
1.502695e-08
1.207859e-08
1.375046e-07
6.006413e-08
2.407361e-08
1.494148e-07
1.129359e-08
1.096298e-08
5.940936e-08
1.880838e-06
1.616612e-07
2.060293e-08
6.528262e-08
2.421393e-06
2.005571e-06
1.578551e-07
3.723366e-08
6.325550e-07
4.807645e-07
6.854720e-07
5.610386e-07
3.451829e-07
2.900467e-08
3.638033e-08
2.809506e-08
4.052093e-08
6.483181e-09
1.755265e-08
1.818136e-07
2.234444e-07
2.801564e-08
1.324416e-09
2.397174e-09
1.928712e-11
2.461559e-11
4.432613e-11
1.493407e-10
7.646439e-11
4.044464e-11
7.328333e-10
2.708492e-09
8.219914e-09
9.290891e-09
1.720216e-09
1.199248e-09
4.360944e-09
3.855100e-09
1.920345e-09
3.832089e-09
1.987244e-09
1.397676e-09
3.401521e-10
3.667558e-10
3.777226e-10
6.554994e-11
1.626056e-10
4.901699e-10
9.106938e-10
4.382388e-10
8.700976e-10
7.830600e-10
3.075763e-10
1.191881e-10
4.349931e-10
2.097280e-10
9.812512e-10
1.734981e-09
2.872926e-09
1.959552e-09
1.343988e-09
3.750838e-10
5.263361e-10
3.488073e-10
1.006616e-09
5.451045e-09
3.274014e-09
1.957912e-09
1.384702e-09
3.762956e-10
5.264744e-10
3.489096e-10
1.006618e-09
5.451062e-09
3.274015e-09
1.957912e-09
1.384702e-09
3.762960e-10
5.264744e-10
3.489096e-10
1.006618e-09
5.451065e-09
3.274047e-09
1.957960e-09
1.384749e-09
3.763228e-10
5.267034e-10
3.500794e-10
1.013318e-09
5.739140e-09
3.622543e-09
2.493950e-09
1.604560e-09
1.397663e-09
1.975748e-09
3.566285e-09
9.049664e-09
1.505301e-08
9.628257e-09
1.762357e-08
5.634499e-08
8.565346e-09
3.929465e-10
2.183740e-10
7.428909e-10
7.497210e-11
2.044468e-10
2.362564e-09
2.062744e-09
4.141973e-09
6.490574e-09
4.374553e-09
1.582992e-08
8.412697e-09
1.095207e-08
2.372485e-08
3.275800e-09
6.734309e-09
8.864858e-09
3.372318e-08
2.415167e-07
4.500967e-07
2.289584e-07
5.546023e-08
6.030557e-08
3.559748e-08
1.863158e-08
3.225223e-08
3.754550e-08
4.834525e-08
7.142061e-08
3.067182e-08
3.876723e-08
3.511032e-08
2.927080e-09
1.536553e-08
2.836259e-08
3.273665e-09
1.281015e-07
1.210080e-07
7.774279e-08
4.032736e-07
2.434756e-07
5.894205e-08
6.364044e-07
5.108926e-09
1.820905e-08
2.354176e-08
5.421408e-09
7.590404e-09
8.208086e-08
1.090785e-07
2.820984e-07
2.370358e-08
1.441042e-08
1.697370e-08
8.492347e-09
1.780029e-08
1.436788e-08
1.108454e-07
2.750413e-08
8.169819e-08
9.922322e-08
8.593733e-07
5.814895e-07
5.547137e-08
1.733069e-08
2.345954e-08
1.856994e-08
4.867834e-09
6.431559e-09
1.585228e-08
1.275426e-08
4.740850e-09
4.702082e-09
4.431622e-08
4.433616e-08
3.862272e-08
6.742354e-07
2.850444e-08
2.090688e-08
9.690203e-07
3.427101e-07
1.617489e-07
2.325971e-07
2.903038e-07
1.930810e-07
1.621529e-06
1.553350e-07
4.263300e-07
2.595785e-07
2.441143e-06
1.049128e-06
1.491866e-07
1.693916e-07
1.736319e-08
3.401597e-08
4.927089e-09
1.310230e-08
1.186294e-08
1.096645e-07
4.730764e-08
3.183426e-08
6.055595e-08
2.531669e-08
9.011963e-09
8.650188e-08
1.021823e-06
1.750432e-07
3.503606e-07
1.164457e-07
2.479012e-06
1.426544e-06
1.417106e-07
1.252806e-06
7.882673e-07
4.941417e-07
8.578483e-07
6.479767e-07
4.319081e-07
7.438731e-08
2.412589e-08
8.152614e-09
2.451738e-08
9.691075e-09
1.829592e-08
1.885827e-07
2.784231e-07
6.302800e-08
8.558556e-09
5.955910e-09
8.553985e-09
4.206621e-11
4.660893e-11
1.618991e-10
9.304275e-10
1.243107e-09
1.134424e-09
1.972906e-09
2.276001e-08
3.523985e-08
5.270156e-09
1.149187e-08
5.716393e-08
1.736310e-08
5.302177e-09
8.926610e-09
1.345606e-07
1.232125e-08
4.505227e-09
6.486201e-09
2.537840e-09
3.659772e-09
5.984257e-10
2.801214e-09
5.858068e-09
8.769471e-10
1.726245e-09
5.067408e-08
3.853913e-09
6.159015e-10
2.848068e-09
3.833338e-09
1.248290e-08
4.695039e-09
1.285757e-08
1.466532e-08
1.166481e-08
1.050618e-08
2.977883e-09
6.048267e-09
1.247517e-08
2.404417e-08
1.431797e-08
1.460267e-08
1.254094e-08
1.060709e-08
2.979467e-09
6.053409e-09
1.247526e-08
2.404446e-08
1.431797e-08
1.460265e-08
1.254095e-08
1.060713e-08
2.979467e-09
6.053409e-09
1.247526e-08
2.404446e-08
1.431799e-08
1.460270e-08
1.254098e-08
1.060714e-08
2.979490e-09
6.055217e-09
1.248509e-08
2.408178e-08
1.472428e-08
2.715853e-08
1.460297e-08
1.245131e-08
1.843500e-08
2.197631e-08
3.385021e-08
2.879927e-08
2.395536e-08
4.204871e-08
1.161826e-07
8.053528e-08
7.583719e-09
5.152092e-09
6.892447e-09
6.003994e-10
9.670520e-10
1.914895e-09
7.343370e-09
6.248066e-09
1.397734e-08
1.128270e-07
5.654502e-08
3.631735e-08
4.089641e-07
4.069358e-07
3.937042e-08
1.177620e-07
6.367111e-08
1.694036e-07
3.733467e-07
1.634134e-06
3.806972e-06
1.069184e-05
2.025237e-06
3.330639e-07
2.389541e-07
7.702131e-07
9.035872e-08
7.559999e-07
3.904025e-07
6.245801e-07
8.290756e-07
2.985362e-07
5.110310e-08
1.192231e-07
1.236297e-07
2.182226e-08
3.696082e-08
1.210080e-07
4.689161e-04
1.182965e-06
4.718574e-07
1.324868e-06
4.206483e-06
3.242865e-08
1.875899e-08
6.300499e-08
3.236959e-08
9.845205e-09
1.122753e-07
2.045410e-07
3.736641e-07
2.087279e-07
1.187880e-07
4.788558e-08
1.592235e-07
4.442724e-08
2.129615e-08
5.017778e-06
4.144066e-08
3.696749e-08
1.695723e-06
2.427334e-06
8.259323e-07
9.524362e-07
1.738323e-06
8.391624e-08
1.638767e-07
7.776247e-09
1.417745e-08
1.143149e-07
2.036168e-08
3.811553e-09
2.644200e-08
1.733909e-08
8.070641e-08
1.203380e-06
9.723577e-07
1.340484e-07
6.790716e-08
1.181106e-06
1.015561e-06
6.165474e-06
4.884333e-07
1.932326e-06
6.090495e-07
3.839612e-06
3.707470e-07
3.581517e-07
2.990974e-06
6.636518e-06
2.027835e-06
3.367727e-07
1.135454e-06
5.564591e-07
1.268207e-07
5.911226e-08
6.529790e-08
1.817712e-08
2.343634e-07
1.210814e-07
1.128852e-07
2.400876e-07
2.028302e-07
9.001447e-07
2.006292e-07
1.099972e-06
1.529134e-06
1.693113e-07
2.650972e-07
1.020215e-05
3.744487e-06
3.292132e-07
1.051238e-06
1.974179e-06
5.637677e-06
3.951141e-06
2.376938e-06
6.576134e-07
1.193835e-06
1.023233e-07
3.154739e-08
1.016353e-07
2.466897e-08
1.389395e-07
3.120292e-07
4.203006e-07
5.613533e-07
1.603891e-07
1.790437e-07
1.242308e-07
2.147914e-08
3.641049e-11
1.697494e-10
9.305050e-10
1.219112e-09
3.544545e-10
8.778602e-10
6.206511e-09
1.280450e-08
2.058501e-08
2.795973e-08
6.804162e-08
2.184265e-08
1.153303e-08
1.599373e-08
1.434876e-07
3.042576e-08
4.628545e-09
7.559838e-09
6.303521e-09
4.441184e-09
1.211350e-09
1.940902e-09
1.779881e-09
2.680243e-09
5.953299e-09
5.240089e-08
9.152631e-09
8.554790e-10
1.261571e-09
1.889771e-09
4.148227e-09
6.668291e-09
1.623232e-08
1.495217e-08
2.285986e-08
1.449878e-08
6.398378e-09
4.011108e-09
3.441277e-09
3.150552e-08
1.711798e-08
1.495155e-08
2.521839e-08
1.477097e-08
6.413533e-09
4.020637e-09
3.441506e-09
3.150627e-08
1.711799e-08
1.495154e-08
2.521841e-08
1.477105e-08
6.413533e-09
4.020637e-09
3.441506e-09
3.150627e-08
1.711800e-08
1.495156e-08
2.521843e-08
1.477107e-08
6.413546e-09
4.020742e-09
3.441659e-09
3.153243e-08
1.718597e-08
1.513529e-08
2.604092e-08
2.723487e-08
1.935204e-08
1.626120e-08
1.439803e-08
2.612468e-08
4.619853e-08
6.157744e-08
1.356020e-07
8.566432e-08
2.713074e-08
7.634079e-09
2.256267e-08
1.173907e-09
9.030640e-10
1.912459e-09
1.540652e-09
5.522930e-09
9.968174e-09
1.452463e-08
7.128869e-08
1.126409e-07
2.704778e-07
5.232502e-07
1.973553e-07
8.837116e-08
5.920126e-08
9.019833e-08
7.540687e-08
1.986538e-07
4.297885e-07
1.907367e-06
4.753030e-06
1.102785e-05
1.334253e-06
2.844248e-07
2.072541e-07
5.503269e-07
1.557920e-07
9.448454e-07
6.834834e-07
8.859431e-07
5.234871e-07
4.889401e-08
1.541867e-07
1.056824e-07
2.242144e-08
6.626791e-08
7.774279e-08
1.182965e-06
4.700134e-04
1.803455e-06
6.723145e-06
8.064945e-08
4.129245e-08
4.655581e-08
5.300233e-08
1.197991e-08
6.976445e-08
1.753601e-07
3.656050e-07
2.605194e-07
1.530074e-07
1.186069e-07
2.734989e-08
7.944960e-08
1.556486e-07
5.578936e-06
1.106571e-07
4.571673e-09
2.402005e-08
7.825520e-07
2.510596e-06
2.470230e-06
2.172281e-06
4.499430e-07
1.599532e-07
2.586687e-08
3.042101e-08
1.104660e-07
3.708120e-08
8.398488e-09
1.660254e-08
1.008791e-08
2.289694e-08
5.549597e-08
9.010872e-07
1.292080e-06
2.281482e-07
4.446554e-07
4.728221e-07
1.548777e-06
5.773066e-07
8.675693e-06
7.418472e-07
4.744021e-06
2.187472e-07
3.009368e-07
5.567038e-07
3.838343e-06
5.073412e-06
3.200811e-06
1.647158e-06
9.302715e-07
2.057220e-07
8.854703e-08
1.771563e-07
1.844447e-08
4.331406e-08
1.572951e-07
1.407480e-07
2.667960e-07
1.440712e-07
5.571841e-08
8.099009e-07
1.502798e-06
1.288371e-06
2.447690e-07
4.331634e-07
3.114299e-06
3.753386e-06
7.290958e-06
4.317129e-07
1.345506e-06
1.989440e-06
2.449698e-06
7.981964e-06
3.154275e-06
1.285205e-06
2.147984e-07
3.911783e-08
1.971193e-07
3.933823e-08
1.428049e-08
1.573749e-07
4.618471e-07
7.264285e-07
2.975394e-07
2.341969e-07
2.413748e-07
4.488012e-08
1.644758e-09
9.572520e-11
9.361395e-10
1.228803e-09
4.171974e-10
9.819008e-10
1.400399e-09
7.515383e-09
6.149896e-09
7.207943e-09
8.340778e-08
3.937031e-08
7.542431e-09
1.591526e-08
1.551562e-07
3.666409e-08
5.335702e-09
8.918288e-09
7.259654e-09
4.685572e-09
2.973382e-09
3.031002e-09
1.561720e-09
1.035773e-09
1.833422e-09
5.395959e-08
1.347213e-08
1.571537e-09
1.942088e-09
2.155617e-09
2.299373e-09
2.911770e-09
6.384930e-09
1.652008e-08
2.604848e-08
1.484293e-08
1.573933e-08
6.857401e-09
3.157474e-09
2.910586e-08
6.079847e-09
1.665343e-08
2.869126e-08
1.541457e-08
1.578930e-08
6.908355e-09
3.157827e-09
2.910742e-08
6.079860e-09
1.665340e-08
2.869128e-08
1.541474e-08
1.578930e-08
6.908355e-09
3.157827e-09
2.910742e-08
6.079863e-09
1.665341e-08
2.869129e-08
1.541475e-08
1.578931e-08
6.908408e-09
3.157846e-09
2.912760e-08
6.095529e-09
1.670705e-08
2.877111e-08
1.561158e-08
2.719683e-08
2.836040e-08
8.639080e-09
1.110581e-08
2.168332e-08
6.043596e-08
1.603456e-07
1.001839e-07
3.570200e-08
1.557646e-08
3.549862e-08
4.307592e-09
9.411944e-10
1.958411e-09
1.508525e-09
2.143039e-09
3.046563e-09
1.560831e-08
4.870754e-08
1.354515e-08
2.909049e-07
6.146462e-07
3.826078e-08
1.042455e-07
2.154696e-07
4.764467e-08
5.827131e-08
8.475455e-08
6.718506e-08
3.310181e-07
1.276917e-06
2.160790e-06
4.049622e-06
1.086579e-05
1.212397e-06
1.953239e-08
2.123301e-07
6.592062e-07
4.419227e-07
1.188304e-06
3.588211e-07
5.644997e-07
5.975965e-07
3.019956e-08
4.424703e-08
1.515954e-07
4.738192e-08
4.032736e-07
4.718574e-07
1.803455e-06
4.763011e-04
5.658792e-07
9.168812e-08
8.723013e-08
6.779374e-08
2.216019e-09
6.579846e-08
1.482450e-07
2.268137e-07
2.338681e-07
1.639941e-07
2.247500e-07
5.833470e-08
4.147469e-08
2.201079e-08
6.094754e-06
2.468874e-07
1.158274e-08
6.079087e-09
3.901603e-07
5.818327e-07
1.059188e-06
3.885926e-06
2.114098e-06
3.692414e-07
2.229999e-08
3.584240e-09
1.153487e-07
4.632840e-08
6.318320e-09
3.114899e-08
1.701238e-08
1.840524e-09
2.147962e-08
4.878412e-07
1.690281e-07
2.209544e-07
1.964956e-06
5.026425e-07
5.305627e-08
1.063749e-07
3.080973e-06
8.500251e-07
1.127539e-05
4.391173e-07
7.240151e-07
2.004072e-07
3.541417e-06
2.237574e-06
5.374311e-07
4.725344e-06
3.943244e-06
3.899322e-07
1.418357e-07
3.783133e-07
9.956795e-09
3.029216e-08
1.307271e-07
1.557894e-08
3.206396e-07
1.674933e-07
6.309179e-08
2.780905e-07
4.357311e-07
1.872627e-06
9.108879e-07
9.823793e-08
2.695005e-06
3.442675e-06
4.213498e-07
3.932099e-07
8.019620e-06
9.113651e-07
1.568936e-06
3.998924e-06
1.753142e-06
6.241799e-06
2.516013e-06
4.802124e-08
2.797726e-07
7.508310e-08
1.129744e-08
9.483604e-08
2.124066e-07
6.124490e-07
3.795001e-07
3.858353e-07
3.625216e-07
7.934926e-08
4.729447e-09
2.263139e-09
8.758496e-10
1.187188e-09
4.217992e-10
1.124859e-09
1.011022e-09
5.509343e-09
3.189822e-09
7.027087e-09
6.896942e-08
1.589463e-08
2.143605e-08
3.052733e-08
1.536194e-07
3.610061e-08
1.054078e-08
1.664302e-08
8.096500e-09
5.682117e-09
2.531090e-09
3.007743e-09
3.570934e-09
1.351234e-09
1.498423e-09
5.214160e-08
9.182378e-09
3.080658e-09
7.131947e-09
3.400601e-09
2.383263e-09
2.501545e-09
3.405752e-09
1.285230e-08
1.610183e-08
1.672455e-08
1.945910e-08
6.932348e-09
1.125305e-08
2.701277e-08
4.724429e-09
1.283940e-08
1.729944e-08
1.820757e-08
1.950297e-08
7.075152e-09
1.125742e-08
2.701454e-08
4.724471e-09
1.283936e-08
1.729947e-08
1.820782e-08
1.950298e-08
7.075153e-09
1.125742e-08
2.701454e-08
4.724472e-09
1.283936e-08
1.729947e-08
1.820782e-08
1.950298e-08
7.075182e-09
1.125743e-08
2.702029e-08
4.732842e-09
1.286170e-08
1.731980e-08
1.829212e-08
3.033186e-08
1.584083e-08
1.421193e-08
2.005499e-08
1.673705e-08
4.323712e-08
1.166784e-07
9.762863e-08
5.725389e-08
3.177249e-08
5.398554e-08
6.222389e-09
2.471312e-09
2.088441e-09
1.509716e-09
2.049784e-09
2.017404e-09
1.122856e-08
3.894212e-08
1.242425e-08
2.789722e-07
5.071683e-07
4.759603e-08
1.772964e-07
6.602289e-08
5.682201e-08
2.086968e-07
3.982078e-08
4.509912e-08
1.975658e-07
8.961188e-07
5.829420e-07
5.874743e-07
2.041821e-06
3.781388e-06
1.035944e-05
1.190781e-06
1.156874e-07
4.813472e-07
9.026323e-07
1.284898e-07
8.674599e-07
4.068811e-07
5.192186e-07
4.765169e-07
7.724379e-08
5.974502e-08
4.242502e-07
2.434756e-07
1.324868e-06
6.723145e-06
5.658792e-07
4.696216e-04
5.112475e-07
1.084313e-07
2.251839e-08
8.181987e-08
1.054293e-07
1.004686e-07
2.242577e-07
1.462637e-07
2.106865e-07
7.887746e-08
6.461170e-08
2.800469e-08
6.168769e-06
1.119658e-07
4.592553e-08
1.437392e-07
2.400113e-07
2.397190e-07
9.365945e-07
2.161204e-06
7.585358e-07
2.121083e-06
1.474503e-06
2.659276e-08
1.114127e-07
1.473840e-08
1.115191e-08
4.628337e-08
1.717292e-08
1.420000e-08
1.992294e-08
2.504342e-07
1.097692e-07
1.718150e-07
8.923529e-07
4.560975e-07
1.144698e-06
1.507828e-07
1.591834e-06
3.209242e-07
5.518043e-06
5.948220e-07
7.406113e-06
3.965449e-07
2.799651e-06
1.537834e-06
4.418169e-07
2.142886e-06
1.390327e-06
3.261522e-06
2.797902e-06
8.711532e-07
3.364721e-08
3.711612e-08
1.116356e-07
1.083736e-08
3.301566e-07
5.104059e-08
7.630035e-08
2.733628e-07
1.033127e-07
1.358329e-06
6.830913e-08
6.886286e-07
3.116403e-06
2.619004e-06
4.048434e-07
5.389540e-07
1.323540e-06
7.754389e-07
7.781232e-06
3.007513e-06
1.204781e-06
2.567625e-06
1.031671e-06
4.255913e-06
2.687512e-06
1.085913e-07
1.694313e-08
4.336323e-08
1.306008e-07
6.006471e-07
2.275654e-07
2.943328e-07
5.129054e-07
1.900829e-07
7.697707e-08
1.622089e-08
7.649098e-09
1.111225e-10
2.183277e-10
7.484652e-10
5.445539e-10
7.880765e-10
7.424446e-10
2.238593e-09
2.335140e-08
1.210268e-08
3.800943e-09
5.068798e-09
6.926321e-08
2.423749e-08
3.716607e-09
5.720148e-09
1.222645e-08
2.108039e-09
1.388837e-09
2.009409e-09
1.692288e-09
1.130188e-09
2.825132e-10
9.308285e-09
6.479053e-09
1.116385e-09
2.093013e-09
5.361514e-09
9.014145e-10
2.028653e-10
1.157320e-09
3.767579e-09
5.195873e-09
5.278747e-09
6.263519e-09
5.547679e-09
3.943368e-09
1.026052e-08
1.319660e-09
3.826284e-09
7.803701e-09
6.194630e-09
6.367580e-09
5.930694e-09
3.939698e-09
1.026337e-08
1.319806e-09
3.826199e-09
7.803745e-09
6.195006e-09
6.367582e-09
5.930696e-09
3.939700e-09
1.026337e-08
1.319806e-09
3.826200e-09
7.803746e-09
6.195007e-09
6.367583e-09
5.930710e-09
3.939702e-09
1.026432e-08
1.320088e-09
3.830781e-09
7.808344e-09
6.207581e-09
8.098143e-09
1.235971e-08
5.055009e-09
2.244125e-09
8.372259e-09
1.568847e-08
3.632897e-08
2.846534e-08
2.970396e-08
1.893736e-08
5.110988e-08
1.648643e-08
2.470922e-09
1.120596e-09
8.855945e-10
7.784547e-10
8.174708e-10
1.158106e-09
4.157648e-09
4.711404e-09
8.931411e-08
2.831691e-07
6.253664e-09
3.962639e-08
6.384198e-08
3.189988e-08
1.431644e-08
1.495950e-08
3.747910e-08
2.758429e-08
1.552079e-07
1.473286e-07
7.912277e-08
2.929310e-07
2.770239e-07
2.562636e-07
4.154956e-07
3.804711e-06
1.607526e-07
1.232288e-07
1.201182e-07
2.759057e-07
8.580916e-08
1.504709e-07
2.864607e-08
1.561092e-07
2.247698e-07
8.192898e-08
4.801594e-08
5.894205e-08
4.206483e-06
8.064945e-08
9.168812e-08
5.112475e-07
3.979967e-05
3.244324e-08
3.405977e-08
6.854661e-08
1.539910e-08
4.285550e-08
3.657563e-08
1.939572e-07
5.811069e-08
1.410142e-08
9.858408e-09
3.840595e-06
1.087583e-07
1.771416e-08
6.603636e-09
2.025927e-07
4.449443e-08
9.212515e-08
7.558061e-07
6.409596e-07
3.471184e-07
1.095380e-07
1.623315e-07
4.737135e-08
2.648022e-08
3.061167e-09
5.050356e-09
2.518042e-08
3.681598e-09
4.291637e-09
7.907167e-08
2.523746e-08
7.199651e-08
6.901571e-07
2.687378e-07
7.795128e-08
4.615717e-08
2.982410e-07
2.397570e-07
1.090204e-06
1.129592e-07
1.103561e-06
3.087835e-07
1.559495e-06
5.615132e-07
4.451572e-07
1.115802e-06
1.307843e-06
3.893342e-07
1.571421e-07
1.922793e-06
4.705408e-07
1.740920e-08
7.459939e-08
6.467089e-09
1.330954e-07
5.259905e-08
2.987348e-08
3.730023e-08
6.590963e-08
3.261823e-07
5.879889e-08
2.988013e-08
8.544739e-07
1.838956e-06
9.892421e-08
5.416162e-08
8.729502e-07
6.447732e-07
1.935247e-07
1.406222e-06
3.861916e-06
7.067017e-07
4.059624e-07
4.733797e-07
4.955938e-07
1.833546e-06
1.167546e-07
7.180789e-09
2.019843e-08
3.647460e-07
1.057759e-07
1.476911e-07
3.239304e-07
7.725508e-08
5.334114e-08
1.150360e-08
2.186725e-08
2.315569e-09
1.341887e-10
6.902714e-10
5.031044e-10
4.236023e-09
2.788824e-09
1.809940e-09
5.464642e-09
4.153264e-09
1.365476e-09
3.702374e-09
5.250471e-08
6.453085e-09
2.351064e-09
8.213376e-09
8.048726e-09
3.343079e-09
1.164833e-09
2.511250e-09
3.121720e-09
7.241201e-10
3.503814e-10
1.141209e-09
1.164824e-09
8.358927e-10
2.344859e-09
3.994705e-09
1.125045e-09
3.279434e-10
7.170131e-10
2.187702e-09
1.472936e-09
1.716686e-09
2.666712e-09
2.771168e-09
1.486312e-09
3.451360e-09
1.538513e-09
9.870674e-10
4.345915e-09
2.976039e-09
2.742148e-09
3.261180e-09
1.492991e-09
3.464010e-09
1.538755e-09
9.868030e-10
4.346100e-09
2.977201e-09
2.742153e-09
3.261182e-09
1.492997e-09
3.464010e-09
1.538755e-09
9.868030e-10
4.346101e-09
2.977201e-09
2.742153e-09
3.261185e-09
1.492998e-09
3.464187e-09
1.538892e-09
9.872447e-10
4.348250e-09
2.980074e-09
3.055157e-09
4.414715e-09
2.151330e-09
8.916613e-10
5.976449e-09
5.461568e-09
1.058941e-08
6.811424e-09
1.951622e-08
1.765498e-08
3.902640e-08
1.727301e-08
6.273788e-09
3.968154e-09
5.568056e-09
5.671322e-10
8.119415e-10
6.012321e-09
6.869810e-10
3.074486e-09
8.304053e-08
1.613160e-07
6.650348e-09
2.779927e-08
4.433996e-08
1.447187e-08
6.853002e-09
3.942809e-09
3.206997e-09
6.067084e-09
3.357557e-08
2.978697e-08
2.140671e-08
5.460116e-08
3.964300e-08
5.703902e-08
3.403142e-08
3.496263e-08
1.087143e-07
2.752625e-07
2.819964e-08
2.448750e-08
3.911497e-08
5.880657e-08
8.313776e-09
7.248457e-08
7.850698e-09
5.460864e-08
7.762352e-08
3.100815e-08
6.364044e-07
3.242865e-08
4.129245e-08
8.723013e-08
1.084313e-07
3.244324e-08
9.435591e-06
2.684856e-08
8.668659e-09
1.704524e-08
1.456302e-08
1.307173e-07
4.779080e-08
1.161808e-08
5.223791e-08
3.971358e-06
4.898890e-08
2.794528e-08
2.503648e-08
1.247141e-07
2.023783e-07
1.194995e-08
3.389970e-07
4.435024e-07
2.593284e-07
3.250388e-08
4.674951e-08
4.845604e-08
2.815541e-08
1.138066e-08
7.367485e-09
1.841697e-08
1.183534e-09
4.665329e-09
4.571000e-08
1.585899e-08
4.717841e-08
5.165658e-07
1.102985e-07
1.153240e-08
5.892866e-08
1.615717e-07
9.595435e-08
6.923966e-07
8.014673e-08
3.514547e-07
7.783011e-08
5.152939e-07
2.927217e-07
6.689718e-07
8.999452e-07
1.302119e-06
1.672309e-07
1.313635e-07
2.361723e-06
1.291307e-07
3.738086e-07
1.657123e-07
4.003875e-08
1.478475e-07
4.223649e-08
1.592832e-08
2.489958e-08
5.098688e-08
2.178742e-07
2.794454e-08
1.638875e-08
4.248297e-07
9.213323e-07
2.160493e-08
1.939392e-07
3.970598e-07
3.186632e-07
1.556388e-07
1.043724e-06
6.245524e-07
3.814896e-07
1.076304e-06
4.808166e-08
6.067479e-07
2.906995e-07
4.327849e-08
2.584142e-07
4.736243e-08
4.204717e-07
5.697544e-08
1.219983e-07
2.286457e-07
4.702655e-08
2.583564e-08
2.391066e-08
5.403272e-08
7.044760e-09
5.217673e-09
3.477426e-10
4.740169e-10
4.220982e-09
3.391635e-09
5.298985e-09
5.611407e-10
1.381270e-09
5.812399e-10
1.549875e-09
2.447698e-08
3.817554e-09
1.250293e-09
6.215537e-09
5.911342e-09
4.467562e-09
1.722512e-09
3.019837e-09
4.480342e-09
6.406032e-10
2.669500e-10
6.947352e-10
8.658453e-11
4.699260e-10
1.254276e-09
3.065879e-09
1.422101e-09
6.582051e-10
1.339902e-09
6.191722e-10
6.662542e-10
4.348495e-10
1.124949e-09
1.106571e-09
8.223210e-10
8.344837e-10
9.003274e-10
1.013379e-09
3.246018e-10
2.246317e-09
1.297124e-09
1.621994e-09
8.538274e-10
8.633427e-10
9.034045e-10
1.010986e-09
3.248767e-10
2.251715e-09
1.297144e-09
1.622001e-09
8.538430e-10
8.633437e-10
9.034046e-10
1.010986e-09
3.248767e-10
2.251715e-09
1.297144e-09
1.622002e-09
8.538431e-10
8.633771e-10
9.034456e-10
1.011145e-09
3.249443e-10
2.252778e-09
1.347534e-09
1.802276e-09
9.421199e-10
4.338838e-10
3.441222e-09
3.047961e-09
1.838437e-09
1.884970e-09
4.398696e-09
1.043836e-08
2.707323e-08
1.620416e-08
7.348612e-09
5.291629e-09
8.173284e-09
2.553504e-09
5.420481e-10
9.418931e-09
1.138162e-09
8.856000e-10
4.837962e-08
9.361401e-08
1.014369e-08
5.402491e-09
3.956854e-08
1.840637e-08
2.557862e-09
2.062924e-09
1.976498e-09
9.139535e-10
3.156173e-09
3.354037e-09
3.286288e-09
1.561745e-08
6.270464e-09
6.660260e-09
1.407579e-08
1.633270e-08
1.144282e-08
6.369734e-09
1.699999e-08
4.981298e-08
8.272991e-09
2.768757e-09
5.537469e-09
1.793640e-08
4.502004e-09
9.835916e-09
4.991817e-09
1.893990e-08
3.778953e-07
5.108926e-09
1.875899e-08
4.655581e-08
6.779374e-08
2.251839e-08
3.405977e-08
2.684856e-08
1.391776e-06
4.549827e-09
4.642148e-09
2.525110e-08
3.429938e-08
6.898830e-09
7.501257e-08
4.590097e-06
2.173615e-08
4.367511e-08
1.885957e-08
8.902968e-08
3.647230e-07
9.113422e-09
1.058005e-07
2.054571e-07
1.054940e-07
2.576237e-08
1.904240e-08
3.518558e-08
1.786913e-07
2.977911e-09
1.019674e-08
2.311454e-08
1.342865e-09
1.566919e-09
2.994821e-08
8.501153e-09
1.710639e-08
1.335133e-07
3.112795e-08
4.367340e-09
2.825000e-08
9.942356e-08
2.295906e-08
2.492849e-07
4.512444e-08
3.682925e-07
4.636491e-08
2.310992e-07
9.451178e-08
4.380330e-07
5.736719e-07
1.211809e-06
1.702274e-07
9.215192e-08
3.035299e-06
1.527001e-07
1.159715e-07
1.764630e-07
2.965031e-07
2.140491e-07
4.106998e-08
7.832316e-09
4.927172e-09
4.517163e-08
6.365940e-08
2.207815e-08
4.715296e-09
1.071231e-07
7.600226e-07
7.473788e-09
2.338892e-08
9.171218e-08
3.008644e-07
7.551423e-08
8.511882e-07
5.763067e-07
1.947484e-07
2.440820e-08
4.278542e-08
7.252108e-07
2.269455e-07
5.142675e-08
3.114872e-08
5.308145e-08
6.933628e-07
2.032208e-08
8.517516e-08
2.545320e-07
1.002608e-08
3.495050e-08
2.823481e-08
5.507213e-08
2.349974e-08
8.129834e-09
1.345366e-07
4.074313e-10
4.179264e-09
3.384341e-09
7.386537e-09
1.545585e-09
1.671763e-09
4.944993e-10
1.345154e-09
2.062303e-08
1.864435e-09
9.965797e-10
1.859116e-08
5.879667e-09
3.632123e-09
2.660281e-09
1.749524e-08
1.871216e-08
6.295593e-10
7.867120e-10
9.877245e-10
2.226456e-10
2.333372e-09
7.120383e-10
2.370926e-09
7.579365e-10
8.854169e-10
8.287925e-09
4.460040e-09
3.239218e-10
5.282253e-10
7.354313e-10
7.719660e-10
8.272338e-10
5.012327e-10
9.516033e-10
1.054983e-09
2.460060e-10
2.726090e-09
1.032850e-09
2.101498e-09
6.814260e-10
6.910116e-10
9.797680e-10
1.043030e-09
2.539047e-10
2.742380e-09
1.033011e-09
2.101560e-09
6.815472e-10
6.910186e-10
9.797687e-10
1.043030e-09
2.539047e-10
2.742380e-09
1.033011e-09
2.101561e-09
6.815473e-10
6.910339e-10
9.798017e-10
1.043116e-09
2.539372e-10
2.742733e-09
1.061397e-09
2.200008e-09
7.223211e-10
4.986895e-10
3.221079e-09
2.354122e-09
9.373038e-10
4.016504e-09
2.879033e-09
7.072194e-09
1.634976e-08
1.501261e-08
8.594520e-09
2.223583e-08
2.424183e-08
5.513877e-09
8.335020e-09
2.818850e-08
2.270273e-09
1.504037e-09
3.204648e-08
6.686769e-08
5.394453e-09
3.749835e-09
4.776090e-08
2.206506e-08
6.633756e-09
1.256142e-08
6.174466e-09
1.686559e-09
2.141691e-09
2.381008e-09
1.992926e-09
9.414902e-09
3.708347e-09
3.527986e-09
1.284325e-08
1.447680e-08
8.588516e-09
5.357324e-09
1.834506e-08
7.470073e-09
5.540623e-09
3.350917e-08
5.833315e-09
1.134796e-08
5.452527e-09
3.448378e-09
1.127466e-08
1.627093e-08
2.064349e-07
7.166853e-09
1.820905e-08
6.300499e-08
5.300233e-08
2.216019e-09
8.181987e-08
6.854661e-08
8.668659e-09
4.549827e-09
9.881725e-07
2.620397e-08
8.680355e-09
6.381144e-09
2.410994e-07
5.695405e-06
2.689565e-08
1.942086e-07
1.460776e-07
8.366177e-08
6.223754e-07
2.323661e-08
2.111844e-07
2.429940e-07
3.269705e-08
2.046771e-08
2.312847e-08
7.053310e-08
3.656352e-07
4.755410e-08
1.307442e-07
2.652347e-07
6.337551e-10
1.563453e-09
3.238783e-08
1.168572e-08
1.060183e-08
8.601374e-08
1.385803e-08
5.827801e-09
5.747660e-08
9.582400e-08
1.322382e-08
4.874294e-08
6.049328e-08
7.681940e-07
7.238094e-08
2.079959e-07
7.838627e-08
5.425588e-07
5.367009e-07
1.127836e-06
1.600309e-07
1.545824e-07
4.998810e-06
2.256233e-07
1.211729e-07
3.223119e-07
7.020489e-07
1.205203e-06
2.679026e-07
1.465426e-08
3.017796e-09
5.157626e-08
1.132276e-07
1.983121e-08
7.668716e-09
3.796555e-08
7.712398e-07
1.861510e-08
9.143669e-08
8.021157e-08
1.172500e-07
6.508802e-08
1.001378e-06
1.785892e-06
1.342289e-07
2.803333e-08
1.127393e-07
1.049081e-06
3.314290e-07
9.531046e-08
4.438298e-08
5.013107e-07
1.038018e-06
4.833247e-08
1.299655e-07
4.765513e-07
1.073173e-08
1.142209e-07
1.083160e-07
7.961622e-08
3.633952e-08
4.737425e-08
8.526770e-07
3.692024e-08
4.008087e-09
3.351248e-09
7.256209e-09
1.605284e-09
2.924091e-09
3.597328e-10
1.917344e-10
2.536120e-09
1.779629e-09
6.695564e-10
2.719221e-08
3.476363e-09
3.404566e-09
2.791866e-09
1.823872e-08
4.710297e-08
4.189582e-10
1.277159e-09
1.373527e-09
2.942402e-10
6.677560e-09
1.540525e-10
3.102119e-10
6.059308e-10
8.884189e-10
8.538019e-09
1.073307e-08
1.541971e-10
5.692240e-10
3.977772e-10
1.884182e-10
6.477047e-10
1.399056e-10
6.328658e-10
1.005284e-09
1.114625e-10
4.371953e-09
5.335802e-10
2.334841e-09
3.100078e-10
4.093710e-10
6.864480e-10
9.802283e-10
1.283843e-10
4.418019e-09
5.338666e-10
2.334975e-09
3.102607e-10
4.093855e-10
6.864489e-10
9.802286e-10
1.283844e-10
4.418019e-09
5.338666e-10
2.334975e-09
3.102607e-10
4.093865e-10
6.864508e-10
9.802558e-10
1.283863e-10
4.418116e-09
5.352937e-10
2.368842e-09
3.132519e-10
3.970165e-10
8.158154e-10
1.661952e-09
1.926985e-10
5.471656e-09
9.425090e-10
2.379928e-09
1.814508e-09
1.084291e-08
8.863892e-09
3.326445e-08
2.674215e-08
1.173423e-08
1.137574e-08
6.745938e-08
3.266833e-09
1.472697e-09
2.658208e-08
7.900092e-09
6.259181e-09
4.415013e-09
2.209587e-08
2.085049e-08
2.107161e-08
1.209239e-08
9.376485e-09
3.049303e-09
5.870961e-10
1.072695e-09
5.252268e-10
1.342597e-09
1.204166e-09
1.455771e-09
4.605301e-09
8.931151e-09
8.932910e-09
3.602176e-09
1.158132e-08
4.909106e-09
9.065865e-10
2.386991e-09
5.064703e-09
6.483100e-09
5.292534e-09
1.361757e-09
1.496001e-08
5.658028e-09
4.053892e-08
5.506603e-09
2.611112e-08
2.354176e-08
3.236959e-08
1.197991e-08
6.579846e-08
1.054293e-07
1.539910e-08
1.704524e-08
4.642148e-09
2.620397e-08
1.008277e-08
3.452648e-09
2.623908e-07
5.553267e-06
2.527910e-08
3.264413e-07
4.587906e-07
4.540177e-08
8.376753e-07
2.688505e-08
1.906507e-07
4.268988e-07
2.441532e-09
1.327876e-08
1.924305e-08
7.108942e-08
3.936830e-07
5.732277e-08
4.356993e-07
3.966436e-07
3.481930e-09
1.136781e-09
1.359827e-08
1.409555e-08
9.059637e-09
4.135685e-08
1.762154e-08
1.366529e-08
3.096269e-08
4.905182e-08
2.898507e-08
2.407725e-08
4.377909e-08
7.603103e-07
1.605108e-07
6.463286e-08
5.086357e-08
4.582112e-07
3.729713e-07
1.186576e-06
1.706278e-07
1.017817e-07
5.216961e-06
2.860180e-07
1.696658e-07
4.204706e-07
1.048178e-06
1.694147e-06
4.763615e-07
2.056691e-08
3.788493e-09
2.762629e-08
1.455363e-07
1.870552e-08
9.533390e-09
5.182678e-08
3.681722e-07
2.365596e-08
1.208104e-07
3.858715e-08
2.960084e-08
3.473729e-08
7.062346e-07
1.918581e-06
1.208073e-07
3.530191e-08
1.371005e-07
1.140708e-06
2.703525e-07
1.769896e-08
8.263542e-08
5.563894e-07
1.432678e-06
4.997997e-08
1.457500e-07
6.826043e-07
1.316049e-08
1.807137e-07
1.200219e-07
7.576272e-08
5.472590e-08
5.774629e-08
1.710551e-06
7.158760e-08
8.645193e-09
1.552206e-09
6.491675e-09
1.600607e-09
2.916399e-09
2.774640e-09
3.398813e-10
4.752310e-10
6.535307e-10
6.271862e-10
3.239436e-08
1.345435e-08
8.451312e-09
2.537091e-09
1.765403e-08
6.711733e-08
1.868689e-09
6.423146e-09
3.157560e-09
2.086413e-09
1.496534e-08
4.438536e-10
3.293393e-10
2.112393e-10
8.633095e-10
8.305551e-09
1.352468e-08
6.400702e-10
2.555102e-09
4.849988e-10
7.679070e-10
3.792545e-09
1.492955e-10
4.008848e-10
1.004303e-09
2.930134e-10
7.865923e-09
2.627235e-09
3.292760e-09
1.096414e-09
1.167083e-09
4.624062e-10
9.631331e-10
4.725053e-10
8.031298e-09
2.630780e-09
3.293035e-09
1.099063e-09
1.167234e-09
4.624099e-10
9.631337e-10
4.725057e-10
8.031298e-09
2.630780e-09
3.293035e-09
1.099063e-09
1.167234e-09
4.624101e-10
9.631362e-10
4.725060e-10
8.031331e-09
2.631204e-09
3.295720e-09
1.100024e-09
1.165096e-09
4.746117e-10
1.025774e-09
5.037424e-10
9.214894e-09
2.839164e-09
8.666087e-09
8.310719e-10
2.799456e-09
7.195058e-09
4.574053e-08
2.959708e-08
1.982104e-08
2.151945e-08
8.423368e-08
2.383614e-08
1.569291e-09
8.017079e-09
1.400276e-08
1.505319e-09
4.427634e-09
1.990793e-08
2.451750e-08
8.664470e-09
1.632842e-08
3.318890e-08
1.114176e-08
2.752022e-09
2.739365e-09
1.237163e-09
9.878471e-10
7.462724e-10
1.089585e-09
7.707302e-09
7.299134e-09
9.542252e-09
1.485992e-08
3.903098e-08
1.187434e-08
2.342803e-09
4.520156e-09
5.299860e-09
4.503568e-09
9.609598e-09
4.858409e-09
2.471096e-08
1.252845e-08
1.204354e-08
2.832232e-09
2.284076e-08
6.309226e-08
5.421408e-09
9.845205e-09
6.976445e-08
1.482450e-07
1.004686e-07
4.285550e-08
1.456302e-08
2.525110e-08
8.680355e-09
3.452648e-09
2.359612e-07
5.384462e-06
1.350544e-08
3.501523e-07
1.895282e-06
5.544829e-08
1.972819e-06
3.356285e-08
1.506987e-07
5.898243e-07
5.513511e-09
1.854752e-08
2.538343e-08
7.192991e-08
4.171987e-07
5.743567e-08
5.195168e-07
3.701994e-06
1.700390e-08
7.175617e-09
1.206138e-08
1.191063e-08
9.152120e-09
3.327856e-08
3.544111e-08
4.566005e-08
4.119640e-08
2.788091e-08
4.186815e-09
1.257980e-08
1.187917e-07
7.065952e-07
2.560570e-07
3.587125e-08
5.575060e-08
4.039513e-07
3.296504e-07
1.047475e-06
2.618879e-07
1.356257e-07
5.514835e-06
3.011084e-07
1.542145e-07
5.203855e-07
1.404725e-06
2.271268e-06
5.959922e-07
1.522969e-07
1.343013e-08
2.169639e-08
2.255814e-07
1.222170e-08
1.982175e-08
6.166954e-08
5.401710e-07
2.389633e-08
1.267247e-07
4.816408e-08
1.258554e-08
4.538865e-08
2.895252e-07
2.061672e-06
5.724247e-08
8.116238e-08
2.969223e-07
1.839066e-06
3.121896e-07
1.234182e-08
1.162157e-07
8.118393e-07
1.786814e-06
9.931463e-08
1.314432e-07
1.735722e-06
1.852406e-08
4.229375e-07
2.516537e-07
4.678014e-08
6.957918e-08
8.051073e-08
2.050822e-06
6.241451e-07
2.684343e-08
9.192978e-09
3.212544e-09
1.551382e-09
2.891033e-09
4.196573e-09
7.306068e-09
8.028548e-10
6.033051e-10
7.228437e-10
3.347088e-08
1.520860e-08
1.669487e-08
4.486351e-09
1.718622e-08
8.947646e-08
3.606374e-09
3.085105e-08
1.190675e-08
4.352305e-09
1.075596e-07
5.155624e-10
1.442349e-09
7.855336e-10
5.192390e-10
8.005629e-09
1.365227e-08
9.740750e-10
1.156140e-08
3.986552e-09
1.382402e-09
3.884305e-08
1.860686e-10
4.098308e-10
2.014721e-09
5.011403e-10
1.130608e-08
3.200770e-09
9.719230e-09
2.268179e-09
2.187121e-09
1.480246e-09
7.537802e-10
1.958860e-09
1.290025e-08
3.216923e-09
9.727963e-09
2.276981e-09
2.188904e-09
1.480284e-09
7.537844e-10
1.958863e-09
1.290026e-08
3.216923e-09
9.727965e-09
2.276981e-09
2.188905e-09
1.480284e-09
7.537848e-10
1.958863e-09
1.290028e-08
3.217087e-09
9.730122e-09
2.277074e-09
2.187639e-09
1.482808e-09
7.648410e-10
1.964963e-09
1.410391e-08
3.342561e-09
1.509561e-08
4.637715e-09
1.476832e-09
5.660351e-09
4.782750e-08
3.060413e-08
2.282006e-08
7.092616e-08
1.820171e-07
5.315171e-08
2.148130e-08
5.573266e-09
2.230391e-08
2.702283e-09
2.847446e-09
1.745920e-08
3.730000e-08
1.210949e-08
1.847533e-08
4.515952e-08
6.056272e-08
2.962249e-08
8.271584e-09
1.402981e-08
6.242895e-09
2.475649e-09
1.611763e-09
5.727592e-09
5.631456e-09
1.534030e-08
3.000870e-08
6.707593e-08
2.971635e-08
2.082683e-08
2.683753e-08
4.964785e-09
3.258785e-09
3.747601e-08
1.321340e-08
3.397348e-08
4.415858e-08
4.066178e-08
6.183026e-09
2.252263e-08
8.483327e-08
1.114135e-08
7.590404e-09
1.122753e-07
1.753601e-07
2.268137e-07
2.242577e-07
3.657563e-08
1.307173e-07
3.429938e-08
6.381144e-09
2.623908e-07
5.384462e-06
1.824292e-08
5.166129e-07
2.937813e-06
1.507938e-07
1.045947e-05
1.793614e-07
1.374823e-07
8.659805e-07
1.338577e-08
2.349946e-07
2.917043e-08
6.367753e-08
5.672967e-07
7.539545e-08
6.416842e-07
6.680294e-06
5.527798e-07
9.630234e-08
1.035245e-07
2.969341e-08
1.411585e-08
3.688848e-08
1.079347e-07
1.297809e-07
6.493825e-08
1.842260e-08
3.060398e-08
3.293984e-08
1.261020e-07
9.813925e-07
4.200798e-07
1.591367e-08
8.216858e-08
5.015842e-07
3.393012e-07
1.454800e-06
3.663983e-07
1.881326e-07
6.158508e-06
4.201813e-07
3.067007e-07
7.017176e-07
1.933780e-06
3.408061e-06
8.627432e-07
4.416228e-07
1.067787e-07
1.090661e-07
8.620902e-07
2.440264e-08
3.501655e-08
2.570532e-07
6.378894e-07
8.694935e-08
1.846774e-07
7.905691e-08
3.857959e-08
2.357967e-07
3.302872e-07
2.159580e-06
9.443747e-08
1.662262e-07
2.118129e-06
2.624118e-06
1.496125e-06
1.782731e-07
2.891653e-07
1.233448e-06
2.459071e-06
2.894632e-07
2.859634e-07
3.292470e-06
1.213983e-07
1.570178e-06
7.011892e-07
7.160279e-08
1.896747e-07
1.522894e-07
2.806555e-06
8.914535e-07
2.018548e-07
5.272734e-08
1.017958e-07
1.156253e-09
2.778546e-09
4.170288e-09
2.203271e-08
1.376429e-08
1.986178e-09
7.679387e-10
2.854643e-08
1.543101e-08
1.378581e-08
6.247464e-09
1.918380e-08
9.440899e-08
6.730907e-09
3.156326e-08
3.258111e-08
1.418301e-08
1.956626e-07
1.350919e-09
1.549522e-09
2.264214e-09
6.126279e-10
5.889558e-09
1.215386e-08
9.046370e-10
1.181642e-08
1.127068e-08
6.336516e-09
6.989439e-08
5.115308e-10
3.765634e-10
2.685542e-09
9.622419e-10
1.066846e-08
3.701655e-09
1.005387e-08
5.060713e-09
2.378213e-09
2.217846e-09
9.984375e-10
3.183874e-09
1.295296e-08
3.880665e-09
1.007450e-08
5.289076e-09
2.381883e-09
2.218325e-09
9.984886e-10
3.183912e-09
1.295297e-08
3.880665e-09
1.007451e-08
5.289075e-09
2.381886e-09
2.218325e-09
9.984889e-10
3.183912e-09
1.295299e-08
3.880810e-09
1.007624e-08
5.289145e-09
2.381350e-09
2.219905e-09
1.005597e-09
3.191128e-09
1.366265e-08
4.047413e-09
1.537660e-08
7.422116e-09
2.056194e-09
7.794376e-09
3.947887e-08
2.485781e-08
2.195264e-08
7.291632e-08
2.000173e-07
1.092995e-07
5.217622e-08
3.541879e-08
3.120677e-08
3.772295e-09
9.520601e-09
1.510984e-08
3.579093e-08
1.514620e-08
1.307470e-08
9.927883e-08
8.889142e-08
3.202889e-08
1.587470e-08
1.297567e-07
1.923467e-08
4.456743e-09
2.128285e-09
5.998140e-09
4.624295e-09
1.073096e-08
2.969615e-08
7.398233e-08
4.884405e-08
4.928225e-08
5.218475e-08
9.673951e-09
3.316920e-09
3.764398e-08
1.397873e-08
3.727853e-08
7.532846e-08
6.269021e-08
8.580112e-09
2.390080e-08
8.596386e-08
1.953157e-08
1.055293e-08
8.208086e-08
2.045410e-07
3.656050e-07
2.338681e-07
1.462637e-07
1.939572e-07
4.779080e-08
6.898830e-09
2.410994e-07
5.553267e-06
1.350544e-08
5.166129e-07
3.010188e-06
1.899806e-07
1.363025e-05
5.085104e-07
9.393678e-08
1.143082e-06
2.173772e-08
2.625787e-07
1.961394e-07
6.341774e-08
6.656294e-07
4.256379e-08
6.894618e-07
6.966595e-06
9.804644e-07
1.855998e-06
2.389825e-07
5.143241e-08
1.207505e-08
2.769126e-08
1.370922e-07
1.616737e-07
6.948572e-08
2.083609e-08
5.072326e-09
1.968043e-08
1.609583e-07
1.104365e-06
4.539794e-07
1.575413e-08
1.060705e-07
7.397464e-07
3.027262e-07
1.604030e-06
4.323781e-07
3.468674e-07
6.608222e-06
4.244903e-07
2.123748e-07
8.180194e-07
2.213821e-06
3.854324e-06
9.448470e-07
5.729035e-07
3.773592e-07
1.156461e-06
1.125660e-06
5.983261e-08
5.233624e-08
2.843859e-07
6.191368e-07
9.293167e-08
2.008697e-07
7.737999e-08
1.063227e-07
5.196278e-07
3.518225e-07
1.988888e-06
1.094518e-07
1.835128e-07
2.466295e-06
2.731042e-06
2.692566e-06
8.820487e-08
4.144818e-07
1.603708e-06
2.683424e-06
3.552811e-07
2.986077e-07
3.924427e-06
3.193952e-07
1.923159e-06
1.272737e-06
8.242118e-08
6.823904e-07
1.488703e-07
2.883386e-06
1.041320e-06
3.330737e-07
3.754724e-07
2.093650e-07
6.059066e-09
2.055630e-09
4.100025e-09
2.202028e-08
1.475583e-08
2.767003e-09
5.812183e-10
1.823256e-08
1.403182e-08
1.394808e-08
5.929388e-09
1.254498e-08
8.588868e-08
1.093621e-08
3.105444e-08
3.309805e-08
1.837778e-08
2.428745e-07
1.626353e-09
1.565413e-09
2.612130e-09
6.332617e-10
3.091292e-09
7.399366e-09
1.294466e-09
1.135646e-08
1.127353e-08
7.787137e-09
9.150325e-08
5.820639e-10
2.986014e-10
2.684397e-09
8.912033e-10
9.012099e-09
3.567460e-09
9.792358e-09
5.424334e-09
2.440696e-09
2.347822e-09
8.634484e-10
3.517750e-09
1.135027e-08
3.884832e-09
9.828561e-09
5.906835e-09
2.449822e-09
2.348662e-09
8.635586e-10
3.517832e-09
1.135028e-08
3.884832e-09
9.828568e-09
5.906834e-09
2.449828e-09
2.348662e-09
8.635588e-10
3.517832e-09
1.135029e-08
3.884899e-09
9.829968e-09
5.906884e-09
2.449564e-09
2.349295e-09
8.675167e-10
3.519507e-09
1.168176e-08
3.948807e-09
1.519369e-08
8.076027e-09
1.711157e-09
5.767442e-09
2.697140e-08
1.798313e-08
1.695682e-08
7.103011e-08
1.871662e-07
1.146486e-07
8.788716e-08
4.333892e-08
5.215438e-08
3.769598e-09
1.080553e-08
1.420326e-08
2.724245e-08
1.427554e-08
9.308525e-09
9.738561e-08
8.954742e-08
3.792030e-08
1.742510e-08
1.446863e-07
3.033109e-08
8.354951e-09
2.158729e-09
6.015894e-09
3.791245e-09
6.836043e-09
2.451796e-08
6.434293e-08
4.881214e-08
5.925105e-08
6.027124e-08
1.063836e-08
3.288901e-09
3.449488e-08
1.182585e-08
3.579089e-08
7.567795e-08
6.702573e-08
1.251235e-08
1.411717e-08
8.076660e-08
2.541212e-08
1.168100e-08
7.577174e-08
1.090785e-07
3.736641e-07
2.605194e-07
1.639941e-07
2.106865e-07
5.811069e-08
1.161808e-08
7.501257e-08
5.695405e-06
2.527910e-08
3.501523e-07
2.937813e-06
1.899806e-07
1.380414e-05
5.878619e-07
8.005059e-08
1.206266e-06
2.653065e-08
2.671363e-07
2.127296e-07
6.650774e-08
1.011592e-06
1.443233e-08
4.320658e-07
6.943369e-06
1.056264e-06
2.094596e-06
3.458727e-07
5.578123e-08
2.064846e-08
1.376434e-08
1.321621e-07
1.748583e-07
7.731451e-08
1.854913e-08
5.887624e-09
2.028062e-08
1.059633e-07
1.000400e-06
4.916225e-07
6.203311e-08
4.831488e-08
7.088134e-07
3.484154e-07
1.277183e-06
4.478458e-07
3.152164e-07
6.588992e-06
4.883189e-07
1.930942e-07
7.404263e-07
1.884188e-06
4.149848e-06
1.033124e-06
6.359613e-07
5.518736e-07
1.643284e-06
1.392527e-06
9.583473e-08
8.732801e-08
2.580220e-07
5.852997e-07
1.038023e-07
1.843878e-07
9.169975e-08
1.037802e-07
5.754913e-07
3.081851e-07
1.584915e-06
1.495545e-07
1.692565e-07
2.387258e-06
2.619332e-06
3.546317e-06
1.040587e-07
3.915185e-07
1.413057e-06
2.578161e-06
5.494931e-07
2.748174e-07
3.934270e-06
4.289975e-07
2.002680e-06
1.698333e-06
9.182195e-08
1.143337e-06
1.290753e-07
2.429965e-06
1.056286e-06
4.427450e-07
4.077984e-07
2.725135e-07
1.010286e-08
1.153586e-08
2.053571e-09
2.182683e-08
1.468136e-08
2.627772e-09
4.825725e-10
5.071386e-09
3.176717e-09
6.776560e-09
5.761097e-09
7.471145e-09
7.034616e-08
8.343576e-09
2.573269e-08
3.341269e-08
1.730856e-08
2.861199e-07
1.379890e-09
1.330387e-09
2.900522e-09
4.763980e-10
2.293653e-09
8.066501e-10
4.604308e-10
9.339057e-09
1.131107e-08
7.241333e-09
1.068526e-07
5.716853e-10
1.223436e-10
2.625584e-09
6.319345e-10
4.132993e-09
1.341846e-09
7.228455e-09
5.347117e-09
1.639224e-09
2.443586e-09
5.428776e-10
3.558361e-09
6.460895e-09
1.549565e-09
7.312854e-09
6.166592e-09
1.654129e-09
2.445435e-09
5.430383e-10
3.558498e-09
6.460909e-09
1.549565e-09
7.312861e-09
6.166590e-09
1.654140e-09
2.445435e-09
5.430383e-10
3.558498e-09
6.460910e-09
1.549571e-09
7.312968e-09
6.166624e-09
1.654113e-09
2.445728e-09
5.431789e-10
3.559280e-09
6.495940e-09
1.553545e-09
7.720424e-09
8.394393e-09
1.258484e-09
4.626045e-09
5.954912e-09
3.784617e-09
3.883851e-09
6.628075e-08
1.638202e-07
1.062112e-07
9.166527e-08
5.665513e-08
5.607027e-08
4.352154e-09
1.101119e-08
8.908430e-09
2.028356e-08
9.540265e-09
4.296179e-09
9.509389e-08
8.159646e-08
3.776327e-08
1.406318e-08
1.493902e-07
3.744467e-08
5.255640e-09
1.846452e-09
5.613659e-09
2.741817e-09
3.380600e-09
1.405158e-08
3.135540e-08
3.507261e-08
5.417880e-08
6.115561e-08
1.116580e-08
3.989446e-09
3.108654e-08
7.706958e-09
1.357069e-08
7.197939e-08
6.331129e-08
1.036937e-08
5.178145e-09
5.330654e-08
2.279574e-08
1.140523e-08
5.440510e-08
6.494275e-08
2.820984e-07
2.087279e-07
1.530074e-07
2.247500e-07
7.887746e-08
1.410142e-08
5.223791e-08
4.590097e-06
2.689565e-08
3.264413e-07
1.895282e-06
1.507938e-07
1.363025e-05
5.878619e-07
6.557471e-08
1.431371e-06
2.209644e-08
2.616343e-07
2.126126e-07
4.152915e-08
1.931619e-06
2.877245e-09
1.903696e-07
5.190286e-06
9.957707e-07
2.095143e-06
4.041225e-07
8.436696e-08
2.131782e-08
9.659336e-09
1.167328e-07
1.619226e-07
7.770520e-08
1.758741e-08
7.224263e-09
3.154651e-08
6.061276e-08
5.468831e-07
3.526790e-07
3.044567e-08
6.382632e-08
6.312128e-07
1.173367e-07
1.173266e-06
3.519516e-07
2.221236e-07
5.481970e-06
3.952367e-07
1.765655e-07
7.186552e-07
1.481189e-06
3.655277e-06
8.288671e-07
7.245190e-07
7.662935e-07
2.021352e-06
1.492892e-06
1.314593e-07
1.209305e-07
2.522736e-07
2.332217e-07
8.546808e-08
1.624062e-07
1.034070e-07
1.588325e-07
5.646324e-07
2.283589e-07
7.321431e-07
1.117889e-07
1.354289e-07
2.346212e-06
1.449331e-06
3.542798e-06
1.045954e-07
4.691473e-07
1.194869e-06
1.714678e-06
3.541123e-07
2.672756e-07
3.970664e-06
4.301801e-07
2.041545e-06
1.804455e-06
1.003882e-07
1.564967e-06
1.010589e-07
1.778166e-06
6.127596e-07
4.413434e-07
4.382204e-07
2.941907e-07
1.440394e-08
2.080169e-08
1.122538e-09
1.898900e-08
1.447516e-08
2.561579e-09
2.882110e-10
4.100485e-09
5.450838e-10
6.584409e-10
2.420864e-09
5.853106e-09
2.918253e-08
1.217946e-08
3.521934e-09
2.252904e-08
1.645070e-08
2.686476e-07
2.325497e-09
4.426631e-10
2.561798e-09
5.371681e-10
1.421985e-09
6.114910e-10
2.393017e-10
7.278992e-10
7.945524e-09
6.547195e-09
9.724308e-08
9.219997e-10
1.535722e-10
1.305664e-09
6.091016e-10
6.316157e-10
5.463998e-10
9.813771e-10
3.470257e-09
9.655529e-10
1.536377e-09
8.716138e-10
2.193623e-09
3.244567e-09
8.408857e-10
1.013662e-09
4.434464e-09
1.061844e-09
1.540177e-09
8.735042e-10
2.193824e-09
3.244630e-09
8.408883e-10
1.013680e-09
4.434462e-09
1.061909e-09
1.540177e-09
8.735042e-10
2.193824e-09
3.244631e-09
8.408887e-10
1.013686e-09
4.434464e-09
1.061900e-09
1.540199e-09
8.735388e-10
2.193870e-09
3.256650e-09
8.411873e-10
1.039229e-09
4.572740e-09
1.233898e-09
2.334196e-09
2.571878e-09
1.063476e-09
6.308732e-10
8.478874e-09
9.215243e-08
8.662472e-08
8.067883e-08
5.856272e-08
8.806483e-08
5.499908e-09
4.343063e-08
1.744746e-09
9.461557e-09
1.215684e-08
5.368251e-10
8.369581e-08
6.053431e-08
2.317645e-08
9.745655e-09
1.503180e-07
4.610425e-08
4.897672e-09
1.570824e-09
5.162616e-09
2.172973e-09
1.366637e-09
2.590010e-09
5.748798e-09
1.669861e-08
3.503866e-08
4.414372e-08
1.118207e-08
6.111698e-09
6.883871e-09
5.037787e-09
3.010583e-09
3.342581e-08
4.627853e-08
5.962659e-09
4.772196e-09
1.082312e-08
2.586147e-08
1.065797e-08
1.455408e-08
3.420269e-08
3.207706e-07
2.370358e-08
1.187880e-07
1.186069e-07
5.833470e-08
6.461170e-08
9.858408e-09
3.971358e-06
2.173615e-08
1.942086e-07
4.587906e-07
5.544829e-08
1.045947e-05
5.085104e-07
8.005059e-08
1.431371e-06
2.072262e-08
1.367585e-07
1.996787e-07
2.923366e-08
2.163742e-06
6.883101e-09
2.168154e-08
1.614867e-06
5.886305e-07
2.050005e-06
3.143714e-07
1.022803e-07
1.819666e-07
5.104585e-09
5.360216e-08
5.866169e-08
3.547757e-08
1.511488e-08
5.891230e-09
3.510710e-08
3.104849e-08
2.505694e-07
1.587043e-07
2.148803e-08
2.753686e-08
4.888413e-07
5.076179e-08
9.123843e-07
3.539905e-07
1.268957e-07
3.582930e-06
2.080519e-07
2.151528e-07
5.633394e-07
8.690780e-07
2.679187e-06
5.652538e-07
5.533482e-07
7.449921e-07
2.294968e-06
1.430150e-06
2.621951e-07
6.136403e-07
5.887405e-08
5.922987e-08
3.559313e-08
9.161026e-08
6.247266e-08
1.749971e-07
4.983300e-07
4.912431e-08
4.479667e-07
1.032644e-07
6.969795e-08
7.279779e-07
4.966479e-07
3.385608e-06
8.080066e-08
2.678266e-07
8.398077e-07
1.176278e-06
1.929968e-07
9.716211e-08
3.185288e-06
4.140753e-07
1.463431e-06
1.705253e-06
1.507632e-07
1.756869e-06
2.807457e-08
8.164225e-07
3.834722e-07
2.958357e-07
4.215633e-07
2.559629e-07
2.246636e-08
1.055076e-07
2.652797e-09
4.257381e-09
3.178711e-09
1.272673e-09
2.022033e-10
1.008781e-09
7.047425e-10
1.347367e-10
4.386743e-10
1.472568e-09
1.263022e-08
1.077814e-08
3.330742e-09
9.075499e-09
8.552449e-09
1.743584e-07
1.817471e-09
1.241444e-09
3.982667e-09
5.444666e-10
5.083988e-09
2.464466e-10
4.939224e-10
3.260369e-10
9.207137e-10
1.987067e-09
5.375668e-08
6.344972e-10
5.409179e-10
1.701856e-09
2.556123e-10
2.010725e-09
1.405485e-10
3.122684e-10
9.797823e-10
4.178411e-10
9.203435e-10
8.020785e-10
2.105609e-09
1.125511e-09
6.993936e-10
6.355492e-10
1.919381e-09
6.919218e-10
9.474500e-10
8.112442e-10
2.107608e-09
1.125673e-09
6.994287e-10
6.357423e-10
1.919371e-09
6.921164e-10
9.474503e-10
8.112444e-10
2.107608e-09
1.125673e-09
6.994289e-10
6.357431e-10
1.919372e-09
6.921155e-10
9.474570e-10
8.112526e-10
2.107627e-09
1.126610e-09
6.995378e-10
6.386953e-10
1.942172e-09
7.419981e-10
1.401344e-09
1.330185e-09
1.279383e-09
1.448331e-09
1.949962e-09
1.384569e-08
4.631051e-08
5.848595e-08
4.808961e-08
1.464855e-07
1.086056e-08
5.310198e-08
3.120653e-09
2.679016e-09
9.133339e-09
3.863330e-10
1.095594e-08
1.390616e-08
1.622280e-08
1.446932e-08
5.585370e-08
6.106463e-08
7.583661e-09
1.969046e-09
2.304083e-08
3.933153e-09
6.707462e-10
7.564587e-10
1.150420e-09
3.721603e-09
1.072636e-08
1.172578e-08
7.349348e-09
5.492645e-09
9.759121e-09
6.815999e-09
3.234052e-09
1.139764e-08
9.556654e-09
4.044357e-09
3.977512e-09
6.018459e-09
3.137881e-08
1.146173e-08
4.375780e-09
1.302919e-08
2.654386e-07
1.083773e-08
1.441042e-08
4.788558e-08
2.734989e-08
4.147469e-08
2.800469e-08
3.840595e-06
4.898890e-08
4.367511e-08
1.460776e-07
4.540177e-08
1.972819e-06
1.793614e-07
9.393678e-08
1.206266e-06
2.209644e-08
1.367585e-07
1.526693e-07
1.503502e-08
2.207115e-06
7.280791e-09
2.629166e-08
6.183870e-07
1.833583e-07
9.146367e-07
1.772079e-07
9.593577e-08
1.836032e-07
5.504920e-08
3.923849e-08
4.939712e-08
2.289309e-08
5.255641e-09
3.938813e-09
5.739917e-08
3.014767e-08
1.363560e-07
7.666970e-08
4.167165e-08
2.875705e-08
3.342277e-07
5.627235e-08
3.044249e-07
1.194454e-07
9.273140e-08
2.803078e-06
5.211084e-08
3.774529e-07
2.436506e-07
7.134819e-07
1.905600e-06
3.047428e-07
6.732743e-07
7.432837e-07
2.355596e-06
1.275327e-06
4.536972e-07
9.303184e-07
8.230772e-08
2.448311e-08
2.072804e-08
5.787218e-08
3.341680e-08
3.000172e-07
2.458024e-07
3.526403e-08
2.256178e-07
5.011388e-08
7.715471e-08
2.537915e-07
2.742258e-07
2.428764e-06
5.332882e-08
1.478002e-07
8.800713e-07
9.508838e-07
1.447351e-07
1.235624e-07
2.965893e-06
2.623401e-07
1.233373e-06
1.452345e-06
4.888457e-07
1.729935e-06
1.491081e-08
3.400142e-07
3.277575e-07
2.713161e-07
1.791038e-07
1.674949e-07
3.476878e-08
1.110033e-07
2.732043e-08
1.446941e-08
3.073570e-08
4.164276e-10
1.238949e-10
8.087101e-10
2.541311e-09
7.033626e-10
3.027218e-10
5.905759e-10
4.747113e-09
1.164403e-08
1.829872e-09
2.465540e-08
2.046352e-08
9.821754e-08
1.855268e-09
1.885617e-09
2.937616e-08
2.146199e-09
1.223889e-08
6.301868e-10
7.107274e-10
2.503527e-09
4.569129e-10
1.203235e-09
2.727575e-08
5.520770e-10
1.162698e-09
1.142748e-08
8.471421e-10
4.924924e-09
2.201555e-10
2.589804e-10
1.327753e-09
8.871323e-10
6.411726e-10
1.977713e-09
2.179829e-09
5.512557e-09
1.007660e-09
1.981550e-09
2.555256e-09
1.822680e-09
7.468133e-10
2.074926e-09
2.186768e-09
5.514858e-09
1.007780e-09
1.983965e-09
2.555151e-09
1.824510e-09
7.468144e-10
2.074928e-09
2.186768e-09
5.514858e-09
1.007781e-09
1.983966e-09
2.555151e-09
1.824510e-09
7.468162e-10
2.074934e-09
2.186776e-09
5.515264e-09
1.007800e-09
1.985241e-09
2.568989e-09
1.829810e-09
8.593818e-10
2.952179e-09
1.831266e-09
5.494015e-09
2.103110e-09
1.021080e-08
1.572873e-08
3.340104e-08
4.449893e-08
2.113103e-07
2.134457e-08
8.148472e-08
9.018878e-09
1.291815e-08
7.691338e-09
5.420505e-10
6.850664e-09
4.037991e-09
5.426194e-09
4.708158e-09
2.899864e-08
1.467407e-07
6.081323e-09
5.688373e-09
1.756071e-07
2.923154e-08
2.752609e-09
2.650960e-09
1.719532e-09
2.963575e-09
8.540061e-09
1.814361e-08
1.247977e-08
1.575411e-08
4.073380e-08
2.916393e-08
2.212381e-08
1.656399e-08
5.389764e-09
1.317039e-08
1.159040e-08
1.191900e-08
1.081289e-07
1.533285e-08
6.155881e-09
1.422407e-08
2.423299e-07
7.757502e-09
1.360860e-08
1.697370e-08
1.592235e-07
7.944960e-08
2.201079e-08
6.168769e-06
1.087583e-07
2.794528e-08
1.885957e-08
8.366177e-08
8.376753e-07
3.356285e-08
1.374823e-07
1.143082e-06
2.653065e-08
2.616343e-07
1.996787e-07
1.503502e-08
2.436181e-06
9.857310e-09
3.284654e-08
7.719820e-07
5.615985e-08
2.982449e-07
9.024378e-08
1.143115e-07
2.104320e-07
1.501667e-07
3.098101e-07
1.179873e-07
4.630823e-08
1.453884e-09
2.727715e-09
8.763232e-08
3.873106e-08
9.727478e-08
5.989281e-08
8.977711e-09
9.860989e-09
3.291065e-07
1.293470e-07
2.418629e-07
1.555432e-07
8.572793e-08
2.241374e-06
6.240854e-08
7.815491e-07
2.406187e-07
8.593484e-07
1.637549e-06
1.956004e-07
2.914795e-07
9.481348e-07
2.758291e-06
1.199367e-06
6.478232e-07
1.405646e-06
2.745526e-07
7.121361e-08
3.042554e-08
1.527591e-08
1.536163e-08
4.677097e-07
1.789060e-07
3.061191e-08
2.665806e-07
3.855222e-08
1.851141e-07
1.673382e-07
2.493547e-07
2.176179e-06
2.316415e-08
6.193650e-08
1.271510e-06
1.135112e-06
1.464928e-07
1.138711e-07
3.350396e-06
3.449567e-07
1.209845e-06
1.347278e-06
1.308320e-06
2.092972e-06
2.053988e-08
2.443567e-07
3.603957e-07
3.138416e-07
2.371329e-07
1.088659e-07
5.728138e-08
1.263994e-07
8.258284e-08
1.146489e-07
8.578200e-08
1.727407e-09
7.357598e-11
7.024416e-10
2.505678e-09
7.282301e-10
2.832159e-10
1.924090e-10
1.215349e-09
5.949287e-09
1.630366e-09
2.520257e-08
1.948071e-08
4.957232e-08
2.711666e-09
4.766849e-09
2.984905e-08
2.531599e-09
1.390663e-08
6.813927e-10
9.218187e-10
2.586956e-09
5.013363e-10
6.719548e-10
6.189022e-09
6.438433e-10
1.447905e-09
1.135960e-08
1.354583e-09
6.156962e-09
1.910388e-10
2.146925e-10
1.006878e-09
3.831334e-10
5.412073e-10
2.275167e-09
1.883913e-09
5.792690e-09
1.094701e-09
2.456941e-09
2.311007e-09
1.453235e-09
6.177280e-10
2.490752e-09
1.906066e-09
5.800833e-09
1.095608e-09
2.463014e-09
2.310580e-09
1.460711e-09
6.177318e-10
2.490755e-09
1.906067e-09
5.800834e-09
1.095608e-09
2.463014e-09
2.310580e-09
1.460711e-09
6.177322e-10
2.490756e-09
1.906071e-09
5.801047e-09
1.095615e-09
2.463253e-09
2.321796e-09
1.462439e-09
6.419467e-10
2.575529e-09
1.694687e-09
6.295027e-09
1.913754e-09
6.291675e-09
3.808774e-09
1.118139e-08
2.954868e-08
2.139153e-07
2.684396e-08
7.962147e-08
1.377215e-08
1.888358e-08
9.188894e-09
7.753802e-10
4.165485e-09
2.900736e-09
1.350534e-09
2.523569e-09
1.986417e-08
1.273188e-07
8.061398e-09
1.604399e-08
1.799378e-07
4.172700e-08
4.103027e-09
2.970536e-09
2.118622e-09
2.473976e-09
4.254636e-09
3.208349e-09
5.771211e-09
2.045806e-08
4.334084e-08
3.668781e-08
2.797309e-08
1.102433e-08
2.075531e-09
3.995178e-09
6.506111e-09
2.154617e-08
1.110436e-07
1.356208e-08
1.051935e-08
1.191849e-08
1.624294e-07
7.394147e-09
1.241220e-08
1.818846e-08
8.492347e-09
4.442724e-08
1.556486e-07
6.094754e-06
1.119658e-07
1.771416e-08
2.503648e-08
8.902968e-08
6.223754e-07
2.688505e-08
1.506987e-07
8.659805e-07
2.173772e-08
2.671363e-07
2.126126e-07
2.923366e-08
2.207115e-06
9.857310e-09
5.579801e-08
7.517122e-07
5.065452e-08
1.888018e-07
2.538636e-08
6.776573e-08
2.232929e-07
1.691092e-07
3.659339e-07
3.147555e-07
2.376248e-08
2.797141e-09
1.542572e-08
7.861572e-08
5.559729e-08
9.110374e-08
4.910914e-08
1.043611e-08
6.144982e-09
1.310087e-07
5.860375e-08
2.199227e-07
3.194597e-07
1.123553e-07
1.247213e-06
1.999297e-08
3.720416e-07
2.492950e-07
1.054006e-06
1.539081e-06
1.612853e-07
1.751667e-07
1.013159e-06
2.050960e-06
1.086676e-06
1.115465e-06
1.673250e-06
4.342138e-07
1.360002e-07
5.474241e-08
2.829576e-08
2.297157e-08
4.143660e-07
1.188802e-07
5.663725e-08
2.495616e-07
1.097614e-07
1.318520e-07
1.365920e-07
1.912081e-07
1.454366e-06
3.144475e-08
4.321940e-08
1.145352e-06
9.566024e-07
1.993628e-07
1.489678e-07
3.190495e-06
2.097659e-07
6.922910e-07
1.315539e-06
3.487474e-06
2.074197e-06
3.525342e-08
2.134320e-07
5.671886e-07
4.805651e-07
3.106183e-07
6.528409e-08
5.325574e-08
1.223933e-07
1.085301e-07
1.475819e-07
1.586166e-07
2.917147e-09
1.539323e-09
2.191237e-10
2.469910e-09
7.215393e-10
2.333872e-10
1.705245e-10
2.688160e-10
1.467735e-09
1.011253e-09
2.244932e-08
1.779552e-08
3.841778e-08
9.442596e-10
2.681305e-09
3.104449e-08
4.757406e-09
1.718151e-08
6.777405e-10
1.058343e-09
2.787524e-09
3.827173e-10
8.094337e-10
4.971564e-10
1.520986e-10
6.383906e-10
1.124906e-08
1.598386e-09
7.495510e-09
2.839502e-10
2.372671e-10
9.749148e-10
1.987350e-10
3.199194e-10
1.474962e-09
1.495583e-09
6.229541e-09
1.015558e-09
3.379079e-09
1.277654e-09
1.437934e-09
4.120435e-10
1.691040e-09
1.556228e-09
6.280344e-09
1.017749e-09
3.427393e-09
1.277144e-09
1.469636e-09
4.120591e-10
1.691047e-09
1.556229e-09
6.280347e-09
1.017749e-09
3.427396e-09
1.277144e-09
1.469636e-09
4.120592e-10
1.691047e-09
1.556229e-09
6.280515e-09
1.017751e-09
3.427544e-09
1.277706e-09
1.470696e-09
4.157233e-10
1.701820e-09
1.530600e-09
6.353940e-09
1.653381e-09
6.918401e-09
9.246066e-10
1.749810e-09
7.043054e-09
1.942457e-07
2.197148e-08
6.692350e-08
2.064663e-08
2.944593e-08
1.027722e-08
3.258274e-09
1.164415e-09
2.406726e-09
9.533715e-10
1.146940e-09
6.825268e-09
1.213619e-07
4.763805e-09
4.000974e-09
1.788513e-07
6.002903e-08
3.477656e-09
5.218801e-09
2.788242e-09
2.281108e-09
3.325000e-09
2.208867e-09
2.429506e-09
6.468222e-09
3.605966e-08
4.207259e-08
3.247438e-08
1.554789e-08
4.703114e-09
3.124065e-09
4.016981e-09
1.061375e-08
1.052023e-07
2.379379e-08
1.595406e-08
7.328083e-09
1.067142e-07
5.606286e-09
1.084341e-08
2.172928e-08
7.292619e-09
1.780029e-08
2.129615e-08
5.578936e-06
2.468874e-07
4.592553e-08
6.603636e-09
1.247141e-07
3.647230e-07
2.323661e-08
1.906507e-07
5.898243e-07
1.338577e-08
2.625787e-07
2.127296e-07
4.152915e-08
2.163742e-06
7.280791e-09
3.284654e-08
7.517122e-07
5.623011e-08
2.743913e-07
4.954848e-09
3.242383e-08
1.384605e-07
1.539591e-07
4.024784e-07
4.717730e-07
3.445894e-08
3.504420e-09
3.077813e-09
7.397278e-08
7.910544e-08
8.279230e-08
4.701323e-08
1.818279e-08
3.663277e-09
5.409734e-08
4.008178e-08
1.170157e-07
2.604730e-07
1.667099e-07
8.421460e-07
8.569858e-09
3.443107e-07
1.676873e-07
5.078184e-07
1.443358e-06
4.018586e-07
1.460603e-07
8.700650e-07
1.421954e-06
8.994305e-07
8.400838e-07
1.785743e-06
7.626790e-07
1.750611e-07
1.291977e-07
1.027738e-07
4.174945e-08
4.418943e-07
4.961613e-08
1.668190e-08
2.408577e-07
1.538775e-07
1.276934e-07
9.496518e-08
1.160366e-07
1.007046e-06
6.235139e-08
2.239729e-08
1.068323e-06
7.278352e-07
1.474817e-07
1.728607e-07
3.273540e-06
1.712031e-07
3.326871e-07
1.114793e-06
4.781085e-06
2.275149e-06
1.278499e-07
2.085316e-07
7.968277e-07
8.602220e-07
3.957106e-07
4.297610e-08
4.988900e-08
6.163596e-08
1.224848e-07
2.035812e-07
1.964433e-07
5.498314e-09
2.412843e-09
3.597134e-09
2.276945e-09
7.043024e-10
2.271462e-10
1.755505e-10
3.220091e-10
8.124534e-10
7.310351e-10
1.980889e-08
1.695133e-08
1.555135e-08
1.115624e-09
7.628719e-09
2.924150e-08
2.600113e-09
1.707732e-08
4.479031e-09
3.380713e-09
2.841971e-09
4.226339e-10
9.115486e-10
5.742899e-10
2.637751e-10
7.681782e-10
1.047863e-08
7.664232e-10
7.291689e-09
1.409430e-09
1.455812e-09
8.226141e-10
1.985951e-10
3.261558e-10
1.298679e-09
1.071086e-09
5.361375e-09
1.125632e-09
3.975817e-09
1.248106e-09
1.432649e-09
4.793375e-10
1.896076e-09
1.125752e-09
5.477902e-09
1.156444e-09
4.082709e-09
1.244750e-09
1.492356e-09
4.795050e-10
1.896138e-09
1.125756e-09
5.477907e-09
1.156444e-09
4.082715e-09
1.244750e-09
1.492356e-09
4.795051e-10
1.896139e-09
1.125757e-09
5.477982e-09
1.156445e-09
4.082793e-09
1.245014e-09
1.492616e-09
4.815323e-10
1.901877e-09
1.115825e-09
5.511787e-09
1.827808e-09
6.421467e-09
5.892272e-10
2.075314e-09
4.638209e-09
1.265051e-07
1.624739e-08
5.402828e-08
1.686676e-08
3.428940e-08
2.106479e-08
1.009994e-08
3.732877e-09
2.313842e-09
8.261062e-10
1.477706e-09
2.785618e-09
1.064016e-07
3.588210e-09
2.640027e-09
1.734617e-07
5.967816e-08
3.948996e-09
1.127940e-08
1.152866e-08
4.285830e-09
3.047356e-09
2.290747e-09
3.212038e-09
6.545170e-09
3.032424e-08
2.719550e-08
3.197690e-08
2.505737e-08
8.608125e-09
8.478974e-09
1.149121e-08
1.385353e-08
8.915617e-08
1.465836e-08
1.580359e-08
2.025171e-08
6.679294e-08
3.720944e-09
1.411333e-08
2.679176e-08
1.024822e-08
1.767229e-08
1.436788e-08
5.017778e-06
1.106571e-07
1.158274e-08
1.437392e-07
2.025927e-07
2.023783e-07
9.113422e-09
2.111844e-07
4.268988e-07
5.513511e-09
2.349946e-07
1.961394e-07
6.650774e-08
1.931619e-06
6.883101e-09
2.629166e-08
7.719820e-07
5.065452e-08
2.743913e-07
2.368946e-08
2.304942e-08
5.936672e-08
1.254750e-07
3.836515e-07
4.892625e-07
6.724092e-08
5.624048e-08
5.533309e-09
6.626157e-08
5.921529e-08
5.149856e-08
5.981000e-08
4.723837e-08
3.120927e-09
3.563397e-08
2.318818e-08
4.828798e-08
2.529308e-07
1.694839e-07
4.876437e-07
8.925075e-09
3.702034e-07
1.793605e-07
2.827967e-07
1.202128e-06
7.917008e-08
2.150538e-07
8.589974e-07
8.292572e-07
5.597813e-07
8.131815e-07
1.809790e-06
4.983161e-07
1.903284e-07
2.692646e-07
3.733205e-07
3.576752e-07
3.804631e-07
3.174488e-08
8.669871e-09
2.238738e-07
1.189989e-07
1.059771e-07
7.719645e-08
4.297550e-08
8.931338e-07
4.805269e-08
2.063250e-08
8.851857e-07
7.147708e-07
1.316520e-07
2.075869e-07
3.069896e-06
1.236077e-07
2.140972e-07
9.810756e-07
6.043221e-06
2.268164e-06
4.985144e-08
1.708483e-07
9.808776e-07
2.085298e-06
4.249867e-07
2.918538e-08
4.100518e-08
4.753184e-08
1.144721e-07
2.179826e-07
2.330865e-07
8.400553e-09
1.673605e-08
9.525951e-09
8.133629e-09
5.893836e-11
5.507573e-11
7.918340e-11
1.365418e-10
1.555358e-10
5.539572e-11
1.023254e-09
1.365630e-09
6.682872e-09
5.858188e-10
7.212793e-09
4.676491e-09
1.191080e-09
6.803901e-09
1.968087e-09
8.101453e-09
7.159276e-10
2.760315e-10
6.583379e-10
4.871646e-10
5.253153e-10
1.159841e-10
4.293729e-10
7.212166e-10
2.909867e-09
5.836861e-10
3.585088e-09
1.556591e-10
5.103417e-11
2.180708e-10
1.683784e-10
1.771281e-10
5.103711e-10
2.387810e-10
2.652019e-09
2.925623e-10
1.025405e-09
2.255688e-10
1.224024e-09
2.731016e-10
5.604378e-10
2.708231e-10
2.821991e-09
2.861250e-10
1.161614e-09
2.258592e-10
1.224155e-09
2.731095e-10
5.604442e-10
2.708231e-10
2.822002e-09
2.861250e-10
1.161614e-09
2.258592e-10
1.224155e-09
2.731096e-10
5.604457e-10
2.708231e-10
2.822024e-09
2.861319e-10
1.161631e-09
2.258809e-10
1.224650e-09
2.729373e-10
5.631572e-10
2.892938e-10
4.334613e-09
2.334802e-10
1.124616e-09
7.871398e-10
7.523438e-09
1.313301e-09
8.227624e-09
9.150040e-09
2.726756e-08
1.544887e-08
2.442976e-08
4.015174e-09
3.228911e-09
3.769654e-10
7.798303e-10
4.543637e-10
1.531219e-09
4.624325e-10
1.309721e-09
2.592159e-08
4.196978e-08
1.913116e-09
1.945026e-09
1.714372e-08
1.179914e-09
8.004262e-10
7.878851e-10
4.761281e-10
1.032226e-09
4.051992e-09
4.805109e-09
4.630646e-09
6.848676e-09
8.897461e-09
3.005829e-09
6.825731e-09
1.405517e-08
6.374744e-09
3.081709e-09
1.239808e-08
6.991223e-09
1.480773e-08
2.109260e-09
7.824966e-09
2.149260e-08
1.072433e-08
3.237653e-09
4.003914e-09
1.108454e-07
4.144066e-08
4.571673e-09
6.079087e-09
2.400113e-07
4.449443e-08
1.194995e-08
1.058005e-07
2.429940e-07
2.441532e-09
1.854752e-08
2.917043e-08
6.341774e-08
1.011592e-06
2.877245e-09
2.168154e-08
6.183870e-07
5.615985e-08
1.888018e-07
4.954848e-09
2.304942e-08
3.218222e-09
1.269847e-08
1.050617e-07
4.178739e-07
4.106643e-08
5.378805e-08
1.295796e-08
1.734790e-08
1.028515e-07
7.053667e-09
1.236537e-08
7.521301e-08
1.965548e-09
6.072317e-09
1.172721e-08
1.887667e-08
1.293271e-07
1.199293e-07
1.007784e-07
1.091246e-08
4.830219e-08
6.424870e-08
2.852767e-07
1.362381e-07
2.290651e-08
1.152141e-07
3.241074e-07
1.978736e-07
1.125945e-07
7.112650e-07
1.035081e-06
4.418821e-07
1.669350e-07
1.102322e-07
5.662174e-07
4.930575e-07
2.722412e-07
1.048145e-08
3.121136e-09
3.131343e-08
1.087277e-07
2.788424e-08
1.155905e-08
4.228278e-08
9.208388e-08
4.823682e-08
3.232677e-09
1.676822e-07
6.725644e-07
2.781559e-08
1.259779e-07
1.432637e-06
6.659926e-08
2.725316e-08
6.131437e-07
6.280833e-06
1.547208e-06
3.959788e-08
7.422883e-08
7.461713e-07
3.345898e-06
3.226417e-07
1.049813e-08
1.177455e-08
2.367325e-08
5.791776e-08
1.222795e-07
1.891233e-07
8.997994e-09
1.937188e-08
1.566856e-08
1.595924e-08
5.423507e-09
2.237145e-11
7.651262e-11
1.334468e-10
2.309696e-09
2.413391e-09
1.973893e-09
5.885423e-10
1.682340e-09
3.463571e-09
2.372854e-08
3.386000e-08
8.352930e-09
6.917325e-09
8.297945e-09
1.705781e-08
2.425314e-08
3.998148e-09
4.650257e-09
1.157748e-08
4.089801e-09
5.257920e-09
1.482873e-09
2.639154e-10
2.106042e-09
2.508648e-09
6.822171e-09
3.907712e-09
1.488268e-09
1.846512e-09
2.924979e-09
9.905404e-10
7.760346e-10
1.174360e-09
2.296514e-09
2.919771e-09
5.827948e-09
8.623925e-09
6.366026e-09
3.058430e-09
1.074849e-09
1.219727e-09
2.659456e-09
2.729539e-09
7.627353e-09
8.645359e-09
6.366949e-09
3.058666e-09
1.074946e-09
1.219727e-09
2.659479e-09
2.729539e-09
7.627354e-09
8.645359e-09
6.366949e-09
3.058666e-09
1.074946e-09
1.219727e-09
2.659481e-09
2.729542e-09
7.627360e-09
8.645369e-09
6.367052e-09
3.058583e-09
1.075295e-09
1.225256e-09
2.893907e-09
2.902578e-09
7.738835e-09
9.291066e-09
1.159785e-08
2.727277e-09
3.193947e-09
1.168818e-08
6.013633e-08
3.826915e-08
5.234433e-08
2.012723e-08
5.672315e-08
1.803607e-08
2.916183e-09
2.570561e-09
3.905813e-09
1.376340e-09
9.403267e-10
3.519274e-08
5.898918e-08
1.901183e-08
5.228351e-09
4.733055e-08
9.965818e-09
1.018170e-08
7.163103e-09
4.496144e-09
2.450099e-09
2.476630e-09
2.673340e-08
9.438185e-08
4.022439e-08
8.229038e-09
3.195790e-08
7.999231e-08
7.151324e-08
2.320450e-08
1.527293e-08
2.428475e-08
2.307650e-08
2.085820e-08
1.191251e-08
3.683774e-08
1.442794e-07
3.715410e-08
4.780665e-09
3.359589e-08
1.368166e-07
2.750413e-08
3.696749e-08
2.402005e-08
3.901603e-07
2.397190e-07
9.212515e-08
3.389970e-07
2.054571e-07
3.269705e-08
1.327876e-08
2.538343e-08
6.367753e-08
6.656294e-07
1.443233e-08
1.903696e-07
1.614867e-06
1.833583e-07
2.982449e-07
2.538636e-08
3.242383e-08
5.936672e-08
1.269847e-08
8.982298e-07
3.843389e-07
4.235444e-08
6.545575e-08
1.658355e-07
4.572379e-07
5.044593e-07
3.458852e-08
2.908281e-08
1.464435e-07
3.036635e-09
9.269876e-09
4.276174e-08
8.451995e-08
4.625521e-07
5.079459e-07
3.101366e-08
3.695942e-09
1.094152e-07
2.929912e-07
2.208016e-07
2.590121e-07
5.273104e-07
2.056464e-07
3.328292e-07
4.076921e-07
1.506857e-07
1.306873e-06
1.109244e-06
6.473942e-07
2.415997e-07
2.233315e-07
1.980464e-06
1.675738e-06
1.484303e-06
1.400324e-07
2.099493e-08
2.501087e-08
8.843494e-08
2.837032e-08
2.248067e-08
1.082819e-07
3.024961e-07
9.329513e-08
3.043421e-08
7.765407e-08
1.354050e-06
4.072696e-08
3.431195e-07
1.207408e-06
7.700572e-08
6.374303e-08
1.204788e-06
9.092231e-06
1.487598e-06
9.061642e-08
1.009151e-07
1.199711e-06
6.611401e-06
7.569503e-07
9.431637e-08
5.898863e-08
1.052009e-07
1.325594e-07
2.183324e-07
1.481663e-07
1.251071e-08
8.522541e-08
1.892305e-07
4.264893e-07
8.257459e-08
7.296381e-08
6.134703e-11
1.556021e-10
2.320357e-09
1.071910e-08
2.698878e-08
2.166147e-09
2.016707e-09
6.441672e-09
3.580826e-08
5.893903e-08
5.788169e-08
2.383754e-08
1.593193e-08
4.112487e-08
6.515602e-08
4.061576e-08
3.156547e-08
3.434385e-08
4.324434e-08
1.133827e-08
1.437133e-08
1.242556e-09
2.096708e-09
3.895204e-09
1.234723e-08
9.269683e-09
1.534141e-08
1.220551e-08
7.632820e-09
9.464466e-09
4.244310e-09
3.043935e-09
5.750318e-09
1.021950e-08
3.480333e-08
1.812821e-08
5.717248e-08
7.608848e-09
8.020347e-09
4.505402e-09
6.641043e-09
9.469077e-09
5.766613e-08
1.820182e-08
5.718993e-08
7.609638e-09
8.021584e-09
4.505402e-09
6.641217e-09
9.469077e-09
5.766614e-08
1.820182e-08
5.718993e-08
7.609638e-09
8.021584e-09
4.505402e-09
6.641218e-09
9.469078e-09
5.766614e-08
1.820183e-08
5.719002e-08
7.609615e-09
8.021676e-09
4.506075e-09
6.705344e-09
9.522370e-09
5.872831e-08
1.903554e-08
6.231737e-08
2.006326e-08
1.273766e-08
1.335087e-08
1.093950e-07
6.111798e-08
8.429849e-08
4.913247e-08
2.156519e-07
8.117083e-08
3.129152e-08
6.248531e-09
1.327254e-08
1.919291e-08
1.232137e-09
2.647217e-08
1.060707e-07
6.189429e-08
2.012277e-08
9.354769e-08
4.769928e-08
9.407933e-08
6.165452e-08
3.559120e-08
2.153125e-08
1.608765e-08
1.654872e-08
2.599762e-08
3.679702e-07
4.971860e-07
3.057044e-07
4.844700e-07
4.791338e-07
2.093040e-07
1.121542e-07
6.381437e-08
7.138982e-08
1.246326e-07
9.533738e-08
1.879193e-07
3.478543e-07
3.484464e-07
2.086917e-08
5.153389e-08
2.074020e-07
1.333783e-07
8.169819e-08
1.695723e-06
7.825520e-07
5.818327e-07
9.365945e-07
7.558061e-07
4.435024e-07
1.054940e-07
2.046771e-08
1.924305e-08
7.192991e-08
5.672967e-07
4.256379e-08
4.320658e-07
5.190286e-06
5.886305e-07
9.146367e-07
9.024378e-08
6.776573e-08
1.384605e-07
1.254750e-07
1.050617e-07
3.843389e-07
1.479862e-06
1.452792e-07
2.827999e-07
1.397837e-06
8.184487e-06
1.820540e-07
1.740386e-07
4.498029e-07
6.314819e-09
1.449986e-08
6.573250e-08
1.868903e-07
1.564412e-07
1.121967e-07
5.651715e-07
4.889948e-07
1.731497e-07
6.582492e-07
6.461652e-07
5.371442e-07
5.370133e-08
9.472953e-07
1.006528e-06
1.828271e-06
3.367575e-07
2.537547e-06
1.197482e-06
1.061247e-06
8.682710e-07
3.356291e-07
3.677936e-06
3.162318e-06
3.501481e-06
6.987998e-07
2.072414e-07
4.549183e-08
1.116508e-07
7.857915e-08
3.202446e-08
2.578547e-07
2.885605e-07
4.164623e-07
2.837785e-07
1.000876e-07
5.201026e-06
5.355789e-08
1.027832e-06
1.390958e-06
4.403844e-07
2.609874e-07
2.695697e-06
1.531382e-05
2.278963e-06
5.777880e-07
3.574421e-07
1.905433e-06
1.294453e-05
1.696435e-06
4.234684e-07
2.200494e-07
3.615343e-07
2.422937e-07
4.059062e-07
3.981460e-07
3.371546e-08
2.148106e-07
4.401827e-07
1.578319e-06
9.272817e-07
2.110899e-07
3.639168e-07
8.234017e-11
2.309660e-09
1.074289e-08
3.607629e-08
1.116884e-08
2.991886e-09
6.727020e-09
3.808839e-08
5.806911e-08
5.511104e-08
3.729259e-08
4.724931e-08
5.055772e-08
9.764218e-08
4.468434e-08
7.586612e-08
8.837636e-08
6.122865e-08
3.995032e-08
1.491188e-08
2.895073e-09
5.894927e-09
3.928161e-09
1.665169e-08
9.083320e-09
1.697705e-08
2.979678e-08
2.907711e-08
1.276314e-08
1.638017e-08
2.780321e-09
6.920172e-09
2.250073e-08
3.802841e-08
2.499867e-08
6.371619e-08
1.529412e-08
1.483145e-08
5.328441e-09
1.802251e-08
9.324926e-09
7.406225e-08
2.540298e-08
6.376330e-08
1.530700e-08
1.483513e-08
5.328445e-09
1.802363e-08
9.324930e-09
7.406225e-08
2.540299e-08
6.376330e-08
1.530700e-08
1.483513e-08
5.328445e-09
1.802363e-08
9.324930e-09
7.406226e-08
2.540299e-08
6.376337e-08
1.530698e-08
1.483515e-08
5.328841e-09
1.806705e-08
9.322243e-09
7.415079e-08
2.627058e-08
6.924066e-08
2.729131e-08
5.424199e-08
1.382077e-08
1.194830e-07
6.584470e-08
8.875882e-08
5.477211e-08
2.751182e-07
1.596153e-07
5.037308e-08
4.634950e-08
2.334251e-08
2.700418e-08
5.194761e-09
2.008574e-08
1.088382e-07
5.969921e-08
1.389159e-08
1.389440e-07
7.422549e-08
1.400311e-07
1.906405e-07
8.431145e-08
7.056524e-08
4.267680e-08
3.020346e-08
3.072459e-08
6.185433e-08
7.081109e-08
5.494177e-07
1.180243e-06
9.542385e-07
3.820744e-07
2.900177e-07
2.559310e-07
4.680910e-08
1.002794e-07
1.778397e-07
3.108507e-07
4.736654e-07
6.677529e-07
5.423954e-08
9.687735e-08
2.176399e-07
1.384667e-07
3.007906e-08
9.922322e-08
2.427334e-06
2.510596e-06
1.059188e-06
2.161204e-06
6.409596e-07
2.593284e-07
2.576237e-08
2.312847e-08
7.108942e-08
4.171987e-07
7.539545e-08
6.894618e-07
6.943369e-06
9.957707e-07
2.050005e-06
1.772079e-07
1.143115e-07
2.232929e-07
1.539591e-07
3.836515e-07
4.178739e-07
4.235444e-08
1.452792e-07
2.543703e-06
1.678228e-06
1.259316e-05
2.148485e-06
4.901409e-07
1.501147e-06
9.146407e-09
1.538442e-08
7.820001e-08
2.967999e-07
2.319069e-07
1.171337e-07
1.376097e-08
5.527466e-08
1.054707e-06
1.337090e-06
9.900152e-07
1.582083e-07
5.023553e-08
2.024845e-06
4.718213e-07
2.752792e-06
1.156244e-06
3.155824e-06
1.374890e-06
1.414740e-06
8.203999e-07
5.766163e-07
4.811336e-06
3.626368e-06
4.245365e-06
9.580538e-07
4.427971e-07
1.652259e-07
2.227651e-07
1.478546e-07
2.871117e-08
2.981290e-07
5.489524e-07
4.494729e-07
1.441413e-07
8.690256e-08
1.213506e-05
1.128412e-07
1.850286e-06
1.897518e-06
1.935334e-07
3.988041e-07
3.705867e-06
3.481657e-05
2.299595e-06
5.277588e-07
2.378683e-06
3.252641e-06
1.504646e-05
2.233909e-06
6.252551e-07
6.855283e-07
5.708124e-07
5.224579e-07
6.203719e-07
6.082531e-07
3.884840e-08
4.376109e-07
5.782111e-07
2.520662e-06
1.127127e-06
8.581703e-07
8.434425e-07
1.163629e-07
2.254054e-09
1.071901e-08
3.606333e-08
1.141788e-08
2.852902e-09
5.456778e-09
3.370574e-08
5.642099e-08
5.661376e-08
3.128239e-08
4.279351e-08
5.681426e-08
1.061182e-07
4.586043e-08
7.687376e-08
9.726278e-08
6.292990e-08
4.114661e-08
1.581134e-08
3.123296e-09
5.963995e-09
3.654523e-09
1.544304e-08
8.478576e-09
1.689067e-08
2.954230e-08
3.230213e-08
1.449944e-08
1.667337e-08
2.398996e-09
4.634855e-09
2.170171e-08
3.774020e-08
2.375111e-08
6.574815e-08
1.797401e-08
1.599104e-08
5.113150e-09
1.592772e-08
8.271591e-09
7.442305e-08
2.450886e-08
6.582596e-08
1.800180e-08
1.600877e-08
5.113157e-09
1.592997e-08
8.271599e-09
7.442306e-08
2.450887e-08
6.582596e-08
1.800180e-08
1.600877e-08
5.113158e-09
1.592997e-08
8.271599e-09
7.442306e-08
2.450887e-08
6.582602e-08
1.800179e-08
1.600878e-08
5.113308e-09
1.595902e-08
8.269031e-09
7.445826e-08
2.470638e-08
7.018888e-08
2.994244e-08
5.193162e-08
1.185182e-08
1.159294e-07
5.781822e-08
8.250173e-08
5.672680e-08
2.784080e-07
1.659055e-07
6.111751e-08
5.205317e-08
2.768712e-08
2.993028e-08
6.157625e-09
1.891176e-08
9.951044e-08
5.723041e-08
1.114091e-08
9.392549e-08
6.765334e-08
1.742951e-07
1.852316e-07
8.564761e-08
9.294218e-08
4.825334e-08
2.780648e-08
3.055599e-08
4.081396e-08
2.786881e-08
1.286057e-07
5.995870e-07
1.111149e-06
1.009414e-06
5.830175e-07
2.193475e-07
3.610262e-08
1.188057e-07
1.347996e-07
2.593537e-07
5.032079e-07
7.585214e-07
9.237074e-08
8.240945e-08
2.011419e-07
1.590645e-07
3.181649e-08
2.892639e-08
8.593733e-07
8.259323e-07
2.470230e-06
3.885926e-06
7.585358e-07
3.471184e-07
3.250388e-08
1.904240e-08
7.053310e-08
3.936830e-07
5.743567e-08
6.416842e-07
6.966595e-06
1.056264e-06
2.095143e-06
3.143714e-07
9.593577e-08
2.104320e-07
1.691092e-07
4.024784e-07
4.892625e-07
4.106643e-08
6.545575e-08
2.827999e-07
1.678228e-06
1.489082e-05
2.280437e-06
8.546204e-07
1.703152e-06
1.625354e-08
1.346537e-08
7.418092e-08
3.225504e-07
2.527917e-07
1.029082e-07
1.201462e-08
6.354195e-09
1.773660e-07
8.871175e-07
1.856394e-06
6.514942e-07
4.493534e-08
4.413811e-07
5.282043e-07
3.451245e-06
5.476126e-07
3.798767e-06
2.009441e-06
1.584128e-06
7.251448e-07
2.950613e-07
4.189900e-06
3.831725e-06
4.910292e-06
1.032980e-06
4.566072e-07
2.431796e-07
2.692985e-07
1.697860e-07
2.848637e-08
2.464349e-07
5.426778e-07
4.834817e-07
1.419107e-07
9.346140e-08
1.207309e-05
9.897850e-08
2.438337e-06
1.836239e-06
2.121000e-07
2.207775e-07
3.107943e-06
3.553450e-05
2.871850e-06
6.293709e-07
4.632666e-07
2.870428e-06
1.672426e-05
2.649404e-06
7.709886e-07
7.915271e-07
6.388247e-07
5.879227e-07
6.390806e-07
7.199494e-07
3.140225e-08
3.025919e-07
5.589098e-07
2.665913e-06
1.166281e-06
8.814304e-07
1.184074e-06
1.807794e-07
1.329884e-09
9.900793e-09
3.553079e-08
1.135472e-08
2.625968e-09
4.930305e-09
2.301297e-08
3.827733e-08
5.029072e-08
3.029284e-08
4.135457e-08
4.732200e-08
9.815956e-08
4.792809e-08
7.557547e-08
9.609748e-08
6.462832e-08
3.954699e-08
1.510375e-08
3.076753e-09
6.516721e-09
3.418955e-09
1.197675e-08
6.250831e-09
1.607411e-08
2.763152e-08
3.178819e-08
1.543859e-08
1.683447e-08
2.146033e-09
4.032878e-09
2.007531e-08
3.285620e-08
1.833837e-08
6.221512e-08
1.625304e-08
1.793018e-08
7.176752e-09
1.550662e-08
6.613252e-09
6.904419e-08
1.889204e-08
6.303193e-08
1.639244e-08
1.796269e-08
7.177428e-09
1.550981e-08
6.613266e-09
6.904421e-08
1.889204e-08
6.303193e-08
1.639244e-08
1.796269e-08
7.177429e-09
1.550981e-08
6.613266e-09
6.904421e-08
1.889204e-08
6.303196e-08
1.639243e-08
1.796270e-08
7.177503e-09
1.552153e-08
6.611802e-09
6.906491e-08
1.898208e-08
6.500888e-08
2.794288e-08
5.265119e-08
1.151031e-08
9.476920e-08
3.951924e-08
6.024139e-08
4.514049e-08
2.652105e-07
1.634112e-07
6.336088e-08
5.925940e-08
2.752988e-08
3.278879e-08
6.209708e-09
1.335043e-08
9.192106e-08
4.642761e-08
1.005672e-08
7.767437e-08
6.012878e-08
1.345606e-07
1.773914e-07
1.090106e-07
8.583424e-08
4.417131e-08
4.343152e-08
3.244315e-08
3.497349e-08
2.451556e-08
9.511634e-08
5.210094e-07
6.584127e-07
4.293315e-07
7.393866e-07
7.808005e-07
2.962420e-07
7.348526e-08
1.134221e-07
2.584887e-07
4.402633e-07
7.022978e-07
1.232047e-07
1.489611e-07
1.806577e-07
1.365464e-07
3.329257e-08
4.448710e-08
8.129114e-07
5.814895e-07
9.524362e-07
2.172281e-06
2.114098e-06
2.121083e-06
1.095380e-07
4.674951e-08
3.518558e-08
3.656352e-07
5.732277e-08
5.195168e-07
6.680294e-06
9.804644e-07
2.094596e-06
4.041225e-07
1.022803e-07
1.836032e-07
1.501667e-07
3.659339e-07
4.717730e-07
6.724092e-08
5.378805e-08
1.658355e-07
1.397837e-06
1.259316e-05
2.280437e-06
2.916483e-06
2.214556e-06
1.826197e-08
1.026202e-08
4.137327e-08
2.948929e-07
2.631865e-07
9.714299e-08
1.171966e-08
6.610457e-09
1.296025e-07
6.970265e-07
9.744428e-07
2.058550e-07
7.109238e-07
4.852864e-07
4.762431e-07
1.846801e-06
4.554160e-07
4.363583e-06
1.205418e-06
2.225910e-06
1.000234e-06
3.146592e-07
3.528483e-06
3.084921e-06
4.321619e-06
1.236418e-06
1.055511e-06
3.094960e-07
2.533986e-07
1.949072e-07
4.170749e-08
2.017253e-07
4.594807e-07
4.430712e-07
1.317564e-07
1.225562e-07
1.573103e-05
6.971663e-08
1.837355e-06
1.656780e-06
7.161222e-07
2.253238e-07
2.655170e-06
3.479898e-05
2.190583e-06
6.921371e-07
9.578963e-07
2.813875e-06
1.345007e-05
2.083530e-06
2.578608e-06
1.184361e-06
7.142806e-07
6.906849e-07
6.077846e-07
7.758827e-07
3.068346e-08
2.820998e-07
4.738818e-07
2.398612e-06
1.139907e-06
1.011274e-06
1.290827e-06
2.384720e-07
2.916809e-09
2.222666e-10
1.509306e-08
9.785286e-09
1.858975e-09
7.400905e-10
6.910437e-09
2.666283e-09
5.515420e-09
9.827259e-09
3.584456e-08
2.350902e-08
7.887822e-08
7.240591e-09
4.607443e-08
7.888619e-08
3.191953e-08
3.785926e-08
1.910915e-09
1.898743e-09
5.360518e-09
1.124859e-09
8.314200e-09
4.289392e-10
2.233604e-09
1.737027e-08
2.591088e-08
8.071880e-09
1.629376e-08
6.853759e-10
6.660806e-10
1.648143e-08
3.814353e-09
5.404160e-09
1.070361e-08
8.750740e-09
1.519915e-08
2.874225e-09
1.439280e-08
1.116236e-09
4.002764e-08
5.931945e-09
1.075845e-08
9.030071e-09
1.537465e-08
2.877571e-09
1.439841e-08
1.116256e-09
4.002767e-08
5.931951e-09
1.075845e-08
9.030071e-09
1.537465e-08
2.877572e-09
1.439841e-08
1.116256e-09
4.002767e-08
5.931951e-09
1.075846e-08
9.030070e-09
1.537466e-08
2.877579e-09
1.440380e-08
1.116214e-09
4.003730e-08
5.939014e-09
1.090432e-08
9.879091e-09
4.864649e-08
4.028003e-09
5.303447e-08
6.964845e-09
7.630732e-09
6.766720e-09
1.844187e-07
1.220212e-07
4.546713e-08
5.736956e-08
2.644565e-08
1.986132e-08
6.327952e-09
7.973068e-10
4.300173e-08
2.298549e-08
9.443173e-10
2.911811e-08
4.852972e-08
6.866096e-08
1.336391e-07
5.361710e-08
7.117713e-08
5.184794e-08
1.994370e-08
1.210542e-08
2.510356e-08
1.302924e-08
2.700024e-08
1.582091e-07
2.234928e-07
2.322623e-07
2.777672e-07
2.420667e-07
1.277690e-07
1.716357e-07
1.744440e-07
5.556092e-08
1.222954e-07
6.243502e-07
6.777225e-08
6.653951e-08
4.233884e-08
1.121610e-07
3.152561e-08
1.617054e-08
4.836722e-07
3.054585e-07
5.547137e-08
1.738323e-06
4.499430e-07
3.692414e-07
1.474503e-06
1.623315e-07
4.845604e-08
1.786913e-07
4.755410e-08
4.356993e-07
3.701994e-06
5.527798e-07
1.855998e-06
3.458727e-07
8.436696e-08
1.819666e-07
5.504920e-08
3.098101e-07
3.147555e-07
3.445894e-08
5.624048e-08
1.295796e-08
4.572379e-07
8.184487e-06
2.148485e-06
8.546204e-07
2.214556e-06
9.341237e-07
1.567775e-09
1.944278e-08
2.057842e-07
2.163259e-07
8.385481e-08
8.756829e-09
4.437127e-09
7.728708e-08
2.954296e-07
4.884540e-07
1.031673e-07
3.712902e-08
3.216606e-07
6.868771e-07
5.774539e-07
3.458407e-07
1.050960e-06
8.164826e-07
2.412970e-06
5.577102e-07
2.609907e-07
2.003936e-06
1.782178e-06
2.924115e-06
8.014600e-07
5.174663e-07
4.767680e-07
6.727982e-07
1.986841e-07
2.623093e-08
2.327318e-08
4.015291e-07
1.283747e-07
9.890152e-08
7.601334e-08
1.863642e-05
8.846585e-08
1.235479e-06
1.228286e-06
7.011993e-08
9.722190e-08
1.573141e-06
3.138963e-05
8.608382e-07
4.190687e-07
3.604766e-07
2.594390e-06
8.207790e-06
1.010217e-06
4.607510e-07
7.370675e-07
2.282028e-06
6.923097e-07
5.895211e-07
7.369604e-07
2.509833e-08
2.212295e-07
2.554675e-07
1.634922e-06
3.874995e-07
8.303142e-07
1.309508e-06
3.216573e-07
1.241155e-08
6.317998e-10
7.178017e-10
4.757545e-10
3.304482e-10
8.164874e-11
1.709347e-10
3.868932e-10
1.217718e-10
3.221172e-10
1.768397e-09
1.029641e-08
1.945445e-08
1.374311e-09
2.255799e-09
1.082577e-08
5.528051e-09
3.287082e-09
1.149371e-09
3.461806e-10
7.265834e-10
2.024378e-10
4.182134e-10
1.242768e-10
3.730672e-11
4.810222e-10
3.399796e-09
2.377459e-09
1.191773e-09
4.342027e-10
1.425726e-10
2.672641e-10
2.967995e-10
1.862984e-10
4.620222e-10
4.465911e-10
1.723956e-09
1.308817e-09
2.055441e-09
1.375642e-10
5.398002e-10
7.499574e-10
5.551094e-10
4.904224e-10
1.792087e-09
1.319988e-09
2.067220e-09
1.377465e-10
5.398342e-10
7.499787e-10
5.551101e-10
4.904224e-10
1.792089e-09
1.319994e-09
2.067220e-09
1.377465e-10
5.398342e-10
7.499787e-10
5.551101e-10
4.904224e-10
1.792089e-09
1.319996e-09
2.067541e-09
1.377441e-10
5.399134e-10
7.506261e-10
5.592408e-10
5.113219e-10
2.568101e-09
1.975051e-09
5.101791e-09
5.042143e-10
3.889154e-10
3.531148e-10
5.948264e-09
2.082564e-08
1.613903e-08
1.646285e-08
9.160942e-09
1.169810e-08
4.628246e-09
1.001617e-10
6.051688e-10
2.734677e-09
1.496613e-10
3.134409e-10
2.576155e-09
1.420750e-08
1.622768e-08
1.264038e-08
1.552623e-08
4.714889e-09
6.084663e-09
9.442213e-09
1.171218e-09
8.223959e-10
1.796382e-09
7.287849e-09
1.064256e-08
1.298443e-08
1.931552e-08
5.928649e-08
1.542944e-08
6.132063e-09
1.094632e-08
1.844258e-08
1.123043e-08
2.355236e-08
2.725706e-08
2.255915e-08
1.071274e-08
7.821839e-09
3.555493e-09
4.262508e-09
9.246751e-08
5.811724e-08
3.097750e-09
1.733069e-08
8.391624e-08
1.599532e-07
2.229999e-08
2.659276e-08
4.737135e-08
2.815541e-08
2.977911e-09
1.307442e-07
3.966436e-07
1.700390e-08
9.630234e-08
2.389825e-07
5.578123e-08
2.131782e-08
5.104585e-09
3.923849e-08
1.179873e-07
2.376248e-08
3.504420e-09
5.533309e-09
1.734790e-08
5.044593e-07
1.820540e-07
4.901409e-07
1.703152e-06
1.826197e-08
1.567775e-09
1.885769e-09
7.016952e-08
4.935143e-08
4.893732e-09
5.047683e-09
1.842205e-09
5.920621e-09
1.761779e-08
5.134871e-08
1.839239e-08
1.682907e-08
1.501610e-07
1.648221e-07
1.921433e-08
1.758404e-08
2.282952e-07
2.315173e-07
1.918094e-07
2.591263e-07
1.144432e-07
2.577255e-07
1.572267e-07
4.313521e-07
3.775923e-07
1.611973e-07
2.046474e-07
9.931606e-08
1.064502e-07
5.595561e-08
3.157573e-09
2.306316e-08
1.496664e-08
9.745932e-09
3.869792e-08
2.001540e-05
7.157800e-09
2.017957e-07
5.289672e-08
1.650942e-08
1.485917e-08
1.823150e-07
1.401215e-05
1.835585e-07
2.613989e-08
8.938471e-08
1.530554e-06
1.965432e-06
7.982876e-08
1.710446e-07
4.551043e-07
1.787483e-07
2.538115e-07
1.136400e-07
4.219016e-07
1.814554e-08
1.018086e-08
1.503054e-08
1.814091e-07
4.323029e-08
5.927252e-08
9.995639e-07
1.801528e-07
2.552122e-09
1.378260e-09
1.147538e-09
1.241241e-09
1.142656e-10
4.557469e-11
1.165525e-10
7.029002e-09
1.243520e-09
3.808196e-10
7.136518e-10
3.450636e-09
1.621230e-08
3.283421e-10
2.151819e-09
8.544603e-09
5.929854e-09
1.648998e-09
9.242230e-10
1.587020e-08
1.650478e-09
9.238680e-10
5.418066e-10
1.921982e-10
3.074225e-10
1.007507e-10
9.831713e-10
3.603820e-09
4.211180e-10
2.935778e-10
7.556028e-09
5.952921e-10
3.585427e-10
1.348411e-10
2.399051e-10
2.692335e-10
7.645267e-10
6.183717e-10
1.947164e-09
1.376816e-10
6.280419e-10
4.380328e-10
3.798356e-10
3.765324e-10
1.040926e-09
6.211498e-10
2.135855e-09
1.452415e-10
6.299402e-10
4.382375e-10
3.798576e-10
3.765330e-10
1.040945e-09
6.211681e-10
2.135860e-09
1.452418e-10
6.299402e-10
4.382375e-10
3.798576e-10
3.765330e-10
1.040945e-09
6.211687e-10
2.136091e-09
1.452412e-10
6.299636e-10
4.383295e-10
3.814402e-10
3.826408e-10
1.235359e-09
7.790069e-10
4.528617e-09
2.797967e-10
5.372219e-10
7.764166e-10
2.271410e-09
6.376412e-09
8.693833e-09
1.229920e-08
1.046384e-08
8.123264e-09
3.034901e-08
5.304987e-10
1.541190e-09
3.876457e-09
3.954907e-10
4.091868e-10
1.242620e-09
4.794392e-09
1.047283e-08
7.956330e-09
3.075419e-08
2.107071e-09
4.906476e-09
1.433998e-07
2.546398e-09
9.122892e-10
1.529149e-09
2.955297e-09
4.234545e-09
5.743105e-09
8.988097e-09
2.499442e-08
9.369894e-09
9.519397e-09
6.127543e-09
9.848939e-09
1.444424e-08
1.072358e-08
1.172504e-08
1.341742e-08
6.644200e-09
1.185664e-08
4.041745e-09
2.180155e-09
4.236536e-08
4.327984e-08
1.382153e-09
7.216367e-09
2.345954e-08
1.638767e-07
2.586687e-08
3.584240e-09
1.114127e-07
2.648022e-08
1.138066e-08
1.019674e-08
2.652347e-07
3.481930e-09
7.175617e-09
1.035245e-07
5.143241e-08
2.064846e-08
9.659336e-09
5.360216e-08
4.939712e-08
4.630823e-08
2.797141e-09
3.077813e-09
6.626157e-08
1.028515e-07
3.458852e-08
1.740386e-07
1.501147e-06
1.625354e-08
1.026202e-08
1.944278e-08
7.016952e-08
2.353426e-07
5.707494e-10
1.414987e-09
2.127409e-09
2.508056e-09
5.309559e-09
2.466158e-08
7.750671e-09
7.008953e-09
1.288290e-07
1.412171e-07
1.746478e-08
8.715597e-09
7.491479e-08
2.121985e-07
5.226621e-08
2.397366e-07
2.372460e-08
2.412904e-07
9.070232e-08
1.972868e-07
4.018705e-07
1.124216e-07
2.451110e-07
6.943821e-08
9.635209e-08
2.059150e-07
4.591464e-08
3.924709e-08
2.704996e-08
1.041363e-08
9.501350e-09
3.345419e-05
5.257785e-09
5.512681e-08
3.886382e-08
2.737216e-09
3.379239e-08
5.713595e-08
1.180936e-05
1.931892e-07
8.111378e-09
2.910026e-08
1.387697e-06
1.812962e-06
2.630895e-08
5.892960e-08
4.174697e-07
1.710210e-07
2.232362e-07
4.340162e-08
2.601075e-07
1.937385e-07
4.630012e-09
7.711531e-09
8.158419e-08
2.467344e-08
2.789133e-08
8.585513e-07
1.391746e-07
4.644585e-09
4.671894e-09
2.591530e-08
1.846865e-08
5.105068e-09
2.231008e-11
9.672789e-11
7.017101e-09
2.614030e-09
1.431048e-09
4.492704e-10
4.897386e-10
2.035020e-09
1.154016e-10
2.361773e-09
8.604443e-09
1.484555e-09
6.078100e-10
4.252879e-09
1.800321e-08
3.672796e-09
2.028435e-09
9.334649e-10
4.213996e-10
3.534799e-10
1.221493e-10
2.638126e-10
1.827018e-10
1.476015e-10
2.594144e-09
8.211686e-09
1.257928e-09
1.164769e-09
1.538530e-10
2.770996e-10
1.413331e-10
1.661561e-10
2.802695e-10
6.885401e-10
1.303150e-10
6.327502e-10
6.998715e-10
1.896156e-10
3.453016e-10
8.379146e-10
2.136807e-10
9.555278e-10
1.440678e-10
6.380059e-10
7.018810e-10
1.896764e-10
3.453047e-10
8.379923e-10
2.137433e-10
9.555359e-10
1.440688e-10
6.380059e-10
7.018811e-10
1.896764e-10
3.453048e-10
8.379923e-10
2.137434e-10
9.555559e-10
1.440687e-10
6.380091e-10
7.019045e-10
1.897176e-10
3.471098e-10
8.634015e-10
2.273785e-10
1.159223e-09
1.613319e-10
7.066509e-10
1.069757e-09
8.530576e-10
7.409722e-10
1.405838e-09
4.962108e-09
1.081943e-08
5.868042e-09
3.576591e-08
1.952264e-09
3.612782e-09
1.717162e-08
7.000441e-10
7.131441e-10
3.961405e-09
8.025925e-10
4.799390e-09
1.404790e-08
1.938512e-08
1.396329e-09
8.952684e-09
1.753480e-07
3.510010e-09
6.744604e-10
1.399720e-09
4.608504e-10
4.295581e-10
5.362699e-10
5.950305e-10
3.993010e-09
3.908933e-09
3.825812e-09
5.144778e-09
9.766940e-09
4.627339e-09
1.013030e-09
2.367182e-09
3.209792e-09
2.584827e-09
4.249182e-09
1.410374e-09
2.782797e-09
1.069574e-08
5.685034e-09
2.861592e-10
3.699776e-09
2.045547e-08
1.856994e-08
7.776247e-09
3.042101e-08
1.153487e-07
1.473840e-08
3.061167e-09
7.367485e-09
2.311454e-08
6.337551e-10
1.136781e-09
1.206138e-08
2.969341e-08
1.207505e-08
1.376434e-08
1.167328e-07
5.866169e-08
2.289309e-08
1.453884e-09
1.542572e-08
7.397278e-08
5.921529e-08
7.053667e-09
2.908281e-08
4.498029e-07
9.146407e-09
1.346537e-08
4.137327e-08
2.057842e-07
4.935143e-08
5.707494e-10
2.830060e-07
6.668984e-10
6.971282e-10
4.259815e-09
1.704076e-08
5.449594e-09
2.500423e-09
3.802764e-08
2.434624e-08
6.101392e-09
5.387024e-08
2.897021e-08
7.087945e-08
2.349713e-08
1.066114e-07
2.164039e-08
1.155606e-07
7.779912e-08
1.110035e-07
4.537307e-07
8.605780e-08
1.546130e-07
4.581917e-08
1.039167e-07
3.426576e-07
7.045602e-08
9.535606e-08
7.691080e-08
3.866578e-08
2.642937e-09
3.708306e-05
3.690641e-09
2.811509e-08
2.573525e-08
4.173961e-09
1.891323e-08
1.486408e-08
7.210321e-06
1.140729e-07
4.945259e-09
1.061408e-08
7.505853e-07
1.036865e-06
2.547772e-08
4.239179e-08
2.430962e-07
1.870453e-08
3.099192e-08
2.814142e-08
2.030289e-07
2.176793e-07
8.972868e-09
9.418674e-09
9.561805e-08
2.142135e-08
1.387718e-08
8.332629e-07
1.422890e-08
3.409257e-09
1.164535e-08
4.928883e-08
5.183203e-08
1.172831e-08
1.274622e-09
7.077660e-11
7.017166e-09
2.622550e-09
1.880846e-09
3.668943e-09
2.182913e-10
5.954209e-10
2.710168e-10
1.768264e-09
8.089330e-09
2.585335e-09
8.337740e-10
2.505062e-09
1.982369e-08
9.595039e-09
9.312784e-09
3.141907e-09
6.770024e-10
7.716492e-10
1.590880e-10
8.731692e-10
1.983990e-10
1.511876e-10
2.223143e-10
8.287221e-09
4.026304e-09
5.434039e-09
1.257522e-09
3.998212e-10
2.874747e-10
7.981798e-11
2.501184e-10
5.586777e-10
1.821377e-10
8.711514e-10
7.970446e-10
5.363079e-10
3.366073e-10
1.551204e-09
2.330899e-10
8.290606e-10
2.775822e-10
9.213711e-10
8.044216e-10
5.384550e-10
3.366170e-10
1.551984e-09
2.336819e-10
8.290968e-10
2.775890e-10
9.213719e-10
8.044221e-10
5.384550e-10
3.366171e-10
1.551984e-09
2.336820e-10
8.290992e-10
2.775890e-10
9.213733e-10
8.044276e-10
5.384701e-10
3.367466e-10
1.563329e-09
2.352689e-10
8.537793e-10
2.798531e-10
9.468593e-10
1.147252e-09
1.117949e-09
3.388736e-10
6.658097e-10
1.320295e-09
9.808829e-09
5.235641e-09
3.835504e-08
7.399103e-09
1.275647e-08
3.433745e-08
1.119091e-08
1.539644e-09
8.271039e-09
1.903469e-09
2.462822e-09
2.055435e-08
1.908832e-08
1.578990e-09
4.730696e-09
2.160696e-07
1.827412e-08
2.298396e-09
2.945296e-09
1.003633e-09
4.219184e-10
4.476989e-10
3.427367e-10
1.170720e-09
8.953546e-10
4.256670e-09
7.294189e-09
1.188026e-08
6.133263e-09
1.585135e-09
1.269057e-09
1.493255e-09
1.599133e-09
5.106246e-09
2.685612e-09
3.283475e-09
4.094403e-09
5.917688e-09
1.284059e-09
2.923349e-09
1.867992e-08
2.058092e-08
4.867834e-09
1.417745e-08
1.104660e-07
4.632840e-08
1.115191e-08
5.050356e-09
1.841697e-08
1.342865e-09
1.563453e-09
1.359827e-08
1.191063e-08
1.411585e-08
2.769126e-08
1.321621e-07
1.619226e-07
3.547757e-08
5.255641e-09
2.727715e-09
7.861572e-08
7.910544e-08
5.149856e-08
1.236537e-08
1.464435e-07
6.314819e-09
1.538442e-08
7.418092e-08
2.948929e-07
2.163259e-07
4.893732e-09
1.414987e-09
6.668984e-10
2.553014e-06
5.274874e-09
2.237892e-08
7.120966e-09
2.296038e-09
2.125151e-08
1.114751e-08
3.373836e-08
9.147109e-08
4.698564e-08
2.514103e-08
3.226348e-08
8.937236e-08
2.509522e-08
6.860000e-08
1.383929e-07
8.109270e-08
5.187299e-07
6.370550e-08
1.194877e-07
7.852460e-08
1.132982e-07
5.085983e-07
1.302513e-07
1.830400e-07
1.656229e-07
3.150079e-07
1.532533e-08
6.799658e-05
1.125005e-08
2.138923e-08
4.785420e-08
5.256677e-09
5.887950e-08
5.018268e-09
5.546327e-06
1.528239e-07
5.531948e-08
7.054632e-09
3.575721e-07
8.850247e-07
3.562430e-08
1.355991e-07
2.039824e-07
1.693952e-08
1.671312e-08
2.601004e-08
1.679496e-07
2.856635e-07
5.829908e-08
4.001776e-08
1.235113e-07
1.102524e-07
2.154728e-08
1.216603e-06
9.018459e-09
5.605586e-09
3.466214e-08
1.011031e-07
6.791012e-08
3.965237e-08
4.160862e-09
1.237803e-08
6.911644e-09
2.612379e-09
1.887516e-09
4.452566e-09
9.346626e-10
7.810789e-10
1.323247e-10
2.478191e-09
8.575907e-09
1.814252e-09
1.889990e-09
1.850810e-08
2.137253e-08
7.718230e-09
1.177585e-08
1.563854e-08
2.823312e-09
1.705016e-09
4.997398e-10
9.885142e-10
6.475759e-10
5.519256e-10
5.347914e-10
8.543917e-09
1.617693e-09
6.099051e-09
8.079006e-09
1.707565e-09
6.036108e-10
1.794781e-10
2.867670e-10
6.283277e-10
4.107349e-10
9.193405e-10
1.144957e-09
7.970491e-10
6.396903e-10
2.579857e-09
4.388462e-10
1.472816e-09
4.468492e-10
1.098290e-09
1.254828e-09
8.077404e-10
6.398396e-10
2.582087e-09
4.490033e-10
1.473361e-09
4.469623e-10
1.098293e-09
1.254836e-09
8.077404e-10
6.398410e-10
2.582087e-09
4.490045e-10
1.473362e-09
4.469623e-10
1.098294e-09
1.254841e-09
8.077488e-10
6.399085e-10
2.586602e-09
4.499388e-10
1.488355e-09
4.481381e-10
1.099315e-09
1.614474e-09
1.319156e-09
5.493520e-10
2.982171e-09
1.661553e-09
8.543807e-09
4.262328e-09
3.854868e-08
1.012866e-08
2.781161e-08
6.766818e-08
1.496712e-08
1.455514e-08
1.651081e-08
2.025612e-09
4.599899e-09
1.916469e-08
1.967736e-08
3.134907e-09
4.243709e-09
2.246734e-07
2.840687e-08
6.549760e-09
1.234263e-08
6.445313e-09
1.079048e-09
8.929900e-10
4.684499e-10
1.026739e-09
7.866545e-10
3.238746e-09
4.742764e-09
1.371131e-08
1.055502e-08
2.331063e-09
3.609222e-09
3.654373e-09
1.148395e-09
4.362314e-09
4.233593e-09
4.868797e-09
6.792624e-09
6.342287e-09
7.956178e-10
4.362979e-09
1.867897e-08
1.716250e-08
8.943225e-09
6.431559e-09
1.143149e-07
3.708120e-08
6.318320e-09
4.628337e-08
2.518042e-08
1.183534e-09
1.566919e-09
3.238783e-08
1.409555e-08
9.152120e-09
3.688848e-08
1.370922e-07
1.748583e-07
7.770520e-08
1.511488e-08
3.938813e-09
8.763232e-08
5.559729e-08
8.279230e-08
5.981000e-08
7.521301e-08
3.036635e-09
1.449986e-08
7.820001e-08
3.225504e-07
2.631865e-07
8.385481e-08
5.047683e-09
2.127409e-09
6.971282e-10
5.274874e-09
4.319511e-04
9.842170e-09
3.275837e-09
2.735981e-08
9.233783e-09
7.565059e-09
1.251443e-07
2.839414e-07
2.354129e-08
1.235896e-08
9.156355e-08
4.821028e-08
4.109543e-08
2.015155e-07
7.726415e-08
5.150655e-07
7.554039e-08
1.173402e-07
5.438907e-08
1.228002e-07
6.585545e-07
1.715969e-07
2.837530e-07
2.520328e-07
4.612053e-07
2.057835e-07
2.373756e-04
4.427555e-08
2.600648e-08
5.609516e-08
9.301605e-09
9.893499e-08
1.767513e-08
4.286256e-06
1.549228e-07
2.737494e-07
2.047651e-08
3.055331e-07
5.708840e-07
3.419439e-08
2.398779e-07
2.244250e-07
2.626306e-08
2.421785e-08
4.283349e-08
1.600079e-07
3.378523e-07
1.909544e-07
6.980485e-08
2.921805e-07
1.436677e-07
6.619320e-08
2.171491e-06
1.125392e-08
2.073908e-08
4.477328e-08
1.412554e-07
1.184938e-07
4.253277e-08
3.288346e-08
3.535732e-08
2.000660e-09
1.904743e-09
1.715375e-09
4.349712e-09
9.020332e-10
8.140272e-10
6.558070e-11
8.800728e-10
3.793477e-09
2.199476e-09
2.521063e-09
1.929984e-08
1.011555e-08
6.997212e-09
1.199291e-08
1.278971e-08
3.304744e-09
1.946391e-09
6.288486e-10
9.996232e-10
6.346971e-10
7.196458e-10
4.192666e-10
2.231608e-09
1.342082e-09
6.054141e-09
5.728173e-09
1.965933e-09
7.820630e-10
1.680592e-10
2.538892e-10
3.300305e-10
3.587725e-10
6.053718e-10
9.056613e-10
6.997279e-10
5.435986e-10
2.690847e-09
4.026354e-10
1.274640e-09
4.312554e-10
7.622956e-10
1.058417e-09
7.241095e-10
5.438896e-10
2.697073e-09
4.205947e-10
1.275826e-09
4.315026e-10
7.623004e-10
1.058427e-09
7.241093e-10
5.438924e-10
2.697073e-09
4.205967e-10
1.275827e-09
4.315026e-10
7.623005e-10
1.058428e-09
7.241126e-10
5.439062e-10
2.699092e-09
4.206811e-10
1.283011e-09
4.317448e-10
7.627350e-10
1.117570e-09
1.068016e-09
5.152867e-10
3.085994e-09
1.071951e-09
3.524971e-09
2.091315e-09
2.706972e-08
9.876375e-09
2.863037e-08
6.919470e-08
2.029534e-08
1.823660e-08
2.939962e-08
1.720960e-09
4.312115e-09
1.781737e-08
3.639660e-09
2.953536e-09
5.126161e-09
1.539280e-07
2.810457e-08
7.429291e-09
8.751889e-09
8.014911e-09
2.009499e-09
8.072027e-10
4.042788e-10
6.010500e-10
3.552407e-10
8.839132e-10
2.299273e-09
7.527006e-09
6.489539e-09
3.686850e-09
3.015679e-09
2.164887e-09
9.473152e-10
1.713067e-09
2.895556e-09
3.875401e-09
5.266774e-09
4.998697e-09
8.922480e-10
3.332430e-09
1.216057e-08
1.056071e-08
8.410526e-09
6.793829e-09
1.585228e-08
2.036168e-08
8.398488e-09
3.114899e-08
1.717292e-08
3.681598e-09
4.665329e-09
2.994821e-08
1.168572e-08
9.059637e-09
3.327856e-08
1.079347e-07
1.616737e-07
7.731451e-08
1.758741e-08
5.891230e-09
5.739917e-08
3.873106e-08
9.110374e-08
4.701323e-08
4.723837e-08
1.965548e-09
9.269876e-09
6.573250e-08
2.967999e-07
2.527917e-07
9.714299e-08
8.756829e-09
1.842205e-09
2.508056e-09
4.259815e-09
2.237892e-08
9.842170e-09
6.121839e-04
2.503880e-08
9.033074e-09
1.002265e-08
1.239177e-07
6.668905e-08
1.799857e-08
2.612983e-07
3.686526e-08
3.094979e-08
4.684629e-08
1.883746e-07
5.316000e-08
4.018344e-07
5.788616e-08
7.808102e-08
3.802382e-08
1.293408e-07
5.642777e-07
1.925441e-07
3.894576e-07
2.854653e-07
5.430900e-07
2.641521e-07
4.512306e-04
7.584723e-08
5.178808e-08
4.614404e-08
1.472533e-08
1.329373e-07
2.163477e-08
4.629747e-06
8.033445e-08
3.820893e-07
2.545337e-08
1.509365e-07
2.330786e-07
2.697651e-08
2.378379e-07
1.533960e-07
3.489702e-08
3.371026e-08
4.188516e-08
8.898688e-08
2.773662e-07
3.060448e-07
1.013764e-07
2.885765e-07
1.561202e-07
7.763136e-08
3.155965e-06
1.192529e-08
3.389619e-08
4.947129e-08
1.296049e-07
1.181254e-07
4.311892e-08
3.608985e-08
5.593407e-08
3.098508e-09
1.832420e-08
6.684827e-10
4.106120e-09
8.745110e-10
6.972499e-10
6.847360e-11
3.680265e-10
9.260356e-10
1.781524e-09
1.832041e-09
1.962830e-08
7.898390e-09
5.794724e-09
1.097968e-08
1.266659e-08
3.307741e-09
3.303541e-09
1.121535e-09
8.379488e-10
7.239677e-10
8.125209e-10
8.316580e-10
5.174991e-10
6.090937e-10
5.062334e-09
5.803328e-09
1.988492e-09
1.091495e-09
3.372599e-10
1.467748e-10
2.809045e-10
3.670657e-10
3.997963e-10
5.361348e-10
6.106613e-10
4.953090e-10
2.321805e-09
5.169411e-10
9.619170e-10
5.764726e-10
6.075215e-10
6.798317e-10
6.655013e-10
4.994122e-10
2.334185e-09
6.489596e-10
9.638604e-10
5.774434e-10
6.075383e-10
6.798517e-10
6.655011e-10
4.994231e-10
2.334186e-09
6.489744e-10
9.638605e-10
5.774436e-10
6.075383e-10
6.798517e-10
6.655014e-10
4.994269e-10
2.334546e-09
6.490024e-10
9.643832e-10
5.775554e-10
6.078086e-10
6.858747e-10
6.993798e-10
5.276651e-10
2.922928e-09
1.120067e-09
1.278029e-09
8.875221e-10
5.341175e-09
9.316166e-09
2.702389e-08
6.198179e-08
2.509314e-08
2.201868e-08
4.169995e-08
3.004418e-09
3.631095e-09
1.209265e-08
2.278431e-09
2.341822e-09
1.564264e-09
1.009743e-07
2.889532e-08
7.770820e-09
8.124650e-09
8.911585e-09
1.412961e-09
1.528039e-09
6.132219e-10
2.844341e-10
3.968746e-10
1.129090e-09
9.048461e-10
3.731525e-09
3.906303e-09
2.121142e-09
2.941722e-09
3.447356e-09
9.307991e-10
1.197171e-09
3.117811e-09
2.369272e-09
3.975902e-09
4.244572e-09
1.100985e-09
2.302778e-09
8.301898e-09
6.894791e-09
7.562399e-09
7.739077e-09
8.023915e-09
1.275426e-08
3.811553e-09
1.660254e-08
1.701238e-08
1.420000e-08
4.291637e-09
4.571000e-08
8.501153e-09
1.060183e-08
4.135685e-08
3.544111e-08
1.297809e-07
6.948572e-08
1.854913e-08
7.224263e-09
3.510710e-08
3.014767e-08
9.727478e-08
4.910914e-08
1.818279e-08
3.120927e-09
6.072317e-09
4.276174e-08
1.868903e-07
2.319069e-07
1.029082e-07
1.171966e-08
4.437127e-09
5.920621e-09
5.309559e-09
1.704076e-08
7.120966e-09
3.275837e-09
2.503880e-08
1.294993e-03
1.395566e-08
1.044355e-07
6.351910e-08
1.087797e-08
1.043145e-08
2.745146e-08
3.335039e-07
1.889163e-08
2.067809e-07
6.354676e-08
1.527532e-07
4.587534e-08
6.452208e-08
2.564200e-08
8.716708e-08
4.081553e-07
2.292254e-07
3.563419e-07
2.902623e-07
6.288492e-07
2.894634e-07
7.503436e-04
2.457495e-07
1.030952e-07
3.851520e-08
1.438041e-08
1.529738e-07
3.796315e-08
4.738650e-06
6.619018e-08
4.959471e-07
2.694909e-08
8.828843e-08
7.615155e-08
1.596296e-08
2.518105e-07
7.443926e-08
3.498391e-08
6.104456e-08
4.601452e-08
4.829021e-08
1.761050e-07
5.004450e-07
1.109236e-07
3.012297e-07
1.661506e-07
9.703407e-08
4.788583e-06
1.834261e-08
5.178279e-08
5.404492e-08
1.411805e-07
9.266461e-08
3.721065e-08
3.724459e-08
8.677191e-08
7.905285e-09
4.362717e-08
1.465250e-08
2.036738e-09
8.293508e-10
6.644339e-10
7.998630e-11
4.578709e-10
1.756458e-10
3.171999e-10
2.449786e-09
2.635853e-08
4.628609e-09
1.075320e-08
1.294996e-08
1.111704e-08
3.180431e-09
5.854113e-09
9.540469e-09
4.290558e-10
8.115526e-10
2.122319e-09
1.461941e-09
1.182696e-09
1.660818e-10
1.894898e-09
6.277512e-09
1.766676e-09
1.598950e-09
2.556949e-09
1.599304e-10
1.690578e-10
1.024453e-09
6.760435e-10
5.512084e-10
3.632792e-10
4.449591e-10
2.471921e-09
6.484667e-10
1.528951e-09
8.470637e-10
1.344904e-09
8.590752e-10
5.093859e-10
4.537706e-10
2.562970e-09
1.061684e-09
1.546707e-09
8.497870e-10
1.345073e-09
8.592250e-10
5.093845e-10
4.538060e-10
2.562973e-09
1.061731e-09
1.546707e-09
8.497875e-10
1.345073e-09
8.592249e-10
5.093845e-10
4.538067e-10
2.563203e-09
1.061736e-09
1.546915e-09
8.497921e-10
1.345172e-09
8.606300e-10
5.165172e-10
4.674615e-10
3.455398e-09
1.446511e-09
1.390948e-09
1.961717e-09
2.388408e-09
4.419026e-09
2.371882e-08
5.003148e-08
2.674859e-08
3.047646e-08
8.336511e-08
7.819451e-09
1.349158e-08
3.738683e-09
1.575036e-09
2.377548e-09
5.854954e-10
5.437200e-08
2.413678e-08
7.731303e-09
1.032387e-08
1.061087e-08
1.707655e-09
7.442096e-09
1.675930e-09
5.996271e-10
5.993180e-10
1.133394e-09
2.685042e-09
1.261613e-08
4.499154e-09
1.694363e-09
5.642454e-09
4.372048e-09
1.665124e-09
3.914482e-09
1.134873e-08
3.468171e-09
3.651549e-09
4.118888e-09
2.581502e-09
3.860103e-09
4.466568e-09
9.230929e-09
1.118006e-08
8.775731e-09
7.372841e-09
1.624232e-08
4.740850e-09
2.644200e-08
1.008791e-08
1.840524e-09
1.992294e-08
7.907167e-08
1.585899e-08
1.710639e-08
8.601374e-08
1.762154e-08
4.566005e-08
6.493825e-08
2.083609e-08
5.887624e-09
3.154651e-08
3.104849e-08
1.363560e-07
5.989281e-08
1.043611e-08
3.663277e-09
3.563397e-08
1.172721e-08
8.451995e-08
1.564412e-07
1.171337e-07
1.201462e-08
6.610457e-09
7.728708e-08
1.761779e-08
2.466158e-08
5.449594e-09
2.296038e-09
2.735981e-08
9.033074e-09
1.395566e-08
2.008575e-03
9.000572e-08
1.001231e-08
1.161597e-08
2.406266e-08
1.530051e-08
1.729196e-08
9.381350e-07
1.835170e-07
1.758811e-07
5.508646e-08
9.943961e-08
2.676586e-08
1.009860e-07
2.871864e-07
2.085044e-07
4.859051e-07
3.246544e-07
6.232419e-07
3.296848e-07
1.275722e-03
1.131289e-06
8.251866e-07
3.247362e-08
1.879196e-08
2.653519e-07
3.825481e-08
6.349298e-06
4.846310e-08
1.429921e-06
4.686689e-08
1.291201e-07
4.111837e-08
9.991711e-09
3.624173e-07
5.997564e-08
5.561844e-08
1.330604e-07
7.339806e-08
5.290180e-08
1.619909e-07
1.191359e-06
2.303518e-07
3.388095e-07
1.603880e-07
1.529633e-07
1.184263e-05
4.456392e-08
1.299098e-07
5.903081e-08
1.813046e-07
1.697545e-07
1.578317e-08
4.146233e-08
1.574249e-07
2.096945e-08
3.624708e-07
4.351642e-08
8.409520e-09
1.837175e-10
3.220719e-10
6.261250e-11
4.143375e-10
3.838228e-10
3.402969e-10
4.193507e-10
3.738641e-09
7.883219e-09
3.199512e-08
3.143908e-08
3.546863e-09
2.024948e-09
8.543193e-09
1.623989e-08
2.727566e-09
9.979395e-10
3.576332e-09
5.260935e-09
1.398240e-09
1.143657e-09
9.979278e-10
6.232919e-10
3.376499e-09
4.389980e-09
3.518068e-09
8.652495e-10
2.381992e-10
1.599217e-09
2.962710e-09
4.316826e-10
5.499467e-10
6.517360e-10
1.208955e-09
1.067489e-09
1.484863e-09
5.297251e-09
2.367293e-09
1.628018e-09
1.139286e-09
5.833097e-10
1.356163e-09
3.226307e-09
1.530197e-09
5.338126e-09
2.367787e-09
1.628974e-09
1.139277e-09
5.834976e-10
1.356167e-09
3.226549e-09
1.530198e-09
5.338134e-09
2.367787e-09
1.628974e-09
1.139277e-09
5.834979e-10
1.356187e-09
3.226552e-09
1.530224e-09
5.338136e-09
2.367787e-09
1.629408e-09
1.140332e-09
5.871437e-10
1.451706e-09
3.508114e-09
1.650954e-09
6.640327e-09
3.661165e-09
1.436547e-09
4.989811e-09
2.551783e-08
2.865280e-08
3.329045e-08
9.676138e-08
1.822593e-08
2.678491e-08
2.313666e-08
7.111835e-10
1.686736e-09
1.804530e-09
3.579792e-09
7.388415e-09
4.436131e-08
6.933246e-09
8.397801e-09
4.623748e-09
1.521450e-08
8.776442e-09
2.077758e-09
2.827212e-09
7.465413e-09
9.363586e-10
1.231150e-09
2.622342e-08
1.239284e-07
1.037045e-08
5.316880e-09
1.268478e-08
1.382371e-08
3.277724e-08
6.897006e-09
5.884245e-09
1.441092e-08
1.011293e-08
3.650912e-09
6.239991e-09
1.919029e-08
3.820665e-08
1.171169e-08
2.130004e-09
1.936563e-08
6.558023e-08
4.702082e-09
1.733909e-08
2.289694e-08
2.147962e-08
2.504342e-07
2.523746e-08
4.717841e-08
1.335133e-07
1.385803e-08
1.366529e-08
4.119640e-08
1.842260e-08
5.072326e-09
2.028062e-08
6.061276e-08
2.505694e-07
7.666970e-08
8.977711e-09
6.144982e-09
5.409734e-08
2.318818e-08
1.887667e-08
4.625521e-07
1.121967e-07
1.376097e-08
6.354195e-09
1.296025e-07
2.954296e-07
5.134871e-08
7.750671e-09
2.500423e-09
2.125151e-08
9.233783e-09
1.002265e-08
1.044355e-07
9.000572e-08
1.456293e-02
2.505346e-07
1.185833e-08
5.871822e-09
3.558437e-08
3.337262e-07
7.463840e-08
3.721990e-06
4.398991e-07
9.102429e-07
4.734724e-08
7.510361e-08
1.363001e-07
3.445502e-07
8.450740e-07
2.518802e-07
5.660360e-07
3.467234e-07
1.598947e-03
1.672715e-06
2.039238e-06
6.976137e-08
5.279227e-08
5.867572e-07
4.087947e-08
7.270384e-06
2.001298e-08
1.969005e-06
1.870704e-07
1.652653e-07
3.727564e-08
4.721144e-09
6.202366e-07
9.128696e-08
1.733767e-07
2.135462e-07
8.816907e-08
1.332970e-08
1.553590e-07
3.340908e-06
4.181003e-07
3.727131e-07
1.182433e-07
2.431842e-07
1.995208e-05
1.504216e-07
2.218721e-07
1.150977e-07
2.452061e-07
3.066955e-07
2.667423e-08
2.499616e-08
2.340698e-07
3.867685e-08
7.340094e-07
2.041793e-07
2.050090e-08
2.972382e-09
8.807811e-11
6.462553e-11
4.009343e-10
9.161410e-10
2.278828e-09
2.382781e-10
1.818059e-09
2.810322e-09
1.021374e-08
4.731030e-08
3.469121e-08
2.464357e-09
9.264364e-09
3.721092e-08
5.616970e-09
3.924076e-09
1.426500e-08
1.029847e-08
5.975451e-09
1.371281e-09
3.829993e-09
6.426690e-10
5.479667e-10
1.561757e-09
7.150750e-09
4.269374e-09
9.391019e-10
6.798828e-09
5.584974e-09
2.369239e-09
4.727888e-10
5.778428e-10
2.905566e-09
2.488037e-09
2.986011e-09
7.601152e-09
8.279215e-09
2.610080e-09
2.358358e-09
7.713776e-10
2.704996e-09
1.001148e-08
3.380256e-09
7.735938e-09
8.286520e-09
2.612989e-09
2.358255e-09
7.734975e-10
2.705020e-09
1.001232e-08
3.380265e-09
7.735964e-09
8.286522e-09
2.612988e-09
2.358255e-09
7.734994e-10
2.705023e-09
1.001232e-08
3.380277e-09
7.735969e-09
8.286527e-09
2.613039e-09
2.358554e-09
7.742724e-10
2.723922e-09
1.010378e-08
3.686800e-09
8.877937e-09
9.519868e-09
4.571116e-09
5.927647e-09
9.775016e-09
2.789045e-08
3.177768e-08
1.039242e-07
3.973132e-08
7.434159e-08
9.555523e-08
3.251036e-09
1.261912e-09
4.443689e-09
2.271935e-09
1.419266e-09
6.652116e-09
1.652649e-08
6.370067e-08
5.854200e-09
2.701634e-08
3.370439e-08
9.106776e-09
1.089505e-08
6.872451e-08
8.349824e-09
7.615976e-09
2.732758e-09
1.168018e-08
2.729236e-07
4.488387e-07
3.884116e-08
4.097602e-08
1.397457e-07
3.704092e-08
4.526875e-09
1.311299e-08
3.236741e-08
5.411616e-08
2.415101e-08
3.091856e-08
7.626798e-08
7.563227e-08
3.143173e-09
1.351420e-08
1.637349e-07
2.743860e-08
4.431622e-08
8.070641e-08
5.549597e-08
4.878412e-07
1.097692e-07
7.199651e-08
5.165658e-07
3.112795e-08
5.827801e-09
3.096269e-08
2.788091e-08
3.060398e-08
1.968043e-08
1.059633e-07
5.468831e-07
1.587043e-07
4.167165e-08
9.860989e-09
1.310087e-07
4.008178e-08
4.828798e-08
1.293271e-07
5.079459e-07
5.651715e-07
5.527466e-08
1.773660e-07
6.970265e-07
4.884540e-07
1.839239e-08
7.008953e-09
3.802764e-08
1.114751e-08
7.565059e-09
1.239177e-07
6.351910e-08
1.001231e-08
2.505346e-07
2.767152e-02
3.217087e-07
4.468296e-08
6.746763e-07
1.678737e-07
1.674635e-08
1.442824e-07
1.317819e-05
5.296037e-07
3.649940e-06
1.415971e-07
3.664160e-07
6.474452e-07
7.121080e-07
2.085792e-06
2.557136e-07
2.166534e-03
2.470227e-06
4.106969e-06
2.841345e-07
5.011285e-07
1.833433e-06
7.072808e-08
1.258663e-05
1.991740e-08
4.293561e-06
1.893012e-07
6.190632e-07
1.587490e-07
1.691143e-08
2.272235e-06
2.738059e-07
1.578248e-07
4.747108e-07
9.788060e-07
3.969579e-08
2.007657e-07
7.170019e-06
1.269373e-06
2.063737e-06
2.251060e-07
3.248439e-07
3.955780e-05
3.026609e-07
6.091198e-07
3.363627e-07
5.918600e-07
5.664829e-07
4.131941e-08
1.113218e-07
4.520138e-07
7.216613e-08
1.535415e-06
4.931881e-07
1.366761e-07
6.523749e-09
1.304391e-06
4.062365e-11
3.858619e-10
9.254643e-10
5.081843e-09
1.428411e-09
1.474527e-09
1.433892e-09
1.220489e-08
3.943099e-08
6.557303e-09
1.443702e-08
4.190974e-08
5.184498e-08
7.897053e-09
6.082033e-09
3.738036e-08
2.057742e-08
1.282659e-08
2.076896e-09
4.511846e-09
1.556820e-09
1.208749e-09
2.462670e-09
4.385197e-09
1.444209e-09
4.288663e-09
1.883251e-08
1.240542e-08
3.824695e-09
3.075409e-10
1.154782e-09
2.057187e-09
2.611060e-09
6.001047e-09
1.110845e-08
9.534273e-09
5.050161e-09
2.239119e-09
1.843291e-09
2.644440e-09
1.198115e-08
7.503976e-09
1.243823e-08
9.559501e-09
5.093803e-09
2.238792e-09
1.869878e-09
2.644708e-09
1.198963e-08
7.504009e-09
1.243848e-08
9.559508e-09
5.093777e-09
2.238792e-09
1.869901e-09
2.644711e-09
1.198963e-08
7.504015e-09
1.243848e-08
9.559509e-09
5.093861e-09
2.238932e-09
1.872174e-09
2.653090e-09
1.203440e-08
7.588764e-09
1.405147e-08
1.057127e-08
5.585722e-09
3.882504e-09
1.755990e-08
4.132675e-08
3.295862e-08
9.890548e-08
4.307034e-08
1.239657e-07
2.695436e-07
7.550960e-09
6.024380e-09
5.822222e-09
5.002431e-09
2.267252e-09
5.795701e-09
3.612871e-09
1.430542e-08
2.018575e-08
1.006603e-07
3.795843e-08
1.858374e-08
3.390198e-08
3.447052e-07
4.261528e-08
1.175066e-08
1.856144e-08
7.094910e-08
9.322068e-09
4.090302e-08
5.665779e-07
9.189141e-07
2.899114e-07
5.666502e-08
3.546707e-08
2.928624e-08
3.325278e-08
2.680949e-08
5.802915e-08
1.754733e-07
1.291454e-07
4.857462e-08
3.909796e-08
7.550747e-08
2.113232e-07
2.085480e-08
5.180671e-09
4.433616e-08
1.203380e-06
9.010872e-07
1.690281e-07
1.718150e-07
6.901571e-07
1.102985e-07
4.367340e-09
5.747660e-08
4.905182e-08
4.186815e-09
3.293984e-08
1.609583e-07
1.000400e-06
3.526790e-07
2.148803e-08
2.875705e-08
3.291065e-07
5.860375e-08
1.170157e-07
2.529308e-07
1.199293e-07
3.101366e-08
4.889948e-07
1.054707e-06
8.871175e-07
9.744428e-07
1.031673e-07
1.682907e-08
1.288290e-07
2.434624e-08
3.373836e-08
1.251443e-07
6.668905e-08
1.087797e-08
1.161597e-08
1.185833e-08
3.217087e-07
4.136031e-02
1.294433e-06
2.666278e-07
7.323808e-09
1.891166e-07
5.996356e-07
2.509914e-07
2.200913e-05
7.618097e-07
7.779384e-06
7.878039e-07
2.226058e-07
9.430041e-07
1.778665e-06
3.163220e-03
3.084564e-06
7.742686e-06
6.239138e-07
2.778602e-06
1.798667e-05
1.917629e-07
3.078281e-05
3.941356e-08
9.484346e-06
4.103496e-07
1.306066e-06
2.160980e-07
6.256044e-08
1.097781e-05
1.266469e-06
9.673766e-07
1.223978e-06
5.601959e-07
8.495441e-07
2.031540e-06
2.253331e-05
2.896430e-06
2.444829e-06
5.272317e-07
2.915130e-06
7.365075e-05
3.925429e-07
1.550652e-06
1.060299e-06
1.999617e-06
1.715904e-06
5.290242e-08
2.391212e-07
3.003067e-06
1.552294e-07
3.461921e-06
8.184939e-07
4.279199e-07
2.017118e-08
3.877626e-06
7.012301e-08
2.677324e-10
9.026958e-10
5.063313e-09
2.094825e-09
2.280944e-09
4.898547e-10
5.923733e-09
3.331799e-08
8.531326e-09
5.003557e-09
1.171937e-08
7.748621e-08
3.863108e-08
7.433419e-09
3.694059e-08
2.430190e-08
1.950642e-08
2.074281e-09
5.604331e-09
1.979535e-09
1.236910e-09
1.950426e-09
3.382574e-09
2.505178e-09
1.283901e-09
1.583820e-08
1.711564e-08
7.002376e-09
2.086652e-10
8.593322e-10
1.480147e-09
2.924860e-09
3.990092e-09
9.892664e-09
1.193908e-08
6.214118e-09
2.280918e-09
2.573559e-09
2.091788e-09
1.432801e-08
5.403980e-09
1.159914e-08
1.202956e-08
6.309095e-09
2.280265e-09
2.622076e-09
2.092436e-09
1.434826e-08
5.404051e-09
1.159944e-08
1.202958e-08
6.309039e-09
2.280266e-09
2.622119e-09
2.092437e-09
1.434827e-08
5.404055e-09
1.159944e-08
1.202958e-08
6.309065e-09
2.280324e-09
2.622353e-09
2.098243e-09
1.438385e-08
5.404548e-09
1.212748e-08
1.298466e-08
7.093487e-09
2.444281e-09
1.271914e-08
1.868964e-08
3.214458e-08
1.146811e-07
4.571069e-08
1.243363e-07
2.984469e-07
2.454017e-08
1.339380e-08
8.496835e-09
9.459784e-09
3.361993e-09
5.264735e-09
2.363816e-09
7.856407e-09
3.894676e-09
5.017812e-08
6.567014e-08
7.471433e-08
2.207937e-08
4.338759e-07
9.622785e-08
1.120831e-08
9.717743e-09
2.185664e-08
3.068953e-08
1.252002e-07
1.351653e-08
8.207893e-08
9.365624e-07
9.473519e-07
5.236488e-08
2.667925e-08
1.071884e-07
1.798976e-08
1.488738e-08
8.906508e-08
1.635210e-07
1.771413e-07
2.255449e-08
1.292219e-08
2.815265e-07
8.747164e-08
8.898280e-09
5.513909e-09
3.862272e-08
9.723577e-07
1.292080e-06
2.209544e-07
8.923529e-07
2.687378e-07
1.153240e-08
2.825000e-08
9.582400e-08
2.898507e-08
1.257980e-08
1.261020e-07
1.104365e-06
4.916225e-07
3.044567e-08
2.753686e-08
3.342277e-07
1.293470e-07
2.199227e-07
2.604730e-07
1.694839e-07
1.007784e-07
3.695942e-09
1.731497e-07
1.337090e-06
1.856394e-06
2.058550e-07
3.712902e-08
1.501610e-07
1.412171e-07
6.101392e-09
9.147109e-08
2.839414e-07
1.799857e-08
1.043145e-08
2.406266e-08
5.871822e-09
4.468296e-08
1.294433e-06
4.367240e-02
4.257071e-07
1.545770e-07
5.507720e-07
2.054422e-06
2.881084e-07
4.909308e-07
2.320368e-05
1.706478e-06
7.666205e-06
1.051940e-06
3.839156e-07
3.304391e-03
5.943055e-06
1.271218e-05
8.150582e-07
4.917248e-06
5.155013e-05
3.744892e-07
6.938017e-05
1.096419e-07
9.002912e-06
6.194806e-07
3.966138e-06
3.531934e-07
1.857172e-07
1.203137e-05
3.292989e-06
7.586815e-07
1.449262e-06
2.040409e-06
7.657278e-08
2.733463e-07
2.878404e-05
7.926762e-06
4.540185e-06
2.221113e-07
9.291585e-07
8.021805e-05
2.653371e-06
2.751127e-06
1.177680e-06
4.892227e-06
3.090738e-06
9.020827e-08
4.639461e-07
6.003719e-06
1.673858e-07
3.778589e-06
8.890392e-07
7.991609e-07
3.154664e-08
7.844577e-06
1.704301e-07
1.791749e-07
6.787255e-10
4.891230e-09
2.071865e-09
2.572301e-09
3.936955e-10
1.892415e-09
1.229203e-08
3.728388e-09
3.654984e-09
9.907444e-09
7.445841e-08
1.050265e-08
1.418773e-08
5.398003e-08
2.202225e-08
3.772677e-08
1.345650e-09
6.228664e-09
1.952523e-09
1.389356e-09
4.016705e-09
1.047242e-09
9.729066e-10
1.493057e-09
1.591117e-08
1.295079e-08
9.343279e-09
6.770141e-10
9.391446e-10
1.077408e-09
1.753032e-09
3.030151e-09
6.468370e-09
8.149050e-09
4.820588e-09
4.043371e-09
5.551854e-09
1.465968e-09
1.542116e-08
4.295589e-09
7.787907e-09
8.516485e-09
4.982534e-09
4.050104e-09
5.724649e-09
1.466884e-09
1.545562e-08
4.295706e-09
7.788273e-09
8.516501e-09
4.982442e-09
4.050107e-09
5.724799e-09
1.466884e-09
1.545563e-08
4.295707e-09
7.788273e-09
8.516501e-09
4.982454e-09
4.050119e-09
5.724808e-09
1.467386e-09
1.548030e-08
4.296975e-09
7.905753e-09
8.661256e-09
5.483427e-09
3.954951e-09
1.340082e-08
8.049260e-09
1.127055e-08
2.773406e-08
4.643068e-08
1.624961e-07
3.107092e-07
2.459853e-08
3.217051e-08
1.264025e-08
3.195989e-08
4.062578e-09
3.940010e-09
2.142613e-09
4.613527e-09
3.434062e-09
3.761823e-08
3.898695e-08
4.940011e-08
3.966482e-08
4.750214e-07
1.017079e-07
7.317424e-09
2.097561e-08
1.906879e-08
9.204276e-09
1.683041e-08
3.333293e-08
1.687929e-07
2.392547e-07
9.396545e-08
6.900441e-07
8.185064e-07
1.019039e-07
9.897487e-09
4.766895e-08
7.060345e-08
1.050047e-07
6.422960e-08
5.147846e-08
1.280376e-07
2.089800e-07
2.406372e-08
7.891007e-08
6.503154e-08
4.693299e-08
6.742354e-07
1.340484e-07
2.281482e-07
1.964956e-06
4.560975e-07
7.795128e-08
5.892866e-08
9.942356e-08
1.322382e-08
2.407725e-08
1.187917e-07
9.813925e-07
4.539794e-07
6.203311e-08
6.382632e-08
4.888413e-07
5.627235e-08
2.418629e-07
3.194597e-07
1.667099e-07
4.876437e-07
1.091246e-08
1.094152e-07
6.582492e-07
9.900152e-07
6.514942e-07
7.109238e-07
3.216606e-07
1.648221e-07
1.746478e-08
5.387024e-08
4.698564e-08
2.354129e-08
2.612983e-07
2.745146e-08
1.530051e-08
3.558437e-08
6.746763e-07
2.666278e-07
4.257071e-07
4.370307e-02
8.291330e-07
5.312559e-07
2.481145e-07
2.146129e-06
6.554073e-07
1.242329e-06
2.272205e-05
1.532928e-06
8.459186e-06
3.371350e-03
3.244717e-06
1.245974e-05
3.380498e-06
7.540737e-06
6.737678e-05
6.541323e-07
1.159768e-04
2.120522e-07
1.148540e-05
5.711738e-07
3.663651e-06
5.534455e-07
1.459907e-06
1.774246e-05
3.428020e-06
7.174985e-07
1.455917e-06
1.682116e-06
1.267032e-07
9.790742e-07
2.451211e-05
6.365172e-06
1.132654e-05
1.936829e-06
8.935586e-07
8.096147e-05
4.347308e-07
3.461108e-06
3.366001e-06
5.473007e-06
4.831088e-06
1.358410e-07
7.516113e-07
9.195106e-06
2.056886e-07
3.883200e-06
7.494175e-07
8.293552e-07
6.626976e-08
1.056514e-05
2.779762e-07
3.673279e-07
1.023384e-08
3.377649e-09
1.954469e-09
2.482058e-09
1.905256e-10
1.194202e-09
1.034413e-09
1.548396e-09
1.249477e-09
3.434512e-09
5.541336e-08
1.147099e-08
5.423963e-09
2.509168e-08
1.833356e-08
4.722080e-08
1.897205e-09
4.490713e-09
1.702848e-09
1.309088e-09
4.435523e-09
8.162097e-10
7.491505e-10
2.603937e-10
9.588099e-09
9.563950e-09
9.613119e-09
3.930127e-10
1.430144e-09
3.031210e-10
1.348413e-09
1.544469e-09
2.813875e-09
2.241289e-09
3.225410e-09
8.897594e-10
5.072518e-09
2.514275e-09
7.701081e-09
2.859012e-09
4.747162e-09
2.276278e-09
3.405320e-09
9.041234e-10
5.510558e-09
2.518870e-09
7.739039e-09
2.859326e-09
4.747802e-09
2.276305e-09
3.405197e-09
9.041311e-10
5.510940e-09
2.518871e-09
7.739051e-09
2.859326e-09
4.747802e-09
2.276305e-09
3.405198e-09
9.041325e-10
5.510941e-09
2.518987e-09
7.739970e-09
2.859695e-09
4.763386e-09
2.292061e-09
3.480139e-09
1.149675e-09
1.124884e-08
4.820145e-09
5.431835e-09
4.069188e-09
1.008070e-08
7.586070e-08
2.863194e-07
6.490302e-08
4.353672e-08
9.884751e-09
7.025622e-08
1.448572e-08
7.921174e-10
1.496075e-09
4.012329e-09
2.057139e-09
2.475713e-08
2.880640e-08
2.189581e-08
1.078711e-08
4.255791e-07
1.293207e-07
7.597798e-09
6.942714e-09
1.103755e-08
1.080911e-08
2.295421e-08
7.249931e-09
2.440288e-08
1.726922e-07
1.693274e-07
2.240462e-08
5.927208e-08
5.092126e-07
4.807592e-07
1.590435e-08
4.765910e-08
8.950443e-08
2.482565e-08
1.022784e-08
1.957128e-08
1.162148e-07
1.102625e-07
1.091442e-08
3.517083e-09
1.190011e-07
6.494943e-07
2.850444e-08
6.790716e-08
4.446554e-07
5.026425e-07
1.144698e-06
4.615717e-08
1.615717e-07
2.295906e-08
4.874294e-08
4.377909e-08
7.065952e-07
4.200798e-07
1.575413e-08
4.831488e-08
6.312128e-07
5.076179e-08
3.044249e-07
1.555432e-07
1.123553e-07
8.421460e-07
8.925075e-09
4.830219e-08
2.929912e-07
6.461652e-07
1.582083e-07
4.493534e-08
4.852864e-07
6.868771e-07
1.921433e-08
8.715597e-09
2.897021e-08
2.514103e-08
1.235896e-08
3.686526e-08
3.335039e-07
1.729196e-08
3.337262e-07
1.678737e-07
7.323808e-09
1.545770e-07
8.291330e-07
4.373478e-02
3.557929e-07
1.902657e-06
4.277206e-07
2.726760e-06
1.839461e-07
1.747975e-06
2.186794e-05
3.383993e-03
1.347661e-05
1.321384e-05
1.092851e-06
6.544175e-06
8.000186e-05
1.503472e-06
2.126590e-04
6.628725e-07
1.677078e-05
5.950814e-07
3.999652e-06
6.388362e-07
9.589081e-07
2.156150e-05
4.947076e-06
6.889765e-07
1.494579e-06
1.916632e-06
1.297143e-07
2.699055e-07
2.388634e-05
7.054952e-06
9.134054e-06
2.476194e-07
5.027392e-06
8.391539e-05
2.980351e-07
3.511278e-06
1.314888e-06
6.677923e-06
7.090096e-06
2.202061e-07
1.071325e-06
1.566517e-05
2.413179e-07
4.220708e-06
5.534974e-07
8.129238e-07
4.158985e-08
1.627582e-05
3.203342e-07
1.138466e-06
2.120532e-08
1.570472e-08
1.032322e-09
1.946108e-09
1.647729e-10
4.891318e-10
1.324922e-09
3.132926e-10
2.903514e-10
1.165502e-08
5.009335e-08
7.642689e-09
1.056941e-08
1.041188e-08
5.556840e-09
4.250471e-08
5.201649e-09
5.626584e-08
2.039847e-09
6.972574e-10
1.584378e-08
2.253665e-10
9.731257e-09
1.052209e-10
1.805439e-09
2.611196e-09
6.630828e-09
7.482760e-10
1.987576e-08
3.734057e-10
2.764838e-10
3.386072e-09
4.332364e-10
8.873432e-10
8.387813e-10
6.888224e-10
8.303508e-09
8.676762e-10
1.071412e-08
7.992305e-10
3.681829e-09
1.072631e-09
1.321497e-09
7.238160e-10
1.190181e-08
8.842813e-10
1.095808e-08
8.000450e-10
3.685739e-09
1.072789e-09
1.320994e-09
7.238622e-10
1.190496e-08
8.842854e-10
1.095816e-08
8.000452e-10
3.685739e-09
1.072789e-09
1.320994e-09
7.238624e-10
1.190496e-08
8.843032e-10
1.095870e-08
8.000442e-10
3.692414e-09
1.075517e-09
1.355285e-09
7.861492e-10
1.749863e-08
1.467118e-09
8.792844e-09
1.711016e-09
3.378640e-09
1.254524e-08
2.352620e-07
2.846265e-08
6.053420e-08
6.209773e-08
3.619612e-07
2.968265e-08
4.561287e-09
3.805956e-09
2.742342e-09
1.595094e-08
2.737383e-09
9.536745e-08
2.606787e-08
7.830182e-09
2.110003e-07
1.395257e-07
3.652521e-08
3.961238e-08
1.600722e-08
8.576869e-09
8.624105e-09
1.632654e-08
1.955808e-07
7.234702e-08
8.676702e-08
1.469868e-07
2.748288e-07
1.281901e-07
1.825523e-08
2.695902e-07
2.818236e-07
3.171690e-08
2.340433e-08
7.708496e-08
1.954576e-08
8.850610e-08
2.017634e-08
3.526088e-08
6.220138e-08
8.143726e-08
5.115608e-07
1.100637e-07
2.090688e-08
1.181106e-06
4.728221e-07
5.305627e-08
1.507828e-07
2.982410e-07
9.595435e-08
2.492849e-07
6.049328e-08
7.603103e-07
2.560570e-07
1.591367e-08
1.060705e-07
7.088134e-07
1.173367e-07
9.123843e-07
1.194454e-07
8.572793e-08
1.247213e-06
8.569858e-09
3.702034e-07
6.424870e-08
2.208016e-07
5.371442e-07
5.023553e-08
4.413811e-07
4.762431e-07
5.774539e-07
1.758404e-08
7.491479e-08
7.087945e-08
3.226348e-08
9.156355e-08
3.094979e-08
1.889163e-08
9.381350e-07
7.463840e-08
1.674635e-08
1.891166e-07
5.507720e-07
5.312559e-07
3.557929e-07
4.470337e-02
4.915335e-07
7.518787e-06
8.299659e-08
6.338124e-06
2.239541e-07
3.446388e-03
2.413410e-05
1.587291e-05
1.949150e-05
7.925463e-06
1.039197e-04
9.877378e-07
4.559928e-04
2.102235e-06
8.013636e-05
1.738082e-06
8.974319e-06
1.623952e-06
6.560961e-07
8.550393e-05
6.999631e-06
2.448502e-06
3.285016e-06
2.774141e-06
7.740575e-07
4.982003e-07
2.736251e-05
6.371098e-06
1.772868e-05
1.160609e-06
2.132790e-06
9.142496e-05
5.273051e-06
9.242112e-06
1.842534e-06
8.982055e-06
1.116474e-05
5.933890e-07
6.917792e-06
2.669118e-05
1.171324e-06
6.499391e-06
4.266718e-07
1.790986e-06
8.244689e-08
5.479975e-05
3.989389e-07
2.357413e-06
1.478668e-07
1.000509e-07
4.773496e-08
1.219168e-09
2.221247e-10
4.469921e-10
2.437009e-09
3.777430e-09
5.448597e-10
1.818662e-08
3.266500e-08
8.906256e-08
7.405199e-09
3.442465e-08
1.140667e-08
4.527039e-08
1.494046e-08
6.329998e-08
2.450801e-08
7.040623e-09
3.005597e-08
1.245575e-09
1.593805e-08
8.294989e-10
5.539953e-09
3.798286e-09
1.501968e-08
8.416074e-10
2.119892e-08
3.560996e-09
2.586696e-09
4.633026e-09
9.148067e-10
3.109020e-09
1.624857e-09
4.906276e-09
8.891575e-09
3.459254e-09
1.153915e-08
3.913589e-09
2.573377e-09
4.800569e-09
7.908041e-09
3.275508e-09
1.421700e-08
3.793503e-09
1.212633e-08
3.934768e-09
2.584088e-09
4.803710e-09
7.898900e-09
3.276432e-09
1.422161e-08
3.793577e-09
1.212652e-08
3.934775e-09
2.584088e-09
4.803710e-09
7.898901e-09
3.276432e-09
1.422162e-08
3.793591e-09
1.212682e-08
3.934774e-09
2.585362e-09
4.806188e-09
7.910579e-09
3.318025e-09
1.760621e-08
5.421785e-09
1.130915e-08
4.588997e-09
8.875464e-09
1.501986e-08
1.548391e-07
2.647858e-08
7.248228e-08
4.196205e-08
4.979465e-07
1.395548e-07
1.354246e-08
9.372997e-08
1.261190e-09
5.349476e-08
7.422611e-09
6.356808e-09
2.047057e-08
7.306670e-07
9.115363e-08
2.074822e-07
2.375127e-08
8.541224e-08
9.696417e-08
1.506939e-07
3.692163e-08
3.478080e-08
3.633053e-08
1.800203e-07
2.903339e-06
3.564945e-07
5.578414e-07
1.563022e-06
4.698099e-07
8.550854e-08
1.564441e-07
5.367575e-07
3.687702e-07
7.788855e-08
1.362171e-07
1.674103e-07
1.210860e-07
5.752086e-08
5.462999e-08
1.927476e-07
5.380245e-07
5.957082e-08
6.978830e-08
9.690203e-07
1.015561e-06
1.548777e-06
1.063749e-07
1.591834e-06
2.397570e-07
6.923966e-07
4.512444e-08
7.681940e-07
1.605108e-07
3.587125e-08
8.216858e-08
7.397464e-07
3.484154e-07
1.173266e-06
3.539905e-07
9.273140e-08
2.241374e-06
1.999297e-08
3.443107e-07
1.793605e-07
2.852767e-07
2.590121e-07
5.370133e-08
2.024845e-06
5.282043e-07
1.846801e-06
3.458407e-07
2.282952e-07
2.121985e-07
2.349713e-08
8.937236e-08
4.821028e-08
4.684629e-08
2.067809e-07
1.835170e-07
3.721990e-06
1.442824e-07
5.996356e-07
2.054422e-06
2.481145e-07
1.902657e-06
4.915335e-07
5.873849e-02
9.463291e-08
9.286944e-05
1.220238e-07
3.619270e-03
1.278489e-06
2.101944e-05
3.276122e-05
9.729877e-06
1.500949e-04
1.178721e-06
6.333323e-04
2.536583e-06
2.524824e-04
2.721667e-05
1.225505e-05
7.105064e-06
1.293478e-06
1.330157e-04
5.226821e-06
3.635238e-06
9.008079e-06
3.784368e-06
4.050503e-06
9.568299e-07
3.802912e-05
7.184746e-06
4.838299e-05
7.118360e-07
2.970718e-06
9.771207e-05
1.857015e-06
2.260244e-05
1.133436e-05
1.347506e-05
1.510002e-05
9.305710e-07
9.176097e-06
3.402221e-05
4.553050e-06
7.885779e-06
3.411889e-07
3.425248e-06
4.556497e-07
7.452834e-05
4.366270e-07
4.354356e-06
5.314563e-07
1.894845e-06
1.113176e-07
1.098341e-07
6.162434e-11
3.631597e-10
2.469314e-09
5.364954e-09
1.332304e-09
7.111668e-10
5.029834e-09
3.534584e-08
8.881798e-09
1.229170e-07
6.630741e-09
3.519398e-08
2.643198e-08
6.928730e-08
2.808935e-08
1.914362e-08
3.406140e-08
2.193189e-09
2.328277e-08
1.198586e-09
1.570104e-08
6.243318e-10
3.512052e-09
5.059775e-09
3.063476e-08
3.818096e-09
7.205261e-09
5.939180e-09
7.949949e-10
2.889059e-09
9.966551e-10
5.755978e-09
6.553784e-09
6.154612e-09
1.063588e-08
5.524025e-09
4.046578e-09
2.356852e-09
1.165888e-08
5.213698e-09
1.250577e-08
6.673841e-09
1.165590e-08
5.570302e-09
4.095253e-09
2.362084e-09
1.163932e-08
5.215682e-09
1.251215e-08
6.673940e-09
1.165623e-08
5.570315e-09
4.095253e-09
2.362084e-09
1.163932e-08
5.215682e-09
1.251215e-08
6.673942e-09
1.165635e-08
5.570315e-09
4.095748e-09
2.362163e-09
1.164105e-08
5.219879e-09
1.297083e-08
6.802804e-09
1.316109e-08
7.031936e-09
7.447594e-09
5.100209e-09
6.254840e-08
1.510956e-08
7.333817e-08
3.780925e-08
5.524393e-07
1.316931e-07
4.056945e-08
1.796231e-07
1.237284e-09
9.272585e-08
1.007398e-08
3.147484e-09
9.628008e-09
2.017926e-08
5.359155e-08
9.978645e-07
3.364049e-08
1.081379e-07
7.750838e-08
1.701975e-07
7.576384e-08
8.128614e-08
3.033051e-08
3.291508e-08
5.039268e-08
1.857586e-07
3.648370e-06
5.987223e-07
6.763560e-07
1.528238e-06
4.849332e-07
2.315162e-07
2.234280e-08
2.449040e-07
5.482827e-07
1.477372e-07
2.011618e-07
7.759218e-08
1.275124e-07
2.479259e-07
1.200738e-07
4.984779e-08
1.632980e-07
1.086043e-07
3.427101e-07
6.165474e-06
5.773066e-07
3.080973e-06
3.209242e-07
1.090204e-06
8.014673e-08
3.682925e-07
7.238094e-08
6.463286e-08
5.575060e-08
5.015842e-07
3.027262e-07
1.277183e-06
3.519516e-07
1.268957e-07
2.803078e-06
6.240854e-08
3.720416e-07
1.676873e-07
2.827967e-07
1.362381e-07
5.273104e-07
9.472953e-07
4.718213e-07
3.451245e-06
4.554160e-07
1.050960e-06
2.315173e-07
5.226621e-08
1.066114e-07
2.509522e-08
4.109543e-08
1.883746e-07
6.354676e-08
1.758811e-07
4.398991e-07
1.317819e-05
2.509914e-07
2.881084e-07
2.146129e-06
4.277206e-07
7.518787e-06
9.463291e-08
5.899050e-02
1.167461e-07
3.719095e-03
5.963778e-07
2.654857e-05
1.529691e-06
1.003962e-05
1.583008e-04
1.192652e-06
7.436652e-04
2.973834e-06
3.326429e-04
5.499086e-05
1.628876e-05
1.364024e-05
3.768313e-06
1.402121e-04
5.191081e-06
5.262131e-06
4.068619e-06
8.557315e-06
9.125374e-06
1.642322e-06
4.123705e-05
2.566402e-06
8.802577e-05
2.500124e-06
2.815098e-06
9.298729e-05
1.099116e-06
3.663740e-05
6.283422e-06
1.317416e-05
2.363593e-05
1.992429e-06
1.210083e-05
3.500139e-05
8.622639e-06
8.716008e-06
2.964505e-07
5.073878e-06
8.280381e-07
8.583273e-05
2.431697e-07
4.714175e-06
9.082626e-07
3.044539e-06
1.822003e-07
2.209759e-07
1.152019e-07
2.465704e-10
2.392684e-09
5.375396e-09
2.765649e-09
2.459841e-09
2.522602e-09
3.616467e-09
5.886074e-09
7.350943e-08
6.668445e-09
1.238597e-07
4.824873e-08
7.639289e-08
4.364680e-08
2.582042e-08
4.787275e-08
6.584612e-09
2.859827e-08
5.472433e-09
1.942312e-08
7.956532e-10
3.799372e-09
5.251534e-10
2.665706e-08
7.940115e-09
1.728946e-08
8.287772e-09
1.828709e-09
3.115581e-09
1.624654e-09
3.660833e-09
5.764876e-09
8.304420e-09
1.078790e-08
8.998877e-09
4.726367e-09
3.709223e-09
1.887377e-08
1.468765e-09
1.423914e-08
8.390870e-09
1.354653e-08
9.410067e-09
4.876231e-09
3.760000e-09
1.882891e-08
1.484165e-09
1.426790e-08
8.391291e-09
1.354727e-08
9.410154e-09
4.876231e-09
3.760000e-09
1.882891e-08
1.484165e-09
1.426790e-08
8.391292e-09
1.354732e-08
9.410154e-09
4.876468e-09
3.760047e-09
1.882924e-08
1.486721e-09
1.454537e-08
8.435581e-09
1.355583e-08
1.016155e-08
8.554076e-09
6.207746e-09
9.437385e-08
9.127419e-09
5.276944e-08
3.950362e-08
5.650364e-07
1.239803e-07
9.904714e-08
3.188625e-07
3.101081e-09
8.887922e-07
1.575897e-08
7.034427e-09
2.292330e-08
5.175585e-09
3.059382e-08
1.875232e-07
1.916242e-08
9.647968e-07
8.397001e-08
2.717368e-07
2.021723e-07
9.737806e-08
8.506983e-08
1.150104e-07
1.147067e-07
2.997140e-08
8.663033e-08
4.332420e-07
4.124198e-06
7.405102e-07
8.599006e-07
1.703279e-06
3.295100e-07
1.675381e-07
2.204188e-08
2.809711e-07
7.453184e-07
1.229937e-07
2.335941e-07
3.243302e-07
1.469404e-07
8.989570e-08
7.967800e-08
6.419682e-08
4.513785e-07
1.617489e-07
4.884333e-07
8.675693e-06
8.500251e-07
5.518043e-06
1.129592e-07
3.514547e-07
4.636491e-08
2.079959e-07
5.086357e-08
4.039513e-07
3.393012e-07
1.604030e-06
4.478458e-07
2.221236e-07
3.582930e-06
5.211084e-08
7.815491e-07
2.492950e-07
5.078184e-07
1.202128e-06
2.290651e-08
2.056464e-07
1.006528e-06
2.752792e-06
5.476126e-07
4.363583e-06
8.164826e-07
1.918094e-07
2.397366e-07
2.164039e-08
6.860000e-08
2.015155e-07
5.316000e-08
1.527532e-07
5.508646e-08
9.102429e-07
5.296037e-07
2.200913e-05
4.909308e-07
6.554073e-07
2.726760e-06
8.299659e-08
9.286944e-05
1.167461e-07
6.280292e-02
7.535465e-07
1.283360e-04
9.590626e-07
1.194637e-05
1.271651e-04
1.329875e-06
9.006843e-04
3.555919e-06
4.986476e-04
1.039736e-04
3.754946e-05
9.815919e-05
1.444354e-05
1.671490e-04
6.470401e-06
8.518736e-06
6.936299e-06
1.675879e-05
3.534257e-06
4.158868e-06
6.377423e-05
2.130279e-06
3.020715e-04
6.668718e-07
3.630360e-06
1.044761e-04
1.796599e-06
9.542607e-05
3.227255e-06
1.749965e-05
2.805491e-05
2.640433e-06
2.452271e-05
3.865247e-05
1.878954e-05
1.251247e-05
4.096725e-07
1.229613e-05
1.526673e-06
1.135678e-04
2.913182e-07
5.533767e-06
1.766169e-06
5.687511e-06
3.832747e-07
1.383763e-06
3.288619e-07
2.509248e-08
1.942980e-09
5.317706e-09
2.702707e-09
3.314216e-09
3.018588e-09
1.530686e-09
2.027199e-09
2.918415e-08
3.617822e-09
6.980695e-08
5.754811e-08
1.293809e-07
4.294806e-08
3.347253e-08
5.138589e-08
2.154919e-08
3.080974e-08
1.046574e-08
2.304515e-08
8.793769e-10
8.941178e-09
5.172288e-10
7.683941e-09
3.293946e-09
1.329909e-08
1.156514e-08
1.255699e-08
6.140134e-09
2.519416e-09
3.316195e-09
2.089439e-09
5.293451e-09
6.331879e-09
9.024564e-09
4.741953e-09
6.295247e-09
3.265157e-08
1.753773e-09
1.224410e-08
3.638445e-09
9.108619e-09
1.085542e-08
5.221138e-09
6.441287e-09
3.237153e-08
1.780882e-09
1.231117e-08
3.639419e-09
9.110072e-09
1.085553e-08
5.221138e-09
6.441289e-09
3.237154e-08
1.780881e-09
1.231118e-08
3.639419e-09
9.110089e-09
1.085553e-08
5.221208e-09
6.441310e-09
3.237182e-08
1.781041e-09
1.248601e-08
3.653083e-09
9.072993e-09
1.093461e-08
7.586754e-09
7.800695e-09
9.864128e-08
5.513212e-09
3.217390e-08
1.924285e-08
5.119018e-07
1.222581e-07
1.267899e-07
3.459499e-07
1.305352e-08
1.906262e-06
6.390747e-08
1.591551e-08
3.754338e-08
5.787183e-09
1.491008e-08
1.106667e-07
1.777551e-08
1.559265e-07
6.347629e-08
1.126423e-06
2.333585e-07
1.172585e-07
1.253810e-07
5.875113e-08
1.796841e-07
1.048393e-07
4.454807e-08
6.515180e-08
1.509758e-07
4.846921e-07
4.297920e-06
9.225686e-07
6.273325e-07
1.515476e-06
2.263910e-07
1.286925e-07
9.498695e-08
2.354476e-07
7.522811e-07
3.797137e-07
2.030391e-07
9.985363e-08
1.186758e-07
9.050346e-08
3.574179e-07
3.645739e-08
2.325971e-07
1.932326e-06
7.418472e-07
1.127539e-05
5.948220e-07
1.103561e-06
7.783011e-08
2.310992e-07
7.838627e-08
4.582112e-07
3.296504e-07
1.454800e-06
4.323781e-07
3.152164e-07
5.481970e-06
2.080519e-07
3.774529e-07
2.406187e-07
1.054006e-06
1.443358e-06
7.917008e-08
1.152141e-07
3.328292e-07
1.828271e-06
1.156244e-06
3.798767e-06
1.205418e-06
2.412970e-06
2.591263e-07
2.372460e-08
1.155606e-07
1.383929e-07
7.726415e-08
4.018344e-07
4.587534e-08
9.943961e-08
4.734724e-08
3.649940e-06
7.618097e-07
2.320368e-05
1.242329e-06
1.839461e-07
6.338124e-06
1.220238e-07
3.719095e-03
7.535465e-07
5.890988e-02
1.156077e-06
1.003429e-04
1.256954e-04
1.372520e-06
8.815788e-04
3.823138e-06
6.178718e-04
1.429879e-04
7.587151e-05
2.109287e-04
3.295946e-05
2.288894e-04
1.561792e-05
8.939962e-06
9.223335e-06
3.570848e-05
4.228510e-06
2.148149e-05
5.705818e-05
1.656792e-06
3.850723e-04
8.128945e-07
3.984482e-06
9.356409e-05
2.482322e-06
1.269840e-04
4.004579e-06
2.435688e-05
1.585731e-05
2.875114e-06
2.747596e-05
4.001583e-05
4.177432e-05
1.380777e-05
1.136938e-06
1.898092e-05
3.100603e-06
1.614033e-04
3.055788e-07
5.884998e-06
1.953185e-06
6.273396e-06
6.544316e-07
2.033653e-06
6.593578e-07
6.594273e-08
2.896135e-07
3.235717e-09
2.481682e-09
3.179418e-09
2.013810e-09
1.429505e-09
9.118933e-10
1.378229e-08
2.019326e-09
2.524597e-08
4.677749e-08
7.561042e-08
5.465050e-08
7.005123e-08
3.001556e-08
3.044944e-08
5.025817e-08
2.474122e-08
2.376555e-08
8.604763e-10
9.306231e-09
1.001584e-09
2.525729e-09
1.932608e-09
6.586103e-09
3.923010e-09
8.996730e-09
1.564805e-08
7.040793e-09
1.464078e-09
1.086831e-09
3.777351e-09
3.070454e-09
4.210266e-09
3.247986e-09
6.490938e-09
3.354245e-08
3.201040e-09
6.462180e-09
2.749955e-09
6.295583e-09
4.251999e-09
4.578234e-09
8.076585e-09
3.319878e-08
3.333592e-09
6.555100e-09
2.753109e-09
6.299742e-09
4.252207e-09
4.578235e-09
8.076591e-09
3.319879e-08
3.333589e-09
6.555102e-09
2.753109e-09
6.299751e-09
4.252207e-09
4.578262e-09
8.076607e-09
3.319896e-08
3.333648e-09
6.584188e-09
2.759002e-09
6.277535e-09
4.283591e-09
5.416637e-09
8.888133e-09
8.754424e-08
5.146566e-09
2.237684e-08
9.449722e-09
2.410198e-07
7.505444e-08
1.133735e-07
3.145994e-07
3.774767e-08
3.642946e-06
9.244661e-08
7.473044e-08
4.512786e-08
4.741065e-09
2.694002e-08
2.396950e-08
1.548787e-08
8.239749e-08
3.118924e-08
3.713183e-07
2.174972e-07
5.955173e-07
2.061728e-07
6.568801e-08
2.936452e-07
3.592418e-08
5.886568e-08
1.419311e-07
8.087575e-08
6.606808e-08
2.624057e-07
7.018827e-07
4.094114e-06
5.594356e-07
3.133657e-07
1.454279e-06
1.688432e-07
7.973657e-08
1.088967e-07
4.897001e-07
7.421154e-07
1.136686e-07
7.295912e-08
9.932348e-08
3.605318e-07
3.518866e-08
1.444003e-07
2.903038e-07
6.090495e-07
4.744021e-06
4.391173e-07
7.406113e-06
3.087835e-07
5.152939e-07
9.451178e-08
5.425588e-07
3.729713e-07
1.047475e-06
3.663983e-07
3.468674e-07
6.588992e-06
3.952367e-07
2.151528e-07
2.436506e-07
8.593484e-07
1.539081e-06
4.018586e-07
2.150538e-07
3.241074e-07
4.076921e-07
3.367575e-07
3.155824e-06
2.009441e-06
2.225910e-06
5.577102e-07
1.144432e-07
2.412904e-07
7.779912e-08
8.109270e-08
5.150655e-07
5.788616e-08
6.452208e-08
2.676586e-08
7.510361e-08
1.415971e-07
7.779384e-06
1.706478e-06
2.272205e-05
1.747975e-06
2.239541e-07
3.619270e-03
5.963778e-07
1.283360e-04
1.156077e-06
5.845999e-02
1.247598e-04
5.540521e-05
8.762842e-04
3.569123e-06
6.118095e-04
1.516251e-04
8.517880e-05
2.361627e-04
6.138438e-05
4.668069e-04
2.704480e-05
8.822946e-06
1.125442e-05
4.053970e-05
5.160335e-06
2.582323e-05
6.090768e-05
7.541853e-07
4.338686e-04
6.375894e-07
1.113329e-05
9.461368e-05
1.022393e-06
1.043760e-04
5.477797e-06
6.347816e-05
1.485814e-05
2.969207e-06
1.511697e-05
4.124882e-05
4.978160e-05
1.332265e-05
4.848608e-06
2.763562e-05
4.286242e-06
2.198608e-04
3.008512e-07
5.895494e-06
2.316978e-06
6.461011e-06
8.923469e-07
2.431179e-06
8.326674e-07
2.120099e-07
5.056806e-07
1.031215e-08
1.663047e-09
2.899843e-09
1.794093e-09
1.237778e-09
1.852212e-09
1.677298e-09
2.204986e-10
5.778054e-09
4.444116e-08
2.418151e-08
5.962440e-08
2.365085e-08
1.590558e-08
3.752018e-08
3.326051e-08
1.203795e-07
1.402890e-08
9.094784e-10
1.125762e-08
1.489830e-09
3.289068e-09
1.158240e-09
1.110293e-09
2.077282e-09
3.377417e-09
1.024080e-08
2.193834e-08
1.582121e-09
3.046933e-10
3.270553e-09
9.342477e-10
1.211667e-09
6.530462e-10
1.763326e-09
3.214421e-08
2.304014e-09
8.192026e-09
8.045720e-10
4.139875e-09
1.830232e-09
1.828220e-09
2.280264e-09
3.153543e-08
2.634378e-09
8.535060e-09
8.095013e-10
4.148747e-09
1.830606e-09
1.828221e-09
2.280271e-09
3.153543e-08
2.634369e-09
8.535070e-09
8.095015e-10
4.148750e-09
1.830606e-09
1.828223e-09
2.280272e-09
3.153556e-08
2.634376e-09
8.548549e-09
8.097440e-10
4.141680e-09
1.832285e-09
1.892802e-09
2.342497e-09
7.935686e-08
3.190555e-09
1.675538e-08
2.343245e-09
2.047854e-08
7.818458e-09
1.102423e-07
2.710020e-07
3.891690e-08
4.160536e-06
2.669257e-07
1.389617e-07
1.470494e-07
3.204122e-09
4.306944e-08
1.539514e-08
5.478203e-09
4.444822e-08
4.323999e-08
2.390388e-07
2.167014e-07
1.689289e-07
1.987415e-07
7.926730e-08
4.936649e-07
1.120157e-08
1.960125e-08
1.712001e-08
3.909635e-08
1.038780e-07
6.742599e-08
1.172082e-07
1.624609e-07
4.216657e-07
5.812790e-07
1.684021e-07
1.125658e-07
1.630478e-07
4.304783e-08
3.035280e-07
9.530894e-08
8.531281e-08
1.551761e-07
9.274070e-08
1.410689e-07
2.913926e-08
1.624775e-07
1.443809e-07
1.930810e-07
3.839612e-06
2.187472e-07
7.240151e-07
3.965449e-07
1.559495e-06
2.927217e-07
4.380330e-07
5.367009e-07
1.186576e-06
2.618879e-07
1.881326e-07
6.608222e-06
4.883189e-07
1.765655e-07
5.633394e-07
7.134819e-07
1.637549e-06
1.612853e-07
1.460603e-07
8.589974e-07
1.978736e-07
1.506857e-07
2.537547e-06
1.374890e-06
1.584128e-06
1.000234e-06
2.609907e-07
2.577255e-07
9.070232e-08
1.110035e-07
5.187299e-07
7.554039e-08
7.808102e-08
2.564200e-08
1.009860e-07
1.363001e-07
3.664160e-07
7.878039e-07
7.666205e-06
1.532928e-06
2.186794e-05
3.446388e-03
1.278489e-06
2.654857e-05
9.590626e-07
1.003429e-04
1.247598e-04
3.626128e-02
8.722830e-04
3.914207e-05
6.067826e-04
1.578436e-04
6.345610e-05
2.562051e-04
7.045478e-05
7.838856e-04
4.760681e-05
1.072110e-05
2.551906e-05
3.940298e-05
5.819775e-06
3.548589e-05
6.382196e-05
1.145777e-06
4.395858e-04
6.594484e-07
4.104631e-06
9.146023e-05
3.338696e-06
1.070614e-04
2.210585e-06
3.307706e-05
1.592400e-05
3.408939e-05
1.316676e-05
3.920618e-05
3.701181e-05
1.288710e-05
1.168448e-05
2.863511e-05
8.074047e-06
2.743940e-04
3.966684e-07
6.275409e-06
3.001899e-06
6.522633e-06
8.411504e-07
2.351583e-06
1.132188e-06
3.424854e-07
8.428866e-07
2.691963e-08
2.934592e-07
1.796395e-09
1.618687e-09
1.184910e-09
3.073335e-09
6.032292e-09
7.172357e-10
2.589383e-09
1.678156e-08
2.216344e-08
5.358150e-08
1.715118e-08
2.661492e-08
4.029052e-08
3.276511e-08
1.596699e-07
1.036603e-07
6.141302e-09
1.099725e-08
1.659009e-08
3.007373e-09
1.310997e-08
7.152202e-10
2.741290e-09
4.907114e-09
9.846865e-09
2.027847e-08
1.679913e-08
1.181639e-09
1.345128e-09
4.474510e-09
8.346682e-10
1.596602e-09
1.433074e-09
2.114630e-08
6.269391e-09
7.121130e-09
2.065127e-09
2.047039e-09
3.691906e-09
5.679148e-09
2.560033e-09
2.045614e-08
1.030411e-08
7.867639e-09
2.145786e-09
2.065737e-09
3.696009e-09
5.679178e-09
2.560069e-09
2.045615e-08
1.030398e-08
7.867661e-09
2.145789e-09
2.065737e-09
3.696009e-09
5.679179e-09
2.560070e-09
2.045617e-08
1.030399e-08
7.871886e-09
2.145896e-09
2.065075e-09
3.696873e-09
5.714602e-09
2.575182e-09
2.930749e-08
1.106075e-08
1.226245e-08
2.815860e-09
9.999933e-09
8.326771e-09
3.802806e-08
2.121488e-07
6.654297e-08
4.623437e-06
3.295787e-07
4.742661e-07
3.990711e-07
3.815913e-08
6.563979e-08
1.238121e-08
9.549034e-09
7.990432e-09
8.609878e-08
2.061721e-07
2.180275e-07
1.482802e-07
2.394748e-07
9.442338e-08
2.241440e-06
3.798566e-08
3.431282e-08
2.241881e-08
1.223813e-08
1.371307e-08
1.012463e-07
2.684575e-07
7.799455e-08
9.721015e-08
8.518960e-08
1.750551e-07
2.058082e-07
7.671581e-08
3.351448e-08
2.487967e-07
1.050134e-07
4.903661e-08
2.206940e-08
8.441911e-08
1.669860e-07
3.785730e-08
1.132060e-07
1.176043e-07
3.065194e-07
1.621529e-06
3.707470e-07
3.009368e-07
2.004072e-07
2.799651e-06
5.615132e-07
6.689718e-07
5.736719e-07
1.127836e-06
1.706278e-07
1.356257e-07
6.158508e-06
4.244903e-07
1.930942e-07
7.186552e-07
8.690780e-07
1.905600e-06
1.956004e-07
1.751667e-07
8.700650e-07
8.292572e-07
1.125945e-07
1.306873e-06
1.197482e-06
1.414740e-06
7.251448e-07
3.146592e-07
2.003936e-06
1.572267e-07
1.972868e-07
4.537307e-07
6.370550e-08
1.173402e-07
3.802382e-08
8.716708e-08
2.871864e-07
3.445502e-07
6.474452e-07
2.226058e-07
1.051940e-06
8.459186e-06
3.383993e-03
2.413410e-05
2.101944e-05
1.529691e-06
1.194637e-05
1.256954e-04
5.540521e-05
8.722830e-04
3.473334e-02
6.018968e-04
1.964242e-04
6.131883e-05
2.702557e-04
6.690963e-05
1.018497e-03
1.006561e-04
5.560207e-05
3.556488e-05
4.337527e-05
7.427487e-06
4.032362e-05
6.517413e-05
2.101975e-06
4.559273e-04
9.929658e-07
4.633772e-06
9.218554e-05
8.676764e-07
1.073613e-04
4.105723e-06
3.383393e-05
1.405418e-05
3.561730e-06
1.273572e-05
6.954874e-05
3.681425e-05
1.255465e-05
1.713269e-06
3.120275e-05
9.044935e-06
3.101722e-04
9.355888e-07
6.295011e-06
3.956545e-06
6.773802e-06
1.203888e-06
1.786970e-06
1.194820e-06
4.463769e-07
2.032483e-06
3.741740e-07
6.915781e-07
4.980371e-08
8.473779e-10
1.672248e-09
3.059310e-09
1.039624e-08
9.256539e-09
5.398425e-09
1.384906e-08
1.186167e-08
4.978234e-08
1.590220e-08
5.646503e-08
2.756717e-08
3.033285e-08
2.154329e-07
1.754681e-07
7.001871e-08
2.021701e-08
3.843744e-08
6.627405e-09
2.098381e-08
4.260540e-09
8.968328e-09
2.212634e-09
1.047122e-08
2.323619e-08
2.134574e-08
6.308447e-09
4.959000e-09
8.816012e-09
2.014614e-09
2.404181e-09
1.707042e-09
1.482117e-08
7.603920e-09
9.465221e-09
3.000606e-09
5.815032e-09
4.395705e-09
1.112841e-08
6.964766e-09
1.219176e-08
1.397648e-08
1.273143e-08
3.207045e-09
6.046290e-09
4.407894e-09
1.112867e-08
6.964987e-09
1.219178e-08
1.397628e-08
1.273153e-08
3.207053e-09
6.046291e-09
4.407894e-09
1.112867e-08
6.964987e-09
1.219178e-08
1.397628e-08
1.273427e-08
3.207082e-09
6.045951e-09
4.408030e-09
1.115589e-08
6.970570e-09
1.480592e-08
1.415725e-08
1.642288e-08
3.732668e-09
1.060285e-08
1.135158e-08
2.043890e-08
9.630609e-08
6.428811e-08
4.844183e-06
3.955862e-07
6.521433e-07
9.658217e-07
9.362167e-08
6.160324e-07
1.069720e-08
1.532661e-08
1.769198e-08
1.790058e-08
1.121663e-07
6.138677e-07
1.551880e-07
3.267815e-07
1.336080e-07
6.532765e-06
2.171814e-07
1.250065e-07
1.038261e-07
4.792610e-08
2.414831e-08
2.605411e-08
8.731248e-08
6.067322e-07
4.893693e-07
1.064789e-07
1.507429e-07
2.414109e-07
1.812286e-07
8.065399e-08
9.490668e-08
1.044800e-07
2.619230e-07
5.758134e-08
7.430786e-08
1.394517e-07
1.374377e-07
1.346425e-07
7.555391e-08
3.661321e-07
1.750330e-06
1.553350e-07
3.581517e-07
5.567038e-07
3.541417e-06
1.537834e-06
4.451572e-07
8.999452e-07
1.211809e-06
1.600309e-07
1.017817e-07
5.514835e-06
4.201813e-07
2.123748e-07
7.404263e-07
1.481189e-06
2.679187e-06
3.047428e-07
2.914795e-07
1.013159e-06
1.421954e-06
5.597813e-07
7.112650e-07
1.109244e-06
1.061247e-06
8.203999e-07
2.950613e-07
3.528483e-06
1.782178e-06
4.313521e-07
4.018705e-07
8.605780e-08
1.194877e-07
5.438907e-08
1.293408e-07
4.081553e-07
2.085044e-07
8.450740e-07
7.121080e-07
9.430041e-07
3.839156e-07
3.371350e-03
1.347661e-05
1.587291e-05
3.276122e-05
1.003962e-05
1.271651e-04
1.372520e-06
8.762842e-04
3.914207e-05
6.018968e-04
3.482202e-02
6.391567e-05
3.096528e-04
6.894531e-05
1.160461e-03
1.306411e-04
1.307111e-04
9.399031e-05
5.976498e-05
1.215156e-05
4.785803e-05
6.525509e-05
5.220854e-07
4.646722e-04
3.130030e-06
5.134938e-06
9.543293e-05
1.188750e-06
1.114563e-04
2.159216e-06
3.547710e-05
1.642233e-05
3.896187e-06
1.123743e-05
4.087679e-05
3.914067e-05
4.566327e-05
2.287036e-06
3.245233e-05
9.729062e-06
3.511958e-04
2.902330e-06
6.363972e-06
7.877508e-06
7.329078e-06
1.824245e-06
1.856008e-06
1.247001e-06
5.863852e-07
3.996802e-06
6.961438e-07
2.925552e-06
1.166139e-07
8.272330e-08
1.094327e-09
3.334123e-09
1.098966e-08
1.945036e-08
4.000791e-08
5.163093e-09
9.043257e-09
5.815233e-08
1.197743e-08
5.794516e-08
3.529201e-08
3.156964e-08
2.217292e-07
2.501694e-07
1.222499e-07
7.969472e-08
9.849746e-08
1.357935e-08
5.029866e-08
5.169800e-09
2.963896e-08
3.812983e-09
8.725845e-09
2.049572e-08
2.491737e-08
1.033196e-08
1.643576e-08
3.193613e-08
3.738371e-09
6.731484e-09
1.772078e-09
1.155155e-08
1.062222e-08
1.196335e-08
3.967045e-09
7.468377e-09
9.136809e-09
1.002002e-08
1.208571e-08
1.064540e-08
1.861837e-08
1.762566e-08
4.717637e-09
8.153135e-09
9.241507e-09
1.002041e-08
1.208678e-08
1.064548e-08
1.861787e-08
1.762582e-08
4.717666e-09
8.153136e-09
9.241508e-09
1.002041e-08
1.208678e-08
1.064549e-08
1.861787e-08
1.762689e-08
4.717677e-09
8.152948e-09
9.241611e-09
1.002632e-08
1.208950e-08
1.177505e-08
1.868365e-08
1.918243e-08
5.089519e-09
1.086479e-08
1.308390e-08
1.026706e-08
6.623615e-08
5.643491e-08
4.575824e-06
3.720657e-07
7.553586e-07
1.453605e-06
2.142176e-07
1.678014e-06
4.983423e-08
1.337339e-08
2.944766e-08
3.532798e-08
4.781058e-08
2.722966e-07
2.210353e-07
8.543567e-07
1.606913e-07
7.539588e-06
4.578931e-07
3.397135e-07
3.751691e-07
1.057181e-07
4.828096e-08
3.734737e-08
6.697084e-08
7.873126e-08
2.475297e-07
9.611539e-07
8.035163e-07
4.050807e-07
2.437841e-07
1.182549e-07
1.304100e-07
9.333624e-08
6.847264e-08
8.203003e-08
3.450029e-07
1.721794e-07
1.271733e-07
1.974462e-07
1.216933e-07
3.740794e-07
1.700790e-06
1.470529e-07
4.263300e-07
2.990974e-06
3.838343e-06
2.237574e-06
4.418169e-07
1.115802e-06
1.302119e-06
1.702274e-07
1.545824e-07
5.216961e-06
3.011084e-07
3.067007e-07
8.180194e-07
1.884188e-06
3.655277e-06
5.652538e-07
6.732743e-07
9.481348e-07
2.050960e-06
8.994305e-07
8.131815e-07
1.035081e-06
6.473942e-07
8.682710e-07
5.766163e-07
4.189900e-06
3.084921e-06
2.924115e-06
3.775923e-07
1.124216e-07
1.546130e-07
7.852460e-08
1.228002e-07
5.642777e-07
2.292254e-07
4.859051e-07
2.518802e-07
2.085792e-06
1.778665e-06
3.304391e-03
3.244717e-06
1.321384e-05
1.949150e-05
9.729877e-06
1.583008e-04
1.329875e-06
8.815788e-04
3.569123e-06
6.067826e-04
1.964242e-04
6.391567e-05
3.487380e-02
7.336055e-05
1.277810e-03
1.491267e-04
1.796305e-04
2.145448e-04
1.300806e-04
1.987926e-05
6.625714e-05
6.577365e-05
4.810710e-07
4.840480e-04
8.767984e-07
6.216536e-06
9.861186e-05
1.699745e-06
1.195317e-04
2.775431e-06
3.647146e-05
1.389326e-05
5.669219e-06
1.411414e-05
4.326033e-05
3.942451e-05
1.339941e-05
5.231849e-06
6.679542e-05
1.090867e-05
4.381925e-04
3.391593e-06
6.883282e-06
1.228281e-05
8.746480e-06
2.499962e-06
2.132950e-06
1.486446e-06
6.934571e-07
5.508592e-06
1.282941e-06
5.148051e-06
3.391233e-07
1.604441e-07
3.528108e-07
2.522746e-09
1.065652e-08
1.980541e-08
5.509799e-08
2.003787e-08
8.725384e-09
2.330689e-08
2.071662e-08
1.011969e-07
1.578156e-08
3.213295e-08
2.399236e-07
2.799428e-07
1.371641e-07
1.115143e-07
2.644922e-07
3.094138e-08
6.373024e-08
9.645067e-09
3.377840e-08
7.975766e-09
8.655170e-09
2.025865e-08
3.408128e-08
8.301390e-09
2.091279e-08
8.336995e-08
1.104443e-08
8.338518e-09
2.952063e-09
1.136605e-08
1.199763e-08
1.232490e-08
5.333335e-09
1.225755e-08
9.964563e-09
1.057156e-08
1.226686e-08
1.145474e-08
3.297832e-08
1.845260e-08
8.234649e-09
1.480360e-08
1.012610e-08
1.057299e-08
1.226847e-08
1.145507e-08
3.297666e-08
1.845302e-08
8.234756e-09
1.480360e-08
1.012610e-08
1.057299e-08
1.226847e-08
1.145507e-08
3.297666e-08
1.845366e-08
8.234762e-09
1.480346e-08
1.012616e-08
1.057639e-08
1.226937e-08
1.220325e-08
3.301842e-08
1.931029e-08
8.323283e-09
1.798610e-08
1.298296e-08
5.923047e-09
5.065999e-08
4.819953e-08
2.929563e-06
3.245744e-07
7.838864e-07
1.475014e-06
5.999031e-07
3.402222e-06
7.204216e-08
3.705848e-08
3.347346e-08
2.743816e-08
5.853916e-08
1.559448e-07
1.881733e-07
4.092653e-07
1.882914e-07
8.626561e-06
5.547972e-07
5.734614e-07
8.062808e-07
3.106378e-07
8.962438e-08
5.036297e-08
5.199431e-08
5.863130e-08
1.466544e-07
1.656137e-07
4.956627e-07
1.487683e-06
1.044503e-06
2.078034e-07
1.325060e-07
1.813950e-07
5.861634e-08
5.409157e-08
1.468697e-07
2.076421e-07
4.469179e-07
1.827891e-07
5.219309e-08
4.613425e-07
1.646143e-06
1.078629e-07
2.111145e-07
2.595785e-07
6.636518e-06
5.073412e-06
5.374311e-07
2.142886e-06
1.307843e-06
1.672309e-07
9.215192e-08
4.998810e-06
2.860180e-07
1.542145e-07
7.017176e-07
2.213821e-06
4.149848e-06
8.288671e-07
5.533482e-07
7.432837e-07
2.758291e-06
1.086676e-06
8.400838e-07
1.809790e-06
4.418821e-07
2.415997e-07
3.356291e-07
4.811336e-06
3.831725e-06
4.321619e-06
8.014600e-07
1.611973e-07
2.451110e-07
4.581917e-08
1.132982e-07
6.585545e-07
1.925441e-07
3.563419e-07
3.246544e-07
5.660360e-07
2.557136e-07
3.163220e-03
5.943055e-06
1.245974e-05
1.092851e-06
7.925463e-06
1.500949e-04
1.192652e-06
9.006843e-04
3.823138e-06
6.118095e-04
1.578436e-04
6.131883e-05
3.096528e-04
7.336055e-05
3.577496e-02
1.548891e-04
2.174906e-04
2.390985e-04
1.809003e-04
5.139669e-05
8.871050e-05
6.611725e-05
3.888399e-07
4.864944e-04
8.678156e-07
6.064977e-06
1.011974e-04
1.897985e-06
1.269637e-04
2.809251e-06
3.978548e-05
1.454260e-05
3.223388e-06
9.663716e-06
4.583406e-05
4.443914e-05
1.298574e-05
3.255531e-06
3.482540e-05
1.419023e-05
4.906790e-04
4.088891e-06
7.049461e-06
1.611693e-05
9.603128e-06
3.366228e-06
2.243595e-06
1.478346e-06
8.639424e-07
6.594378e-06
1.685066e-06
6.448119e-06
4.401054e-07
3.646744e-07
5.508647e-07
2.343538e-07
8.187020e-09
1.985844e-08
5.476702e-08
2.962903e-08
2.183745e-08
1.076624e-08
5.547416e-09
4.132258e-08
2.034341e-08
6.620584e-08
2.232640e-07
2.512098e-07
1.590075e-07
1.372283e-07
2.615038e-07
5.339858e-08
6.962102e-08
1.269316e-08
3.575533e-08
9.143739e-09
1.423303e-08
1.159113e-08
1.347927e-08
1.197218e-08
2.895058e-08
8.193829e-08
2.180416e-08
1.284631e-08
3.520703e-09
1.070348e-08
9.311419e-09
1.011116e-08
4.735623e-09
9.492763e-09
8.004971e-09
1.016762e-08
1.298726e-08
8.859083e-09
3.758909e-08
1.795359e-08
8.034839e-09
1.312023e-08
8.274844e-09
1.019118e-08
1.299184e-08
8.859468e-09
3.758601e-08
1.795433e-08
8.035045e-09
1.312023e-08
8.274845e-09
1.019118e-08
1.299184e-08
8.859469e-09
3.758601e-08
1.795461e-08
8.035047e-09
1.312019e-08
8.274859e-09
1.019207e-08
1.299245e-08
9.064667e-09
3.761444e-08
1.832861e-08
8.047523e-09
1.380016e-08
1.078683e-08
6.391147e-09
3.830248e-08
2.688307e-08
1.206883e-06
1.315229e-07
7.344927e-07
1.466988e-06
6.966343e-07
3.869486e-06
1.532915e-07
9.941377e-08
5.459967e-08
2.223532e-08
6.332905e-08
1.435583e-07
1.215375e-07
2.550500e-07
2.463150e-07
7.775777e-06
6.588616e-07
1.336722e-06
8.320923e-07
3.897273e-07
1.508183e-07
7.373993e-08
3.908556e-08
3.576784e-08
4.613047e-08
5.769324e-08
2.266730e-07
4.361447e-07
7.001669e-07
1.269156e-06
6.396370e-07
1.682206e-07
3.793164e-08
4.888101e-08
7.033835e-08
1.373907e-07
2.169670e-07
1.826846e-07
2.150129e-07
3.691246e-07
1.045505e-06
1.692760e-07
2.626882e-07
2.056752e-07
2.441143e-06
2.027835e-06
3.200811e-06
4.725344e-06
1.390327e-06
3.893342e-07
1.313635e-07
3.035299e-06
2.256233e-07
1.696658e-07
5.203855e-07
1.933780e-06
3.854324e-06
1.033124e-06
7.245190e-07
7.449921e-07
2.355596e-06
1.199367e-06
1.115465e-06
1.785743e-06
4.983161e-07
1.669350e-07
2.233315e-07
3.677936e-06
3.626368e-06
4.910292e-06
1.236418e-06
5.174663e-07
2.046474e-07
6.943821e-08
1.039167e-07
5.085983e-07
1.715969e-07
3.894576e-07
2.902623e-07
6.232419e-07
3.467234e-07
2.166534e-03
3.084564e-06
1.271218e-05
3.380498e-06
6.544175e-06
1.039197e-04
1.178721e-06
7.436652e-04
3.555919e-06
6.178718e-04
1.516251e-04
6.345610e-05
2.702557e-04
6.894531e-05
1.277810e-03
1.548891e-04
2.993340e-02
2.518774e-04
2.237665e-04
8.305192e-05
1.148960e-04
6.794989e-05
5.699695e-07
4.653173e-04
7.099112e-07
6.645723e-06
1.026623e-04
2.560964e-06
1.178253e-04
3.226537e-06
4.173886e-05
1.210404e-05
3.344233e-06
8.308559e-06
3.662489e-05
3.803439e-05
1.523937e-05
5.598435e-06
3.210469e-05
1.057134e-05
4.558449e-04
6.825575e-06
2.962780e-05
1.641464e-05
1.050546e-05
3.792983e-06
2.407253e-06
1.474449e-06
9.942852e-07
7.042370e-06
1.585315e-06
6.587539e-06
5.545649e-07
4.535453e-07
6.914116e-07
4.652451e-07
1.515694e-07
1.545328e-08
5.342623e-08
2.963565e-08
2.277457e-08
1.159314e-08
3.098104e-09
1.431637e-08
6.347436e-09
1.397534e-08
1.377824e-07
2.751647e-07
1.839298e-07
1.255878e-07
2.601969e-07
6.081156e-08
7.078999e-08
1.628980e-08
3.084898e-08
1.251415e-08
1.331906e-08
1.133597e-08
7.179846e-09
3.102112e-09
1.716982e-08
8.157127e-08
3.020901e-08
1.410408e-08
4.981251e-09
5.788223e-09
9.695680e-09
7.320713e-09
3.587356e-09
6.410056e-09
5.971957e-09
3.701687e-09
8.796062e-09
9.667208e-09
3.405092e-08
1.580843e-08
7.651327e-09
9.259231e-09
7.372338e-09
3.859242e-09
8.809270e-09
9.673220e-09
3.404685e-08
1.581035e-08
7.651893e-09
9.259240e-09
7.372340e-09
3.859242e-09
8.809271e-09
9.673220e-09
3.404685e-08
1.581053e-08
7.651894e-09
9.259228e-09
7.372344e-09
3.859479e-09
8.809431e-09
9.813692e-09
3.405599e-08
1.605919e-08
7.656900e-09
9.463593e-09
8.006903e-09
3.000298e-09
1.704585e-08
2.323131e-08
6.417091e-07
4.812645e-08
2.830191e-07
1.322780e-06
7.023749e-07
3.849613e-06
3.331693e-07
7.318878e-08
6.227638e-08
5.449987e-08
5.330835e-08
1.100749e-07
1.122202e-07
1.257172e-07
1.908353e-07
7.167601e-06
6.300996e-07
7.529060e-07
8.602386e-07
9.505862e-07
1.397491e-07
7.924971e-08
4.887607e-08
3.694460e-08
2.563949e-08
2.831132e-08
7.647171e-08
2.309475e-07
3.975743e-07
2.858997e-07
4.638145e-07
7.733585e-07
3.465792e-07
4.684147e-08
3.740380e-08
8.232315e-08
1.444464e-07
1.218291e-07
7.814158e-08
2.462280e-07
8.762509e-07
1.025792e-07
1.607384e-07
2.476396e-07
2.138101e-06
1.049128e-06
3.367727e-07
1.647158e-06
3.943244e-06
3.261522e-06
1.571421e-07
2.361723e-06
1.527001e-07
1.211729e-07
4.204706e-07
1.404725e-06
3.408061e-06
9.448470e-07
6.359613e-07
7.662935e-07
2.294968e-06
1.275327e-06
6.478232e-07
1.673250e-06
7.626790e-07
1.903284e-07
1.102322e-07
1.980464e-06
3.162318e-06
4.245365e-06
1.032980e-06
1.055511e-06
4.767680e-07
9.931606e-08
9.635209e-08
3.426576e-07
1.302513e-07
2.837530e-07
2.854653e-07
6.288492e-07
3.296848e-07
1.598947e-03
2.470227e-06
7.742686e-06
8.150582e-07
7.540737e-06
8.000186e-05
9.877378e-07
6.333323e-04
2.973834e-06
4.986476e-04
1.429879e-04
8.517880e-05
2.562051e-04
6.690963e-05
1.160461e-03
1.491267e-04
2.174906e-04
2.518774e-04
2.433665e-02
8.908830e-05
1.461341e-04
7.692603e-05
6.420998e-07
4.542038e-04
5.251455e-07
4.549727e-06
1.047779e-04
2.920649e-06
1.156882e-04
3.131195e-06
3.798779e-05
1.084158e-05
4.612960e-06
5.728383e-06
2.661804e-05
3.180565e-05
1.182011e-05
4.239353e-06
3.017827e-05
1.099330e-05
4.524057e-04
4.114087e-06
6.993332e-06
1.820393e-05
1.814718e-05
4.069964e-06
2.374395e-06
1.453748e-06
1.010440e-06
7.075835e-06
1.522813e-06
6.285170e-06
5.322904e-07
4.522056e-07
7.402911e-07
1.280697e-06
2.385636e-07
2.826988e-08
3.679325e-08
2.823202e-08
2.215201e-08
7.735482e-09
2.953209e-09
4.858044e-09
1.564704e-09
5.405986e-09
5.588251e-08
1.182316e-07
2.120706e-07
1.264189e-07
1.951464e-07
5.227374e-08
6.699266e-08
2.851346e-08
1.278607e-08
1.062483e-08
1.377480e-08
8.488929e-09
7.418282e-09
1.252239e-09
6.025007e-09
5.688900e-08
1.961397e-08
1.655799e-08
1.484775e-08
3.854944e-09
4.954110e-09
6.625958e-09
2.819236e-09
3.762856e-09
2.122589e-09
1.745135e-09
3.890240e-09
5.168266e-09
3.623905e-08
9.641964e-09
7.533740e-09
6.701454e-09
2.931067e-09
1.910159e-09
4.148727e-09
5.196528e-09
3.622836e-08
9.644950e-09
7.535677e-09
6.701476e-09
2.931072e-09
1.910160e-09
4.148728e-09
5.196528e-09
3.622836e-08
9.644996e-09
7.535678e-09
6.701471e-09
2.931073e-09
1.910219e-09
4.148769e-09
5.231832e-09
3.623521e-08
9.706444e-09
7.538876e-09
6.782896e-09
3.099534e-09
1.691139e-09
8.537317e-09
9.474187e-09
4.888896e-07
2.418904e-08
9.557709e-08
3.886823e-07
6.407483e-07
3.670604e-06
3.538646e-07
8.805898e-08
6.068797e-08
2.645277e-08
6.798840e-08
5.077759e-08
7.362955e-08
1.064455e-07
1.166884e-07
4.556503e-06
5.595985e-07
5.752549e-07
7.367148e-07
4.239671e-07
1.555976e-07
4.525069e-07
2.588713e-08
2.105333e-08
2.539308e-08
1.835314e-08
3.145336e-08
1.038580e-07
1.805188e-07
1.310955e-07
2.201720e-07
2.342235e-07
2.060611e-07
3.248556e-07
1.892115e-07
3.612252e-08
6.914420e-08
8.751763e-08
3.229194e-08
1.779390e-07
3.109624e-07
8.600348e-08
1.761115e-07
1.472035e-07
1.551880e-06
9.315727e-07
1.491866e-07
1.135454e-06
9.302715e-07
3.899322e-07
2.797902e-06
1.922793e-06
1.291307e-07
1.159715e-07
3.223119e-07
1.048178e-06
2.271268e-06
8.627432e-07
5.729035e-07
5.518736e-07
2.021352e-06
1.430150e-06
4.536972e-07
1.405646e-06
4.342138e-07
1.750611e-07
2.692646e-07
5.662174e-07
1.675738e-06
3.501481e-06
9.580538e-07
4.566072e-07
3.094960e-07
6.727982e-07
1.064502e-07
2.059150e-07
7.045602e-08
1.830400e-07
2.520328e-07
5.430900e-07
2.894634e-07
1.275722e-03
1.672715e-06
4.106969e-06
6.239138e-07
4.917248e-06
6.737678e-05
1.503472e-06
4.559928e-04
2.536583e-06
3.326429e-04
1.039736e-04
7.587151e-05
2.361627e-04
7.045478e-05
1.018497e-03
1.306411e-04
1.796305e-04
2.390985e-04
2.237665e-04
8.908830e-05
1.767092e-02
8.385640e-05
7.320831e-06
4.451213e-04
3.098752e-07
2.470083e-06
1.015038e-04
2.357677e-06
1.033622e-04
3.586775e-06
3.487159e-05
8.829802e-06
2.102900e-06
4.362769e-06
1.853360e-05
2.007499e-05
9.492813e-06
4.892203e-06
2.561678e-05
8.046143e-06
4.515473e-04
4.663649e-06
4.400641e-06
1.327746e-05
1.166536e-05
4.887986e-06
5.288919e-06
1.256262e-06
9.749933e-07
6.711995e-06
1.239830e-06
6.171167e-06
4.511763e-07
3.791011e-07
6.294065e-07
1.700377e-06
4.521136e-07
5.135580e-08
3.859631e-09
2.043355e-08
1.991546e-08
6.161687e-09
1.243207e-09
3.521484e-09
4.932444e-10
1.435308e-09
1.654487e-08
3.108518e-08
1.638492e-07
9.512857e-08
8.967895e-08
3.292412e-08
4.456862e-08
2.382800e-08
1.160558e-08
7.394126e-09
9.315615e-09
6.544718e-09
4.208861e-09
1.057524e-09
1.788237e-09
1.353050e-08
1.092810e-08
8.198943e-09
7.458655e-09
5.501892e-09
3.716411e-09
1.931685e-09
2.181197e-09
1.543768e-09
6.172785e-10
5.621012e-10
1.671860e-09
1.695100e-09
2.513830e-08
7.355901e-09
3.558537e-09
4.674282e-09
1.247632e-09
6.019459e-10
1.900533e-09
1.737345e-09
2.515962e-08
7.370373e-09
3.561450e-09
4.674517e-09
1.247644e-09
6.019468e-10
1.900535e-09
1.737345e-09
2.515962e-08
7.370403e-09
3.561451e-09
4.674514e-09
1.247645e-09
6.019596e-10
1.900544e-09
1.745195e-09
2.516275e-08
7.409536e-09
3.561998e-09
4.723833e-09
1.294865e-09
5.546853e-10
2.846018e-09
3.114606e-09
2.310400e-07
1.556227e-08
3.367708e-08
9.625471e-08
2.041856e-07
3.105548e-06
3.157994e-07
7.150673e-08
6.747958e-08
1.791790e-08
6.403423e-08
4.854184e-08
1.509337e-08
6.805924e-08
1.071576e-07
6.935098e-07
3.612668e-07
4.984452e-07
4.423863e-07
2.069427e-07
1.278546e-07
1.139783e-07
3.795113e-08
1.261291e-07
7.715082e-09
7.110064e-09
1.405499e-08
3.469027e-08
6.048271e-08
4.135193e-08
5.184819e-08
1.043642e-07
1.057810e-07
3.921593e-08
3.897980e-08
1.470985e-07
4.555380e-08
2.154642e-08
1.596486e-08
1.322213e-07
1.461528e-07
2.972472e-08
8.713828e-08
9.429731e-08
7.500636e-07
6.059804e-07
1.143159e-07
1.693916e-07
5.564591e-07
2.057220e-07
1.418357e-07
8.711532e-07
4.705408e-07
3.738086e-07
1.764630e-07
7.020489e-07
1.694147e-06
5.959922e-07
4.416228e-07
3.773592e-07
1.643284e-06
1.492892e-06
2.621951e-07
9.303184e-07
2.745526e-07
1.360002e-07
1.291977e-07
3.733205e-07
4.930575e-07
1.484303e-06
6.987998e-07
4.427971e-07
2.431796e-07
2.533986e-07
1.986841e-07
5.595561e-08
4.591464e-08
9.535606e-08
1.656229e-07
4.612053e-07
2.641521e-07
7.503436e-04
1.131289e-06
2.039238e-06
2.841345e-07
2.778602e-06
5.155013e-05
6.541323e-07
2.126590e-04
2.102235e-06
2.524824e-04
5.499086e-05
3.754946e-05
2.109287e-04
6.138438e-05
7.838856e-04
1.006561e-04
1.307111e-04
2.145448e-04
1.809003e-04
8.305192e-05
1.461341e-04
8.385640e-05
9.785286e-03
4.480033e-04
1.399035e-06
1.221778e-06
9.741472e-05
1.646567e-06
9.280278e-05
2.776135e-06
3.377327e-05
4.554814e-06
1.633240e-06
3.199357e-06
9.726580e-06
1.036541e-05
5.781293e-06
3.541382e-06
1.899279e-05
7.269888e-06
4.449354e-04
3.408559e-06
2.886904e-06
8.459059e-06
8.977204e-06
3.854342e-06
2.309458e-06
1.468329e-06
1.384426e-06
6.317340e-06
6.775767e-07
5.622590e-06
4.255078e-07
2.066591e-07
4.523195e-07
1.914885e-06
4.807691e-07
7.774982e-08
8.674763e-09
3.862181e-09
7.368843e-09
3.832023e-09
5.631742e-10
3.306207e-10
4.249306e-10
5.598772e-11
8.266601e-10
2.653956e-09
1.345495e-07
3.109948e-08
5.578258e-08
3.290775e-09
9.985896e-09
1.752579e-08
3.046699e-09
8.272141e-09
4.256158e-09
1.233769e-09
3.148785e-09
2.007011e-10
1.401134e-09
4.512630e-10
7.803709e-10
2.183394e-09
3.749763e-09
1.052347e-09
4.217908e-09
1.458808e-09
1.919513e-10
8.289450e-10
8.583116e-11
1.044600e-10
1.482000e-10
2.953786e-10
1.987573e-08
1.544702e-09
2.918676e-09
2.917680e-10
6.535852e-10
1.249825e-10
2.082274e-10
3.428527e-10
1.986812e-08
1.559336e-09
2.933639e-09
2.918570e-10
6.536402e-10
1.249891e-10
2.082336e-10
3.428528e-10
1.986812e-08
1.559339e-09
2.933641e-09
2.918569e-10
6.536403e-10
1.249898e-10
2.082340e-10
3.432374e-10
1.987027e-08
1.562215e-09
2.933874e-09
2.932587e-10
6.692448e-10
1.225350e-10
2.571015e-10
4.107894e-10
1.628378e-07
1.984156e-09
1.510675e-08
5.250535e-09
1.357529e-08
1.682781e-07
2.632479e-07
3.755369e-08
4.155744e-08
1.573978e-08
5.642649e-08
2.786241e-08
7.942161e-09
2.096570e-09
5.962030e-08
2.202311e-07
1.249099e-08
1.622307e-07
2.695651e-07
6.345594e-08
4.677942e-08
2.884965e-08
1.888258e-08
1.480077e-08
5.726253e-09
5.540298e-09
2.073387e-09
4.575718e-09
7.849979e-09
6.125460e-09
5.734470e-09
1.822047e-08
1.760799e-08
1.542802e-08
7.794479e-09
4.734627e-09
9.517646e-09
6.746068e-09
3.248729e-09
9.165528e-08
5.994796e-08
1.304624e-08
6.405572e-09
5.050321e-08
9.697704e-08
1.944784e-07
6.370044e-08
4.519493e-08
1.736319e-08
1.268207e-07
8.854703e-08
3.783133e-07
3.364721e-08
1.740920e-08
1.657123e-07
2.965031e-07
1.205203e-06
4.763615e-07
1.522969e-07
1.067787e-07
1.156461e-06
1.392527e-06
1.314593e-07
6.136403e-07
8.230772e-08
7.121361e-08
5.474241e-08
1.027738e-07
3.576752e-07
2.722412e-07
1.400324e-07
2.072414e-07
1.652259e-07
2.692985e-07
1.949072e-07
2.623093e-08
3.157573e-09
3.924709e-08
7.691080e-08
3.150079e-07
2.057835e-07
4.512306e-04
2.457495e-07
8.251866e-07
6.976137e-08
5.011285e-07
1.798667e-05
3.744892e-07
1.159768e-04
6.628725e-07
8.013636e-05
2.721667e-05
1.628876e-05
9.815919e-05
3.295946e-05
4.668069e-04
4.760681e-05
5.560207e-05
9.399031e-05
1.300806e-04
5.139669e-05
1.148960e-04
7.692603e-05
7.320831e-06
4.480033e-04
6.726022e-04
1.549755e-07
9.611796e-05
3.025095e-07
4.497600e-05
2.280619e-06
2.740433e-05
2.727174e-06
6.850874e-07
1.714671e-06
4.237671e-06
2.905444e-06
2.337425e-06
2.706289e-06
4.415531e-06
3.375509e-06
4.408457e-04
3.129907e-06
1.024830e-06
2.607634e-06
6.116660e-06
2.342272e-06
1.645675e-06
8.253499e-07
7.552679e-07
5.673293e-06
2.118461e-07
4.743363e-06
3.129341e-07
9.914224e-08
1.181051e-07
2.070334e-06
4.812478e-07
7.354537e-08
8.641274e-09
9.082870e-10
4.279381e-08
2.502006e-10
2.638553e-10
2.165828e-10
3.162878e-10
2.142248e-11
2.236914e-10
5.143340e-10
4.181629e-08
1.788593e-08
6.761501e-09
1.489810e-09
1.083003e-08
9.239253e-09
9.488510e-10
2.536698e-09
2.890970e-08
3.739780e-10
1.793903e-09
3.391227e-10
9.954012e-10
2.233432e-10
5.813754e-11
7.032003e-10
2.162582e-09
2.571224e-10
6.606152e-10
1.123564e-08
2.347425e-10
7.208530e-11
1.760264e-10
1.799448e-10
1.164295e-10
9.676813e-11
6.835799e-09
9.701357e-10
1.641425e-09
1.942417e-10
1.797136e-10
1.595108e-10
2.530092e-10
1.982741e-10
6.803847e-09
1.080680e-09
1.666974e-09
1.955217e-10
1.799313e-10
1.595143e-10
2.531170e-10
1.982755e-10
6.803847e-09
1.080684e-09
1.666980e-09
1.955217e-10
1.799314e-10
1.595145e-10
2.531171e-10
1.983322e-10
6.804155e-09
1.081968e-09
1.667024e-09
1.957307e-10
1.803064e-10
1.590281e-10
2.626463e-10
2.083150e-10
2.733573e-08
1.427807e-09
3.760824e-09
9.068677e-10
3.318663e-09
2.639402e-08
5.122721e-08
1.617757e-08
2.302823e-08
7.511389e-09
3.251380e-08
4.283177e-08
3.470663e-09
9.018631e-10
2.290439e-08
3.610192e-08
1.122336e-09
1.624763e-08
1.348934e-08
2.985832e-08
1.188200e-08
1.974481e-08
1.158779e-09
1.527306e-08
1.781236e-08
1.734121e-09
1.154716e-09
2.281424e-09
1.422386e-09
1.199061e-09
1.808428e-09
6.157247e-09
5.339747e-09
6.611514e-09
4.909710e-09
3.430233e-09
3.169443e-09
3.396300e-09
1.121308e-09
1.807869e-08
2.951896e-08
8.326707e-09
3.214911e-09
1.300384e-08
1.736825e-08
4.824839e-08
2.026168e-08
8.771903e-09
2.987167e-09
3.401597e-08
5.911226e-08
1.771563e-07
9.956795e-09
3.711612e-08
7.459939e-08
4.003875e-08
2.140491e-07
2.679026e-07
2.056691e-08
1.343013e-08
1.090661e-07
1.125660e-06
9.583473e-08
1.209305e-07
5.887405e-08
2.448311e-08
3.042554e-08
2.829576e-08
4.174945e-08
3.804631e-07
1.048145e-08
2.099493e-08
4.549183e-08
2.227651e-07
1.697860e-07
4.170749e-08
2.327318e-08
2.306316e-08
2.704996e-08
3.866578e-08
1.532533e-08
2.373756e-04
7.584723e-08
1.030952e-07
3.247362e-08
5.279227e-08
1.833433e-06
1.917629e-07
6.938017e-05
2.120522e-07
1.677078e-05
1.738082e-06
1.225505e-05
1.364024e-05
1.444354e-05
2.288894e-04
2.704480e-05
1.072110e-05
3.556488e-05
5.976498e-05
1.987926e-05
8.871050e-05
6.794989e-05
6.420998e-07
4.451213e-04
1.399035e-06
1.549755e-07
1.388509e-04
2.938992e-08
2.175133e-05
1.532796e-06
1.758644e-05
3.056213e-07
3.091896e-07
3.283448e-07
2.231481e-06
2.640062e-07
1.192664e-06
1.092138e-06
2.982336e-07
4.338284e-07
4.374427e-04
1.888252e-06
1.318910e-07
7.533415e-07
4.263639e-06
8.348100e-07
8.451328e-07
6.556924e-07
2.999980e-07
4.266040e-06
4.360736e-08
3.302748e-06
2.277501e-07
2.378146e-08
9.793144e-08
1.901624e-06
4.020870e-07
7.049489e-08
2.263672e-08
4.223706e-09
9.747096e-08
3.665512e-10
1.928213e-10
2.460121e-10
2.878720e-10
2.045212e-10
6.717303e-09
6.061398e-10
2.928548e-09
2.550584e-09
3.488577e-09
1.421422e-09
1.712393e-08
1.530154e-09
5.330724e-10
6.348064e-09
4.048998e-08
2.094220e-09
1.058111e-09
1.317143e-09
2.376739e-09
3.624542e-10
3.191641e-10
9.086191e-10
2.539455e-10
3.413530e-10
5.169160e-10
1.374814e-08
5.405691e-10
2.740050e-10
6.924217e-10
8.085066e-10
1.890289e-10
6.704241e-11
9.335064e-10
3.302867e-10
1.088253e-09
2.234972e-10
8.899875e-10
2.057717e-10
5.115256e-10
5.823749e-10
7.626008e-10
5.604190e-10
1.195559e-09
2.314254e-10
8.939910e-10
2.057824e-10
5.122953e-10
5.823815e-10
7.626017e-10
5.604244e-10
1.195585e-09
2.314254e-10
8.939916e-10
2.057825e-10
5.122954e-10
5.823867e-10
7.626207e-10
5.605053e-10
1.195600e-09
2.314425e-10
8.940937e-10
2.057526e-10
5.156375e-10
5.832939e-10
2.022734e-09
5.829171e-10
2.028132e-09
3.000077e-10
2.123258e-09
2.731673e-09
3.983722e-09
1.920215e-09
1.605295e-08
7.734370e-09
2.387062e-08
5.870024e-08
1.429338e-08
1.213801e-08
2.362393e-07
1.678240e-09
9.242465e-10
2.760259e-08
7.740389e-10
2.546132e-08
2.095499e-08
8.607018e-09
3.244207e-09
4.378803e-08
2.801513e-08
3.372814e-09
2.857586e-09
4.173313e-09
9.277882e-10
4.807419e-10
3.886709e-10
1.772870e-09
4.234186e-09
4.402246e-09
3.742555e-09
5.008319e-09
3.513167e-09
3.687809e-09
2.061355e-09
2.469564e-09
3.369522e-09
6.937054e-09
2.063645e-09
7.735432e-09
3.505776e-09
2.792251e-08
7.640852e-09
1.913844e-09
6.003907e-09
1.063723e-07
4.927089e-09
6.529790e-08
1.844447e-08
3.029216e-08
1.116356e-07
6.467089e-09
1.478475e-07
4.106998e-08
1.465426e-08
3.788493e-09
2.169639e-08
8.620902e-07
5.983261e-08
8.732801e-08
2.522736e-07
5.922987e-08
2.072804e-08
1.527591e-08
2.297157e-08
4.418943e-07
3.174488e-08
3.121136e-09
2.501087e-08
1.116508e-07
1.478546e-07
2.848637e-08
2.017253e-07
4.015291e-07
1.496664e-08
1.041363e-08
2.642937e-09
6.799658e-05
4.427555e-08
5.178808e-08
3.851520e-08
1.879196e-08
5.867572e-07
7.072808e-08
3.078281e-05
1.096419e-07
1.148540e-05
5.950814e-07
8.974319e-06
7.105064e-06
3.768313e-06
1.671490e-04
1.561792e-05
8.822946e-06
2.551906e-05
4.337527e-05
1.215156e-05
6.625714e-05
6.611725e-05
5.699695e-07
4.542038e-04
3.098752e-07
1.221778e-06
9.611796e-05
2.938992e-08
2.354498e-05
9.714866e-07
1.516071e-05
1.720934e-07
2.197514e-07
2.388820e-07
5.357348e-07
1.566932e-07
8.866820e-07
6.051661e-07
6.876577e-08
2.180693e-07
4.355024e-04
1.061795e-06
8.981212e-08
3.973496e-07
3.865039e-06
3.624787e-07
3.368066e-07
7.728005e-07
2.437178e-07
3.185085e-06
6.534462e-08
3.914957e-06
6.659388e-07
1.047721e-08
2.631241e-07
2.517455e-06
2.305985e-07
6.149671e-08
9.132955e-08
3.643604e-08
3.258920e-07
1.754475e-09
4.988456e-09
4.650991e-11
2.332504e-10
2.517944e-10
9.271414e-09
1.073305e-08
7.738006e-10
6.515060e-10
2.167038e-09
1.453222e-09
1.712268e-08
1.432131e-09
1.522019e-09
8.115515e-09
4.320470e-08
2.786947e-09
2.187706e-09
7.910685e-09
7.600242e-09
3.231729e-09
3.895247e-10
2.017161e-09
1.407090e-10
6.418412e-10
5.029603e-10
1.360369e-08
5.695345e-10
7.030606e-10
4.070657e-09
2.698096e-09
1.558811e-09
9.981125e-11
5.614341e-10
3.103408e-10
7.853133e-10
3.768170e-10
1.073737e-09
3.850814e-10
5.984761e-10
1.096106e-09
4.219170e-10
7.115551e-10
1.089271e-09
5.035351e-10
1.092650e-09
3.853389e-10
6.005506e-10
1.096215e-09
4.219300e-10
7.116120e-10
1.089345e-09
5.035351e-10
1.092653e-09
3.853391e-10
6.005507e-10
1.096217e-09
4.219329e-10
7.116264e-10
1.089348e-09
5.035415e-10
1.092688e-09
3.853274e-10
6.008651e-10
1.096619e-09
6.152237e-10
7.156653e-10
1.206722e-09
5.582144e-10
1.814668e-09
1.499219e-09
1.138594e-09
1.286878e-09
3.956744e-09
7.683404e-09
1.528857e-08
6.191449e-08
3.158527e-08
4.865674e-08
3.213632e-07
7.697820e-10
1.339491e-09
2.395298e-08
1.607480e-09
4.693219e-09
7.509040e-09
1.815248e-08
2.834383e-08
4.541422e-08
5.187508e-08
1.739002e-08
5.465796e-09
4.896833e-08
3.609391e-09
1.202268e-09
6.943831e-10
6.483219e-10
1.040163e-09
4.886416e-09
8.717965e-09
7.537620e-09
5.380597e-09
9.718658e-09
6.535318e-09
2.033572e-09
2.001612e-09
4.261362e-09
2.958028e-09
8.125151e-09
3.136193e-09
2.265317e-08
1.000670e-08
1.608229e-09
6.128040e-09
1.161516e-07
4.026762e-09
1.310230e-08
1.817712e-08
4.331406e-08
1.307271e-07
1.083736e-08
1.330954e-07
4.223649e-08
7.832316e-09
3.017796e-09
2.762629e-08
2.255814e-07
2.440264e-08
5.233624e-08
2.580220e-07
2.332217e-07
3.559313e-08
5.787218e-08
1.536163e-08
4.143660e-07
4.961613e-08
8.669871e-09
3.131343e-08
8.843494e-08
7.857915e-08
2.871117e-08
2.464349e-07
4.594807e-07
1.283747e-07
9.745932e-09
9.501350e-09
3.708306e-05
1.125005e-08
2.600648e-08
4.614404e-08
1.438041e-08
2.653519e-07
4.087947e-08
1.258663e-05
3.941356e-08
9.002912e-06
5.711738e-07
3.999652e-06
1.623952e-06
1.293478e-06
1.402121e-04
6.470401e-06
8.939962e-06
1.125442e-05
3.940298e-05
7.427487e-06
4.785803e-05
6.577365e-05
3.888399e-07
4.653173e-04
5.251455e-07
2.470083e-06
9.741472e-05
3.025095e-07
2.175133e-05
9.714866e-07
1.730016e-05
6.593727e-08
2.601837e-07
1.392450e-07
5.054358e-07
9.139979e-08
3.684849e-07
5.940513e-07
4.090708e-08
2.345449e-07
4.282375e-04
3.726992e-07
9.985397e-08
3.683301e-07
4.318659e-06
2.656558e-07
2.335878e-07
1.188853e-06
1.833319e-07
2.986623e-06
7.402711e-08
7.899979e-06
8.272908e-07
1.984588e-08
6.534419e-07
5.203109e-06
3.325702e-07
3.080732e-08
1.419594e-07
1.358041e-07
3.672435e-07
1.958508e-08
1.313480e-08
5.910782e-08
1.544636e-10
2.068738e-10
9.281774e-09
4.168505e-08
6.904491e-09
1.764797e-09
2.205905e-09
1.666172e-09
1.883796e-08
6.020170e-10
4.594776e-09
1.538652e-08
4.650198e-08
4.865571e-09
3.095929e-09
4.519573e-08
5.138251e-08
7.864200e-09
1.100355e-09
2.392316e-09
5.615811e-10
1.825337e-09
7.810865e-10
1.538727e-08
6.674576e-10
1.109542e-09
1.999064e-08
1.866815e-08
3.692698e-09
3.375772e-10
6.949122e-10
5.060360e-10
1.112560e-09
5.101038e-10
1.821526e-09
5.215067e-10
1.524172e-09
1.395333e-09
6.302170e-10
3.195489e-09
1.585326e-09
1.008192e-09
2.032719e-09
5.226605e-10
1.553921e-09
1.395691e-09
6.303516e-10
3.196199e-09
1.586009e-09
1.008192e-09
2.032752e-09
5.226608e-10
1.553923e-09
1.395692e-09
6.303533e-10
3.196209e-09
1.586010e-09
1.008195e-09
2.032783e-09
5.226551e-10
1.554094e-09
1.395890e-09
7.393323e-10
3.198616e-09
1.640272e-09
1.022139e-09
2.837319e-09
1.084949e-09
1.694182e-09
1.472106e-09
3.574991e-09
8.864409e-09
1.185607e-08
6.356060e-08
3.640472e-08
1.426974e-07
5.766277e-07
2.089899e-09
1.318856e-08
2.226601e-08
4.643256e-09
5.876339e-09
7.797006e-09
1.162041e-08
1.079414e-08
6.622322e-08
1.583775e-07
2.966672e-08
1.457718e-08
3.425412e-07
2.227011e-08
8.985968e-09
2.846630e-09
2.178228e-09
4.334559e-09
3.727827e-09
8.981540e-09
1.667426e-08
2.100120e-08
2.973761e-08
2.483494e-08
1.262138e-08
7.496570e-09
3.584140e-09
3.753134e-09
1.278640e-08
7.012024e-09
4.830874e-08
1.002150e-08
2.030368e-09
1.382839e-08
1.274561e-07
7.543085e-09
1.502695e-08
1.186294e-08
2.343634e-07
1.572951e-07
1.557894e-08
3.301566e-07
5.259905e-08
1.592832e-08
4.927172e-09
5.157626e-08
1.455363e-07
1.222170e-08
3.501655e-08
2.843859e-07
5.852997e-07
8.546808e-08
9.161026e-08
3.341680e-08
4.677097e-07
1.188802e-07
1.668190e-08
2.238738e-07
1.087277e-07
2.837032e-08
3.202446e-08
2.981290e-07
5.426778e-07
4.430712e-07
9.890152e-08
3.869792e-08
3.345419e-05
3.690641e-09
2.138923e-08
5.609516e-08
1.472533e-08
1.529738e-07
3.825481e-08
7.270384e-06
1.991740e-08
9.484346e-06
6.194806e-07
3.663651e-06
6.388362e-07
6.560961e-07
1.330157e-04
5.191081e-06
8.518736e-06
9.223335e-06
4.053970e-05
5.819775e-06
4.032362e-05
6.525509e-05
4.810710e-07
4.864944e-04
7.099112e-07
4.549727e-06
1.015038e-04
1.646567e-06
4.497600e-05
1.532796e-06
1.516071e-05
6.593727e-08
3.222593e-06
1.526825e-07
5.294681e-07
1.052015e-07
2.675839e-07
9.994341e-07
3.127197e-08
4.406654e-07
4.324575e-04
2.016394e-07
7.663744e-08
4.089376e-07
6.135296e-06
2.710167e-07
3.088742e-07
2.599544e-06
2.982801e-07
3.007251e-06
9.002965e-08
1.794840e-05
1.381458e-06
6.569434e-08
2.324512e-06
1.055175e-05
6.080303e-07
5.089469e-08
2.436010e-07
3.737575e-07
4.475495e-07
5.935051e-08
7.307620e-08
1.692311e-07
7.804226e-08
2.388989e-10
9.296388e-09
4.162709e-08
1.036889e-08
3.334658e-09
2.607475e-09
1.099797e-09
1.075176e-08
4.201105e-10
6.403249e-09
1.608202e-08
3.096439e-08
6.373930e-09
4.829191e-09
4.721450e-08
8.215097e-08
9.661058e-09
1.543473e-09
2.564246e-09
6.375391e-10
2.410707e-09
8.573107e-10
5.784044e-09
6.095626e-10
2.988142e-09
2.034580e-08
2.527551e-08
4.861048e-09
4.393190e-10
7.016316e-10
4.205802e-10
8.945072e-10
4.631524e-10
1.677813e-09
4.901850e-10
1.706797e-09
1.504565e-09
5.807661e-10
4.093121e-09
1.791437e-09
9.376255e-10
1.969347e-09
4.942442e-10
1.769679e-09
1.505739e-09
5.810123e-10
4.094841e-09
1.793056e-09
9.376258e-10
1.969387e-09
4.942449e-10
1.769683e-09
1.505740e-09
5.810126e-10
4.094847e-09
1.793058e-09
9.376265e-10
1.969393e-09
4.942436e-10
1.769734e-09
1.505860e-09
5.959069e-10
4.096551e-09
1.808678e-09
9.399148e-10
2.124894e-09
6.579919e-10
1.874895e-09
1.346282e-09
1.637669e-09
4.289223e-09
5.631313e-09
6.185017e-08
3.918212e-08
1.586287e-07
5.944350e-07
5.937386e-09
2.939207e-08
2.312712e-08
6.009404e-09
7.101928e-09
9.028284e-09
1.127233e-08
7.918363e-09
7.257095e-08
1.320592e-07
5.810528e-08
4.909690e-08
3.634108e-07
2.370912e-08
2.001128e-08
2.959141e-09
1.168766e-09
2.278279e-09
4.091874e-09
8.077752e-09
5.500676e-09
1.348301e-08
4.053729e-08
4.369096e-08
1.772085e-08
6.373623e-09
4.012030e-09
4.646632e-09
6.194483e-09
5.708787e-09
5.027787e-08
1.074419e-08
3.981044e-09
9.100553e-09
1.114444e-07
1.660301e-08
2.013119e-08
1.207859e-08
1.096645e-07
1.210814e-07
1.407480e-07
3.206396e-07
5.104059e-08
2.987348e-08
2.489958e-08
4.517163e-08
1.132276e-07
1.870552e-08
1.982175e-08
2.570532e-07
6.191368e-07
1.038023e-07
1.624062e-07
6.247266e-08
3.000172e-07
1.789060e-07
5.663725e-08
2.408577e-07
1.189989e-07
2.788424e-08
2.248067e-08
2.578547e-07
5.489524e-07
4.834817e-07
1.317564e-07
7.601334e-08
2.001540e-05
5.257785e-09
2.811509e-08
4.785420e-08
9.301605e-09
1.329373e-07
3.796315e-08
6.349298e-06
2.001298e-08
4.293561e-06
4.103496e-07
3.966138e-06
5.534455e-07
9.589081e-07
8.550393e-05
5.226821e-06
5.262131e-06
6.936299e-06
3.570848e-05
5.160335e-06
3.548589e-05
6.517413e-05
5.220854e-07
4.840480e-04
8.678156e-07
6.645723e-06
1.047779e-04
2.357677e-06
9.280278e-05
2.280619e-06
1.758644e-05
1.720934e-07
2.601837e-07
1.526825e-07
2.229776e-06
1.041780e-07
3.383425e-07
8.785227e-07
4.254542e-08
4.887544e-07
4.267361e-04
1.206030e-07
1.167000e-07
3.050833e-07
5.924639e-06
2.913612e-07
5.082946e-07
2.892154e-06
2.466367e-07
2.099756e-06
1.306325e-07
2.983200e-05
1.402088e-06
1.182327e-07
4.290620e-06
2.152719e-05
9.960402e-07
6.321466e-08
3.151589e-07
4.099301e-07
4.225147e-07
9.397608e-08
8.571752e-08
3.248515e-07
1.705836e-07
1.252333e-07
6.872462e-09
4.155924e-08
1.041577e-08
3.670143e-09
6.654786e-09
5.852005e-10
1.552360e-09
3.686920e-10
4.504787e-09
1.211786e-08
2.495286e-08
7.206152e-09
4.158683e-09
4.826711e-08
1.012725e-07
1.706331e-08
2.130855e-09
1.909537e-09
9.251683e-10
2.547986e-09
1.676944e-09
1.146768e-09
1.986514e-10
2.028218e-09
1.987521e-08
2.942614e-08
9.598243e-09
6.631733e-10
4.835849e-10
5.027284e-10
6.759185e-10
3.723667e-10
9.686221e-10
4.126233e-10
1.693340e-09
1.091226e-09
9.240111e-10
4.239504e-09
3.055610e-09
9.456943e-10
1.237415e-09
4.311705e-10
1.885055e-09
1.092903e-09
9.252250e-10
4.241898e-09
3.060818e-09
9.456952e-10
1.237481e-09
4.311726e-10
1.885067e-09
1.092903e-09
9.252252e-10
4.241899e-09
3.060823e-09
9.456953e-10
1.237482e-09
4.311725e-10
1.885085e-09
1.092911e-09
9.289197e-10
4.242054e-09
3.066615e-09
9.463887e-10
1.249816e-09
4.421233e-10
1.989291e-09
1.065114e-09
1.473895e-09
2.612610e-09
1.507281e-09
1.318859e-08
3.461395e-08
1.651452e-07
5.131235e-07
1.635301e-08
4.230120e-08
1.147285e-08
1.811089e-08
5.527830e-09
6.890651e-09
1.258311e-08
5.059687e-09
8.484303e-08
1.183625e-07
4.481280e-08
2.989207e-08
3.944913e-07
4.886406e-08
3.305580e-08
4.224351e-09
1.764759e-09
1.939627e-09
2.240935e-09
2.894663e-09
6.582161e-09
1.876477e-08
2.513888e-08
3.963811e-08
3.268884e-08
1.803054e-08
6.833934e-09
7.092569e-09
4.476212e-09
5.472019e-09
4.502752e-08
8.969918e-09
7.351773e-09
6.348777e-09
6.471119e-08
1.374004e-08
1.111084e-08
1.896402e-08
1.375046e-07
4.730764e-08
1.128852e-07
2.667960e-07
1.674933e-07
7.630035e-08
3.730023e-08
5.098688e-08
6.365940e-08
1.983121e-08
9.533390e-09
6.166954e-08
6.378894e-07
9.293167e-08
1.843878e-07
1.034070e-07
1.749971e-07
2.458024e-07
3.061191e-08
2.495616e-07
1.538775e-07
1.059771e-07
1.155905e-08
1.082819e-07
2.885605e-07
4.494729e-07
1.419107e-07
1.225562e-07
1.863642e-05
7.157800e-09
5.512681e-08
2.573525e-08
5.256677e-09
9.893499e-08
2.163477e-08
4.738650e-06
4.846310e-08
1.969005e-06
1.893012e-07
1.306066e-06
3.531934e-07
1.459907e-06
2.156150e-05
6.999631e-06
3.635238e-06
4.068619e-06
1.675879e-05
4.228510e-06
2.582323e-05
6.382196e-05
2.101975e-06
4.646722e-04
8.767984e-07
6.064977e-06
1.026623e-04
2.920649e-06
1.033622e-04
2.776135e-06
2.740433e-05
3.056213e-07
2.197514e-07
1.392450e-07
5.294681e-07
1.041780e-07
3.381817e-07
9.265826e-07
3.828795e-08
4.516654e-07
4.233965e-04
7.447481e-08
1.389212e-07
1.469080e-07
5.477881e-06
2.605666e-07
4.498718e-07
3.042874e-06
3.768038e-07
1.169448e-06
9.247708e-08
3.244548e-05
1.302150e-06
1.871081e-07
6.663105e-06
2.921384e-05
1.469289e-06
6.457636e-08
3.296614e-07
4.999606e-07
2.341971e-07
1.117932e-07
8.813327e-08
4.360460e-07
5.132935e-07
2.149734e-07
2.236336e-08
3.699298e-08
1.048949e-08
3.678626e-09
6.978757e-09
1.045730e-09
7.069460e-10
1.668970e-10
3.159168e-09
9.760135e-09
1.369163e-08
1.028015e-08
6.159947e-09
4.371770e-08
1.053507e-07
1.708470e-08
4.993956e-09
1.880190e-09
1.228593e-09
4.847228e-09
1.759279e-09
1.450226e-09
6.166051e-10
3.599047e-10
1.741539e-08
2.726843e-08
9.282650e-09
2.839234e-09
6.248644e-10
4.926727e-10
1.098427e-09
2.820752e-10
8.442388e-10
7.350710e-10
1.498277e-09
6.846051e-10
8.075734e-10
4.892554e-09
4.914347e-09
1.029521e-09
1.847405e-09
4.367246e-10
1.978749e-09
6.978467e-10
8.130847e-10
4.913134e-09
4.926988e-09
1.029532e-09
1.847956e-09
4.367514e-10
1.978781e-09
6.978470e-10
8.130856e-10
4.913134e-09
4.926999e-09
1.029532e-09
1.847956e-09
4.367514e-10
1.978786e-09
6.978490e-10
8.139872e-10
4.913240e-09
4.928170e-09
1.029909e-09
1.851295e-09
4.442535e-10
2.028071e-09
9.174235e-10
1.067965e-09
3.062566e-09
6.288362e-09
5.750832e-09
1.808700e-08
1.563951e-07
4.524524e-07
2.289666e-08
6.831021e-08
9.375592e-09
1.801112e-08
2.258857e-08
6.797859e-09
1.071389e-08
5.654181e-09
3.665117e-08
1.016765e-07
8.260010e-08
1.752204e-08
3.571858e-07
4.160587e-08
7.236842e-08
2.458354e-08
3.555914e-09
3.747330e-09
4.046817e-09
2.366912e-09
3.591583e-09
1.532062e-08
4.031202e-08
5.992385e-08
2.269577e-08
1.853168e-08
2.212505e-08
2.758950e-08
1.595100e-08
3.783717e-09
3.606831e-08
1.092093e-08
4.638646e-09
5.102054e-09
3.988381e-08
3.281078e-08
1.473867e-08
1.111476e-08
1.275150e-07
6.006413e-08
3.183426e-08
2.400876e-07
1.440712e-07
6.309179e-08
2.733628e-07
6.590963e-08
2.178742e-07
2.207815e-08
7.668716e-09
5.182678e-08
5.401710e-07
8.694935e-08
2.008697e-07
9.169975e-08
1.588325e-07
4.983300e-07
3.526403e-08
2.665806e-07
1.097614e-07
1.276934e-07
7.719645e-08
4.228278e-08
3.024961e-07
4.164623e-07
1.441413e-07
9.346140e-08
1.573103e-05
8.846585e-08
2.017957e-07
3.886382e-08
4.173961e-09
5.887950e-08
1.767513e-08
4.629747e-06
6.619018e-08
1.429921e-06
1.870704e-07
6.190632e-07
2.160980e-07
1.857172e-07
1.774246e-05
4.947076e-06
2.448502e-06
9.008079e-06
8.557315e-06
3.534257e-06
2.148149e-05
6.090768e-05
1.145777e-06
4.559273e-04
3.130030e-06
6.216536e-06
1.011974e-04
2.560964e-06
1.156882e-04
3.586775e-06
3.377327e-05
2.727174e-06
3.091896e-07
2.388820e-07
5.054358e-07
1.052015e-07
3.383425e-07
9.265826e-07
1.561061e-07
4.157294e-07
4.164952e-04
7.125732e-08
2.065556e-07
1.225075e-07
4.369485e-06
4.785699e-07
5.315640e-07
4.248213e-06
2.558143e-07
1.038633e-06
4.273699e-07
3.838384e-05
1.129403e-06
2.810888e-07
8.953785e-06
7.136390e-05
1.693334e-06
1.126225e-07
3.914040e-07
8.773098e-07
2.529435e-07
1.256129e-07
8.386556e-08
8.511934e-07
6.541241e-07
1.772698e-06
7.049749e-08
3.048053e-08
5.322781e-09
2.784120e-09
6.745013e-09
8.159345e-10
7.152028e-10
4.035146e-11
7.598108e-10
3.087590e-09
5.116056e-09
8.725803e-09
6.774686e-09
1.920076e-08
6.933255e-08
1.220345e-08
5.139479e-09
4.484276e-09
1.421577e-09
3.921707e-09
1.969036e-09
1.015752e-09
1.793652e-09
5.599101e-11
2.399714e-09
1.130295e-08
6.999195e-09
2.266117e-09
9.742655e-10
5.599306e-10
6.106974e-10
3.062484e-10
3.514863e-10
8.473996e-10
8.724999e-10
4.505096e-10
5.524915e-10
2.932450e-09
9.502745e-09
3.378968e-10
3.006813e-09
4.434950e-10
1.565856e-09
5.491126e-10
5.714972e-10
2.964425e-09
9.577772e-09
3.379141e-10
3.009220e-09
4.436164e-10
1.565965e-09
5.491141e-10
5.715005e-10
2.964425e-09
9.577836e-09
3.379142e-10
3.009222e-09
4.436164e-10
1.565965e-09
5.491143e-10
5.716737e-10
2.964450e-09
9.578412e-09
3.379240e-10
3.011637e-09
4.444399e-10
1.570228e-09
6.102876e-10
8.921012e-10
2.182340e-09
1.060913e-08
1.829758e-09
9.890920e-09
3.960819e-08
2.138526e-07
2.176714e-08
6.714359e-08
1.381800e-08
1.807620e-08
2.793240e-08
1.041094e-08
4.200578e-09
3.224044e-09
2.765377e-08
7.163260e-09
3.291437e-08
1.025725e-08
1.870922e-07
7.827696e-09
6.260467e-08
3.034363e-08
1.617984e-08
1.032393e-08
5.919318e-09
3.302941e-09
2.244217e-09
3.206081e-09
1.056738e-08
4.906755e-08
8.387570e-08
7.114014e-08
1.826385e-08
4.486902e-08
3.228438e-08
4.221949e-09
2.245543e-08
6.694515e-09
6.345175e-09
5.460908e-09
2.858562e-08
3.651001e-08
2.210317e-08
7.169077e-09
6.300154e-08
3.023407e-08
2.407361e-08
6.055595e-08
2.028302e-07
5.571841e-08
2.780905e-07
1.033127e-07
3.261823e-07
2.794454e-08
4.715296e-09
3.796555e-08
3.681722e-07
2.389633e-08
1.846774e-07
7.737999e-08
1.037802e-07
5.646324e-07
4.912431e-08
2.256178e-07
3.855222e-08
1.318520e-07
9.496518e-08
4.297550e-08
9.208388e-08
9.329513e-08
2.837785e-07
8.690256e-08
1.207309e-05
6.971663e-08
1.235479e-06
5.289672e-08
2.737216e-09
1.891323e-08
5.018268e-09
4.286256e-06
8.033445e-08
4.959471e-07
4.686689e-08
1.652653e-07
1.587490e-07
6.256044e-08
1.203137e-05
3.428020e-06
6.889765e-07
3.285016e-06
3.784368e-06
9.125374e-06
4.158868e-06
5.705818e-05
7.541853e-07
4.395858e-04
9.929658e-07
5.134938e-06
9.861186e-05
1.897985e-06
1.178253e-04
3.131195e-06
3.487159e-05
4.554814e-06
6.850874e-07
3.283448e-07
5.357348e-07
9.139979e-08
2.675839e-07
8.785227e-07
3.828795e-08
4.157294e-07
3.993639e-04
1.919619e-08
2.693575e-07
7.563572e-08
2.677995e-06
1.348221e-07
5.405634e-07
5.104367e-06
2.610120e-07
7.000922e-07
1.505596e-07
4.468888e-05
1.021717e-06
1.984344e-07
1.022946e-05
1.055858e-04
1.953396e-06
1.307116e-07
4.233953e-07
1.109932e-06
1.951084e-07
1.491481e-07
3.036474e-08
1.180725e-06
7.193799e-07
2.767939e-06
2.123633e-07
5.036054e-08
3.488403e-09
1.642589e-09
5.722098e-09
7.433217e-10
1.012077e-09
3.138826e-10
7.458665e-10
1.648099e-09
3.856267e-09
1.056401e-08
9.769199e-09
2.645083e-08
7.444929e-08
1.244672e-08
4.629115e-09
1.332697e-08
1.058274e-08
5.729455e-09
3.064939e-09
3.268965e-09
3.504183e-09
2.650106e-10
1.383733e-09
6.762749e-09
6.459085e-09
7.867372e-10
1.996696e-09
4.698633e-09
1.439920e-09
5.285983e-10
1.082057e-09
1.717759e-09
1.229298e-09
1.080397e-09
1.335534e-09
3.062828e-09
1.390906e-08
1.329273e-09
5.143299e-09
1.176754e-09
3.005576e-09
1.226031e-09
1.524068e-09
3.274600e-09
1.422410e-08
1.329742e-09
5.150480e-09
1.178005e-09
3.006594e-09
1.226046e-09
1.524090e-09
3.274596e-09
1.422437e-08
1.329743e-09
5.150487e-09
1.178005e-09
3.006595e-09
1.226046e-09
1.524172e-09
3.274615e-09
1.422480e-08
1.329748e-09
5.150849e-09
1.178897e-09
3.012707e-09
1.243068e-09
1.596337e-09
3.277214e-09
1.674745e-08
2.413252e-09
1.842190e-08
2.287116e-08
1.121467e-07
1.789804e-08
7.078260e-08
1.750263e-08
2.990693e-08
5.924029e-08
1.749544e-08
1.922822e-08
3.995299e-09
1.490611e-08
8.375135e-09
1.608308e-08
1.406204e-08
1.176115e-07
6.327908e-09
1.311453e-07
1.633984e-08
2.109450e-08
1.087039e-07
2.058115e-08
1.976331e-08
2.683903e-08
1.457136e-08
8.278851e-09
3.036573e-08
7.550379e-08
2.217616e-07
4.054633e-07
2.620804e-07
8.284768e-08
2.393394e-08
5.529973e-08
1.169778e-08
4.922028e-08
2.426798e-08
5.886791e-08
6.695394e-08
5.247141e-08
1.703616e-08
1.151920e-07
3.358638e-08
1.945652e-08
1.494148e-07
2.531669e-08
9.001447e-07
8.099009e-07
4.357311e-07
1.358329e-06
5.879889e-08
1.638875e-08
1.071231e-07
7.712398e-07
2.365596e-08
1.267247e-07
7.905691e-08
1.063227e-07
5.754913e-07
2.283589e-07
4.479667e-07
5.011388e-08
1.851141e-07
1.365920e-07
1.160366e-07
8.931338e-07
4.823682e-08
3.043421e-08
1.000876e-07
1.213506e-05
9.897850e-08
1.837355e-06
1.228286e-06
1.650942e-08
3.379239e-08
1.486408e-08
5.546327e-06
1.549228e-07
3.820893e-07
2.694909e-08
1.291201e-07
3.727564e-08
1.691143e-08
1.097781e-05
3.292989e-06
7.174985e-07
1.494579e-06
2.774141e-06
4.050503e-06
1.642322e-06
6.377423e-05
1.656792e-06
4.338686e-04
6.594484e-07
4.633772e-06
9.543293e-05
1.699745e-06
1.269637e-04
3.226537e-06
3.798779e-05
8.829802e-06
1.633240e-06
1.714671e-06
2.231481e-06
1.566932e-07
3.684849e-07
9.994341e-07
4.254542e-08
4.516654e-07
4.164952e-04
1.919619e-08
1.054934e-06
1.962783e-08
3.053319e-06
5.759855e-07
4.379371e-07
7.236883e-06
4.569246e-07
1.606448e-06
2.099821e-07
1.537729e-04
8.658788e-07
2.321142e-07
1.381730e-05
2.372598e-04
3.880251e-06
5.801578e-07
4.969257e-07
5.557103e-06
3.251817e-07
2.436175e-07
3.985077e-08
3.453742e-06
1.276119e-06
6.421500e-06
3.441963e-07
2.333267e-07
1.839678e-08
4.642029e-09
2.087249e-09
7.188080e-10
6.247159e-10
4.345038e-10
1.636977e-09
3.186866e-10
5.311782e-10
4.022970e-09
7.519568e-09
2.154728e-08
6.401220e-08
3.303531e-09
4.056631e-09
1.872806e-08
9.682329e-09
6.867062e-09
1.927037e-09
5.127887e-09
5.173687e-09
3.098910e-10
1.390266e-09
5.119945e-10
7.289229e-10
5.672199e-10
2.237359e-09
3.329022e-09
1.962178e-09
4.501036e-10
1.341163e-09
1.943743e-09
3.913740e-10
7.039181e-10
1.010442e-09
2.106545e-09
1.418723e-08
1.454630e-09
5.664660e-09
3.287973e-10
2.429714e-09
1.140041e-09
1.543317e-09
2.450847e-09
1.480456e-08
1.457317e-09
5.698701e-09
3.308400e-10
2.431830e-09
1.140072e-09
1.543363e-09
2.450842e-09
1.480508e-08
1.457321e-09
5.698733e-09
3.308405e-10
2.431831e-09
1.140072e-09
1.543368e-09
2.450843e-09
1.480539e-08
1.457321e-09
5.698902e-09
3.308537e-10
2.432829e-09
1.141991e-09
1.554852e-09
2.426675e-09
1.637225e-08
2.369470e-09
1.850147e-08
2.650932e-09
8.427890e-09
5.404220e-09
6.662532e-08
1.285804e-08
2.745478e-08
6.475484e-08
4.116940e-08
2.987298e-08
9.143892e-09
9.984193e-10
8.547825e-09
1.405241e-08
7.379680e-10
3.916534e-08
3.419209e-08
4.617520e-08
1.398493e-08
7.362689e-08
1.012782e-07
1.275817e-08
4.584192e-08
1.179587e-08
5.288935e-09
2.539258e-08
1.896803e-08
8.076313e-09
2.310027e-08
9.288332e-08
3.265685e-07
4.647411e-07
1.599773e-07
2.762569e-08
1.873717e-08
2.439330e-08
1.125291e-08
1.070919e-07
7.489057e-08
5.684581e-08
2.256718e-08
1.195272e-07
2.094797e-08
1.850224e-08
1.917684e-07
1.129359e-08
9.011963e-09
2.006292e-07
1.502798e-06
1.872627e-06
6.830913e-08
2.988013e-08
4.248297e-07
7.600226e-07
1.861510e-08
1.208104e-07
4.816408e-08
3.857959e-08
5.196278e-07
3.081851e-07
7.321431e-07
1.032644e-07
7.715471e-08
1.673382e-07
1.912081e-07
1.007046e-06
4.805269e-08
3.232677e-09
7.765407e-08
5.201026e-06
1.128412e-07
2.438337e-06
1.656780e-06
7.011993e-08
1.485917e-08
5.713595e-08
7.210321e-06
1.528239e-07
2.737494e-07
2.545337e-08
8.828843e-08
4.111837e-08
4.721144e-09
2.272235e-06
1.266469e-06
7.586815e-07
1.455917e-06
1.916632e-06
7.740575e-07
9.568299e-07
4.123705e-05
2.130279e-06
3.850723e-04
6.375894e-07
4.104631e-06
9.218554e-05
1.188750e-06
1.195317e-04
2.809251e-06
4.173886e-05
1.084158e-05
2.102900e-06
3.199357e-06
4.237671e-06
2.640062e-07
8.866820e-07
5.940513e-07
3.127197e-08
4.887544e-07
4.233965e-04
7.125732e-08
2.693575e-07
1.962783e-08
3.530632e-06
1.504322e-07
3.859237e-07
9.002946e-06
2.377831e-07
7.171154e-07
3.327342e-07
2.631642e-04
6.520197e-07
1.722386e-07
1.311424e-05
2.996259e-04
6.151861e-06
5.650804e-07
5.868464e-07
8.564536e-06
4.980178e-07
3.470914e-07
4.328601e-08
4.712737e-06
1.254971e-06
7.069247e-06
4.172429e-07
3.055384e-07
2.914317e-08
9.007704e-09
4.158781e-08
2.567947e-10
5.355214e-10
4.705386e-10
2.123875e-09
1.668878e-09
2.031844e-10
2.627682e-09
5.961934e-09
1.754318e-08
3.550605e-08
4.907939e-09
1.668052e-08
2.074762e-08
1.019281e-08
6.721952e-09
5.619744e-09
3.821019e-08
5.379065e-09
1.814484e-09
1.602090e-09
8.362193e-10
5.402926e-10
4.934586e-10
2.001183e-09
3.220214e-09
1.971297e-09
1.292992e-09
9.561692e-09
1.489023e-09
6.312221e-10
6.913122e-10
7.389083e-10
1.407922e-09
1.163304e-08
2.348709e-09
6.019071e-09
6.944291e-10
1.957777e-09
8.281340e-10
1.962112e-09
1.964938e-09
1.278344e-08
2.440703e-09
6.103529e-09
7.286378e-10
1.962167e-09
8.285261e-10
1.962696e-09
1.964904e-09
1.278408e-08
2.440749e-09
6.103605e-09
7.286466e-10
1.962168e-09
8.285262e-10
1.962698e-09
1.964904e-09
1.278417e-08
2.440751e-09
6.103689e-09
7.286517e-10
1.962275e-09
8.313737e-10
1.965770e-09
1.966687e-09
1.332798e-08
2.908577e-09
1.623829e-08
2.031437e-09
6.784708e-09
3.449537e-09
2.817198e-08
1.422413e-08
2.900895e-08
5.368912e-08
5.101825e-08
8.333585e-08
2.029626e-08
3.951273e-09
9.447985e-09
1.453280e-08
7.189447e-10
8.250206e-09
1.132125e-08
3.015037e-08
5.517090e-08
2.977473e-08
1.157267e-07
6.173991e-08
1.008831e-07
4.659040e-08
2.177207e-08
4.650266e-09
1.273779e-08
9.723250e-08
5.108690e-08
2.427174e-08
1.380411e-07
2.069153e-07
2.588341e-07
4.103556e-07
1.603086e-07
1.023508e-07
5.041088e-08
5.933909e-08
5.852654e-08
1.391227e-07
9.208430e-08
1.321274e-07
1.574346e-08
2.566158e-08
2.884729e-07
2.486905e-08
1.096298e-08
8.650188e-08
1.099972e-06
1.288371e-06
9.108879e-07
6.886286e-07
8.544739e-07
9.213323e-07
7.473788e-09
9.143669e-08
3.858715e-08
1.258554e-08
2.357967e-07
3.518225e-07
1.584915e-06
1.117889e-07
6.969795e-08
2.537915e-07
2.493547e-07
1.454366e-06
6.235139e-08
2.063250e-08
1.676822e-07
1.354050e-06
5.355789e-08
1.850286e-06
1.836239e-06
7.161222e-07
9.722190e-08
1.823150e-07
1.180936e-05
1.140729e-07
5.531948e-08
2.047651e-08
1.509365e-07
7.615155e-08
9.991711e-09
6.202366e-07
2.738059e-07
9.673766e-07
1.449262e-06
1.682116e-06
1.297143e-07
4.982003e-07
3.802912e-05
2.566402e-06
3.020715e-04
8.128945e-07
1.113329e-05
9.146023e-05
8.676764e-07
1.114563e-04
2.775431e-06
3.978548e-05
1.210404e-05
4.612960e-06
4.362769e-06
9.726580e-06
2.905444e-06
1.192664e-06
6.051661e-07
4.090708e-08
4.406654e-07
4.267361e-04
7.447481e-08
2.065556e-07
7.563572e-08
3.053319e-06
1.504322e-07
1.234253e-06
9.342728e-06
1.833460e-07
6.845506e-07
3.228755e-07
3.344344e-04
6.168662e-07
8.203508e-07
1.326446e-05
3.828303e-04
6.920397e-06
6.061230e-07
9.769502e-07
1.050520e-05
1.148240e-06
4.113118e-07
5.511206e-08
6.868496e-06
2.073816e-06
7.219206e-06
4.266981e-07
4.150628e-07
5.553702e-08
1.157564e-07
9.841952e-08
2.882261e-07
3.033097e-10
4.231839e-10
2.085249e-09
3.551258e-09
3.547204e-10
1.819348e-09
2.790538e-09
1.320831e-08
3.182245e-08
1.472030e-09
2.970005e-08
3.032801e-08
1.648464e-08
5.349366e-09
6.870952e-09
2.430873e-07
6.860244e-09
5.081439e-09
1.256920e-09
1.717939e-09
1.829846e-09
4.488252e-10
2.009523e-09
3.370529e-09
1.603871e-09
1.472098e-09
5.054984e-08
1.885322e-09
1.387780e-09
4.269524e-10
6.807011e-10
1.354761e-09
6.871315e-09
1.956056e-09
6.194752e-09
1.827838e-09
4.218549e-09
9.267491e-10
3.369291e-09
1.565899e-09
8.163021e-09
2.382109e-09
6.634804e-09
1.982540e-09
4.242374e-09
9.277549e-10
3.371725e-09
1.565764e-09
8.164119e-09
2.382173e-09
6.635029e-09
1.982572e-09
4.242377e-09
9.277551e-10
3.371726e-09
1.565764e-09
8.164140e-09
2.382173e-09
6.635095e-09
1.982576e-09
4.242409e-09
9.278199e-10
3.372526e-09
1.567301e-09
8.271841e-09
2.489898e-09
1.668679e-08
2.420312e-09
4.799576e-09
2.891069e-09
1.857700e-08
7.291889e-09
2.068312e-08
5.544656e-08
7.046237e-08
9.735827e-08
7.433014e-08
1.241817e-08
2.899436e-08
2.302999e-08
6.569253e-10
4.253103e-09
1.462916e-08
1.355970e-08
1.173319e-08
2.473001e-08
3.143972e-07
1.483483e-08
1.139876e-07
1.387718e-07
3.881898e-08
9.510483e-09
1.778400e-08
8.868113e-09
1.923358e-08
2.723841e-07
2.081974e-07
8.719780e-08
1.236693e-07
2.102008e-07
2.580779e-07
4.065613e-07
1.800137e-07
1.111220e-07
1.090206e-07
7.142345e-08
1.017414e-07
2.817378e-07
3.989505e-08
2.720647e-08
2.438776e-07
5.811653e-08
9.952665e-08
5.940936e-08
1.021823e-06
1.529134e-06
2.447690e-07
9.823793e-08
3.116403e-06
1.838956e-06
2.160493e-08
2.338892e-08
8.021157e-08
2.960084e-08
4.538865e-08
3.302872e-07
1.988888e-06
1.495545e-07
1.354289e-07
7.279779e-07
2.742258e-07
2.176179e-06
3.144475e-08
2.239729e-08
8.851857e-07
6.725644e-07
4.072696e-08
1.027832e-06
1.897518e-06
2.121000e-07
2.253238e-07
1.573141e-06
1.401215e-05
1.931892e-07
4.945259e-09
7.054632e-09
3.055331e-07
2.330786e-07
1.596296e-08
3.624173e-07
9.128696e-08
1.578248e-07
1.223978e-06
2.040409e-06
1.267032e-07
2.699055e-07
2.736251e-05
7.184746e-06
8.802577e-05
6.668718e-07
3.984482e-06
9.461368e-05
3.338696e-06
1.073613e-04
2.159216e-06
3.647146e-05
1.454260e-05
3.344233e-06
5.728383e-06
1.853360e-05
1.036541e-05
2.337425e-06
1.092138e-06
6.876577e-08
2.345449e-07
4.324575e-04
1.206030e-07
1.389212e-07
1.225075e-07
2.677995e-06
5.759855e-07
3.859237e-07
9.342728e-06
1.083401e-06
2.503983e-07
1.862302e-07
3.551162e-04
8.000007e-07
6.860848e-07
1.247083e-05
4.296418e-04
7.328473e-06
8.186231e-07
7.818165e-07
1.157838e-05
4.961602e-06
5.763129e-07
1.469272e-07
1.156747e-05
4.389475e-06
7.628357e-06
3.453516e-07
4.289052e-07
9.655339e-08
3.491759e-07
2.910125e-07
9.083788e-07
3.802437e-09
3.774244e-10
2.048790e-09
3.473980e-09
5.958864e-10
6.170523e-09
8.940350e-10
1.073813e-09
3.387533e-09
3.999313e-09
4.200878e-08
3.899634e-08
5.173600e-09
3.244757e-09
1.372240e-08
3.255253e-07
1.684328e-08
9.862890e-09
1.439608e-09
4.709714e-09
2.137672e-09
1.476495e-09
1.313981e-09
2.960565e-10
1.214795e-09
1.811276e-09
6.089478e-08
3.841251e-09
2.725412e-09
6.391847e-10
1.372080e-09
5.023952e-10
1.074541e-09
1.144980e-09
2.510518e-09
1.858547e-09
6.008792e-09
2.467865e-09
4.997458e-09
1.450870e-09
2.374087e-09
1.142961e-09
2.965776e-09
2.321783e-09
6.092479e-09
2.476530e-09
5.002943e-09
1.450394e-09
2.376742e-09
1.143087e-09
2.966064e-09
2.321894e-09
6.092488e-09
2.476530e-09
5.002943e-09
1.450394e-09
2.376744e-09
1.143087e-09
2.966068e-09
2.321895e-09
6.092507e-09
2.476551e-09
5.003014e-09
1.449565e-09
2.388629e-09
1.155839e-09
3.604249e-09
2.481953e-09
6.882485e-09
3.459230e-09
8.555683e-09
1.459269e-09
6.761267e-09
3.244004e-08
8.409910e-08
1.219433e-07
8.848656e-08
4.059287e-08
6.821133e-08
8.329788e-08
7.830509e-10
1.869783e-09
2.690801e-08
2.209012e-09
4.627320e-08
2.240078e-08
1.135889e-07
1.165263e-08
3.689513e-07
1.102902e-07
6.084293e-08
1.935641e-08
2.525499e-08
1.926436e-08
6.882440e-09
7.990832e-09
5.973197e-08
6.686311e-07
2.183356e-07
9.978357e-08
1.951583e-07
1.920166e-07
8.769372e-08
7.071309e-08
2.818367e-08
1.226973e-07
2.080747e-07
1.781393e-07
2.836220e-08
1.114032e-07
2.448510e-07
5.704814e-08
4.740032e-09
5.909375e-08
1.880838e-06
1.750432e-07
1.693113e-07
4.331634e-07
2.695005e-06
2.619004e-06
9.892421e-08
1.939392e-07
9.171218e-08
1.172500e-07
3.473729e-08
2.895252e-07
2.159580e-06
1.094518e-07
1.692565e-07
2.346212e-06
4.966479e-07
2.428764e-06
2.316415e-08
4.321940e-08
1.068323e-06
7.147708e-07
2.781559e-08
3.431195e-07
1.390958e-06
1.935334e-07
2.207775e-07
2.655170e-06
3.138963e-05
1.835585e-07
8.111378e-09
1.061408e-08
3.575721e-07
5.708840e-07
2.697651e-08
2.518105e-07
5.997564e-08
1.733767e-07
4.747108e-07
5.601959e-07
7.657278e-08
9.790742e-07
2.388634e-05
6.371098e-06
4.838299e-05
2.500124e-06
3.630360e-06
9.356409e-05
1.022393e-06
1.070614e-04
4.105723e-06
3.547710e-05
1.389326e-05
3.223388e-06
8.308559e-06
2.661804e-05
2.007499e-05
5.781293e-06
2.706289e-06
2.982336e-07
2.180693e-07
4.282375e-04
2.016394e-07
1.167000e-07
1.469080e-07
4.369485e-06
1.348221e-07
4.379371e-07
9.002946e-06
1.833460e-07
2.503983e-07
7.627160e-07
3.599142e-04
6.312639e-07
4.723778e-07
1.259985e-05
4.524825e-04
7.079951e-06
6.831810e-07
9.834778e-07
1.459223e-05
6.446852e-06
1.515247e-06
3.692073e-07
3.588870e-05
9.432603e-06
8.996909e-06
2.535445e-07
3.422150e-07
1.047914e-07
7.834591e-07
6.391219e-07
2.761938e-06
1.151944e-08
8.620977e-09
9.476845e-10
3.441914e-09
6.683880e-10
7.456365e-09
6.339102e-09
7.675625e-10
6.420064e-10
1.989911e-09
4.330144e-08
3.866432e-08
1.157668e-08
1.866135e-09
1.229822e-08
3.565941e-07
2.174576e-08
2.153661e-08
5.255871e-09
1.452418e-08
1.436349e-08
1.662942e-09
2.501439e-09
4.182986e-10
2.424484e-10
1.470248e-09
6.104024e-08
3.835208e-09
5.625923e-09
2.753002e-09
3.826085e-09
2.154300e-09
3.604594e-10
6.795646e-10
2.011145e-09
2.602408e-09
9.244857e-09
2.687255e-09
9.217223e-09
1.500654e-09
2.606368e-09
9.660892e-10
2.401400e-09
3.865109e-09
1.028802e-08
2.714303e-09
9.306056e-09
1.499530e-09
2.637162e-09
9.673475e-10
2.402847e-09
3.865405e-09
1.028813e-08
2.714307e-09
9.306058e-09
1.499530e-09
2.637164e-09
9.673475e-10
2.402848e-09
3.865405e-09
1.028814e-08
2.714317e-09
9.306217e-09
1.499477e-09
2.646902e-09
9.691503e-10
2.535647e-09
3.970019e-09
1.083458e-08
3.386329e-09
1.248978e-08
2.145478e-09
2.086668e-09
1.224152e-08
8.583120e-08
1.151774e-07
9.544453e-08
8.525118e-08
1.779586e-07
9.982003e-08
5.204589e-09
7.870543e-10
2.980149e-08
1.556227e-08
4.557444e-09
1.100048e-08
1.965874e-07
1.622189e-08
1.350106e-07
1.108529e-07
3.696747e-07
2.540200e-08
9.444267e-08
6.359605e-08
9.096702e-08
3.750206e-08
2.187314e-08
3.053074e-08
1.770693e-07
1.273871e-06
3.703243e-07
2.162519e-07
1.974182e-07
1.048557e-07
3.833030e-08
2.517057e-08
1.185941e-07
3.780204e-07
1.619779e-07
6.093839e-08
2.485684e-07
2.402665e-07
2.410215e-08
4.731094e-08
1.861004e-06
1.616612e-07
3.503606e-07
2.650972e-07
3.114299e-06
3.442675e-06
4.048434e-07
5.416162e-08
3.970598e-07
3.008644e-07
6.508802e-08
7.062346e-07
2.061672e-06
9.443747e-08
1.835128e-07
2.387258e-06
1.449331e-06
3.385608e-06
5.332882e-08
6.193650e-08
1.145352e-06
7.278352e-07
1.316520e-07
1.259779e-07
1.207408e-06
4.403844e-07
3.988041e-07
3.107943e-06
3.479898e-05
8.608382e-07
2.613989e-08
2.910026e-08
7.505853e-07
8.850247e-07
3.419439e-08
2.378379e-07
7.443926e-08
5.561844e-08
2.135462e-07
9.788060e-07
8.495441e-07
2.733463e-07
2.451211e-05
7.054952e-06
1.772868e-05
7.118360e-07
2.815098e-06
1.044761e-04
2.482322e-06
1.043760e-04
2.210585e-06
3.383393e-05
1.642233e-05
5.669219e-06
9.663716e-06
3.662489e-05
3.180565e-05
9.492813e-06
3.541382e-06
4.415531e-06
4.338284e-07
4.355024e-04
3.726992e-07
7.663744e-08
3.050833e-07
5.477881e-06
4.785699e-07
5.405634e-07
7.236883e-06
2.377831e-07
6.845506e-07
1.862302e-07
3.599142e-04
1.720022e-06
9.207256e-07
1.496017e-05
5.348325e-04
8.079705e-06
2.818765e-06
1.210337e-06
1.761385e-05
1.222677e-05
2.191237e-06
1.398770e-06
4.875076e-05
3.705605e-05
1.226293e-05
2.454905e-07
5.479305e-07
1.211807e-07
1.092779e-06
1.131349e-06
2.961287e-06
9.177918e-08
2.238724e-08
4.274462e-08
2.582604e-09
5.761872e-10
7.514544e-09
1.380129e-08
8.307913e-09
5.715908e-10
2.603082e-09
4.073840e-08
3.624698e-08
6.819696e-09
7.425820e-09
4.636190e-08
3.822972e-07
2.654798e-08
2.272526e-08
3.815208e-08
8.472091e-08
2.497343e-08
3.618856e-09
2.809836e-09
3.473898e-09
7.042654e-10
1.723748e-09
5.855312e-08
3.171754e-09
6.038281e-09
1.735934e-08
3.773218e-08
2.891937e-09
6.211888e-10
1.059215e-09
2.553751e-09
3.233275e-09
9.412555e-09
4.517553e-09
1.005110e-08
4.328330e-09
2.724940e-09
2.757435e-09
6.918411e-09
4.333733e-09
1.095981e-08
4.901657e-09
1.026486e-08
4.302205e-09
2.788671e-09
2.773362e-09
6.934832e-09
4.336423e-09
1.095997e-08
4.901699e-09
1.026487e-08
4.302207e-09
2.788671e-09
2.773362e-09
6.934833e-09
4.336423e-09
1.095997e-08
4.901704e-09
1.026490e-08
4.302270e-09
2.791335e-09
2.778346e-09
7.040655e-09
4.370975e-09
1.144573e-08
7.854756e-09
1.270611e-08
4.539875e-09
6.019194e-09
1.524928e-08
7.492520e-08
1.037549e-07
9.562007e-08
8.493060e-08
2.194240e-07
1.476377e-07
1.518440e-08
5.297205e-09
3.567972e-08
5.589975e-08
8.385333e-09
5.844127e-09
1.027455e-07
1.739918e-08
2.161320e-07
1.330066e-07
1.926000e-07
3.159255e-08
4.664077e-07
3.526339e-07
2.557817e-08
3.561437e-07
8.759939e-07
2.712182e-07
6.481689e-08
1.402093e-07
1.314743e-06
3.449165e-06
5.903042e-07
1.264198e-07
3.258997e-07
1.656340e-07
1.405702e-07
2.134363e-07
1.258587e-07
3.365688e-07
5.893204e-07
1.230111e-07
1.768115e-08
5.525945e-07
2.180613e-06
1.759330e-07
2.060293e-08
1.164457e-07
1.020215e-05
3.753386e-06
4.213498e-07
5.389540e-07
8.729502e-07
3.186632e-07
7.551423e-08
1.001378e-06
1.918581e-06
5.724247e-08
1.662262e-07
2.466295e-06
2.619332e-06
3.542798e-06
8.080066e-08
1.478002e-07
1.271510e-06
9.566024e-07
1.474817e-07
2.075869e-07
1.432637e-06
7.700572e-08
2.609874e-07
3.705867e-06
3.553450e-05
2.190583e-06
4.190687e-07
8.938471e-08
1.387697e-06
1.036865e-06
3.562430e-08
2.398779e-07
1.533960e-07
3.498391e-08
1.330604e-07
8.816907e-08
3.969579e-08
2.031540e-06
2.878404e-05
6.365172e-06
9.134054e-06
1.160609e-06
2.970718e-06
9.298729e-05
1.796599e-06
1.269840e-04
5.477797e-06
3.307706e-05
1.405418e-05
3.896187e-06
1.411414e-05
4.583406e-05
3.803439e-05
1.182011e-05
4.892203e-06
1.899279e-05
3.375509e-06
4.374427e-04
1.061795e-06
9.985397e-08
4.089376e-07
5.924639e-06
2.605666e-07
5.315640e-07
5.104367e-06
4.569246e-07
7.171154e-07
3.228755e-07
3.551162e-04
6.312639e-07
9.207256e-07
2.367949e-05
5.733867e-04
8.850665e-06
5.608030e-07
1.726844e-06
2.302725e-05
1.603852e-05
2.658388e-06
1.862754e-06
5.573807e-05
1.242080e-04
1.392473e-05
2.777618e-07
7.010467e-07
1.515092e-07
1.188709e-06
1.249402e-06
3.105677e-06
1.659252e-07
1.616272e-07
1.043742e-07
4.080841e-05
4.694927e-10
7.071470e-09
1.369010e-08
1.059032e-08
9.700449e-10
2.101002e-09
2.714726e-08
2.576404e-08
7.585758e-09
5.312639e-09
5.154533e-08
3.559856e-07
3.653496e-08
2.136666e-08
3.719258e-08
2.575957e-07
3.352388e-08
5.198435e-09
2.946670e-09
5.638354e-09
2.412292e-09
1.241912e-09
3.437636e-08
3.089261e-09
5.139425e-09
1.767441e-08
9.425024e-08
4.140631e-09
6.239589e-10
8.672019e-10
2.458576e-09
3.596435e-09
8.206704e-09
3.771455e-09
1.005643e-08
5.810914e-09
3.742928e-09
3.068598e-09
1.108315e-08
4.781562e-09
9.922180e-09
4.294670e-09
1.045344e-08
5.809411e-09
3.996530e-09
3.094809e-09
1.111791e-08
4.787164e-09
9.922407e-09
4.294727e-09
1.045345e-08
5.809414e-09
3.996531e-09
3.094810e-09
1.111791e-08
4.787164e-09
9.922409e-09
4.294728e-09
1.045347e-08
5.809382e-09
3.997458e-09
3.095342e-09
1.117818e-08
4.800923e-09
1.008741e-08
4.625964e-09
1.284604e-08
8.748297e-09
6.546168e-09
1.465846e-08
5.526841e-08
6.450426e-08
7.565506e-08
8.784337e-08
2.272937e-07
1.402533e-07
4.344545e-08
1.283782e-08
7.784031e-08
9.527723e-08
9.986552e-09
5.902767e-09
6.269395e-08
1.059796e-08
1.026449e-07
7.769120e-08
4.122486e-07
3.459807e-08
2.350256e-07
4.929889e-07
2.450629e-07
3.929254e-08
2.733970e-08
4.533219e-07
1.098605e-06
3.548778e-07
1.374791e-07
3.052952e-07
1.732080e-06
3.401203e-06
2.985345e-07
9.435141e-08
6.524668e-07
2.418264e-07
5.067820e-08
1.107184e-07
5.522890e-07
3.909230e-07
1.254937e-07
5.768034e-08
2.095304e-06
7.822573e-07
5.082223e-08
6.528262e-08
2.479012e-06
3.744487e-06
7.290958e-06
3.932099e-07
1.323540e-06
6.447732e-07
1.556388e-07
8.511882e-07
1.785892e-06
1.208073e-07
8.116238e-08
2.118129e-06
2.731042e-06
3.546317e-06
1.045954e-07
2.678266e-07
8.800713e-07
1.135112e-06
1.993628e-07
1.728607e-07
3.069896e-06
6.659926e-08
6.374303e-08
2.695697e-06
3.481657e-05
2.871850e-06
6.921371e-07
3.604766e-07
1.530554e-06
1.812962e-06
2.547772e-08
1.355991e-07
2.244250e-07
3.489702e-08
6.104456e-08
7.339806e-08
1.332970e-08
2.007657e-07
2.253331e-05
7.926762e-06
1.132654e-05
2.476194e-07
2.132790e-06
9.771207e-05
1.099116e-06
9.542607e-05
4.004579e-06
6.347816e-05
1.592400e-05
3.561730e-06
1.123743e-05
4.326033e-05
4.443914e-05
1.523937e-05
4.239353e-06
2.561678e-05
7.269888e-06
4.408457e-04
1.888252e-06
8.981212e-08
3.683301e-07
6.135296e-06
2.913612e-07
4.498718e-07
4.248213e-06
2.610120e-07
1.606448e-06
3.327342e-07
3.344344e-04
8.000007e-07
4.723778e-07
1.496017e-05
5.733867e-04
1.726187e-05
1.693072e-06
1.170094e-06
2.041566e-05
1.640321e-05
5.693158e-06
2.289194e-06
5.655967e-05
2.362667e-04
1.499165e-05
3.292107e-07
8.800526e-07
1.733152e-07
1.113065e-06
1.154752e-06
3.035957e-06
2.484656e-07
2.357863e-07
1.664242e-07
8.419411e-05
1.937035e-08
4.966485e-09
1.358701e-08
1.043267e-08
9.863265e-10
2.991106e-09
5.822607e-09
2.940485e-09
3.167354e-09
4.166024e-09
4.991904e-08
2.944256e-07
3.040266e-08
1.531876e-08
4.147948e-08
2.763449e-07
6.923328e-08
4.550965e-09
2.443917e-09
8.225371e-09
3.915325e-09
1.511957e-09
4.631805e-09
4.479513e-10
3.223339e-09
1.766687e-08
9.698980e-08
6.672741e-09
6.771739e-10
6.490693e-10
2.294713e-09
2.788906e-09
4.448796e-09
2.327397e-09
6.253489e-09
5.444992e-09
4.042754e-09
5.044302e-09
1.247564e-08
4.422007e-09
6.408916e-09
2.888681e-09
6.848075e-09
5.377270e-09
4.476653e-09
5.132615e-09
1.252282e-08
4.431090e-09
6.409230e-09
2.888755e-09
6.848083e-09
5.377274e-09
4.476655e-09
5.132615e-09
1.252283e-08
4.431090e-09
6.409230e-09
2.888755e-09
6.848084e-09
5.377262e-09
4.476803e-09
5.132652e-09
1.253003e-08
4.435979e-09
6.429696e-09
2.917825e-09
7.038097e-09
5.994418e-09
7.262660e-09
1.594738e-08
2.742943e-08
9.263037e-09
1.182722e-08
6.934661e-08
2.160562e-07
1.078039e-07
4.771032e-08
1.580791e-08
1.159940e-07
2.763472e-07
1.110184e-08
4.924871e-09
5.544317e-08
5.221141e-09
7.630547e-08
5.633074e-08
1.868423e-07
3.320326e-08
4.261031e-07
5.073631e-07
3.814134e-08
4.504304e-08
4.447615e-08
3.202511e-08
2.081073e-08
4.529095e-07
1.151477e-06
4.029949e-07
3.035026e-07
2.605222e-07
1.491280e-06
2.733117e-06
2.260395e-07
1.579623e-07
4.826877e-07
1.204585e-07
4.088021e-07
1.220514e-07
9.809119e-08
2.054896e-07
1.727259e-06
1.556170e-07
1.655935e-08
6.105459e-07
2.421393e-06
1.426544e-06
3.292132e-07
4.317129e-07
8.019620e-06
7.754389e-07
1.935247e-07
1.043724e-06
5.763067e-07
1.342289e-07
3.530191e-08
2.969223e-07
2.624118e-06
2.692566e-06
1.040587e-07
4.691473e-07
8.398077e-07
9.508838e-07
1.464928e-07
1.489678e-07
3.273540e-06
1.236077e-07
2.725316e-08
1.204788e-06
1.531382e-05
2.299595e-06
6.293709e-07
9.578963e-07
2.594390e-06
1.965432e-06
2.630895e-08
4.239179e-08
2.039824e-07
2.626306e-08
3.371026e-08
4.601452e-08
5.290180e-08
1.553590e-07
7.170019e-06
2.896430e-06
4.540185e-06
1.936829e-06
5.027392e-06
9.142496e-05
1.857015e-06
3.663740e-05
3.227255e-06
2.435688e-05
1.485814e-05
3.408939e-05
1.273572e-05
4.087679e-05
3.942451e-05
1.298574e-05
5.598435e-06
3.017827e-05
8.046143e-06
4.449354e-04
3.129907e-06
1.318910e-07
3.973496e-07
4.318659e-06
2.710167e-07
5.082946e-07
3.042874e-06
2.558143e-07
7.000922e-07
2.099821e-07
2.631642e-04
6.168662e-07
6.860848e-07
1.259985e-05
5.348325e-04
8.850665e-06
1.693072e-06
7.821101e-06
1.968861e-05
1.452319e-05
2.058892e-06
2.518321e-06
5.891675e-05
2.562701e-04
1.629461e-05
3.333827e-07
1.111604e-06
1.939430e-07
9.163927e-07
7.930291e-07
8.918891e-07
2.248255e-07
3.024560e-07
2.217460e-07
1.364909e-04
3.843764e-08
1.155848e-08
9.756474e-09
1.013362e-08
1.006553e-09
2.153643e-09
7.129833e-09
1.512765e-09
2.552765e-09
4.851028e-09
4.971862e-08
2.289801e-07
9.020044e-08
1.279056e-08
3.569491e-08
2.791833e-07
1.015049e-07
1.975208e-08
3.307673e-09
1.542640e-08
3.034205e-08
1.626197e-09
8.213382e-09
3.969470e-10
2.528525e-09
1.669922e-08
9.486301e-08
7.248917e-09
3.635013e-09
1.035151e-09
2.855037e-09
1.187531e-08
1.997337e-09
4.254485e-09
5.661038e-09
6.315883e-09
8.438676e-09
7.805057e-09
4.716294e-08
3.140762e-09
5.046906e-09
6.146491e-09
6.439460e-09
6.427928e-09
1.225934e-08
8.123224e-09
4.755114e-08
3.157132e-09
5.048551e-09
6.146875e-09
6.439490e-09
6.427935e-09
1.225935e-08
8.123226e-09
4.755114e-08
3.157133e-09
5.048551e-09
6.146875e-09
6.439491e-09
6.427933e-09
1.225946e-08
8.123242e-09
4.755663e-08
3.157336e-09
5.052717e-09
6.162976e-09
6.555358e-09
6.616079e-09
1.535928e-08
1.505888e-08
5.944025e-08
1.139066e-08
9.217074e-09
2.484661e-08
1.828152e-07
8.660705e-08
5.982012e-08
3.017515e-08
2.812630e-07
3.662445e-07
7.653078e-08
6.176707e-09
3.101083e-08
1.148050e-08
1.457530e-08
4.444011e-08
1.766369e-07
2.038349e-08
1.813326e-07
5.897326e-07
2.295210e-07
9.195949e-08
4.240787e-08
6.519562e-08
4.973694e-08
1.492380e-08
1.834253e-08
8.134721e-07
2.173711e-06
6.010756e-07
1.709440e-07
2.929099e-07
1.564535e-06
2.473356e-06
1.246089e-07
1.428241e-07
1.106124e-06
1.972101e-07
3.462004e-08
1.252368e-07
1.606949e-06
3.719076e-07
4.257971e-08
5.678875e-08
1.999560e-06
2.005571e-06
1.417106e-07
1.051238e-06
1.345506e-06
9.113651e-07
7.781232e-06
1.406222e-06
6.245524e-07
1.947484e-07
2.803333e-08
1.371005e-07
1.839066e-06
1.496125e-06
8.820487e-08
3.915185e-07
1.194869e-06
1.176278e-06
1.447351e-07
1.138711e-07
3.190495e-06
1.712031e-07
2.140972e-07
6.131437e-07
9.092231e-06
2.278963e-06
5.277588e-07
4.632666e-07
2.813875e-06
8.207790e-06
7.982876e-08
5.892960e-08
2.430962e-07
1.693952e-08
2.421785e-08
4.188516e-08
4.829021e-08
1.619909e-07
3.340908e-06
1.269373e-06
2.444829e-06
2.221113e-07
8.935586e-07
8.391539e-05
5.273051e-06
2.260244e-05
6.283422e-06
1.749965e-05
1.585731e-05
2.969207e-06
1.316676e-05
6.954874e-05
3.914067e-05
1.339941e-05
3.255531e-06
3.210469e-05
1.099330e-05
4.515473e-04
3.408559e-06
1.024830e-06
7.533415e-07
3.865039e-06
2.656558e-07
3.088742e-07
2.892154e-06
3.768038e-07
1.038633e-06
1.505596e-07
1.537729e-04
6.520197e-07
8.203508e-07
1.247083e-05
4.524825e-04
8.079705e-06
5.608030e-07
1.170094e-06
1.968861e-05
2.149535e-05
3.181762e-06
2.207284e-06
5.729456e-05
3.331206e-04
1.837126e-05
7.173409e-07
1.137057e-06
4.238327e-07
8.365575e-07
4.948036e-07
5.990902e-07
1.762305e-07
3.124561e-07
2.882104e-07
1.647465e-04
3.745505e-07
3.875998e-08
1.698902e-08
4.299821e-09
8.120502e-10
1.792362e-09
8.792826e-09
7.394149e-09
1.687511e-09
2.204482e-08
3.330579e-08
1.989932e-07
9.527597e-08
1.987533e-08
1.874928e-08
2.465800e-07
1.340968e-07
2.682016e-08
1.694897e-08
4.570581e-08
6.597523e-08
2.591679e-09
9.589717e-09
1.966007e-09
7.640652e-09
7.521760e-09
7.178269e-08
6.824040e-09
3.841426e-09
3.750935e-09
1.422450e-08
2.222294e-08
1.726575e-09
2.357289e-09
3.694779e-09
1.260723e-08
1.517034e-08
1.315543e-08
6.204329e-08
6.421398e-09
2.908231e-09
6.861774e-09
6.575682e-09
1.092316e-08
2.127809e-08
1.507240e-08
6.305161e-08
6.594948e-09
2.912748e-09
6.864117e-09
6.575828e-09
1.092319e-08
2.127811e-08
1.507242e-08
6.305162e-08
6.594956e-09
2.912749e-09
6.864117e-09
6.575828e-09
1.092319e-08
2.127815e-08
1.507243e-08
6.305612e-08
6.595054e-09
2.913620e-09
6.866739e-09
6.587413e-09
1.105040e-08
2.291749e-08
2.172681e-08
7.297199e-08
9.197603e-09
1.096841e-08
2.999886e-08
1.101361e-07
5.744661e-08
5.667733e-08
3.852533e-08
3.690947e-07
5.649823e-07
1.573786e-07
5.635374e-08
9.712021e-09
1.855515e-08
1.798390e-08
1.117820e-08
9.306576e-08
5.965982e-08
9.050166e-08
5.039153e-07
7.934638e-08
3.259986e-07
2.960933e-07
1.383795e-07
1.520577e-07
6.138122e-08
4.350533e-08
4.950041e-08
1.975073e-07
3.492384e-06
3.302922e-06
9.750746e-07
5.493010e-07
5.669856e-07
1.191327e-06
1.896342e-06
3.256295e-07
3.780221e-07
1.382329e-06
2.902741e-07
1.652941e-06
3.531254e-07
1.534673e-07
1.849570e-07
1.678262e-06
1.241407e-06
1.578551e-07
1.252806e-06
1.974179e-06
1.989440e-06
1.568936e-06
3.007513e-06
3.861916e-06
3.814896e-07
2.440820e-08
1.127393e-07
1.140708e-06
3.121896e-07
1.782731e-07
4.144818e-07
1.413057e-06
1.714678e-06
1.929968e-07
1.235624e-07
3.350396e-06
2.097659e-07
3.326871e-07
9.810756e-07
6.280833e-06
1.487598e-06
5.777880e-07
2.378683e-06
2.870428e-06
1.345007e-05
1.010217e-06
1.710446e-07
4.174697e-07
1.870453e-08
1.671312e-08
4.283349e-08
8.898688e-08
1.761050e-07
1.191359e-06
4.181003e-07
2.063737e-06
5.272317e-07
9.291585e-07
8.096147e-05
2.980351e-07
9.242112e-06
1.133436e-05
1.317416e-05
2.805491e-05
2.875114e-06
1.511697e-05
3.920618e-05
3.681425e-05
4.566327e-05
5.231849e-06
3.482540e-05
1.057134e-05
4.524057e-04
4.663649e-06
2.886904e-06
2.607634e-06
4.263639e-06
3.624787e-07
2.335878e-07
2.599544e-06
2.466367e-07
1.169448e-06
4.273699e-07
4.468888e-05
8.658788e-07
1.722386e-07
1.326446e-05
4.296418e-04
7.079951e-06
2.818765e-06
1.726844e-06
2.041566e-05
1.452319e-05
3.181762e-06
1.322329e-05
6.057321e-05
3.739363e-04
1.974899e-05
9.748329e-07
2.086436e-06
7.089044e-07
1.144210e-06
2.277193e-07
3.571002e-07
2.025843e-07
3.694782e-07
4.103705e-07
2.133013e-04
5.590412e-07
1.448887e-07
4.661408e-08
6.758056e-08
4.325771e-10
1.489998e-09
8.452437e-09
1.424039e-08
6.585399e-09
5.750871e-09
1.119059e-08
1.176937e-07
1.076132e-07
2.061791e-08
1.363253e-08
1.940723e-07
1.883005e-07
4.177667e-08
1.908705e-08
1.230145e-07
1.325486e-07
4.920599e-09
1.785770e-08
3.598726e-09
1.781686e-08
4.600300e-09
2.687385e-08
7.162241e-09
4.821752e-09
4.608027e-09
3.611328e-08
6.147119e-08
2.362343e-09
2.414516e-09
2.233608e-09
7.897272e-09
1.013508e-08
1.746899e-08
8.113203e-08
9.321495e-09
4.066307e-09
8.037320e-09
7.919030e-09
7.224618e-09
1.585381e-08
2.050739e-08
8.434373e-08
9.970203e-09
4.098452e-09
8.042743e-09
7.919576e-09
7.224738e-09
1.585387e-08
2.050741e-08
8.434374e-08
9.970230e-09
4.098460e-09
8.042743e-09
7.919576e-09
7.224738e-09
1.585389e-08
2.050741e-08
8.434796e-08
9.970292e-09
4.098967e-09
8.043532e-09
7.924797e-09
7.242106e-09
1.624903e-08
2.299808e-08
9.488148e-08
1.263729e-08
6.185227e-09
1.333179e-08
7.871190e-08
4.989219e-08
5.715714e-08
3.441151e-08
4.198040e-07
6.193973e-07
3.927973e-07
1.543216e-07
7.856766e-09
3.324924e-08
3.022167e-08
8.831368e-09
5.122160e-08
1.964104e-08
5.786537e-08
3.723793e-07
1.490584e-07
3.451845e-07
1.440096e-07
3.279303e-07
4.860789e-07
5.008669e-08
6.329507e-08
6.939490e-08
1.475728e-07
9.372814e-08
1.345057e-07
4.186767e-06
4.387957e-06
1.418305e-06
2.518709e-07
2.968794e-07
1.166952e-06
7.441955e-07
1.072726e-07
5.104265e-07
3.023408e-06
5.087687e-07
1.073689e-07
1.337930e-07
1.062526e-06
1.326623e-06
1.766770e-07
3.723366e-08
7.882673e-07
5.637677e-06
2.449698e-06
3.998924e-06
1.204781e-06
7.067017e-07
1.076304e-06
4.278542e-08
1.049081e-06
2.703525e-07
1.234182e-08
2.891653e-07
1.603708e-06
2.578161e-06
3.541123e-07
9.716211e-08
2.965893e-06
3.449567e-07
6.922910e-07
1.114793e-06
6.043221e-06
1.547208e-06
9.061642e-08
3.574421e-07
3.252641e-06
1.672426e-05
2.083530e-06
4.607510e-07
4.551043e-07
1.710210e-07
3.099192e-08
2.601004e-08
1.600079e-07
2.773662e-07
5.004450e-07
2.303518e-07
3.727131e-07
2.251060e-07
2.915130e-06
8.021805e-05
4.347308e-07
3.511278e-06
1.842534e-06
1.347506e-05
2.363593e-05
2.640433e-06
2.747596e-05
4.124882e-05
3.701181e-05
1.255465e-05
2.287036e-06
6.679542e-05
1.419023e-05
4.558449e-04
4.114087e-06
4.400641e-06
8.459059e-06
6.116660e-06
8.348100e-07
3.368066e-07
1.188853e-06
2.982801e-07
2.099756e-06
9.247708e-08
3.838384e-05
1.021717e-06
2.321142e-07
1.311424e-05
3.828303e-04
7.328473e-06
6.831810e-07
1.210337e-06
2.302725e-05
1.640321e-05
2.058892e-06
2.207284e-06
6.057321e-05
3.958766e-04
2.384886e-05
1.175523e-06
1.723438e-06
2.023533e-06
2.151422e-06
2.174123e-07
2.630759e-07
2.117639e-07
3.238348e-07
3.922385e-07
2.401153e-04
9.347605e-07
2.717504e-07
8.838101e-08
1.943215e-07
2.281819e-07
8.093499e-10
8.088274e-09
1.419512e-08
1.215728e-08
1.669190e-08
6.634634e-09
4.860809e-08
8.466369e-08
5.910414e-08
1.404301e-08
1.948974e-07
3.232837e-07
5.017433e-08
2.127818e-08
1.357484e-07
2.637144e-07
8.817566e-09
2.500957e-08
8.547356e-09
2.298899e-08
7.113232e-09
7.671019e-09
5.581332e-09
1.117061e-08
4.884323e-09
3.937280e-08
1.339958e-07
3.957661e-09
3.344400e-09
3.520191e-09
7.426018e-09
9.589312e-09
1.254719e-08
7.065499e-08
1.801509e-08
1.130005e-08
1.531733e-08
1.093946e-08
7.721626e-09
1.488192e-08
1.600566e-08
7.445093e-08
2.045833e-08
1.145820e-08
1.535053e-08
1.094113e-08
7.721949e-09
1.488208e-08
1.600570e-08
7.445095e-08
2.045842e-08
1.145822e-08
1.535053e-08
1.094113e-08
7.721949e-09
1.488209e-08
1.600570e-08
7.445281e-08
2.045847e-08
1.145844e-08
1.535096e-08
1.094266e-08
7.731850e-09
1.511892e-08
1.704404e-08
7.826465e-08
2.311864e-08
1.462389e-08
1.853000e-08
7.832364e-08
2.346822e-08
3.786145e-08
5.348011e-08
4.431018e-07
6.019254e-07
4.068153e-07
4.057514e-07
7.827023e-09
7.465212e-08
3.744483e-08
6.633397e-09
4.526968e-08
1.774092e-08
3.502811e-08
2.734527e-07
1.339123e-07
6.121155e-07
1.770348e-07
2.011769e-07
6.645449e-07
2.173339e-07
1.259077e-07
3.781197e-08
1.277477e-07
8.326212e-08
9.510661e-08
1.617658e-07
5.433501e-07
4.880692e-06
4.203940e-06
8.642882e-07
3.236977e-07
3.201170e-07
4.890170e-07
5.546639e-07
1.524621e-06
7.296589e-07
1.592219e-06
2.114901e-07
5.001044e-07
1.135068e-06
2.879985e-07
7.635166e-08
6.325550e-07
4.941417e-07
3.951141e-06
7.981964e-06
1.753142e-06
2.567625e-06
4.059624e-07
4.808166e-08
7.252108e-07
3.314290e-07
1.769896e-08
1.162157e-07
1.233448e-06
2.683424e-06
5.494931e-07
2.672756e-07
3.185288e-06
2.623401e-07
1.209845e-06
1.315539e-06
4.781085e-06
2.268164e-06
3.959788e-08
1.009151e-07
1.905433e-06
1.504646e-05
2.649404e-06
2.578608e-06
7.370675e-07
1.787483e-07
2.232362e-07
2.814142e-08
1.679496e-07
3.378523e-07
3.060448e-07
1.109236e-07
3.388095e-07
1.182433e-07
3.248439e-07
7.365075e-05
2.653371e-06
3.461108e-06
1.314888e-06
8.982055e-06
1.510002e-05
1.992429e-06
2.452271e-05
4.001583e-05
4.978160e-05
1.288710e-05
1.713269e-06
3.245233e-05
1.090867e-05
4.906790e-04
6.825575e-06
6.993332e-06
1.327746e-05
8.977204e-06
2.342272e-06
8.451328e-07
7.728005e-07
1.833319e-07
3.007251e-06
1.306325e-07
3.244548e-05
1.129403e-06
1.984344e-07
1.381730e-05
2.996259e-04
6.920397e-06
8.186231e-07
9.834778e-07
1.761385e-05
1.603852e-05
5.693158e-06
2.518321e-06
5.729456e-05
3.739363e-04
2.384886e-05
1.272993e-05
3.238061e-06
2.243703e-06
4.890087e-06
2.592536e-07
3.861785e-07
2.392546e-07
3.315473e-07
3.678162e-07
2.466645e-04
9.718159e-07
4.941912e-07
1.789377e-07
5.231967e-07
4.110685e-07
1.929092e-08
6.184162e-09
1.405417e-08
1.210168e-08
2.515578e-08
1.671155e-08
1.954319e-08
3.054402e-08
1.608043e-08
2.419467e-09
1.911641e-07
3.377122e-07
3.986636e-08
2.096612e-08
1.426606e-07
2.610464e-07
1.253056e-08
2.680209e-08
1.469253e-08
2.625142e-08
8.412707e-09
6.922909e-09
3.983196e-09
1.702285e-09
3.510855e-09
4.454251e-08
1.322363e-07
5.651025e-09
5.849961e-09
5.113630e-09
7.662807e-09
6.520176e-09
7.734098e-09
4.009096e-08
1.257096e-08
4.898664e-09
1.850154e-08
1.728070e-08
7.264739e-09
1.152162e-08
1.077766e-08
4.341866e-08
1.573589e-08
5.146828e-09
1.862139e-08
1.730667e-08
7.265909e-09
1.152229e-08
1.077771e-08
4.341868e-08
1.573600e-08
5.146859e-09
1.862139e-08
1.730667e-08
7.265909e-09
1.152230e-08
1.077771e-08
4.341917e-08
1.573601e-08
5.146918e-09
1.862161e-08
1.730782e-08
7.268000e-09
1.166910e-08
1.109424e-08
4.442065e-08
1.622754e-08
6.042522e-09
2.064197e-08
7.527936e-08
1.614636e-08
1.264570e-08
1.643211e-08
4.010750e-07
5.838625e-07
3.983758e-07
4.356028e-07
1.441614e-08
1.105530e-07
7.931204e-08
5.148849e-09
3.680759e-08
4.075197e-08
1.195817e-08
1.842144e-07
2.132889e-07
5.023209e-07
1.670288e-07
2.902050e-07
7.237563e-07
8.588576e-08
6.390903e-08
1.068611e-07
8.805148e-08
2.804868e-08
5.867073e-08
8.580772e-08
3.118996e-07
5.487727e-07
3.656785e-07
4.267199e-06
2.585983e-06
5.235169e-07
7.400215e-08
1.715508e-07
6.954166e-07
5.011062e-07
2.372633e-07
3.957410e-07
1.005096e-06
9.263676e-07
1.610059e-07
5.380481e-08
5.573213e-07
4.807645e-07
8.578483e-07
2.376938e-06
3.154275e-06
6.241799e-06
1.031671e-06
4.733797e-07
6.067479e-07
2.269455e-07
9.531046e-08
8.263542e-08
8.118393e-07
2.459071e-06
3.552811e-07
2.748174e-07
3.970664e-06
4.140753e-07
1.233373e-06
1.347278e-06
3.487474e-06
2.275149e-06
4.985144e-08
7.422883e-08
1.199711e-06
1.294453e-05
2.233909e-06
7.709886e-07
1.184361e-06
2.282028e-06
2.538115e-07
4.340162e-08
2.030289e-07
2.856635e-07
1.909544e-07
1.013764e-07
3.012297e-07
1.603880e-07
2.431842e-07
3.955780e-05
3.925429e-07
2.751127e-06
3.366001e-06
6.677923e-06
1.116474e-05
9.305710e-07
1.210083e-05
3.865247e-05
4.177432e-05
1.332265e-05
1.168448e-05
3.120275e-05
9.729062e-06
4.381925e-04
4.088891e-06
2.962780e-05
1.820393e-05
1.166536e-05
3.854342e-06
1.645675e-06
6.556924e-07
2.437178e-07
2.986623e-06
9.002965e-08
2.983200e-05
1.302150e-06
2.810888e-07
1.022946e-05
2.372598e-04
6.151861e-06
6.061230e-07
7.818165e-07
1.459223e-05
1.222677e-05
2.658388e-06
2.289194e-06
5.891675e-05
3.331206e-04
1.974899e-05
1.175523e-06
3.238061e-06
1.083928e-05
5.639653e-06
3.177908e-07
3.567281e-07
3.220562e-07
3.921074e-07
3.740960e-07
2.513253e-04
7.582539e-07
4.337035e-07
1.757888e-07
6.679246e-07
6.406851e-07
4.687213e-08
4.458538e-08
9.590257e-09
1.164134e-08
2.492999e-08
1.653120e-08
2.320192e-08
9.421844e-09
9.706306e-09
9.334941e-10
1.275388e-07
2.899563e-07
5.840058e-08
1.671893e-08
1.098823e-07
2.371843e-07
1.522462e-08
2.948850e-08
2.286632e-08
2.218350e-08
1.485927e-08
2.875472e-09
4.080259e-09
6.787221e-10
1.286353e-09
2.738004e-08
1.202308e-07
1.145377e-08
7.687321e-09
8.423061e-09
3.856792e-09
7.959102e-09
2.744686e-09
2.030077e-08
7.824680e-09
2.787326e-09
1.509931e-08
1.132384e-08
7.407782e-09
3.597970e-09
6.111199e-09
2.375558e-08
1.000105e-08
3.390434e-09
1.546281e-08
1.135037e-08
7.414344e-09
3.598663e-09
6.111522e-09
2.375566e-08
1.000123e-08
3.390519e-09
1.546281e-08
1.135037e-08
7.414344e-09
3.598664e-09
6.111522e-09
2.375580e-08
1.000123e-08
3.390533e-09
1.546297e-08
1.135088e-08
7.415504e-09
3.611131e-09
6.240174e-09
2.402731e-08
1.012833e-08
3.592500e-09
1.670585e-08
4.806530e-08
1.323796e-08
7.856555e-09
7.849573e-09
1.543101e-07
4.481403e-07
3.254359e-07
4.297641e-07
2.752072e-08
1.345812e-07
9.342604e-08
1.425670e-08
1.882364e-08
4.340477e-08
9.382905e-09
3.858667e-08
1.888709e-07
4.689867e-07
1.381655e-07
1.324515e-07
7.052811e-07
1.527899e-07
7.388001e-08
1.726063e-08
4.262826e-08
2.794497e-08
1.711020e-08
1.906947e-08
9.248337e-08
3.043542e-07
1.885500e-07
2.085088e-07
3.042559e-07
1.448051e-06
1.149153e-06
1.404509e-07
2.510480e-07
1.895181e-07
2.047575e-07
1.560862e-07
1.709638e-07
5.553719e-07
4.051507e-07
3.058660e-08
2.704869e-07
3.421107e-07
6.854720e-07
6.479767e-07
6.576134e-07
1.285205e-06
2.516013e-06
4.255913e-06
4.955938e-07
2.906995e-07
5.142675e-08
4.438298e-08
5.563894e-07
1.786814e-06
2.894632e-07
2.986077e-07
3.934270e-06
4.301801e-07
1.463431e-06
1.452345e-06
1.308320e-06
2.074197e-06
1.278499e-07
1.708483e-07
7.461713e-07
6.611401e-06
1.696435e-06
6.252551e-07
7.915271e-07
7.142806e-07
6.923097e-07
1.136400e-07
2.601075e-07
2.176793e-07
5.829908e-08
6.980485e-08
2.885765e-07
1.661506e-07
1.529633e-07
1.995208e-05
3.026609e-07
1.550652e-06
1.177680e-06
5.473007e-06
7.090096e-06
5.933890e-07
9.176097e-06
3.500139e-05
1.878954e-05
1.380777e-05
4.848608e-06
2.863511e-05
9.044935e-06
3.511958e-04
3.391593e-06
7.049461e-06
1.641464e-05
1.814718e-05
4.887986e-06
2.309458e-06
8.253499e-07
2.999980e-07
3.185085e-06
7.402711e-08
1.794840e-05
1.402088e-06
1.871081e-07
8.953785e-06
1.055858e-04
3.880251e-06
5.650804e-07
9.769502e-07
1.157838e-05
6.446852e-06
2.191237e-06
1.862754e-06
5.655967e-05
2.562701e-04
1.837126e-05
9.748329e-07
1.723438e-06
2.243703e-06
5.639653e-06
2.192758e-06
5.455887e-07
3.148105e-07
4.166215e-07
3.319444e-07
2.527961e-04
5.961995e-07
3.746835e-07
1.402323e-07
6.217524e-07
6.325199e-07
1.575444e-07
8.235148e-08
8.139841e-08
9.625420e-09
2.409632e-08
1.634512e-08
2.877501e-08
8.518142e-09
9.411060e-09
5.638702e-10
7.570561e-08
2.624909e-07
1.724785e-08
1.257525e-08
9.488844e-08
1.859742e-07
9.325619e-09
2.763032e-08
4.494055e-08
1.740811e-08
2.326176e-08
2.205258e-09
3.292412e-09
8.400667e-10
8.602921e-10
1.418162e-08
9.422823e-08
2.813847e-09
6.965069e-09
2.023164e-08
4.253367e-09
1.001474e-08
1.750780e-09
1.060315e-08
5.620696e-09
1.647908e-09
1.068864e-08
1.014590e-08
6.600016e-09
3.193150e-09
3.176177e-09
1.407821e-08
7.981385e-09
2.111367e-09
1.088539e-08
1.029879e-08
6.686907e-09
3.199970e-09
3.176674e-09
1.407841e-08
7.982076e-09
2.111804e-09
1.088539e-08
1.029879e-08
6.686907e-09
3.199970e-09
3.176674e-09
1.407849e-08
7.982078e-09
2.111810e-09
1.088546e-08
1.029920e-08
6.687529e-09
3.206262e-09
3.217697e-09
1.423250e-08
8.051106e-09
2.206004e-09
1.144690e-08
4.300043e-08
9.983691e-09
4.058356e-09
5.805498e-09
8.664568e-08
2.272979e-07
1.887819e-07
3.779247e-07
2.914114e-08
1.408486e-07
1.154682e-07
1.793373e-08
3.571824e-08
4.459571e-08
6.201524e-09
3.457476e-08
1.522306e-07
3.733431e-07
1.159508e-07
6.943016e-08
6.784579e-07
7.783578e-08
7.471989e-08
8.304589e-08
4.754566e-08
8.689532e-09
1.593019e-08
1.715772e-08
5.041171e-08
1.765599e-07
1.231498e-07
1.174073e-07
2.135558e-07
1.600297e-07
8.495908e-08
6.246622e-07
8.983718e-07
1.101714e-07
1.098125e-07
1.129835e-07
1.470971e-07
4.405500e-07
1.069455e-07
3.420157e-08
2.960786e-07
2.425908e-07
3.965144e-07
5.610386e-07
4.319081e-07
1.193835e-06
2.147984e-07
4.802124e-08
2.687512e-06
1.833546e-06
4.327849e-08
3.114872e-08
5.013107e-07
1.432678e-06
9.931463e-08
2.859634e-07
3.924427e-06
4.289975e-07
2.041545e-06
1.705253e-06
4.888457e-07
2.092972e-06
3.525342e-08
2.085316e-07
9.808776e-07
3.345898e-06
7.569503e-07
4.234684e-07
6.855283e-07
6.388247e-07
6.906849e-07
5.895211e-07
4.219016e-07
1.937385e-07
8.972868e-09
4.001776e-08
2.921805e-07
1.561202e-07
9.703407e-08
1.184263e-05
1.504216e-07
6.091198e-07
1.060299e-06
4.892227e-06
4.831088e-06
2.202061e-07
6.917792e-06
3.402221e-05
8.622639e-06
1.251247e-05
1.136938e-06
2.763562e-05
8.074047e-06
3.101722e-04
2.902330e-06
6.883282e-06
1.611693e-05
1.050546e-05
4.069964e-06
5.288919e-06
1.468329e-06
7.552679e-07
4.266040e-06
6.534462e-08
7.899979e-06
1.381458e-06
1.182327e-07
6.663105e-06
7.136390e-05
1.953396e-06
5.801578e-07
5.868464e-07
1.050520e-05
4.961602e-06
1.515247e-06
1.398770e-06
5.573807e-05
2.362667e-04
1.629461e-05
7.173409e-07
2.086436e-06
2.023533e-06
4.890087e-06
3.177908e-07
5.455887e-07
1.850704e-06
4.834405e-07
3.829441e-07
2.563480e-04
3.769046e-07
4.499171e-07
1.075212e-07
6.091448e-07
6.328844e-07
1.570321e-07
1.801684e-07
1.782564e-07
3.508562e-09
1.804947e-08
1.523964e-08
2.688480e-08
2.963358e-09
9.987069e-09
1.534810e-10
5.786881e-09
2.781849e-08
7.652357e-09
8.678573e-09
4.685251e-08
3.231935e-08
4.482421e-09
1.531262e-08
4.008575e-08
1.445348e-08
2.571364e-08
6.464285e-10
1.534440e-09
2.791592e-10
6.690440e-10
1.150555e-09
6.011396e-09
9.655397e-10
4.667192e-09
1.273037e-08
4.001065e-09
1.231201e-08
2.081312e-10
2.439386e-09
8.357903e-10
2.028024e-10
1.407021e-09
2.549012e-09
2.825873e-09
1.129996e-09
1.402349e-09
1.355068e-09
3.207515e-09
6.198240e-10
1.574696e-09
2.666325e-09
2.836492e-09
1.141147e-09
1.410241e-09
1.355212e-09
3.208755e-09
6.206714e-10
1.574698e-09
2.666327e-09
2.836492e-09
1.141147e-09
1.410241e-09
1.355217e-09
3.208755e-09
6.206720e-10
1.574702e-09
2.666351e-09
2.836688e-09
1.142100e-09
1.419168e-09
1.365257e-09
3.231829e-09
6.297478e-10
1.607482e-09
4.520093e-09
4.528980e-09
1.492917e-09
1.818528e-09
1.011279e-08
1.701727e-08
1.258972e-08
1.983784e-07
2.437957e-08
1.092571e-07
9.906109e-08
3.080237e-08
3.505335e-08
5.036411e-08
1.000443e-09
1.642590e-08
1.358601e-07
2.359900e-08
8.383304e-08
4.014336e-08
4.160859e-07
2.831682e-08
8.141686e-08
1.466540e-08
3.960516e-08
8.394688e-09
1.634416e-09
1.604355e-09
6.740382e-09
2.207203e-08
1.560167e-08
1.265661e-08
2.763622e-08
6.514888e-08
2.896336e-08
1.174668e-08
1.580999e-08
8.485779e-08
4.011806e-08
8.375688e-09
6.109058e-08
1.895302e-07
3.215217e-08
4.175088e-09
6.962889e-08
4.940893e-08
9.548261e-08
2.285983e-07
3.451829e-07
7.438731e-08
1.023233e-07
3.911783e-08
2.797726e-07
1.085913e-07
1.167546e-07
2.584142e-07
5.308145e-08
1.038018e-06
4.997997e-08
1.314432e-07
3.292470e-06
3.193952e-07
2.002680e-06
1.804455e-06
1.507632e-07
1.729935e-06
2.053988e-08
2.134320e-07
7.968277e-07
2.085298e-06
3.226417e-07
9.431637e-08
2.200494e-07
5.708124e-07
5.879227e-07
6.077846e-07
7.369604e-07
1.814554e-08
4.630012e-09
9.418674e-09
1.235113e-07
1.436677e-07
7.763136e-08
4.788583e-06
4.456392e-08
2.218721e-07
3.363627e-07
1.999617e-06
3.090738e-06
1.358410e-07
1.071325e-06
2.669118e-05
4.553050e-06
8.716008e-06
4.096725e-07
1.898092e-05
4.286242e-06
2.743940e-04
9.355888e-07
6.363972e-06
1.228281e-05
9.603128e-06
3.792983e-06
2.374395e-06
1.256262e-06
1.384426e-06
5.673293e-06
4.360736e-08
3.914957e-06
8.272908e-07
6.569434e-08
4.290620e-06
2.921384e-05
1.693334e-06
1.307116e-07
4.969257e-07
8.564536e-06
1.148240e-06
5.763129e-07
3.692073e-07
4.875076e-05
1.242080e-04
1.499165e-05
3.333827e-07
1.137057e-06
7.089044e-07
2.151422e-06
2.592536e-07
3.567281e-07
3.148105e-07
4.834405e-07
3.230065e-07
2.599980e-04
1.102228e-07
4.752716e-07
5.469690e-08
2.359946e-07
4.579040e-07
1.650889e-07
1.908591e-07
2.286006e-07
1.119168e-09
1.068525e-08
4.813454e-09
2.193245e-08
2.714072e-09
6.479616e-09
2.342235e-10
7.411368e-10
2.378624e-09
1.290463e-09
7.456266e-09
1.604895e-08
2.390429e-08
3.551549e-09
5.436984e-09
3.364711e-08
7.748819e-09
5.515627e-08
7.906239e-10
7.202908e-10
3.615011e-10
3.708509e-10
8.132956e-10
3.941366e-10
1.363342e-10
1.908988e-09
9.592438e-09
2.457523e-09
3.022323e-08
3.965956e-10
1.740506e-10
5.922875e-10
8.241203e-11
3.075668e-10
3.345836e-10
7.631030e-10
1.048215e-09
4.924116e-10
1.026860e-09
4.872798e-10
8.345849e-10
5.845852e-10
3.580865e-10
7.818646e-10
1.117012e-09
4.956013e-10
1.028810e-09
4.897358e-10
8.430660e-10
5.845818e-10
3.580909e-10
7.818646e-10
1.117012e-09
4.956013e-10
1.028812e-09
4.897358e-10
8.430663e-10
5.845823e-10
3.580928e-10
7.818797e-10
1.117669e-09
4.965425e-10
1.033499e-09
4.906063e-10
8.474510e-10
5.881352e-10
5.043056e-10
9.114626e-10
1.485652e-09
6.250023e-10
5.112949e-09
2.218028e-09
1.131212e-09
1.722275e-08
2.137752e-08
8.733201e-08
7.983062e-08
5.111477e-08
4.416004e-08
3.404611e-08
2.049423e-09
8.244154e-09
6.192697e-08
8.776329e-09
1.530005e-08
1.100317e-08
3.487220e-07
1.608041e-08
6.031439e-08
1.036805e-08
6.103234e-08
5.671176e-09
2.199497e-09
5.607403e-10
1.567470e-09
4.654454e-09
3.409112e-09
3.067487e-09
4.035322e-09
1.768151e-08
1.813540e-08
1.196133e-08
3.691840e-09
1.863894e-09
5.025270e-09
4.061406e-09
7.913740e-09
1.445422e-07
1.787248e-08
2.652838e-09
8.116899e-09
2.186353e-08
2.663697e-08
8.388149e-08
1.666836e-07
2.900467e-08
2.412589e-08
3.154739e-08
1.971193e-07
7.508310e-08
1.694313e-08
7.180789e-09
4.736243e-08
6.933628e-07
4.833247e-08
1.457500e-07
1.735722e-06
1.213983e-07
1.923159e-06
1.698333e-06
1.003882e-07
1.756869e-06
1.491081e-08
2.443567e-07
5.671886e-07
8.602220e-07
4.249867e-07
1.049813e-08
5.898863e-08
3.615343e-07
5.224579e-07
6.390806e-07
7.758827e-07
2.509833e-08
1.018086e-08
7.711531e-09
9.561805e-08
1.102524e-07
6.619320e-08
3.155965e-06
1.834261e-08
1.299098e-07
1.150977e-07
5.918600e-07
1.715904e-06
9.020827e-08
7.516113e-07
1.566517e-05
1.171324e-06
7.885779e-06
2.964505e-07
1.229613e-05
3.100603e-06
2.198608e-04
3.966684e-07
6.295011e-06
7.877508e-06
8.746480e-06
3.366228e-06
2.407253e-06
1.453748e-06
9.749933e-07
6.317340e-06
2.118461e-07
3.302748e-06
6.659388e-07
1.984588e-08
2.324512e-06
2.152719e-05
1.469289e-06
1.126225e-07
4.233953e-07
5.557103e-06
4.980178e-07
4.113118e-07
1.469272e-07
3.588870e-05
3.705605e-05
1.392473e-05
3.292107e-07
1.111604e-06
4.238327e-07
1.144210e-06
2.174123e-07
3.861785e-07
3.220562e-07
4.166215e-07
3.829441e-07
2.599980e-04
7.744351e-08
5.816370e-07
3.465882e-08
1.858048e-07
1.630841e-07
1.655666e-07
2.167484e-07
2.352097e-07
5.495049e-09
2.713474e-08
8.065655e-09
1.686488e-08
2.601185e-09
6.271824e-09
2.273609e-10
1.459852e-09
2.504457e-10
1.436811e-10
1.872702e-09
7.748649e-09
8.824728e-09
1.056107e-08
4.081917e-09
2.099210e-08
5.448667e-09
5.632156e-08
8.675069e-09
1.162179e-09
3.336856e-10
8.565009e-10
5.433249e-10
1.550479e-09
7.622572e-11
2.612788e-10
5.401212e-09
1.807740e-09
3.045797e-08
3.050734e-09
2.815054e-10
1.800910e-10
2.113286e-10
9.612971e-11
1.121843e-10
1.370769e-10
4.712933e-10
4.676156e-10
4.751882e-10
1.285105e-09
8.010556e-10
1.128936e-09
1.646005e-10
1.574244e-10
5.493154e-10
4.994070e-10
4.787145e-10
1.330100e-09
8.183636e-10
1.128895e-09
1.646447e-10
1.574244e-10
5.493154e-10
4.994070e-10
4.787147e-10
1.330100e-09
8.183636e-10
1.128896e-09
1.646449e-10
1.574254e-10
5.493575e-10
4.997300e-10
4.791205e-10
1.330349e-09
8.186681e-10
1.130167e-09
1.787325e-10
1.665404e-10
5.739650e-10
6.362876e-10
8.612247e-10
1.844155e-09
6.187519e-10
1.771668e-09
3.280901e-09
5.118428e-08
6.065066e-08
5.617142e-08
4.090937e-08
3.479387e-08
3.959866e-09
3.928785e-08
1.112296e-08
3.992522e-09
1.350664e-08
1.693196e-09
2.363392e-07
1.198740e-08
4.414498e-08
9.688615e-09
7.512384e-08
6.042086e-09
6.498179e-09
8.106795e-10
9.823696e-10
1.144830e-09
8.762399e-10
1.029869e-09
1.261917e-09
3.786907e-09
7.038175e-09
9.261413e-09
4.877205e-09
2.234324e-09
3.389843e-09
5.236039e-09
1.874605e-09
1.451357e-08
1.451685e-08
2.506381e-09
4.544862e-09
3.798763e-09
1.784393e-08
2.961217e-08
4.748336e-08
1.495025e-08
3.638033e-08
8.152614e-09
1.016353e-07
3.933823e-08
1.129744e-08
4.336323e-08
2.019843e-08
4.204717e-07
2.032208e-08
1.299655e-07
6.826043e-07
1.852406e-08
1.570178e-06
1.272737e-06
9.182195e-08
1.564967e-06
2.807457e-08
3.400142e-07
3.603957e-07
4.805651e-07
3.957106e-07
2.918538e-08
1.177455e-08
1.052009e-07
2.422937e-07
6.203719e-07
7.199494e-07
3.068346e-08
2.212295e-07
1.503054e-08
8.158419e-08
2.142135e-08
2.154728e-08
2.171491e-06
1.192529e-08
5.178279e-08
5.903081e-08
2.452061e-07
5.664829e-07
5.290242e-08
4.639461e-07
9.195106e-06
2.413179e-07
6.499391e-06
3.411889e-07
5.073878e-06
1.526673e-06
1.614033e-04
3.008512e-07
6.275409e-06
3.956545e-06
7.329078e-06
2.499962e-06
2.243595e-06
1.474449e-06
1.010440e-06
6.711995e-06
6.775767e-07
4.743363e-06
2.277501e-07
1.047721e-08
6.534419e-07
1.055175e-05
9.960402e-07
6.457636e-08
3.914040e-07
1.109932e-06
3.251817e-07
3.470914e-07
5.511206e-08
1.156747e-05
9.432603e-06
1.226293e-05
2.777618e-07
8.800526e-07
1.939430e-07
8.365575e-07
2.277193e-07
2.630759e-07
2.392546e-07
3.921074e-07
3.319444e-07
2.563480e-04
1.102228e-07
5.816370e-07
2.025679e-08
1.366108e-07
8.508983e-08
7.878182e-08
1.973595e-07
2.144226e-07
1.165633e-08
2.251488e-07
2.064308e-08
1.225663e-08
1.321733e-09
5.003452e-09
2.152103e-10
1.479643e-09
1.466005e-09
5.126340e-10
5.846297e-10
2.124384e-09
5.438212e-09
1.532429e-08
2.628800e-08
1.590405e-08
3.659382e-09
4.818389e-08
1.477848e-08
1.801513e-08
1.140293e-09
2.756754e-09
3.583701e-09
3.988646e-09
8.174388e-10
4.454314e-10
1.143175e-09
9.274443e-10
2.636774e-08
4.564073e-09
3.494860e-09
4.330819e-10
6.655362e-10
9.231305e-10
5.103382e-10
1.815939e-10
5.064191e-10
5.463687e-10
1.182069e-09
3.465355e-09
5.248544e-09
2.374017e-09
1.187597e-09
3.405516e-10
7.517700e-10
6.455262e-10
1.211908e-09
3.681498e-09
5.503396e-09
2.373870e-09
1.188362e-09
3.405522e-10
7.517700e-10
6.455263e-10
1.211908e-09
3.681498e-09
5.503396e-09
2.373870e-09
1.188362e-09
3.405525e-10
7.517781e-10
6.455863e-10
1.212076e-09
3.681591e-09
5.503549e-09
2.374043e-09
1.195123e-09
3.424564e-10
7.577858e-10
6.833589e-10
1.411004e-09
3.961707e-09
5.394649e-09
4.682786e-09
1.705107e-09
1.313493e-08
4.337763e-08
6.531676e-08
3.909168e-08
4.399599e-08
1.088896e-08
5.465528e-08
3.171156e-08
2.650121e-09
7.544059e-09
3.546407e-09
3.634093e-08
6.324874e-09
3.901658e-08
1.275749e-08
6.882172e-08
8.246587e-09
2.007525e-08
4.026276e-09
1.078535e-08
3.089493e-09
2.554674e-09
1.092411e-09
1.299285e-09
7.548188e-09
8.386177e-09
1.076664e-08
7.091846e-09
1.963685e-08
2.626389e-08
2.702986e-08
1.399292e-08
8.393724e-09
9.691113e-09
8.292284e-09
9.166353e-09
1.038157e-08
2.277091e-08
5.359344e-08
2.992813e-08
9.634534e-09
3.262063e-08
2.809506e-08
2.451738e-08
2.466897e-08
1.428049e-08
9.483604e-08
1.306008e-07
3.647460e-07
5.697544e-08
8.517516e-08
4.765513e-07
1.316049e-08
4.229375e-07
7.011892e-07
8.242118e-08
1.143337e-06
1.010589e-07
8.164225e-07
3.277575e-07
3.138416e-07
3.106183e-07
4.297610e-08
4.100518e-08
2.367325e-08
1.325594e-07
4.059062e-07
6.082531e-07
3.140225e-08
2.820998e-07
2.554675e-07
1.814091e-07
2.467344e-08
1.387718e-08
1.216603e-06
1.125392e-08
3.389619e-08
5.404492e-08
1.813046e-07
3.066955e-07
4.131941e-08
2.391212e-07
6.003719e-06
2.056886e-07
4.220708e-06
4.266718e-07
3.425248e-06
8.280381e-07
1.135678e-04
3.055788e-07
5.895494e-06
3.001899e-06
6.773802e-06
1.824245e-06
2.132950e-06
1.478346e-06
9.942852e-07
7.075835e-06
1.239830e-06
5.622590e-06
3.129341e-07
2.378146e-08
2.631241e-07
5.203109e-06
6.080303e-07
6.321466e-08
3.296614e-07
8.773098e-07
1.951084e-07
2.436175e-07
4.328601e-08
6.868496e-06
4.389475e-06
8.996909e-06
2.454905e-07
7.010467e-07
1.733152e-07
9.163927e-07
4.948036e-07
3.571002e-07
2.117639e-07
3.315473e-07
3.740960e-07
2.527961e-04
3.769046e-07
4.752716e-07
3.465882e-08
1.366108e-07
7.843533e-08
7.908198e-08
1.124878e-07
1.586469e-07
2.848253e-08
3.108184e-07
2.348162e-07
3.977862e-08
7.853535e-09
2.308423e-09
2.033107e-10
1.455220e-09
2.601906e-09
5.506436e-09
4.950827e-10
8.368435e-10
3.376490e-09
1.865996e-08
3.345721e-08
2.919407e-08
6.378484e-09
3.860730e-08
2.241434e-08
2.984833e-08
8.095775e-09
8.672302e-09
7.449581e-09
1.660813e-08
1.295177e-09
3.112529e-09
4.471872e-10
4.993969e-10
2.140273e-08
5.577437e-09
4.917810e-09
2.615626e-09
2.950865e-09
1.738030e-09
2.577454e-09
5.956764e-10
9.098361e-10
1.238653e-09
2.167926e-09
9.752708e-09
8.430322e-09
1.246124e-08
1.657256e-09
1.421112e-09
2.169967e-09
1.372177e-09
2.247148e-09
1.089258e-08
9.041794e-09
1.245968e-08
1.658871e-09
1.421112e-09
2.169967e-09
1.372177e-09
2.247148e-09
1.089258e-08
9.041794e-09
1.245968e-08
1.658871e-09
1.421112e-09
2.169969e-09
1.372188e-09
2.247179e-09
1.089264e-08
9.041846e-09
1.245978e-08
1.659379e-09
1.421767e-09
2.171136e-09
1.377241e-09
2.304106e-09
1.134710e-08
8.975960e-09
1.463060e-08
3.983325e-09
5.971838e-09
1.465390e-08
6.658736e-08
3.557425e-08
4.786517e-08
1.819160e-08
7.978393e-08
5.169416e-08
1.516614e-08
2.305200e-09
5.066303e-09
2.898825e-08
1.211786e-09
2.097451e-08
1.896996e-08
6.767120e-08
1.008456e-08
2.681982e-08
8.978708e-09
4.874978e-08
1.290563e-08
9.172421e-09
3.732670e-09
3.406069e-09
3.036675e-09
5.982762e-09
4.921067e-08
3.874301e-08
4.414791e-08
8.870984e-08
9.745851e-08
4.280753e-08
2.270945e-08
1.947105e-08
1.475198e-08
2.173201e-08
2.386554e-08
5.135273e-08
8.804371e-08
5.087369e-08
1.118096e-08
2.929350e-08
4.349759e-08
4.052093e-08
9.691075e-09
1.389395e-07
1.573749e-07
2.124066e-07
6.006471e-07
1.057759e-07
1.219983e-07
2.545320e-07
1.073173e-08
1.807137e-07
2.516537e-07
7.160279e-08
6.823904e-07
1.290753e-07
1.778166e-06
3.834722e-07
2.713161e-07
2.371329e-07
6.528409e-08
4.988900e-08
4.753184e-08
5.791776e-08
2.183324e-07
3.981460e-07
3.884840e-08
3.025919e-07
4.738818e-07
1.634922e-06
4.323029e-08
2.789133e-08
8.332629e-07
9.018459e-09
2.073908e-08
4.947129e-08
1.411805e-07
1.697545e-07
2.667423e-08
1.113218e-07
3.003067e-06
1.673858e-07
3.883200e-06
5.534974e-07
1.790986e-06
4.556497e-07
8.583273e-05
2.913182e-07
5.884998e-06
2.316978e-06
6.522633e-06
1.203888e-06
1.856008e-06
1.486446e-06
8.639424e-07
7.042370e-06
1.522813e-06
6.171167e-06
4.255078e-07
9.914224e-08
9.793144e-08
2.517455e-06
3.325702e-07
5.089469e-08
3.151589e-07
4.999606e-07
2.529435e-07
1.491481e-07
3.985077e-08
4.712737e-06
2.073816e-06
7.628357e-06
2.535445e-07
5.479305e-07
1.515092e-07
1.113065e-06
7.930291e-07
5.990902e-07
2.025843e-07
3.238348e-07
3.678162e-07
2.513253e-04
5.961995e-07
4.499171e-07
5.469690e-08
1.858048e-07
8.508983e-08
7.908198e-08
1.185644e-07
5.573204e-08
3.855989e-08
4.033473e-07
4.775206e-07
1.688065e-07
1.830975e-08
4.134605e-08
6.772587e-11
1.352471e-09
2.598594e-09
8.613334e-09
3.516719e-09
1.139352e-09
2.345057e-09
1.756230e-08
3.396518e-08
2.605560e-08
1.050849e-08
2.201887e-08
2.887595e-08
4.046348e-08
1.047094e-08
2.838490e-08
1.755188e-08
2.938140e-08
2.950803e-09
3.737762e-09
1.233830e-09
8.105315e-10
6.927873e-09
6.395359e-09
5.142392e-09
2.980798e-09
1.034779e-08
7.881562e-09
4.278121e-09
1.137315e-09
1.074960e-09
1.702519e-09
4.001575e-09
1.080017e-08
1.163224e-08
1.506786e-08
4.155373e-09
2.169614e-09
4.161758e-09
3.200305e-09
2.942932e-09
1.253141e-08
1.446133e-08
1.506390e-08
4.175482e-09
2.169614e-09
4.161758e-09
3.200305e-09
2.942932e-09
1.253141e-08
1.446133e-08
1.506390e-08
4.175482e-09
2.169614e-09
4.161759e-09
3.200308e-09
2.942941e-09
1.253143e-08
1.446136e-08
1.506396e-08
4.175705e-09
2.169676e-09
4.162193e-09
3.201847e-09
2.953303e-09
1.260307e-08
1.462048e-08
1.736534e-08
6.297899e-09
9.765860e-09
9.846957e-09
4.286533e-08
2.900350e-08
4.420760e-08
1.955477e-08
8.774467e-08
8.140028e-08
2.743850e-08
8.478363e-09
6.914584e-09
2.481379e-08
2.085902e-09
7.268508e-09
1.668813e-08
6.469732e-08
8.619271e-09
3.252719e-08
1.421633e-08
9.484913e-08
3.595184e-08
2.985297e-08
1.026119e-08
9.753280e-09
5.185073e-09
6.963703e-09
1.010839e-08
1.450408e-08
1.052764e-07
1.632289e-07
1.877745e-07
6.933095e-08
4.999101e-08
5.929734e-08
1.672010e-08
2.556808e-08
4.072839e-08
7.493271e-08
1.273536e-07
6.383946e-08
3.249858e-08
3.306556e-08
4.787194e-08
4.146865e-08
6.483181e-09
1.829592e-08
3.120292e-07
4.618471e-07
6.124490e-07
2.275654e-07
1.476911e-07
2.286457e-07
1.002608e-08
1.142209e-07
1.200219e-07
4.678014e-08
1.896747e-07
1.488703e-07
2.429965e-06
6.127596e-07
2.958357e-07
1.791038e-07
1.088659e-07
5.325574e-08
6.163596e-08
1.144721e-07
1.222795e-07
1.481663e-07
3.371546e-08
4.376109e-07
5.589098e-07
2.398612e-06
3.874995e-07
5.927252e-08
8.585513e-07
1.422890e-08
5.605586e-09
4.477328e-08
1.296049e-07
9.266461e-08
1.578317e-08
2.499616e-08
4.520138e-07
1.552294e-07
3.778589e-06
7.494175e-07
8.129238e-07
8.244689e-08
7.452834e-05
2.431697e-07
5.533767e-06
1.953185e-06
6.461011e-06
8.411504e-07
1.786970e-06
1.247001e-06
6.934571e-07
6.594378e-06
1.585315e-06
6.285170e-06
4.511763e-07
2.066591e-07
1.181051e-07
1.901624e-06
2.305985e-07
3.080732e-08
2.436010e-07
4.099301e-07
2.341971e-07
1.256129e-07
3.036474e-08
3.453742e-06
1.254971e-06
7.219206e-06
3.453516e-07
3.422150e-07
1.211807e-07
1.188709e-06
1.154752e-06
8.918891e-07
1.762305e-07
3.694782e-07
3.922385e-07
2.466645e-04
7.582539e-07
3.746835e-07
1.075212e-07
2.359946e-07
1.630841e-07
7.878182e-08
1.124878e-07
5.573204e-08
4.764395e-08
4.762117e-07
6.838720e-07
2.055576e-07
5.233937e-08
9.118408e-08
6.378701e-08
1.031633e-09
2.585824e-09
8.605977e-09
9.345515e-09
6.526803e-09
2.053389e-09
1.434789e-08
3.398054e-08
2.612649e-08
1.005636e-08
1.992264e-08
5.914237e-08
5.564565e-08
1.736559e-08
3.026302e-08
5.214345e-08
6.414920e-08
6.119247e-09
7.228340e-09
1.484281e-09
1.983658e-09
5.717334e-09
5.815384e-09
5.737129e-09
3.033033e-09
1.092999e-08
2.581221e-08
1.829417e-08
2.336863e-09
2.369155e-09
1.226640e-09
4.230759e-09
1.338354e-08
1.200317e-08
1.679305e-08
5.894024e-09
5.405327e-09
7.913475e-09
3.759619e-09
4.012218e-09
1.286969e-08
1.766616e-08
1.677978e-08
6.041699e-09
5.405334e-09
7.913475e-09
3.759619e-09
4.012218e-09
1.286969e-08
1.766616e-08
1.677978e-08
6.041699e-09
5.405334e-09
7.913476e-09
3.759621e-09
4.012224e-09
1.286970e-08
1.766618e-08
1.677983e-08
6.041881e-09
5.405380e-09
7.913676e-09
3.760591e-09
4.018191e-09
1.291348e-08
1.762076e-08
1.885716e-08
8.141139e-09
1.246164e-08
1.731695e-08
3.768987e-08
2.753606e-08
4.042811e-08
1.977203e-08
8.778954e-08
1.030031e-07
1.084481e-07
3.526827e-08
4.959983e-08
4.651966e-08
5.896232e-09
7.658875e-09
1.612709e-08
6.403575e-08
8.528603e-09
2.935473e-08
2.665106e-08
1.631071e-07
4.512705e-08
4.812199e-08
2.387545e-08
2.111120e-08
7.035967e-09
9.006633e-09
8.629246e-09
8.996640e-09
3.433495e-08
1.039206e-07
2.558396e-07
1.494868e-07
1.041554e-07
9.215962e-08
4.543178e-08
2.617762e-08
3.310061e-08
8.524255e-08
1.416744e-07
8.048455e-08
1.087472e-07
3.270087e-08
5.226480e-08
4.726423e-08
1.229184e-08
1.755265e-08
1.885827e-07
4.203006e-07
7.264285e-07
3.795001e-07
2.943328e-07
3.239304e-07
4.702655e-08
3.495050e-08
1.083160e-07
7.576272e-08
6.957918e-08
1.522894e-07
2.883386e-06
1.056286e-06
4.413434e-07
4.215633e-07
1.674949e-07
5.728138e-08
1.223933e-07
1.224848e-07
2.179826e-07
1.891233e-07
1.251071e-08
2.148106e-07
5.782111e-07
2.665913e-06
1.139907e-06
8.303142e-07
9.995639e-07
1.391746e-07
3.409257e-09
3.466214e-08
1.412554e-07
1.181254e-07
3.721065e-08
4.146233e-08
2.340698e-07
7.216613e-08
3.461921e-06
8.890392e-07
8.293552e-07
4.158985e-08
5.479975e-05
4.366270e-07
4.714175e-06
1.766169e-06
6.273396e-06
8.923469e-07
2.351583e-06
1.194820e-06
5.863852e-07
5.508592e-06
1.685066e-06
6.587539e-06
5.322904e-07
3.791011e-07
4.523195e-07
2.070334e-06
4.020870e-07
6.149671e-08
1.419594e-07
3.737575e-07
4.225147e-07
1.117932e-07
8.386556e-08
1.180725e-06
1.276119e-06
7.069247e-06
4.266981e-07
4.289052e-07
1.047914e-07
1.092779e-06
1.249402e-06
3.035957e-06
2.248255e-07
3.124561e-07
4.103705e-07
2.401153e-04
9.718159e-07
4.337035e-07
1.402323e-07
6.091448e-07
4.579040e-07
1.655666e-07
1.973595e-07
1.586469e-07
3.855989e-08
4.762117e-07
7.645084e-07
3.355599e-07
8.721354e-08
3.498861e-07
3.122634e-07
4.375983e-08
2.122919e-09
8.488956e-09
9.328012e-09
6.545472e-09
1.829872e-09
8.174841e-09
1.975602e-08
2.172495e-08
1.079647e-08
1.423616e-08
6.131807e-08
5.951928e-08
1.855004e-08
2.947870e-08
5.346915e-08
7.924177e-08
6.360725e-09
7.354705e-09
1.655856e-09
2.136490e-09
5.229687e-09
3.906442e-09
4.024831e-09
2.987014e-09
1.047292e-08
2.617980e-08
2.442533e-08
2.605711e-09
2.380196e-09
9.924404e-10
3.477328e-09
1.147625e-08
9.383491e-09
1.602060e-08
6.308177e-09
6.180297e-09
9.723207e-09
3.907564e-09
3.605612e-09
1.084077e-08
1.483973e-08
1.614347e-08
6.721727e-09
6.182546e-09
9.723313e-09
3.907564e-09
3.605612e-09
1.084077e-08
1.483973e-08
1.614347e-08
6.721727e-09
6.182546e-09
9.723313e-09
3.907565e-09
3.605616e-09
1.084077e-08
1.483974e-08
1.614350e-08
6.721876e-09
6.182577e-09
9.723429e-09
3.907932e-09
3.609031e-09
1.086417e-08
1.481304e-08
1.713710e-08
8.601546e-09
1.251259e-08
1.649771e-08
2.746628e-08
2.116155e-08
2.661348e-08
1.646771e-08
7.938368e-08
9.918462e-08
1.128169e-07
5.969012e-08
5.434044e-08
5.978885e-08
7.748467e-09
5.103157e-09
1.469222e-08
4.184630e-08
7.470781e-09
2.403402e-08
2.258568e-08
1.621853e-07
4.852883e-08
4.861519e-08
2.635409e-08
2.091143e-08
8.131077e-09
9.998840e-09
6.859454e-09
6.856363e-09
2.401764e-08
8.414987e-08
1.689824e-07
8.711465e-08
1.708873e-07
1.607830e-07
6.296462e-08
2.324035e-08
2.779117e-08
7.478565e-08
1.267788e-07
7.759671e-08
1.330964e-07
3.435218e-08
4.444200e-08
4.328644e-08
1.446917e-08
1.830679e-08
1.818136e-07
2.784231e-07
5.613533e-07
2.975394e-07
3.858353e-07
5.129054e-07
7.725508e-08
2.583564e-08
2.823481e-08
7.961622e-08
5.472590e-08
8.051073e-08
2.806555e-06
1.041320e-06
4.427450e-07
4.382204e-07
2.559629e-07
3.476878e-08
1.263994e-07
1.085301e-07
2.035812e-07
2.330865e-07
8.997994e-09
8.522541e-08
4.401827e-07
2.520662e-06
1.166281e-06
1.011274e-06
1.309508e-06
1.801528e-07
4.644585e-09
1.164535e-08
1.011031e-07
1.184938e-07
4.311892e-08
3.724459e-08
1.574249e-07
3.867685e-08
1.535415e-06
8.184939e-07
7.991609e-07
6.626976e-08
1.627582e-05
3.989389e-07
4.354356e-06
9.082626e-07
5.687511e-06
6.544316e-07
2.431179e-06
1.132188e-06
4.463769e-07
3.996802e-06
1.282941e-06
6.448119e-06
5.545649e-07
4.522056e-07
6.294065e-07
1.914885e-06
4.812478e-07
7.049489e-08
9.132955e-08
1.358041e-07
4.475495e-07
9.397608e-08
8.813327e-08
8.511934e-07
7.193799e-07
6.421500e-06
4.172429e-07
4.150628e-07
9.655339e-08
7.834591e-07
1.131349e-06
3.105677e-06
2.484656e-07
3.024560e-07
2.882104e-07
2.133013e-04
9.347605e-07
4.941912e-07
1.757888e-07
6.217524e-07
6.328844e-07
1.650889e-07
2.167484e-07
2.144226e-07
2.848253e-08
4.033473e-07
6.838720e-07
3.355599e-07
1.041155e-07
3.706745e-07
4.670651e-07
7.010616e-08
5.857759e-10
5.128221e-09
9.100758e-09
6.404243e-09
7.289899e-10
3.802322e-09
2.340450e-09
4.584837e-09
5.133390e-09
1.177560e-08
5.611701e-08
5.377709e-08
1.254806e-08
2.293743e-08
5.065969e-08
7.293079e-08
6.358629e-09
5.191115e-09
1.393263e-09
1.862050e-09
3.748973e-09
2.838512e-09
1.354357e-09
7.901353e-10
8.250552e-09
2.518026e-08
2.337269e-08
2.660462e-09
2.257059e-09
3.297433e-10
2.652654e-09
5.354460e-09
4.240475e-09
6.089004e-09
4.851605e-09
6.088795e-09
9.327251e-09
3.746898e-09
2.473625e-09
4.766972e-09
9.744651e-09
5.994662e-09
5.241041e-09
6.121108e-09
9.339323e-09
3.747020e-09
2.473626e-09
4.766972e-09
9.744651e-09
5.994662e-09
5.241041e-09
6.121108e-09
9.339324e-09
3.747020e-09
2.473626e-09
4.766974e-09
9.744654e-09
5.994665e-09
5.241063e-09
6.121128e-09
9.339365e-09
3.747166e-09
2.473913e-09
4.774583e-09
9.738424e-09
6.143547e-09
5.520777e-09
1.184921e-08
1.436214e-08
1.399420e-08
1.062715e-08
6.422502e-09
6.093417e-09
5.715165e-08
8.180331e-08
1.084724e-07
6.245442e-08
6.015550e-08
5.754958e-08
9.951743e-09
1.374649e-09
7.403264e-09
2.993090e-08
2.086462e-09
1.277236e-08
2.116607e-08
1.394487e-07
3.849125e-08
4.511687e-08
2.659347e-08
1.870629e-08
5.849692e-09
7.434397e-09
3.701715e-09
3.975969e-09
6.189780e-09
2.190758e-08
9.560770e-08
4.561929e-08
8.670913e-08
9.944521e-08
8.679583e-08
4.901867e-08
1.954236e-08
3.700244e-08
5.770683e-08
5.615345e-08
1.203077e-07
2.364513e-08
2.668829e-08
3.185277e-08
1.237343e-08
1.329145e-08
1.233572e-07
2.234444e-07
6.302800e-08
1.603891e-07
2.341969e-07
3.625216e-07
1.900829e-07
5.334114e-08
2.391066e-08
5.507213e-08
3.633952e-08
5.774629e-08
2.050822e-06
8.914535e-07
3.330737e-07
4.077984e-07
2.941907e-07
2.246636e-08
1.110033e-07
8.258284e-08
1.475819e-07
1.964433e-07
8.400553e-09
1.937188e-08
1.892305e-07
1.578319e-06
1.127127e-06
8.814304e-07
1.290827e-06
3.216573e-07
2.552122e-09
4.671894e-09
4.928883e-08
6.791012e-08
4.253277e-08
3.608985e-08
8.677191e-08
2.096945e-08
7.340094e-07
4.931881e-07
4.279199e-07
3.154664e-08
1.056514e-05
3.203342e-07
2.357413e-06
5.314563e-07
3.044539e-06
3.832747e-07
2.033653e-06
8.326674e-07
3.424854e-07
2.032483e-06
6.961438e-07
5.148051e-06
4.401054e-07
4.535453e-07
7.402911e-07
1.700377e-06
4.807691e-07
7.354537e-08
2.263672e-08
3.643604e-08
3.672435e-07
5.935051e-08
8.571752e-08
4.360460e-07
6.541241e-07
2.767939e-06
3.441963e-07
3.055384e-07
5.553702e-08
3.491759e-07
6.391219e-07
2.961287e-06
1.659252e-07
2.357863e-07
2.217460e-07
1.647465e-04
5.590412e-07
2.717504e-07
1.789377e-07
6.679246e-07
6.325199e-07
1.570321e-07
1.908591e-07
2.352097e-07
1.165633e-08
3.108184e-07
4.775206e-07
2.055576e-07
8.721354e-08
3.706745e-07
4.810893e-07
8.850072e-08
1.133669e-09
1.962776e-10
6.558155e-09
5.763304e-09
5.188410e-10
3.449337e-10
7.508830e-10
5.864097e-10
1.006883e-09
3.305633e-09
5.014385e-08
3.496044e-08
1.172933e-08
3.961862e-09
3.792546e-08
6.003887e-08
5.054686e-09
5.108566e-09
5.150159e-10
1.333524e-09
3.138323e-09
9.025672e-10
1.242180e-09
1.166747e-10
1.061587e-09
1.892441e-08
2.091290e-08
2.102696e-09
2.249702e-09
1.448200e-10
4.284549e-10
3.895773e-09
6.735570e-10
2.053727e-09
2.003306e-09
4.117061e-09
8.341743e-09
2.217673e-09
2.355690e-09
5.362386e-10
6.203534e-09
1.993915e-09
2.339869e-09
4.135762e-09
8.348796e-09
2.218867e-09
2.357049e-09
5.362395e-10
6.203534e-09
1.993915e-09
2.339869e-09
4.135762e-09
8.348796e-09
2.218867e-09
2.357049e-09
5.362396e-10
6.203536e-09
1.993916e-09
2.339871e-09
4.135764e-09
8.348825e-09
2.218885e-09
2.357193e-09
5.364853e-10
6.200601e-09
2.007041e-09
2.365278e-09
4.617396e-09
1.326306e-08
4.430073e-09
7.580951e-09
1.046692e-09
1.303116e-09
1.127961e-08
6.229841e-08
9.814258e-08
5.889755e-08
5.795955e-08
5.333793e-08
9.101944e-09
1.140216e-09
7.493168e-10
1.699256e-08
1.560064e-09
7.067541e-10
1.340870e-08
1.114246e-07
1.980280e-08
2.902706e-08
1.868024e-08
1.526853e-08
6.124922e-09
4.230420e-09
1.080743e-09
2.580069e-09
2.386837e-09
5.505704e-09
2.619161e-08
1.636371e-08
5.263041e-08
7.554043e-08
4.459466e-08
6.147261e-09
9.028720e-09
2.716971e-08
1.080306e-08
1.541143e-08
1.126920e-07
1.732440e-08
1.264127e-08
9.012557e-09
1.245376e-08
1.196014e-08
5.276639e-08
1.220283e-07
2.801564e-08
8.558556e-09
1.790437e-07
2.413748e-07
7.934926e-08
7.697707e-08
1.150360e-08
5.403272e-08
2.349974e-08
4.737425e-08
1.710551e-06
6.241451e-07
2.018548e-07
3.754724e-07
2.725135e-07
1.440394e-08
1.055076e-07
2.732043e-08
1.146489e-07
1.586166e-07
5.498314e-09
1.673605e-08
1.566856e-08
4.264893e-07
9.272817e-07
8.581703e-07
1.184074e-06
2.384720e-07
1.241155e-08
1.378260e-09
2.591530e-08
5.183203e-08
3.965237e-08
3.288346e-08
5.593407e-08
7.905285e-09
3.624708e-07
2.041793e-07
1.366761e-07
2.017118e-08
7.844577e-06
2.779762e-07
1.138466e-06
1.478668e-07
1.894845e-06
1.822003e-07
1.383763e-06
6.593578e-07
2.120099e-07
8.428866e-07
3.741740e-07
2.925552e-06
3.391233e-07
3.646744e-07
6.914116e-07
1.280697e-06
4.521136e-07
7.774982e-08
8.641274e-09
4.223706e-09
3.258920e-07
1.958508e-08
7.307620e-08
3.248515e-07
5.132935e-07
1.772698e-06
2.123633e-07
2.333267e-07
2.914317e-08
1.157564e-07
2.910125e-07
2.761938e-06
9.177918e-08
1.616272e-07
1.664242e-07
1.364909e-04
3.745505e-07
1.448887e-07
8.838101e-08
5.231967e-07
6.406851e-07
1.575444e-07
1.801684e-07
2.286006e-07
5.495049e-09
2.251488e-07
2.348162e-07
1.688065e-07
5.233937e-08
3.498861e-07
4.670651e-07
8.850072e-08
2.145162e-09
2.511426e-10
8.999577e-11
3.548722e-10
1.137231e-10
8.916118e-11
3.824999e-11
3.223986e-11
8.084970e-11
7.379525e-10
1.378242e-08
2.201779e-08
2.181926e-09
1.399609e-09
1.212672e-08
2.250424e-08
1.679040e-09
1.194010e-09
5.814587e-10
1.246925e-10
1.098872e-09
2.857095e-10
4.724785e-10
4.611087e-11
4.706440e-11
3.160980e-09
8.509182e-09
5.611598e-10
5.569293e-10
2.036935e-10
4.366123e-11
1.398245e-10
1.494990e-10
5.249069e-10
5.638994e-10
1.234493e-09
3.005114e-09
1.372649e-09
8.588863e-10
1.737171e-10
3.522942e-10
4.672814e-10
9.150008e-10
1.232957e-09
3.006943e-09
1.375727e-09
8.594296e-10
1.738404e-10
3.523351e-10
4.672816e-10
9.150008e-10
1.232957e-09
3.006943e-09
1.375727e-09
8.594296e-10
1.738404e-10
3.523352e-10
4.672817e-10
9.150013e-10
1.232957e-09
3.006948e-09
1.375736e-09
8.594582e-10
1.738798e-10
3.522503e-10
4.698983e-10
9.207221e-10
1.308687e-09
3.779641e-09
2.707502e-09
2.474012e-09
2.522959e-10
4.349359e-10
2.645829e-09
1.358284e-08
2.754576e-08
3.946476e-08
2.365377e-08
2.520498e-08
7.231696e-09
2.104056e-10
1.473388e-10
7.797188e-10
3.978205e-10
1.099241e-10
7.579196e-10
6.537184e-09
8.088234e-09
6.734843e-09
8.736407e-09
1.787904e-09
1.786513e-09
3.142135e-09
7.646726e-10
6.177933e-10
5.926985e-10
1.092474e-09
4.338326e-09
2.909649e-09
1.479408e-08
1.805370e-08
2.512913e-08
4.713736e-09
1.235567e-09
3.535362e-09
6.054491e-09
4.047043e-09
3.069890e-08
8.667818e-09
6.188372e-09
5.163975e-09
3.104273e-09
2.494128e-09
1.706769e-08
3.480882e-08
6.398970e-09
1.324416e-09
5.955910e-09
1.242308e-07
4.488012e-08
4.729447e-09
1.622089e-08
2.186725e-08
7.044760e-09
8.129834e-09
8.526770e-07
7.158760e-08
2.684343e-08
5.272734e-08
2.093650e-07
1.010286e-08
2.080169e-08
2.652797e-09
1.446941e-08
8.578200e-08
2.917147e-09
2.412843e-09
9.525951e-09
1.595924e-08
8.257459e-08
2.110899e-07
8.434425e-07
1.807794e-07
2.916809e-09
6.317998e-10
1.147538e-09
1.846865e-08
1.172831e-08
4.160862e-09
3.535732e-08
3.098508e-09
4.362717e-08
4.351642e-08
2.050090e-08
6.523749e-09
3.877626e-06
1.704301e-07
3.673279e-07
2.120532e-08
1.000509e-07
1.113176e-07
2.209759e-07
3.288619e-07
6.594273e-08
5.056806e-07
2.691963e-08
6.915781e-07
1.166139e-07
1.604441e-07
5.508647e-07
4.652451e-07
2.385636e-07
5.135580e-08
8.674763e-09
9.082870e-10
9.747096e-08
1.754475e-09
1.313480e-08
1.692311e-07
1.705836e-07
2.149734e-07
7.049749e-08
5.036054e-08
1.839678e-08
9.007704e-09
9.841952e-08
9.083788e-07
1.151944e-08
2.238724e-08
1.043742e-07
8.419411e-05
3.843764e-08
3.875998e-08
4.661408e-08
1.943215e-07
4.110685e-07
4.687213e-08
8.235148e-08
1.782564e-07
1.119168e-09
2.713474e-08
2.064308e-08
3.977862e-08
1.830975e-08
9.118408e-08
3.122634e-07
7.010616e-08
1.133669e-09
2.511426e-10
1.377043e-10
1.158965e-11
5.596241e-11
5.442313e-11
1.596362e-11
2.487579e-12
3.775971e-11
8.723501e-11
2.821149e-09
4.937570e-09
9.915719e-10
4.623123e-10
7.110696e-09
3.918926e-09
5.366790e-10
6.178290e-10
1.910935e-10
8.219873e-11
1.156406e-10
8.766868e-11
2.415260e-10
1.134818e-11
2.844732e-11
2.124828e-10
1.484799e-09
1.961288e-10
2.939916e-10
5.495096e-11
3.196714e-11
1.562233e-11
1.388177e-11
2.350461e-10
9.796848e-11
2.902369e-10
7.330896e-10
3.818351e-10
3.653339e-10
3.615420e-11
1.824260e-10
3.623141e-11
4.573936e-10
2.903844e-10
7.331602e-10
3.822673e-10
3.655680e-10
3.632758e-11
1.825184e-10
3.623247e-11
4.574082e-10
2.903844e-10
7.331602e-10
3.822673e-10
3.655680e-10
3.632759e-11
1.825184e-10
3.623247e-11
4.574084e-10
2.903845e-10
7.331609e-10
3.822687e-10
3.655785e-10
3.633374e-11
1.824845e-10
3.640002e-11
4.600306e-10
3.022236e-10
8.539596e-10
5.904698e-10
1.127561e-09
4.762651e-11
2.020510e-10
5.157582e-10
2.650649e-09
5.055325e-09
2.403977e-08
1.429104e-08
1.225749e-08
4.223447e-09
1.211017e-10
1.282131e-10
4.154845e-10
3.087279e-11
5.540648e-11
4.262722e-10
4.707779e-10
3.679014e-09
4.213135e-09
3.229522e-09
7.348204e-10
1.009428e-09
1.098623e-09
1.186417e-10
3.244612e-10
1.625321e-10
2.162911e-10
8.084253e-10
5.420191e-10
2.857750e-09
3.940034e-09
5.541629e-09
1.832290e-09
7.302413e-10
7.058764e-10
6.002662e-10
1.058010e-09
5.787056e-09
1.850527e-09
2.861308e-09
1.234640e-09
1.158005e-09
6.611784e-10
7.264983e-09
6.923546e-09
2.213881e-09
7.890394e-10
2.397174e-09
8.553985e-09
2.147914e-08
1.644758e-09
2.263139e-09
7.649098e-09
2.315569e-09
5.217673e-09
1.345366e-07
3.692024e-08
8.645193e-09
9.192978e-09
1.017958e-07
6.059066e-09
1.153586e-08
1.122538e-09
4.257381e-09
3.073570e-08
1.727407e-09
1.539323e-09
3.597134e-09
8.133629e-09
5.423507e-09
7.296381e-08
3.639168e-07
1.163629e-07
1.329884e-09
2.222666e-10
7.178017e-10
1.241241e-09
5.105068e-09
1.274622e-09
1.237803e-08
2.000660e-09
1.832420e-08
1.465250e-08
8.409520e-09
2.972382e-09
1.304391e-06
7.012301e-08
1.791749e-07
1.023384e-08
1.570472e-08
4.773496e-08
1.098341e-07
1.152019e-07
2.509248e-08
2.896135e-07
1.031215e-08
2.934592e-07
4.980371e-08
8.272330e-08
3.528108e-07
2.343538e-07
1.515694e-07
2.826988e-08
3.859631e-09
3.862181e-09
4.279381e-08
3.665512e-10
4.988456e-09
5.910782e-08
7.804226e-08
1.252333e-07
2.236336e-08
3.048053e-08
3.488403e-09
4.642029e-09
4.158781e-08
2.882261e-07
3.802437e-09
8.620977e-09
4.274462e-08
4.080841e-05
1.937035e-08
1.155848e-08
1.698902e-08
6.758056e-08
2.281819e-07
1.929092e-08
4.458538e-08
8.139841e-08
3.508562e-09
1.068525e-08
8.065655e-09
1.225663e-08
7.853535e-09
4.134605e-08
6.378701e-08
4.375983e-08
5.857759e-10
1.962776e-10
8.999577e-11
1.158965e-11
3.092779e-11
